{
    "config": {
        "Ideal gas constant [J.K-1.mol-1]": 9.681565389105844,
        "Faraday constant [C.mol-1]": 67761.77075566987,
        "Boltzmann constant [J.K-1]": 9.499678971982913e-24,
        "Electron charge [C]": 1.837093930423546e-19,
        "Ratio of lithium moles to SEI moles": 2.6593037520190377,
        "Inner SEI reaction proportion": 0.42949459243134364,
        "Inner SEI partial molar volume [m3.mol-1]": 0.00010094629506705122,
        "Outer SEI partial molar volume [m3.mol-1]": 7.87723148780289e-05,
        "SEI reaction exchange current density [A.m-2]": 9.607953572756091e-08,
        "SEI resistivity [Ohm.m]": 178066.37130343105,
        "Outer SEI solvent diffusivity [m2.s-1]": 2.7145472317355003e-22,
        "Bulk solvent concentration [mol.m-3]": 4007.8216115188798,
        "Inner SEI open-circuit potential [V]": 0.10780720570968726,
        "Outer SEI open-circuit potential [V]": 0.8377785497680564,
        "Inner SEI electron conductivity [S.m-1]": 5.1387455985480535e-14,
        "Inner SEI lithium interstitial diffusivity [m2.s-1]": 1.3659906897428084e-20,
        "Lithium interstitial reference concentration [mol.m-3]": 19.12568189013003,
        "Initial inner SEI thickness [m]": 2.1617705342627667e-09,
        "Initial outer SEI thickness [m]": 3.1623067728976247e-09,
        "EC initial concentration in electrolyte [mol.m-3]": 3293.3860323974154,
        "EC diffusivity [m2.s-1]": 1.787519764169516e-18,
        "SEI kinetic rate constant [m.s-1]": 5.712199251752684e-13,
        "SEI open-circuit potential [V]": 0.36194085988713437,
        "SEI growth activation energy [J.mol-1]": 0.0,
        "Negative electrode reaction-driven LAM factor [m3.mol-1]": 0.0,
        "Positive electrode reaction-driven LAM factor [m3.mol-1]": 0.0,
        "Negative current collector thickness [m]": 1.866338258635876e-05,
        "Negative electrode thickness [m]": 9.5513125976316e-05,
        "Separator thickness [m]": 2.672574770083953e-05,
        "Positive electrode thickness [m]": 6.647929081427008e-05,
        "Positive current collector thickness [m]": 1.564687127076648e-05,
        "Electrode height [m]": 0.11906451212981932,
        "Electrode width [m]": 0.07943663931603256,
        "Negative tab width [m]": 0.010299137959690365,
        "Negative tab centre y-coordinate [m]": 0.00466383318728534,
        "Negative tab centre z-coordinate [m]": 0.11395263743197392,
        "Positive tab width [m]": 0.008891209650689399,
        "Positive tab centre y-coordinate [m]": 0.027003811875799803,
        "Positive tab centre z-coordinate [m]": 0.1050880554312889,
        "Cell cooling surface area [m2]": 0.013988688761217966,
        "Cell volume [m3]": 1.63382590576147e-06,
        "Negative current collector conductivity [S.m-1]": 41976546.03373819,
        "Positive current collector conductivity [S.m-1]": 44005987.606626585,
        "Negative current collector density [kg.m-3]": 7157.99751547782,
        "Positive current collector density [kg.m-3]": 2850.1720143389775,
        "Negative current collector specific heat capacity [J.kg-1.K-1]": 417.49626761694725,
        "Positive current collector specific heat capacity [J.kg-1.K-1]": 790.164672372052,
        "Negative current collector thermal conductivity [W.m-1.K-1]": 414.35665294445334,
        "Positive current collector thermal conductivity [W.m-1.K-1]": 218.8051942721196,
        "Nominal cell capacity [A.h]": 0.1600819543948713,
        "Current function [A]": 0.17808556475326398,
        "Contact resistance [Ohm]": 0,
        "Negative electrode conductivity [S.m-1]": 22.354977645811132,
        "Maximum concentration in negative electrode [mol.m-3]": 40175.30604699803,
        "Negative electrode porosity": 0.1685112148563179,
        "Negative electrode active material volume fraction": 0.3193002761693757,
        "Negative particle radius [m]": 1.2738353918389391e-05,
        "Negative electrode Bruggeman coefficient (electrolyte)": 1.6890000763150588,
        "Negative electrode Bruggeman coefficient (electrode)": 0.0,
        "Negative electrode density [kg.m-3]": 1407.1946607980929,
        "Negative electrode specific heat capacity [J.kg-1.K-1]": 2085.5625324753933,
        "Negative electrode thermal conductivity [W.m-1.K-1]": 1.4954571317978471,
        "Negative electrode OCP entropic change [V.K-1]": 0.0,
        "Positive electrode conductivity [S.m-1]": 65.91432493113561,
        "Maximum concentration in positive electrode [mol.m-3]": 55878.31165450642,
        "Positive electrode porosity": 0.20170195224010426,
        "Positive electrode active material volume fraction": 0.3281056989756867,
        "Positive particle radius [m]": 5.105909040500417e-06,
        "Positive electrode Bruggeman coefficient (electrolyte)": 1.3626763433673013,
        "Positive electrode Bruggeman coefficient (electrode)": 0.0,
        "Positive electrode density [kg.m-3]": 1791.4859355106823,
        "Positive electrode specific heat capacity [J.kg-1.K-1]": 883.133936573744,
        "Positive electrode thermal conductivity [W.m-1.K-1]": 0.8654826297839189,
        "Positive electrode OCP entropic change [V.K-1]": 0.0,
        "Separator porosity": 0.5243292534198446,
        "Separator Bruggeman coefficient (electrolyte)": 2.181991978115014,
        "Separator density [kg.m-3]": 1102.7428105789822,
        "Separator specific heat capacity [J.kg-1.K-1]": 1875.6903716185607,
        "Separator thermal conductivity [W.m-1.K-1]": 0.22349570450808076,
        "Initial concentration in electrolyte [mol.m-3]": 1211.5499726178396,
        "Cation transference number": 0.33090914910636904,
        "Thermodynamic factor": 1.2471989245242272,
        "Reference temperature [K]": 157.4014659478491,
        "Negative current collector surface heat transfer coefficient [W.m-2.K-1]": 5.836463019932364,
        "Positive current collector surface heat transfer coefficient [W.m-2.K-1]": 10.818161537912161,
        "Negative tab heat transfer coefficient [W.m-2.K-1]": 11.737301302201761,
        "Positive tab heat transfer coefficient [W.m-2.K-1]": 7.992425383333089,
        "Edge heat transfer coefficient [W.m-2.K-1]": 11.03392044100254,
        "Total heat transfer coefficient [W.m-2.K-1]": 8.095549045334991,
        "Ambient temperature [K]": 216.96528477084865,
        "Number of electrodes connected in parallel to make a cell": 0.7590550509941385,
        "Number of cells connected in series to make a battery": 1.2153138711634632,
        "Lower voltage cut-off [V]": 2.4583272524664306,
        "Upper voltage cut-off [V]": 4.342352590007261,
        "Open-circuit voltage at 0% SOC [V]": 2.2430662382659414,
        "Open-circuit voltage at 100% SOC [V]": 3.592237379224497,
        "Initial concentration in negative electrode [mol.m-3]": 13994.3228791716,
        "Initial concentration in positive electrode [mol.m-3]": 12035.666769059599,
        "Initial temperature [K]": 300.9555193314077
    },
    "V": [
        3.210281485091312,
        2.8470664313975886,
        2.4608630859330693,
        2.45833725246643
    ],
    "time": [
        0.0,
        36.36363636363637,
        72.72727272727273,
        72.96859026021103
    ]
}