{
    "config": {
        "Ideal gas constant [J.K-1.mol-1]": 10.056275827976993,
        "Faraday constant [C.mol-1]": 113268.70719268134,
        "Boltzmann constant [J.K-1]": 1.7565153502443255e-23,
        "Electron charge [C]": 1.478065220116251e-19,
        "Ratio of lithium moles to SEI moles": 1.3637988047886433,
        "Inner SEI reaction proportion": 0.5022927247104372,
        "Inner SEI partial molar volume [m3.mol-1]": 0.00010069488831318216,
        "Outer SEI partial molar volume [m3.mol-1]": 0.00011856217570094547,
        "SEI reaction exchange current density [A.m-2]": 1.0715936896501934e-07,
        "SEI resistivity [Ohm.m]": 225645.03829203162,
        "Outer SEI solvent diffusivity [m2.s-1]": 1.7691260933080903e-22,
        "Bulk solvent concentration [mol.m-3]": 2847.997864422087,
        "Inner SEI open-circuit potential [V]": 0.03749996985631629,
        "Outer SEI open-circuit potential [V]": 0.5708562497809416,
        "Inner SEI electron conductivity [S.m-1]": 8.9907966365257e-14,
        "Inner SEI lithium interstitial diffusivity [m2.s-1]": 1.0450985629919717e-20,
        "Lithium interstitial reference concentration [mol.m-3]": 18.7121436766155,
        "Initial inner SEI thickness [m]": 2.677835343071898e-09,
        "Initial outer SEI thickness [m]": 2.0124687013723292e-09,
        "EC initial concentration in electrolyte [mol.m-3]": 3025.456662433153,
        "EC diffusivity [m2.s-1]": 2.629542781197852e-18,
        "SEI kinetic rate constant [m.s-1]": 1.1186543767784896e-12,
        "SEI open-circuit potential [V]": 0.38271897336262967,
        "SEI growth activation energy [J.mol-1]": 0.0,
        "Negative electrode reaction-driven LAM factor [m3.mol-1]": 0.0,
        "Positive electrode reaction-driven LAM factor [m3.mol-1]": 0.0,
        "Negative current collector thickness [m]": 1.5964540100306972e-05,
        "Negative electrode thickness [m]": 8.159642793141046e-05,
        "Separator thickness [m]": 1.3745584758638975e-05,
        "Positive electrode thickness [m]": 6.25089805241079e-05,
        "Positive current collector thickness [m]": 1.3198630717720366e-05,
        "Electrode height [m]": 0.13786520459209914,
        "Electrode width [m]": 0.07597725100456915,
        "Negative tab width [m]": 0.005312105111125017,
        "Negative tab centre y-coordinate [m]": 0.004454600474835224,
        "Negative tab centre z-coordinate [m]": 0.13086782821921666,
        "Positive tab width [m]": 0.007807287911056372,
        "Positive tab centre y-coordinate [m]": 0.03724903318424967,
        "Positive tab centre z-coordinate [m]": 0.08269979532734731,
        "Cell cooling surface area [m2]": 0.019037153983323063,
        "Cell volume [m3]": 1.58377392269289e-06,
        "Negative current collector conductivity [S.m-1]": 54629340.53335982,
        "Positive current collector conductivity [S.m-1]": 20530504.08423408,
        "Negative current collector density [kg.m-3]": 6699.010075230237,
        "Positive current collector density [kg.m-3]": 2484.6088895406306,
        "Negative current collector specific heat capacity [J.kg-1.K-1]": 478.0933859728759,
        "Positive current collector specific heat capacity [J.kg-1.K-1]": 1274.8504777348871,
        "Negative current collector thermal conductivity [W.m-1.K-1]": 395.7867623504293,
        "Positive current collector thermal conductivity [W.m-1.K-1]": 270.8427622210675,
        "Nominal cell capacity [A.h]": 0.16209653080651348,
        "Current function [A]": 0.14594888402974826,
        "Contact resistance [Ohm]": 0,
        "Negative electrode conductivity [S.m-1]": 12.81047244578927,
        "Maximum concentration in negative electrode [mol.m-3]": 31646.003826769724,
        "Negative electrode porosity": 0.3938638775347881,
        "Negative electrode active material volume fraction": 0.43261615884560783,
        "Negative particle radius [m]": 1.6699450246893887e-05,
        "Negative electrode Bruggeman coefficient (electrolyte)": 1.8567895227343862,
        "Negative electrode Bruggeman coefficient (electrode)": 0.0,
        "Negative electrode density [kg.m-3]": 2093.5319930369096,
        "Negative electrode specific heat capacity [J.kg-1.K-1]": 2207.711460702572,
        "Negative electrode thermal conductivity [W.m-1.K-1]": 1.2531725117081831,
        "Negative electrode OCP entropic change [V.K-1]": 0.0,
        "Positive electrode conductivity [S.m-1]": 47.37438409409445,
        "Maximum concentration in positive electrode [mol.m-3]": 41557.199455153306,
        "Positive electrode porosity": 0.3831332967984295,
        "Positive electrode active material volume fraction": 0.3831739689880946,
        "Positive particle radius [m]": 7.287640864328086e-06,
        "Positive electrode Bruggeman coefficient (electrolyte)": 1.4333436712085694,
        "Positive electrode Bruggeman coefficient (electrode)": 0.0,
        "Positive electrode density [kg.m-3]": 2876.0567873618434,
        "Positive electrode specific heat capacity [J.kg-1.K-1]": 1302.7245597765632,
        "Positive electrode thermal conductivity [W.m-1.K-1]": 1.1250306553944536,
        "Positive electrode OCP entropic change [V.K-1]": 0.0,
        "Separator porosity": 0.551881849000595,
        "Separator Bruggeman coefficient (electrolyte)": 1.9275193625679587,
        "Separator density [kg.m-3]": 830.9824280048033,
        "Separator specific heat capacity [J.kg-1.K-1]": 1646.9163357932262,
        "Separator thermal conductivity [W.m-1.K-1]": 0.34064449979766365,
        "Initial concentration in electrolyte [mol.m-3]": 1611.5273180772374,
        "Cation transference number": 0.3494629023829751,
        "Thermodynamic factor": 0.5066243701514286,
        "Reference temperature [K]": 308.17426876402124,
        "Negative current collector surface heat transfer coefficient [W.m-2.K-1]": 10.181151061659188,
        "Positive current collector surface heat transfer coefficient [W.m-2.K-1]": 7.4779225119841035,
        "Negative tab heat transfer coefficient [W.m-2.K-1]": 9.629014288041297,
        "Positive tab heat transfer coefficient [W.m-2.K-1]": 7.610548234965207,
        "Edge heat transfer coefficient [W.m-2.K-1]": 11.647545530767289,
        "Total heat transfer coefficient [W.m-2.K-1]": 9.376310964587882,
        "Ambient temperature [K]": 259.42050517555367,
        "Number of electrodes connected in parallel to make a cell": 1.0980122097127327,
        "Number of cells connected in series to make a battery": 1.5226633219341466,
        "Lower voltage cut-off [V]": 2.6436228662437222,
        "Upper voltage cut-off [V]": 4.727825961208701,
        "Open-circuit voltage at 0% SOC [V]": 1.934629930959114,
        "Open-circuit voltage at 100% SOC [V]": 4.474729474343542,
        "Initial concentration in negative electrode [mol.m-3]": 24082.32853241243,
        "Initial concentration in positive electrode [mol.m-3]": 13591.436976263745,
        "Initial temperature [K]": 241.2709390729861
    },