{
    "config": {
        "Ideal gas constant [J.K-1.mol-1]": 7.647075014080541,
        "Faraday constant [C.mol-1]": 105287.64690160901,
        "Boltzmann constant [J.K-1]": 1.2013359419144959e-23,
        "Electron charge [C]": 2.0655472910030986e-19,
        "Ratio of lithium moles to SEI moles": 2.059228577267652,
        "Inner SEI reaction proportion": 0.5801915370766549,
        "Inner SEI partial molar volume [m3.mol-1]": 0.00014710271997947635,
        "Outer SEI partial molar volume [m3.mol-1]": 8.259312586128747e-05,
        "SEI reaction exchange current density [A.m-2]": 1.6621401644507565e-07,
        "SEI resistivity [Ohm.m]": 226915.8415622353,
        "Outer SEI solvent diffusivity [m2.s-1]": 2.3304632110140527e-22,
        "Bulk solvent concentration [mol.m-3]": 2707.972709288558,
        "Inner SEI open-circuit potential [V]": 0.12653948175777602,
        "Outer SEI open-circuit potential [V]": 0.9442491375256098,
        "Inner SEI electron conductivity [S.m-1]": 9.461566434849945e-14,
        "Inner SEI lithium interstitial diffusivity [m2.s-1]": 9.05133989325853e-21,
        "Lithium interstitial reference concentration [mol.m-3]": 17.057735871662686,
        "Initial inner SEI thickness [m]": 3.5708215749056443e-09,
        "Initial outer SEI thickness [m]": 3.1011749809720905e-09,
        "EC initial concentration in electrolyte [mol.m-3]": 3046.5614667781474,
        "EC diffusivity [m2.s-1]": 2.5681750858771494e-18,
        "SEI kinetic rate constant [m.s-1]": 6.987690214217638e-13,
        "SEI open-circuit potential [V]": 0.5567481565095979,
        "SEI growth activation energy [J.mol-1]": 0.0,
        "Negative electrode reaction-driven LAM factor [m3.mol-1]": 0.0,
        "Positive electrode reaction-driven LAM factor [m3.mol-1]": 0.0,
        "Negative current collector thickness [m]": 1.0241865746741794e-05,
        "Negative electrode thickness [m]": 0.00010351891694333491,
        "Separator thickness [m]": 1.8040646092687062e-05,
        "Positive electrode thickness [m]": 8.229361468869527e-05,
        "Positive current collector thickness [m]": 1.5369014247113812e-05,
        "Electrode height [m]": 0.03301085421901476,
        "Electrode width [m]": 0.02554623073024908,
        "Cell cooling surface area [m2]": 0.0035234479189759638,
        "Cell volume [m3]": 1.632556856481946e-05,
        "Cell emissivity": 0.8918305505896871,
        "Cell thermal expansion coefficient [m.K-1]": 9.645297858754655e-07,
        "Negative current collector conductivity [S.m-1]": 50601431.19447199,
        "Positive current collector conductivity [S.m-1]": 32335621.129544914,
        "Negative current collector density [kg.m-3]": 9591.633116629562,
        "Positive current collector density [kg.m-3]": 2435.651976619637,
        "Negative current collector specific heat capacity [J.kg-1.K-1]": 467.24326231961936,
        "Positive current collector specific heat capacity [J.kg-1.K-1]": 908.5267261612112,
        "Negative current collector thermal conductivity [W.m-1.K-1]": 293.2884925994129,
        "Positive current collector thermal conductivity [W.m-1.K-1]": 124.04629414040491,
        "Nominal cell capacity [A.h]": 2.6031446883881717,
        "Current function [A]": 1.958385506832155,
        "Contact resistance [Ohm]": 0,
        "Negative electrode conductivity [S.m-1]": 101.04634098345461,
        "Maximum concentration in negative electrode [mol.m-3]": 40914.804686271484,
        "Negative electrode porosity": 0.35561293564216956,
        "Negative electrode active material volume fraction": 0.6498893109169516,
        "Negative particle radius [m]": 6.264935650760787e-06,
        "Negative electrode Bruggeman coefficient (electrolyte)": 3.8067676842624865,
        "Negative electrode Bruggeman coefficient (electrode)": 0.0,
        "Negative electrode charge transfer coefficient": 0.7310709012305102,
        "Negative electrode double-layer capacity [F.m-2]": 0.19311030488019065,
        "Negative electrode density [kg.m-3]": 1995.938196019215,
        "Negative electrode specific heat capacity [J.kg-1.K-1]": 763.6760884584467,
        "Negative electrode thermal conductivity [W.m-1.K-1]": 1.1821001403955753,
        "Negative electrode Poisson's ratio": 0.2332406376990862,
        "Negative electrode Young's modulus [Pa]": 16993157436.331306,
        "Negative electrode reference concentration for free of deformation [mol.m-3]": 0.0,
        "Negative electrode partial molar volume [m3.mol-1]": 3.318689861025598e-06,
        "Negative electrode initial crack length [m]": 2.1689675909053633e-08,
        "Negative electrode initial crack width [m]": 1.733904977131374e-08,
        "Negative electrode number of cracks per unit area [m-2]": 3651149870698115.0,
        "Negative electrode Paris' law constant b": 1.1917380712754508,
        "Negative electrode Paris' law constant m": 2.844789342278027,
        "Negative electrode activation energy for cracking rate [J.mol-1]": 0.0,
        "Negative electrode LAM constant proportional term [s-1]": 0.0,
        "Negative electrode LAM constant exponential term": 1.4070185166510212,
        "Negative electrode critical stress [Pa]": 43482147.14471715,
        "Positive electrode conductivity [S.m-1]": 7.926394873308608,
        "Maximum concentration in positive electrode [mol.m-3]": 38748.0305301303,
        "Positive electrode porosity": 0.3000757880797106,
        "Positive electrode active material volume fraction": 0.5727576926616453,
        "Positive particle radius [m]": 3.57331344010898e-06,
        "Positive electrode surface area to volume ratio [m-1]": 503154.7789964092,
        "Positive electrode Bruggeman coefficient (electrolyte)": 1.4979147289564108,
        "Positive electrode Bruggeman coefficient (electrode)": 0.0,
        "Positive electrode charge transfer coefficient": 0.5565005300330333,
        "Positive electrode double-layer capacity [F.m-2]": 0.22470095954525027,
        "Positive electrode density [kg.m-3]": 2757.0875791023573,
        "Positive electrode specific heat capacity [J.kg-1.K-1]": 1214.7233555172154,
        "Positive electrode thermal conductivity [W.m-1.K-1]": 1.8151595054004255,
        "Positive electrode Poisson's ratio": 0.22785115919500315,
        "Positive electrode Young's modulus [Pa]": 349242345851.85754,
        "Positive electrode reference concentration for free of deformation [mol.m-3]": 0.0,
        "Positive electrode partial molar volume [m3.mol-1]": 1.5082681891362454e-09,
        "Positive electrode initial crack length [m]": 5.2744351052340345e-09,
        "Positive electrode initial crack width [m]": 1.450836780660877e-08,
        "Positive electrode number of cracks per unit area [m-2]": 3998011306217318.5,
        "Positive electrode Paris' law constant b": 0.8445619152041077,
        "Positive electrode Paris' law constant m": 1.2259362691966396,
        "Positive electrode activation energy for cracking rate [J.mol-1]": 0.0,
        "Positive electrode LAM constant proportional term [s-1]": 2.9167908121020466e-13,
        "Positive electrode LAM constant exponential term": 2.5039675941230835,
        "Positive electrode critical stress [Pa]": 374776412.9119034,
        "Separator porosity": 0.30740632294966885,
        "Separator Bruggeman coefficient (electrolyte)": 1.2925968313223632,
        "Separator density [kg.m-3]": 812.3454376179966,
        "Separator specific heat capacity [J.kg-1.K-1]": 1005.6517103427228,
        "Separator thermal conductivity [W.m-1.K-1]": 0.4962177432378915,
        "Initial concentration in electrolyte [mol.m-3]": 595.4346545557539,
        "Cation transference number": 0.3170872875873669,
        "Reference temperature [K]": 285.54213555239573,
        "Total heat transfer coefficient [W.m-2.K-1]": 38.45291476610393,
        "Ambient temperature [K]": 251.78710990019715,
        "Number of electrodes connected in parallel to make a cell": 33.48486740422021,