{
    "config": {
        "Ideal gas constant [J.K-1.mol-1]": 11.875072839909382,
        "Faraday constant [C.mol-1]": 41950.34098898567,
        "Boltzmann constant [J.K-1]": 1.0682227899970287e-23,
        "Electron charge [C]": 9.811117891980885e-20,
        "Negative current collector thickness [m]": 1.3734051069022096e-05,
        "Negative electrode thickness [m]": 5.9042666110484826e-05,
        "Separator thickness [m]": 8.70019769934784e-06,
        "Positive electrode thickness [m]": 5.3496903326788795e-05,
        "Positive current collector thickness [m]": 1.0061333528248203e-05,
        "Electrode height [m]": 0.06938047326524853,
        "Electrode width [m]": 1.8156300351297805,
        "Cell cooling surface area [m2]": 0.006027041565986877,
        "Cell volume [m3]": 1.9582119018119883e-05,
        "Negative current collector conductivity [S.m-1]": 34476553.74290359,
        "Positive current collector conductivity [S.m-1]": 41152070.30685216,
        "Negative current collector density [kg.m-3]": 4134.22965666576,
        "Positive current collector density [kg.m-3]": 2303.4157016880567,
        "Positive current collector thermal conductivity [W.m-1.K-1]": 172.8341144231476,
        "Nominal cell capacity [A.h]": 3.7158564573216073,
        "Current function [A]": 2.068245699649322,
        "Contact resistance [Ohm]": 0,
        "Negative electrode conductivity [S.m-1]": 175.90907402830445,
        "Maximum concentration in negative electrode [mol.m-3]": 36757.63822807714,
        "Negative electrode porosity": 0.19904465243829622,
        "Negative electrode active material volume fraction": 0.7350281920472275,
        "Negative particle radius [m]": 4.578238956681165e-06,
        "Negative electrode Bruggeman coefficient (electrolyte)": 1.5114230135698072,
        "Negative electrode Bruggeman coefficient (electrode)": 0.0,
        "Negative electrode charge transfer coefficient": 0.5149998603550118,
        "Negative electrode double-layer capacity [F.m-2]": 0.13762964159279356,
        "Negative electrode density [kg.m-3]": 3051.379010420186,
        "Maximum concentration in positive electrode [mol.m-3]": 45134.230648385375,
        "Positive electrode porosity": 0.3724807024599045,
        "Positive electrode active material volume fraction": 0.8229619891979915,
        "Positive particle radius [m]": 4.089738326730816e-06,
        "Positive electrode Bruggeman coefficient (electrolyte)": 1.6637287114004098,
        "Positive electrode Bruggeman coefficient (electrode)": 0.0,
        "Positive electrode charge transfer coefficient": 0.3841537182586904,
        "Positive electrode double-layer capacity [F.m-2]": 0.28246385825144804,
        "Positive electrode density [kg.m-3]": 3492.208590738761,
        "Separator porosity": 0.5582266444196811,
        "Separator Bruggeman coefficient (electrolyte)": 1.4322125301898858,
        "Separator Bruggeman coefficient (electrode)": 1.7742226965981436,
        "Separator density [kg.m-3]": 1250.775405455257,
        "Separator thermal conductivity [W.m-1.K-1]": 0.38835472365725404,
        "Initial concentration in electrolyte [mol.m-3]": 846.3120964964647,
        "Reference temperature [K]": 382.3652694766212,
        "Total heat transfer coefficient [W.m-2.K-1]": 12.264263294564481,
        "Ambient temperature [K]": 390.81133099094467,
        "Number of electrodes connected in parallel to make a cell": 1.4167956511074102,
        "Number of cells connected in series to make a battery": 0.8466045733294901,
        "Lower voltage cut-off [V]": 3.3271180329812466,
        "Upper voltage cut-off [V]": 4.359298377060704,
        "Open-circuit voltage at 0% SOC [V]": 3.179706905101523,
        "Open-circuit voltage at 100% SOC [V]": 4.797088567871938,
        "Initial concentration in negative electrode [mol.m-3]": 21514.995116294802,
        "Initial concentration in positive electrode [mol.m-3]": 17361.827201371783,
        "Initial temperature [K]": 336.3291769175773
    },
    "V": [
        4.000441226645189,
        3.9483007885943806,
        3.9354208497660945,
        3.9250657373070648,
        3.914874995200501,
        3.9049506208183646,
        3.895258243195266,
        3.8857895179415767,
        3.8765334532584346,
        3.867485153590449,
        3.8586303795897985,
        3.8499549522889143,
        3.841426646512969,
        3.8330019193331526,
        3.8246013100839895,
        3.8162475122180526,
        3.8080172989199443,
        3.799852761787289,
        3.7917725998729574,
        3.7837046337686795,
        3.7756326864139016,
        3.767512992562585,
        3.7592969658912434,
        3.750967287153368,
        3.7424726871091476,
        3.733796759137702,
        3.724917238554368,
        3.7158145154705577,
        3.7064971944730782,
        3.6969694690586294,
        3.687260115538094,
        3.6774126198316957,
        3.6674754028204273,
        3.6575155218013693,
        3.647597946805101,
        3.6377861916529826,
        3.628139750756255,
        3.6187014664386017,
        3.6095051436726218,
        3.600572855990881,
        3.591915092256782,
        3.583535798720492,
        3.575428410474977,
        3.567583210621632,
        3.5599911104872355,
        3.552631596332298,
        3.5454628760472993,
        3.538437984606578,
        3.531517194572781,
        3.5246535324331174,
        3.517783503767756,
        3.51084171571308,
        3.503749223941937,
        3.4964603399708967,
        3.4890554334627577,
        3.4814417519092893,
        3.4735296773186874,
        3.4654318007274685,
        3.457056246069711,
        3.448459562408243,
        3.4396019218810308,
        3.43050987039253,
        3.421117852242511,
        3.4113905782082865,
        3.401308701243805,
        3.3909338044624784,
        3.3803135126281605,
        3.3694071897965303,
        3.3580762194757066,
        3.346027629601047,
        3.3326129070170216,
        3.3271280329812467
    ],
    "time": [
        0.0,
        36.36363636363637,
        72.72727272727273,
        109.0909090909091,
        145.45454545454547,
        181.81818181818184,
        218.1818181818182,
        254.54545454545456,
        290.90909090909093,
        327.2727272727273,
        363.6363636363637,
        400.00000000000006,
        436.3636363636364,
        472.72727272727275,
        509.0909090909091,
        545.4545454545455,
        581.8181818181819,
        618.1818181818182,
        654.5454545454546,
        690.909090909091,
        727.2727272727274,
        763.6363636363637,
        800.0000000000001,
        836.3636363636365,
        872.7272727272727,
        909.0909090909091,
        945.4545454545455,
        981.8181818181819,
        1018.1818181818182,
        1054.5454545454547,
        1090.909090909091,
        1127.2727272727275,
        1163.6363636363637,
        1200.0,
        1236.3636363636365,
        1272.7272727272727,
        1309.0909090909092,
        1345.4545454545455,
        1381.818181818182,
        1418.1818181818182,
        1454.5454545454547,
        1490.909090909091,
        1527.2727272727275,
        1563.6363636363637,
        1600.0000000000002,
        1636.3636363636365,
        1672.727272727273,
        1709.0909090909092,
        1745.4545454545455,
        1781.818181818182,
        1818.1818181818182,
        1854.5454545454547,
        1890.909090909091,
        1927.2727272727275,
        1963.6363636363637,
        2000.0000000000002,
        2036.3636363636365,
        2072.727272727273,
        2109.0909090909095,
        2145.4545454545455,
        2181.818181818182,
        2218.1818181818185,
        2254.545454545455,
        2290.909090909091,
        2327.2727272727275,
        2363.636363636364,
        2400.0,
        2436.3636363636365,
        2472.727272727273,
        2509.0909090909095,
        2545.4545454545455,
        2558.767281838326
    ]
}