{
    "config": {
        "Ideal gas constant [J.K-1.mol-1]": 3.96272292244588,
        "Faraday constant [C.mol-1]": 85114.02322011416,
        "Boltzmann constant [J.K-1]": 7.364334489711824e-24,
        "Electron charge [C]": 1.2333896536649586e-19,
        "Lithium metal partial molar volume [m3.mol-1]": 1.144957752924929e-05,
        "Lithium plating kinetic rate constant [m.s-1]": 4.4447977977678754e-10,
        "Initial plated lithium concentration [mol.m-3]": 0.0,
        "Typical plated lithium concentration [mol.m-3]": 882.0259561631825,
        "Lithium plating transfer coefficient": 0.7626571455692018,
        "Dead lithium decay constant [s-1]": 5.093498856014484e-07,
        "Ratio of lithium moles to SEI moles": 1.0149976540847037,
        "Inner SEI reaction proportion": 0.0,
        "Inner SEI partial molar volume [m3.mol-1]": 7.558249625102218e-05,
        "Outer SEI partial molar volume [m3.mol-1]": 0.00012081345864497429,
        "SEI reaction exchange current density [A.m-2]": 1.8116767305736703e-07,
        "SEI resistivity [Ohm.m]": 258615.0284692163,
        "Outer SEI solvent diffusivity [m2.s-1]": 2.340745602638763e-22,
        "Bulk solvent concentration [mol.m-3]": 1638.1171527788897,
        "Inner SEI open-circuit potential [V]": 0.08396510114712477,
        "Outer SEI open-circuit potential [V]": 0.7828176595087406,
        "Inner SEI electron conductivity [S.m-1]": 9.087603623158297e-14,
        "Inner SEI lithium interstitial diffusivity [m2.s-1]": 1.3726449421957162e-20,
        "Lithium interstitial reference concentration [mol.m-3]": 12.649300555854571,
        "Initial inner SEI thickness [m]": 0.0,
        "Initial outer SEI thickness [m]": 4.455404564107393e-09,
        "EC initial concentration in electrolyte [mol.m-3]": 5829.929876470962,
        "EC diffusivity [m2.s-1]": 1.8618998752558116e-18,
        "SEI kinetic rate constant [m.s-1]": 1.0946632639326948e-12,
        "SEI open-circuit potential [V]": 0.3689108149568167,
        "SEI growth activation energy [J.mol-1]": 30850.15372887504,
        "Negative electrode reaction-driven LAM factor [m3.mol-1]": 0.0,
        "Positive electrode reaction-driven LAM factor [m3.mol-1]": 0.0,
        "Negative current collector thickness [m]": 1.1100467543177822e-05,
        "Negative electrode thickness [m]": 6.133494152237057e-05,
        "Separator thickness [m]": 1.1575972896711927e-05,
        "Positive electrode thickness [m]": 6.61881617998343e-05,
        "Positive current collector thickness [m]": 1.521465098116169e-05,
        "Electrode height [m]": 0.04975741612323272,
        "Electrode width [m]": 1.765216763453631,
        "Cell cooling surface area [m2]": 0.005638878698999187,
        "Cell volume [m3]": 4.143584048675285e-05,
        "Cell thermal expansion coefficient [m.K-1]": 1.057657820702601e-06,
        "Negative current collector conductivity [S.m-1]": 44633102.19906726,
        "Positive current collector conductivity [S.m-1]": 51982162.52806378,
        "Negative current collector density [kg.m-3]": 11639.187292190927,
        "Positive current collector density [kg.m-3]": 2140.265342816585,
        "Negative current collector specific heat capacity [J.kg-1.K-1]": 340.9335540318949,
        "Positive current collector specific heat capacity [J.kg-1.K-1]": 597.3180859030956,
        "Negative current collector thermal conductivity [W.m-1.K-1]": 331.1711367654291,
        "Positive current collector thermal conductivity [W.m-1.K-1]": 288.7751847950637,
        "Nominal cell capacity [A.h]": 5.970649461990176,
        "Current function [A]": 4.324471650734003,
        "Contact resistance [Ohm]": 0,
        "Negative electrode conductivity [S.m-1]": 263.4329547650882,
        "Maximum concentration in negative electrode [mol.m-3]": 29637.839989669646,
        "Negative electrode porosity": 0.16577737761208755,
        "Negative electrode active material volume fraction": 0.7727354049467803,
        "Negative particle radius [m]": 4.422633906760214e-06,
        "Negative electrode Bruggeman coefficient (electrolyte)": 1.2995806175921627,
        "Negative electrode Bruggeman coefficient (electrode)": 1.4014128690008103,
        "Negative electrode charge transfer coefficient": 0.5912162366861624,
        "Negative electrode double-layer capacity [F.m-2]": 0.13041488255769268,
        "Negative electrode density [kg.m-3]": 1717.3399185932244,
        "Negative electrode specific heat capacity [J.kg-1.K-1]": 584.2832376688267,
        "Negative electrode thermal conductivity [W.m-1.K-1]": 2.528267739218077,
        "Negative electrode OCP entropic change [V.K-1]": 0.0,
        "Negative electrode Poisson's ratio": 0.34928903421531793,
        "Negative electrode Young's modulus [Pa]": 16712550446.016474,
        "Negative electrode reference concentration for free of deformation [mol.m-3]": 0.0,
        "Negative electrode partial molar volume [m3.mol-1]": 3.3903534719753704e-06,
        "Negative electrode initial crack length [m]": 1.5972620466234474e-08,
        "Negative electrode initial crack width [m]": 1.8266224520712953e-08,
        "Negative electrode number of cracks per unit area [m-2]": 3670785019540152.0,
        "Negative electrode Paris' law constant b": 1.3052951691112737,
        "Negative electrode Paris' law constant m": 2.373064967386484,
        "Negative electrode LAM constant proportional term [s-1]": 3.692342088665185e-07,
        "Negative electrode LAM constant exponential term": 1.2979177353112963,
        "Negative electrode critical stress [Pa]": 84442223.31776531,
        "Positive electrode conductivity [S.m-1]": 0.21268337641502585,
        "Maximum concentration in positive electrode [mol.m-3]": 56807.67396049185,
        "Positive electrode porosity": 0.45166129594120363,
        "Positive electrode active material volume fraction": 0.6463074058782917,
        "Positive particle radius [m]": 6.111891934109891e-06,
        "Positive electrode Bruggeman coefficient (electrolyte)": 1.4322527436294834,
        "Positive electrode Bruggeman coefficient (electrode)": 1.2722125450803115,
        "Positive electrode charge transfer coefficient": 0.5985178744795532,
        "Positive electrode double-layer capacity [F.m-2]": 0.2281280933658046,
        "Positive electrode density [kg.m-3]": 3524.1421345829294,
        "Positive electrode specific heat capacity [J.kg-1.K-1]": 535.2158467903159,
        "Positive electrode thermal conductivity [W.m-1.K-1]": 1.0430130501600208,
        "Positive electrode OCP entropic change [V.K-1]": 0.0,
        "Positive electrode Poisson's ratio": 0.25410190219417494,
        "Positive electrode Young's modulus [Pa]": 286956445106.5627,
        "Positive electrode reference concentration for free of deformation [mol.m-3]": 0.0,
        "Positive electrode partial molar volume [m3.mol-1]": 1.1418337051138474e-05,
        "Positive electrode initial crack length [m]": 2.7484111872861188e-08,
        "Positive electrode initial crack width [m]": 1.9520344974689662e-08,
        "Positive electrode number of cracks per unit area [m-2]": 1835282037661367.2,
        "Positive electrode Paris' law constant b": 0.8146707469681975,
        "Positive electrode Paris' law constant m": 1.9352419456259111,
        "Positive electrode LAM constant proportional term [s-1]": 2.188674259150864e-07,
        "Positive electrode LAM constant exponential term": 2.4692035212770738,
        "Positive electrode critical stress [Pa]": 287367449.60872495,
        "Separator porosity": 0.19167838859904784,
        "Separator Bruggeman coefficient (electrolyte)": 1.8890779830300302,
        "Separator density [kg.m-3]": 465.4280315501618,
        "Separator specific heat capacity [J.kg-1.K-1]": 445.5507844724075,
        "Separator thermal conductivity [W.m-1.K-1]": 0.18927240585441718,
        "Initial concentration in electrolyte [mol.m-3]": 855.3109708382538,