{
    "config": {
        "Ideal gas constant [J.K-1.mol-1]": 11.011398148812864,
        "Faraday constant [C.mol-1]": 122927.18503237175,
        "Boltzmann constant [J.K-1]": 1.2530622681224344e-23,
        "Electron charge [C]": 1.6097732248343624e-19,
        "Ratio of lithium moles to SEI moles": 1.4346240430767527,
        "Inner SEI reaction proportion": 0.5556179620550964,
        "Inner SEI partial molar volume [m3.mol-1]": 8.05780549226759e-05,
        "Outer SEI partial molar volume [m3.mol-1]": 9.06487662253919e-05,
        "SEI reaction exchange current density [A.m-2]": 1.3427153786814266e-07,
        "SEI resistivity [Ohm.m]": 68880.44782596474,
        "Outer SEI solvent diffusivity [m2.s-1]": 2.0476211106410438e-22,
        "Bulk solvent concentration [mol.m-3]": 1486.1196321472362,
        "Inner SEI open-circuit potential [V]": 0.08573912249918467,
        "Outer SEI open-circuit potential [V]": 0.5165764220846121,
        "Inner SEI electron conductivity [S.m-1]": 1.091246904668393e-13,
        "Inner SEI lithium interstitial diffusivity [m2.s-1]": 9.49042511857169e-21,
        "Lithium interstitial reference concentration [mol.m-3]": 13.853505856673761,
        "Initial inner SEI thickness [m]": 2.644641705698409e-09,
        "Initial outer SEI thickness [m]": 2.115285915876782e-09,
        "EC initial concentration in electrolyte [mol.m-3]": 4048.9500137537657,
        "EC diffusivity [m2.s-1]": 1.8550151369957004e-18,
        "SEI kinetic rate constant [m.s-1]": 8.504672359730082e-13,
        "SEI open-circuit potential [V]": 0.2798150185745955,
        "SEI growth activation energy [J.mol-1]": 0.0,
        "Negative electrode reaction-driven LAM factor [m3.mol-1]": 0.0,
        "Positive electrode reaction-driven LAM factor [m3.mol-1]": 0.0,
        "Negative current collector thickness [m]": 1.602220281883537e-05,
        "Negative electrode thickness [m]": 7.968563467705357e-05,
        "Separator thickness [m]": 2.4129895201438147e-05,
        "Positive electrode thickness [m]": 5.523708376938031e-05,
        "Positive current collector thickness [m]": 1.1137866505696106e-05,
        "Electrode height [m]": 0.13754139531979984,
        "Electrode width [m]": 0.07791386323065706,
        "Negative tab width [m]": 0.005047499829514357,
        "Negative tab centre y-coordinate [m]": 0.0031659740456755755,
        "Negative tab centre z-coordinate [m]": 0.08550889146062274,
        "Positive tab width [m]": 0.008205552222260788,
        "Positive tab centre y-coordinate [m]": 0.038118794913059265,
        "Positive tab centre z-coordinate [m]": 0.11060410434108638,
        "Cell cooling surface area [m2]": 0.012317026248254268,
        "Cell volume [m3]": 1.5658696657140558e-06,
        "Negative current collector conductivity [S.m-1]": 51430798.61089568,
        "Positive current collector conductivity [S.m-1]": 26286110.977741897,
        "Negative current collector density [kg.m-3]": 12088.475647965568,
        "Positive current collector density [kg.m-3]": 2734.4469090281978,
        "Negative current collector specific heat capacity [J.kg-1.K-1]": 263.168506231362,
        "Positive current collector specific heat capacity [J.kg-1.K-1]": 1238.4703301818818,
        "Negative current collector thermal conductivity [W.m-1.K-1]": 370.8022168840465,
        "Positive current collector thermal conductivity [W.m-1.K-1]": 247.5361415021676,
        "Nominal cell capacity [A.h]": 0.14227346514314604,
        "Current function [A]": 0.176118118596909,
        "Contact resistance [Ohm]": 0,
        "Negative electrode conductivity [S.m-1]": 14.263772816921495,
        "Maximum concentration in negative electrode [mol.m-3]": 24662.619957965206,
        "Negative electrode porosity": 0.23093383824204544,
        "Negative electrode active material volume fraction": 0.35255180980891165,
        "Negative particle radius [m]": 1.522529651067494e-05,
        "Negative electrode Bruggeman coefficient (electrolyte)": 1.1625682920426688,
        "Negative electrode Bruggeman coefficient (electrode)": 0.0,
        "Negative electrode density [kg.m-3]": 1586.4366387110492,
        "Negative electrode specific heat capacity [J.kg-1.K-1]": 1468.7803017500744,
        "Negative electrode thermal conductivity [W.m-1.K-1]": 1.0552000956984795,
        "Negative electrode OCP entropic change [V.K-1]": 0.0,
        "Positive electrode conductivity [S.m-1]": 42.824120306735225,
        "Maximum concentration in positive electrode [mol.m-3]": 53836.932322229906,
        "Positive electrode porosity": 0.28765582335756096,
        "Positive electrode active material volume fraction": 0.4008160927723091,
        "Positive particle radius [m]": 9.03776735661854e-06,
        "Positive electrode Bruggeman coefficient (electrolyte)": 1.5322469146606104,
        "Positive electrode Bruggeman coefficient (electrode)": 0.0,
        "Positive electrode density [kg.m-3]": 2864.5241172283195,
        "Positive electrode specific heat capacity [J.kg-1.K-1]": 1139.357989995569,
        "Positive electrode thermal conductivity [W.m-1.K-1]": 1.0285054304904042,
        "Positive electrode OCP entropic change [V.K-1]": 0.0,
        "Separator porosity": 0.47120892655714147,
        "Separator Bruggeman coefficient (electrolyte)": 2.0247495727292053,
        "Separator density [kg.m-3]": 1319.7721803815618,
        "Separator specific heat capacity [J.kg-1.K-1]": 1667.6264248628227,
        "Separator thermal conductivity [W.m-1.K-1]": 0.2336197257295789,
        "Initial concentration in electrolyte [mol.m-3]": 888.6208253367549,
        "Cation transference number": 0.17744630272211487,
        "Thermodynamic factor": 0.6662032094746619,
        "Reference temperature [K]": 251.5638315701604,
        "Negative current collector surface heat transfer coefficient [W.m-2.K-1]": 8.018523654561628,
        "Positive current collector surface heat transfer coefficient [W.m-2.K-1]": 7.2051549498664915,
        "Negative tab heat transfer coefficient [W.m-2.K-1]": 14.169235447449232,
        "Positive tab heat transfer coefficient [W.m-2.K-1]": 8.189686471613902,
        "Edge heat transfer coefficient [W.m-2.K-1]": 13.979043952517152,
        "Total heat transfer coefficient [W.m-2.K-1]": 13.368599566522292,
        "Ambient temperature [K]": 262.1955274578818,
        "Number of electrodes connected in parallel to make a cell": 1.1248617076502105,
        "Number of cells connected in series to make a battery": 0.857406141297702,
        "Lower voltage cut-off [V]": 2.1204509275819254,
        "Upper voltage cut-off [V]": 5.3056068246019805,
        "Open-circuit voltage at 0% SOC [V]": 3.0402147689895904,
        "Open-circuit voltage at 100% SOC [V]": 2.78672043718203,
        "Initial concentration in negative electrode [mol.m-3]": 19722.29839800546,
        "Initial concentration in positive electrode [mol.m-3]": 7862.026174697802,
        "Initial temperature [K]": 287.7870671204984
    },