{
    "config": {
        "Ideal gas constant [J.K-1.mol-1]": 7.236643910561306,
        "Faraday constant [C.mol-1]": 99141.1594269971,
        "Boltzmann constant [J.K-1]": 5.931923201603577e-24,
        "Electron charge [C]": 1.4877813106234335e-19,
        "Negative current collector thickness [m]": 6.9133315542442075e-06,
        "Negative electrode thickness [m]": 0.00012830693275499319,
        "Separator thickness [m]": 6.823856247142698e-06,
        "Positive electrode thickness [m]": 8.081708599699793e-05,
        "Positive current collector thickness [m]": 1.549710186136015e-05,
        "Electrode height [m]": 0.05057636120471032,
        "Electrode width [m]": 1.7708393457504596,
        "Cell cooling surface area [m2]": 0.005636121478503486,
        "Cell volume [m3]": 2.2810617274531653e-05,
        "Negative current collector conductivity [S.m-1]": 38902000.41559436,
        "Positive current collector conductivity [S.m-1]": 39020917.109761246,
        "Negative current collector density [kg.m-3]": 8346.010954196276,
        "Positive current collector density [kg.m-3]": 1716.8280099505596,
        "Positive current collector thermal conductivity [W.m-1.K-1]": 235.17691903117324,
        "Nominal cell capacity [A.h]": 5.01232533503199,
        "Current function [A]": 5.647976092541164,
        "Contact resistance [Ohm]": 0,
        "Negative electrode conductivity [S.m-1]": 221.51768819063565,
        "Maximum concentration in negative electrode [mol.m-3]": 34452.27175214389,
        "Negative electrode porosity": 0.1953623393861795,
        "Negative electrode active material volume fraction": 0.8047864353251305,
        "Negative particle radius [m]": 6.931045042800068e-06,
        "Negative electrode Bruggeman coefficient (electrolyte)": 1.7401932898817813,
        "Negative electrode Bruggeman coefficient (electrode)": 0.0,
        "Negative electrode charge transfer coefficient": 0.5038455697263188,
        "Negative electrode double-layer capacity [F.m-2]": 0.17699159745226956,
        "Negative electrode density [kg.m-3]": 2039.3775155136714,
        "Maximum concentration in positive electrode [mol.m-3]": 57759.33524548892,
        "Positive electrode porosity": 0.38619563889991404,
        "Positive electrode active material volume fraction": 0.5124427930816715,
        "Positive particle radius [m]": 6.295164483797582e-06,
        "Positive electrode Bruggeman coefficient (electrolyte)": 2.1639924353554756,
        "Positive electrode Bruggeman coefficient (electrode)": 0.0,
        "Positive electrode charge transfer coefficient": 0.5549830188027217,
        "Positive electrode double-layer capacity [F.m-2]": 0.11081512578935088,
        "Positive electrode density [kg.m-3]": 5110.498554984205,
        "Separator porosity": 0.21398520732274456,
        "Separator Bruggeman coefficient (electrolyte)": 1.519362441523294,
        "Separator Bruggeman coefficient (electrode)": 1.1721112231522817,
        "Separator density [kg.m-3]": 2094.2419625209354,
        "Separator thermal conductivity [W.m-1.K-1]": 0.30632074983271107,
        "Initial concentration in electrolyte [mol.m-3]": 626.3982557116611,
        "Reference temperature [K]": 257.42540434104234,
        "Total heat transfer coefficient [W.m-2.K-1]": 11.59685789726165,
        "Ambient temperature [K]": 300.25518905486723,
        "Number of electrodes connected in parallel to make a cell": 0.9786586510436237,
        "Number of cells connected in series to make a battery": 1.0510281675303859,
        "Lower voltage cut-off [V]": 2.4683645220639097,
        "Upper voltage cut-off [V]": 4.453107217605371,
        "Open-circuit voltage at 0% SOC [V]": 1.3835838733384613,
        "Open-circuit voltage at 100% SOC [V]": 3.354150743363723,
        "Initial concentration in negative electrode [mol.m-3]": 22891.6114904517,
        "Initial concentration in positive electrode [mol.m-3]": 13926.803739335242,
        "Initial temperature [K]": 287.23625511918374
    },
    "V": [
        4.17305894581405,
        3.9956160552328366,
        3.913960351313773,
        3.872637866296322,
        3.8315394108504184,
        3.7908983856381337,
        3.7559795232010877,
        3.724229339050311,
        3.693830264011916,
        3.6648222427503825,
        3.6399325652738597,
        3.630433196977057,
        3.6222413289071524,
        3.6037296958646996,
        3.5847361496546113,
        3.5636684418346247,
        3.5377522736356335,
        3.5161896629794542,
        3.5082506004723553,
        3.505390442887061,
        3.490251662994315,
        3.468767047989374,
        3.447157623147409,
        3.4295896997479685,
        3.41061693247037,
        3.3980606438154117,
        3.386243195483136,
        3.364510961154201,
        3.3422372882085707,
        3.3166692728121276,
        3.2950723603634233,
        3.2799547677661076,
        3.2649864545903338,
        3.24669710894722,
        3.222677048953287,
        3.195053032547776,
        3.1688698232753416,
        3.14460433385971,
        3.116293070948149,
        3.08682550787349,
        3.05909355128389,
        3.0274118496974998,
        2.9907848672761754,
        2.9565556488726314,
        2.926701020625243,
        2.9042153474276753,
        2.9165648290384905,
        2.8829546711456477,
        2.890555162412285,
        2.8399964250441734,
        2.815274406050656,
        2.7343397822088362,
        2.4683745220636277
    ],
    "time": [
        0.0,
        36.36363636363637,
        72.72727272727273,
        109.0909090909091,
        145.45454545454547,
        181.81818181818184,
        218.1818181818182,
        254.54545454545456,
        290.90909090909093,
        327.2727272727273,
        363.6363636363637,
        400.00000000000006,
        436.3636363636364,
        472.72727272727275,
        509.0909090909091,
        545.4545454545455,
        581.8181818181819,
        618.1818181818182,
        654.5454545454546,
        690.909090909091,
        727.2727272727274,
        763.6363636363637,
        800.0000000000001,
        836.3636363636365,
        872.7272727272727,
        909.0909090909091,
        945.4545454545455,
        981.8181818181819,
        1018.1818181818182,
        1054.5454545454547,
        1090.909090909091,
        1127.2727272727275,
        1163.6363636363637,
        1200.0,
        1236.3636363636365,
        1272.7272727272727,
        1309.0909090909092,
        1345.4545454545455,
        1381.818181818182,
        1418.1818181818182,
        1454.5454545454547,
        1490.909090909091,
        1527.2727272727275,
        1563.6363636363637,
        1600.0000000000002,
        1636.3636363636365,
        1672.727272727273,
        1709.0909090909092,
        1745.4545454545455,
        1781.818181818182,
        1818.1818181818182,
        1854.5454545454547,
        1865.5732337678303
    ]
}