{
    "config": {
        "Ideal gas constant [J.K-1.mol-1]": 6.492245347915201,
        "Faraday constant [C.mol-1]": 125590.78052000339,
        "Boltzmann constant [J.K-1]": 6.3796553778922296e-24,
        "Electron charge [C]": 2.468065762105849e-19,
        "Lithium metal partial molar volume [m3.mol-1]": 4.533563187514686e-06,
        "Lithium plating kinetic rate constant [m.s-1]": 1.1703599392487771e-09,
        "Initial plated lithium concentration [mol.m-3]": 0.0,
        "Typical plated lithium concentration [mol.m-3]": 1137.0239280250776,
        "Lithium plating transfer coefficient": 0.8250315578649057,
        "Dead lithium decay constant [s-1]": 9.324476300386617e-07,
        "Ratio of lithium moles to SEI moles": 0.4549688049008491,
        "Inner SEI reaction proportion": 0.0,
        "Inner SEI partial molar volume [m3.mol-1]": 0.00011663976719335784,
        "Outer SEI partial molar volume [m3.mol-1]": 7.376092407182462e-05,
        "SEI reaction exchange current density [A.m-2]": 1.769191558759578e-07,
        "SEI resistivity [Ohm.m]": 199106.94835361748,
        "Outer SEI solvent diffusivity [m2.s-1]": 1.725895828741668e-22,
        "Bulk solvent concentration [mol.m-3]": 2668.204052556108,
        "Inner SEI open-circuit potential [V]": 0.10357630765325146,
        "Outer SEI open-circuit potential [V]": 0.9468951893044014,
        "Inner SEI electron conductivity [S.m-1]": 7.625898088664532e-14,
        "Inner SEI lithium interstitial diffusivity [m2.s-1]": 1.515678363772395e-20,
        "Lithium interstitial reference concentration [mol.m-3]": 16.843047112310458,
        "Initial inner SEI thickness [m]": 0.0,
        "Initial outer SEI thickness [m]": 5.104227545183822e-09,
        "EC initial concentration in electrolyte [mol.m-3]": 3962.9927405622793,
        "EC diffusivity [m2.s-1]": 1.5096383360369282e-18,
        "SEI kinetic rate constant [m.s-1]": 8.23582355868691e-13,
        "SEI open-circuit potential [V]": 0.30453300142914363,
        "SEI growth activation energy [J.mol-1]": 33653.55608727852,
        "Negative electrode reaction-driven LAM factor [m3.mol-1]": 0.0,
        "Positive electrode reaction-driven LAM factor [m3.mol-1]": 0.0,
        "Negative current collector thickness [m]": 1.7954327233966752e-05,
        "Negative electrode thickness [m]": 6.137746508797103e-05,
        "Separator thickness [m]": 1.7135981688026203e-05,
        "Positive electrode thickness [m]": 7.013558902426473e-05,
        "Positive current collector thickness [m]": 1.4541560879100465e-05,
        "Electrode height [m]": 0.04069826444275128,
        "Electrode width [m]": 1.3974917585525475,
        "Cell cooling surface area [m2]": 0.004153900240329937,
        "Cell volume [m3]": 2.2039408968075456e-05,
        "Cell thermal expansion coefficient [m.K-1]": 1.6137191762494288e-06,
        "Negative current collector conductivity [S.m-1]": 75367934.10916951,
        "Positive current collector conductivity [S.m-1]": 34417627.85376383,
        "Negative current collector density [kg.m-3]": 9703.063590907203,
        "Positive current collector density [kg.m-3]": 2893.53550417247,
        "Negative current collector specific heat capacity [J.kg-1.K-1]": 330.90787023803813,
        "Positive current collector specific heat capacity [J.kg-1.K-1]": 1092.6472380759758,
        "Negative current collector thermal conductivity [W.m-1.K-1]": 428.2792970797126,
        "Positive current collector thermal conductivity [W.m-1.K-1]": 174.67964459793825,
        "Nominal cell capacity [A.h]": 4.435855913152991,
        "Current function [A]": 6.899986210666273,
        "Contact resistance [Ohm]": 0,
        "Negative electrode conductivity [S.m-1]": 261.9885445407025,
        "Maximum concentration in negative electrode [mol.m-3]": 53227.063166987835,
        "Negative electrode porosity": 0.21889366753194087,
        "Negative electrode active material volume fraction": 0.6883989716901008,
        "Negative particle radius [m]": 3.482560284540505e-06,
        "Negative electrode Bruggeman coefficient (electrolyte)": 1.691515213518766,
        "Negative electrode Bruggeman coefficient (electrode)": 1.2582528568190459,
        "Negative electrode charge transfer coefficient": 0.4695758883620126,
        "Negative electrode double-layer capacity [F.m-2]": 0.22292863082794823,
        "Negative electrode density [kg.m-3]": 2279.900655685001,
        "Negative electrode specific heat capacity [J.kg-1.K-1]": 943.2269409866204,
        "Negative electrode thermal conductivity [W.m-1.K-1]": 1.1092533740790371,
        "Negative electrode OCP entropic change [V.K-1]": 0.0,
        "Negative electrode Poisson's ratio": 0.3665953189394974,
        "Negative electrode Young's modulus [Pa]": 17156067662.627377,
        "Negative electrode reference concentration for free of deformation [mol.m-3]": 0.0,
        "Negative electrode partial molar volume [m3.mol-1]": 3.057583736727592e-06,
        "Negative electrode initial crack length [m]": 2.300178451364853e-08,
        "Negative electrode initial crack width [m]": 1.0843421930977977e-08,
        "Negative electrode number of cracks per unit area [m-2]": 2233517775204648.5,
        "Negative electrode Paris' law constant b": 1.7844336682302218,
        "Negative electrode Paris' law constant m": 1.7645291917295431,
        "Negative electrode LAM constant proportional term [s-1]": 2.6119396624041517e-07,
        "Negative electrode LAM constant exponential term": 1.733704817834838,
        "Negative electrode critical stress [Pa]": 55801913.47587651,
        "Positive electrode conductivity [S.m-1]": 0.19147524847131245,
        "Maximum concentration in positive electrode [mol.m-3]": 71944.90143863452,
        "Positive electrode porosity": 0.38100539576575304,
        "Positive electrode active material volume fraction": 0.5609992473163666,
        "Positive particle radius [m]": 6.417891829403153e-06,
        "Positive electrode Bruggeman coefficient (electrolyte)": 0.7664835195333085,
        "Positive electrode Bruggeman coefficient (electrode)": 1.8135226515433123,
        "Positive electrode charge transfer coefficient": 0.3774821794778953,
        "Positive electrode double-layer capacity [F.m-2]": 0.1730475375804563,
        "Positive electrode density [kg.m-3]": 3993.4769854209635,
        "Positive electrode specific heat capacity [J.kg-1.K-1]": 325.46479153524587,
        "Positive electrode thermal conductivity [W.m-1.K-1]": 2.6568499892155724,
        "Positive electrode OCP entropic change [V.K-1]": 0.0,
        "Positive electrode Poisson's ratio": 0.1694967922183698,
        "Positive electrode Young's modulus [Pa]": 437785351206.84485,
        "Positive electrode reference concentration for free of deformation [mol.m-3]": 0.0,
        "Positive electrode partial molar volume [m3.mol-1]": 1.0116902731720684e-05,
        "Positive electrode initial crack length [m]": 1.6369756872962232e-08,
        "Positive electrode initial crack width [m]": 1.3805450883962248e-08,
        "Positive electrode number of cracks per unit area [m-2]": 3481826520730710.0,
        "Positive electrode Paris' law constant b": 0.8518419163683393,
        "Positive electrode Paris' law constant m": 1.4586756025526562,
        "Positive electrode LAM constant proportional term [s-1]": 2.2980564125481169e-07,
        "Positive electrode LAM constant exponential term": 1.8398873503677953,
        "Positive electrode critical stress [Pa]": 293724458.4427742,
        "Separator porosity": 0.424354224187422,
        "Separator Bruggeman coefficient (electrolyte)": 1.7158443723637955,
        "Separator density [kg.m-3]": 513.4653919685002,
        "Separator specific heat capacity [J.kg-1.K-1]": 761.2389640955679,
        "Separator thermal conductivity [W.m-1.K-1]": 0.1661931268365194,
        "Initial concentration in electrolyte [mol.m-3]": 1443.2638316208468,