{
    "config": {
        "Ideal gas constant [J.K-1.mol-1]": 8.418351801859838,
        "Faraday constant [C.mol-1]": 71288.29825104115,
        "Boltzmann constant [J.K-1]": 1.4466440098056656e-23,
        "Electron charge [C]": 1.496660516752419e-19,
        "Ratio of lithium moles to SEI moles": 2.0829661333578153,
        "Inner SEI reaction proportion": 0.5942469259323171,
        "Inner SEI partial molar volume [m3.mol-1]": 0.00013992297033888322,
        "Outer SEI partial molar volume [m3.mol-1]": 5.5158935598248183e-05,
        "SEI reaction exchange current density [A.m-2]": 1.9102130326415372e-07,
        "SEI resistivity [Ohm.m]": 148021.5003115422,
        "Outer SEI solvent diffusivity [m2.s-1]": 2.0306828253673377e-22,
        "Bulk solvent concentration [mol.m-3]": 2245.3934361408265,
        "Inner SEI open-circuit potential [V]": 0.08331963659574426,
        "Outer SEI open-circuit potential [V]": 0.7271312284156592,
        "Inner SEI electron conductivity [S.m-1]": 5.41349336895248e-14,
        "Inner SEI lithium interstitial diffusivity [m2.s-1]": 8.194027384995685e-21,
        "Lithium interstitial reference concentration [mol.m-3]": 7.291420361620409,
        "Initial inner SEI thickness [m]": 3.505843389376012e-09,
        "Initial outer SEI thickness [m]": 2.8182122048994493e-09,
        "EC initial concentration in electrolyte [mol.m-3]": 5499.546842788865,
        "EC diffusivity [m2.s-1]": 2.855393721154996e-18,
        "SEI kinetic rate constant [m.s-1]": 1.3855518682065643e-12,
        "SEI open-circuit potential [V]": 0.28301026600134865,
        "SEI growth activation energy [J.mol-1]": 0.0,
        "Negative electrode reaction-driven LAM factor [m3.mol-1]": 0.0,
        "Positive electrode reaction-driven LAM factor [m3.mol-1]": 0.0,
        "Negative current collector thickness [m]": 9.03865174555611e-06,
        "Negative electrode thickness [m]": 0.00010143427547670883,
        "Separator thickness [m]": 2.430402528504892e-05,
        "Positive electrode thickness [m]": 6.854695084767114e-05,
        "Positive current collector thickness [m]": 1.3409198341546552e-05,
        "Electrode height [m]": 0.056506323322177324,
        "Electrode width [m]": 0.061805464144837424,
        "Cell cooling surface area [m2]": 0.006638849857701499,
        "Cell volume [m3]": 1.2403382254002792e-05,
        "Cell emissivity": 1.2235731532868197,
        "Cell thermal expansion coefficient [m.K-1]": 7.742801269784078e-07,
        "Negative current collector conductivity [S.m-1]": 48758181.71700418,
        "Positive current collector conductivity [S.m-1]": 41782506.445122905,
        "Negative current collector density [kg.m-3]": 9397.524890458137,
        "Positive current collector density [kg.m-3]": 2691.3133242599733,
        "Negative current collector specific heat capacity [J.kg-1.K-1]": 327.09357544157757,
        "Positive current collector specific heat capacity [J.kg-1.K-1]": 1084.1958187262471,
        "Negative current collector thermal conductivity [W.m-1.K-1]": 463.24155251503976,
        "Positive current collector thermal conductivity [W.m-1.K-1]": 246.34043721214277,
        "Nominal cell capacity [A.h]": 2.6877120619184356,
        "Current function [A]": 2.446565256224506,
        "Contact resistance [Ohm]": 0,
        "Negative electrode conductivity [S.m-1]": 64.3020413901545,
        "Maximum concentration in negative electrode [mol.m-3]": 32452.03239505047,
        "Negative electrode porosity": 0.28273894930443455,
        "Negative electrode active material volume fraction": 0.5292194311932263,
        "Negative particle radius [m]": 4.7357545873389124e-06,
        "Negative electrode Bruggeman coefficient (electrolyte)": 3.1981917255925003,
        "Negative electrode Bruggeman coefficient (electrode)": 0.0,
        "Negative electrode charge transfer coefficient": 0.7509265446518749,
        "Negative electrode double-layer capacity [F.m-2]": 0.18444621357388252,
        "Negative electrode density [kg.m-3]": 1485.416378446586,
        "Negative electrode specific heat capacity [J.kg-1.K-1]": 943.7030411349913,
        "Negative electrode thermal conductivity [W.m-1.K-1]": 1.236736820853674,
        "Negative electrode Poisson's ratio": 0.19431395963309345,
        "Negative electrode Young's modulus [Pa]": 17215082678.019463,
        "Negative electrode reference concentration for free of deformation [mol.m-3]": 0.0,
        "Negative electrode partial molar volume [m3.mol-1]": 3.4173064199509838e-06,
        "Negative electrode initial crack length [m]": 1.2618640198709525e-08,
        "Negative electrode initial crack width [m]": 1.3985297942188072e-08,
        "Negative electrode number of cracks per unit area [m-2]": 2628246587535445.0,
        "Negative electrode Paris' law constant b": 0.8638215044602452,
        "Negative electrode Paris' law constant m": 2.981085531672502,
        "Negative electrode activation energy for cracking rate [J.mol-1]": 0.0,
        "Negative electrode LAM constant proportional term [s-1]": 0.0,
        "Negative electrode LAM constant exponential term": 1.3154464167388666,
        "Negative electrode critical stress [Pa]": 65316026.272847794,
        "Positive electrode conductivity [S.m-1]": 11.955540934110685,
        "Maximum concentration in positive electrode [mol.m-3]": 39783.2580117293,
        "Positive electrode porosity": 0.38817506678935065,
        "Positive electrode active material volume fraction": 0.5924689502408185,
        "Positive particle radius [m]": 3.6516558049935335e-06,
        "Positive electrode surface area to volume ratio [m-1]": 792257.1050329963,
        "Positive electrode Bruggeman coefficient (electrolyte)": 1.7703456811578302,
        "Positive electrode Bruggeman coefficient (electrode)": 0.0,
        "Positive electrode charge transfer coefficient": 0.48313080768068245,
        "Positive electrode double-layer capacity [F.m-2]": 0.27382293997914414,
        "Positive electrode density [kg.m-3]": 1827.3453301473846,
        "Positive electrode specific heat capacity [J.kg-1.K-1]": 1066.7226766309725,
        "Positive electrode thermal conductivity [W.m-1.K-1]": 1.7012776359346984,
        "Positive electrode Poisson's ratio": 0.1787770934932818,
        "Positive electrode Young's modulus [Pa]": 385622759174.19147,
        "Positive electrode reference concentration for free of deformation [mol.m-3]": 0.0,
        "Positive electrode partial molar volume [m3.mol-1]": 2.835500692946372e-08,
        "Positive electrode initial crack length [m]": 1.6117000810955e-08,
        "Positive electrode initial crack width [m]": 1.1714650431552967e-08,
        "Positive electrode number of cracks per unit area [m-2]": 3237837918831443.5,
        "Positive electrode Paris' law constant b": 1.6288692084450118,
        "Positive electrode Paris' law constant m": 2.3244385674452586,
        "Positive electrode activation energy for cracking rate [J.mol-1]": 0.0,
        "Positive electrode LAM constant proportional term [s-1]": 3.0413762738222114e-13,
        "Positive electrode LAM constant exponential term": 1.8535736486386136,
        "Positive electrode critical stress [Pa]": 472521080.3602805,
        "Separator porosity": 0.2945354072369707,
        "Separator Bruggeman coefficient (electrolyte)": 1.7067143401890887,
        "Separator density [kg.m-3]": 2249.2291148030836,
        "Separator specific heat capacity [J.kg-1.K-1]": 1275.559356773975,
        "Separator thermal conductivity [W.m-1.K-1]": 0.29779840557457304,
        "Initial concentration in electrolyte [mol.m-3]": 637.732262411567,
        "Cation transference number": 0.5688132645759915,
        "Reference temperature [K]": 77.08274057592348,
        "Total heat transfer coefficient [W.m-2.K-1]": 32.197143567145346,
        "Ambient temperature [K]": 302.14636689396764,
        "Number of electrodes connected in parallel to make a cell": 35.74503203129281,