{
    "config": {
        "Ideal gas constant [J.K-1.mol-1]": 8.46409039738882,
        "Faraday constant [C.mol-1]": 111552.23715891482,
        "Boltzmann constant [J.K-1]": 1.0208621818518828e-23,
        "Electron charge [C]": 1.351470077536921e-19,
        "Ratio of lithium moles to SEI moles": 1.7123406754148858,
        "Inner SEI reaction proportion": 0.583039193681316,
        "Inner SEI partial molar volume [m3.mol-1]": 0.0001352491899915946,
        "Outer SEI partial molar volume [m3.mol-1]": 6.3688593978805e-05,
        "SEI reaction exchange current density [A.m-2]": 5.400026249446241e-08,
        "SEI resistivity [Ohm.m]": 151283.30575742893,
        "Outer SEI solvent diffusivity [m2.s-1]": 3.518036738407421e-22,
        "Bulk solvent concentration [mol.m-3]": 2722.577489617313,
        "Inner SEI open-circuit potential [V]": 0.10433700392584501,
        "Outer SEI open-circuit potential [V]": 0.7557931472735255,
        "Inner SEI electron conductivity [S.m-1]": 9.981519507206646e-14,
        "Inner SEI lithium interstitial diffusivity [m2.s-1]": 6.5716959809859546e-21,
        "Lithium interstitial reference concentration [mol.m-3]": 16.818199106685103,
        "Initial inner SEI thickness [m]": 3.014837495669122e-09,
        "Initial outer SEI thickness [m]": 2.6023868612411074e-09,
        "EC initial concentration in electrolyte [mol.m-3]": 5142.094505380983,
        "EC diffusivity [m2.s-1]": 1.590707117627852e-18,
        "SEI kinetic rate constant [m.s-1]": 1.0309960039402713e-12,
        "SEI open-circuit potential [V]": 0.443218125715628,
        "SEI growth activation energy [J.mol-1]": 0.0,
        "Negative electrode reaction-driven LAM factor [m3.mol-1]": 0.0,
        "Positive electrode reaction-driven LAM factor [m3.mol-1]": 0.0,
        "Negative current collector thickness [m]": 1.449354178422048e-05,
        "Negative electrode thickness [m]": 4.9945951402574585e-05,
        "Separator thickness [m]": 2.1473779411434955e-05,
        "Positive electrode thickness [m]": 6.211666554646837e-05,
        "Positive current collector thickness [m]": 2.1711793829214934e-05,
        "Electrode height [m]": 0.11200249383612146,
        "Electrode width [m]": 0.05705471704818679,
        "Negative tab width [m]": 0.0019508206983862774,
        "Negative tab centre y-coordinate [m]": 0.004387488522401726,
        "Negative tab centre z-coordinate [m]": 0.1308887945651455,
        "Positive tab width [m]": 0.005765730333607654,
        "Positive tab centre y-coordinate [m]": 0.024406198817007334,
        "Positive tab centre z-coordinate [m]": 0.1362002849299911,
        "Cell cooling surface area [m2]": 0.01205054987090531,
        "Cell volume [m3]": 1.0216062515708828e-06,
        "Negative current collector conductivity [S.m-1]": 71386558.89351156,
        "Positive current collector conductivity [S.m-1]": 33113324.196138375,
        "Negative current collector density [kg.m-3]": 10250.780277612746,
        "Positive current collector density [kg.m-3]": 3174.598592139827,
        "Negative current collector specific heat capacity [J.kg-1.K-1]": 334.8958941717629,
        "Positive current collector specific heat capacity [J.kg-1.K-1]": 1197.574831673668,
        "Negative current collector thermal conductivity [W.m-1.K-1]": 432.8603925663066,
        "Positive current collector thermal conductivity [W.m-1.K-1]": 331.2953835803291,
        "Nominal cell capacity [A.h]": 0.2045053233016306,
        "Current function [A]": 0.14477228144844018,
        "Contact resistance [Ohm]": 0,
        "Negative electrode conductivity [S.m-1]": 11.986175903631896,
        "Maximum concentration in negative electrode [mol.m-3]": 44064.003100697,
        "Negative electrode porosity": 0.2205021576321577,
        "Negative electrode active material volume fraction": 0.4074574334518384,
        "Negative particle radius [m]": 1.1801666484846134e-05,
        "Negative electrode Bruggeman coefficient (electrolyte)": 1.768853403768067,
        "Negative electrode Bruggeman coefficient (electrode)": 0.0,
        "Negative electrode density [kg.m-3]": 1112.2482699783498,
        "Negative electrode specific heat capacity [J.kg-1.K-1]": 1383.8338891778815,
        "Negative electrode thermal conductivity [W.m-1.K-1]": 1.3158937236164177,
        "Negative electrode OCP entropic change [V.K-1]": 0.0,
        "Positive electrode conductivity [S.m-1]": 90.27757071529057,
        "Maximum concentration in positive electrode [mol.m-3]": 47563.00475275325,
        "Positive electrode porosity": 0.22579195878261565,
        "Positive electrode active material volume fraction": 0.6308326848928347,
        "Positive particle radius [m]": 6.687757824901936e-06,
        "Positive electrode Bruggeman coefficient (electrolyte)": 2.4634260667352748,
        "Positive electrode Bruggeman coefficient (electrode)": 0.0,
        "Positive electrode density [kg.m-3]": 2144.7354755146416,
        "Positive electrode specific heat capacity [J.kg-1.K-1]": 959.5967398728783,
        "Positive electrode thermal conductivity [W.m-1.K-1]": 1.2781959964700556,
        "Positive electrode OCP entropic change [V.K-1]": 0.0,
        "Separator porosity": 0.44821366476746266,
        "Separator Bruggeman coefficient (electrolyte)": 1.431737137236135,
        "Separator density [kg.m-3]": 1069.3276390391165,
        "Separator specific heat capacity [J.kg-1.K-1]": 1991.1712019909612,
        "Separator thermal conductivity [W.m-1.K-1]": 0.3699865815049662,
        "Initial concentration in electrolyte [mol.m-3]": 1278.9842831488218,
        "Cation transference number": 0.28562619212884954,
        "Thermodynamic factor": 0.8180279751368427,
        "Reference temperature [K]": 374.69824685063685,
        "Negative current collector surface heat transfer coefficient [W.m-2.K-1]": 12.725582264654179,
        "Positive current collector surface heat transfer coefficient [W.m-2.K-1]": 8.925714903086769,
        "Negative tab heat transfer coefficient [W.m-2.K-1]": 11.069115201470945,
        "Positive tab heat transfer coefficient [W.m-2.K-1]": 8.815569262153389,
        "Edge heat transfer coefficient [W.m-2.K-1]": 18.396853971790332,
        "Total heat transfer coefficient [W.m-2.K-1]": 14.107188319954071,
        "Ambient temperature [K]": 259.0064098005587,
        "Number of electrodes connected in parallel to make a cell": 0.6425186117762343,
        "Number of cells connected in series to make a battery": 0.7557174038542094,
        "Lower voltage cut-off [V]": 2.989995511657079,
        "Upper voltage cut-off [V]": 4.5230575003690205,
        "Open-circuit voltage at 0% SOC [V]": 3.017647881790846,
        "Open-circuit voltage at 100% SOC [V]": 4.8377322053920935,
        "Initial concentration in negative electrode [mol.m-3]": 26448.63554798017,
        "Initial concentration in positive electrode [mol.m-3]": 13476.439361521776,
        "Initial temperature [K]": 409.95212141110267
    },
    "V": [
        3.8066484052790184,
        3.6964001279599077,
        3.6297996497789513,
        3.560801900152631,
        3.494501615909641,
        3.44584405992359,
        3.4114542449071203,
        3.376991294155471,
        3.3427891333483624,
        3.307830549934939,
        3.274036215803087,
        3.2442114265596445,
        3.218179889116061,
        3.193839578009511,
        3.1687841024437513,
        3.1421427986604877,
        3.1129183612158613,
        3.0807208124613834,
        3.0455833887797046,
        3.007237503934525,
        2.9900055116570785
    ],