{
    "config": {
        "Ideal gas constant [J.K-1.mol-1]": 5.983571066224549,
        "Faraday constant [C.mol-1]": 90585.39253116873,
        "Boltzmann constant [J.K-1]": 1.524840138342771e-23,
        "Electron charge [C]": 1.765116694960269e-19,
        "Ratio of lithium moles to SEI moles": 2.5184441369579242,
        "Inner SEI reaction proportion": 0.8184383889706024,
        "Inner SEI partial molar volume [m3.mol-1]": 6.933104099656742e-05,
        "Outer SEI partial molar volume [m3.mol-1]": 0.0001505192942597697,
        "SEI reaction exchange current density [A.m-2]": 1.2266047986388806e-07,
        "SEI resistivity [Ohm.m]": 198354.4328648795,
        "Outer SEI solvent diffusivity [m2.s-1]": 3.0489376970818754e-22,
        "Bulk solvent concentration [mol.m-3]": 2018.527317051001,
        "Inner SEI open-circuit potential [V]": 0.08446333372767945,
        "Outer SEI open-circuit potential [V]": 0.6667854086240178,
        "Inner SEI electron conductivity [S.m-1]": 9.382114824087189e-14,
        "Inner SEI lithium interstitial diffusivity [m2.s-1]": 1.1286185547388991e-20,
        "Lithium interstitial reference concentration [mol.m-3]": 10.152884892221914,
        "Initial inner SEI thickness [m]": 2.482570144506522e-09,
        "Initial outer SEI thickness [m]": 1.949175881566054e-09,
        "EC initial concentration in electrolyte [mol.m-3]": 4311.730699314531,
        "EC diffusivity [m2.s-1]": 1.3841878293236694e-18,
        "SEI kinetic rate constant [m.s-1]": 1.0999017767794095e-12,
        "SEI open-circuit potential [V]": 0.3465040460947828,
        "SEI growth activation energy [J.mol-1]": 0.0,
        "Negative electrode reaction-driven LAM factor [m3.mol-1]": 0.0,
        "Positive electrode reaction-driven LAM factor [m3.mol-1]": 0.0,
        "Negative current collector thickness [m]": 5.683403330872242e-06,
        "Negative electrode thickness [m]": 0.00011226395824349865,
        "Separator thickness [m]": 2.1922343851338507e-05,
        "Positive electrode thickness [m]": 7.330646739157972e-05,
        "Positive current collector thickness [m]": 1.7428298144287365e-05,
        "Electrode height [m]": 0.07530807312162041,
        "Electrode width [m]": 0.05548702242277348,
        "Cell cooling surface area [m2]": 0.004458885355252109,
        "Cell volume [m3]": 2.429985179840661e-05,
        "Cell emissivity": 1.0323482724610251,
        "Cell thermal expansion coefficient [m.K-1]": 1.6817679271177422e-06,
        "Negative current collector conductivity [S.m-1]": 46626943.6538699,
        "Positive current collector conductivity [S.m-1]": 34992129.95217848,
        "Negative current collector density [kg.m-3]": 8882.591217816707,
        "Positive current collector density [kg.m-3]": 2055.631722299675,
        "Negative current collector specific heat capacity [J.kg-1.K-1]": 303.110422654355,
        "Positive current collector specific heat capacity [J.kg-1.K-1]": 1032.6029347259605,
        "Negative current collector thermal conductivity [W.m-1.K-1]": 467.0920088518952,
        "Positive current collector thermal conductivity [W.m-1.K-1]": 305.19167921338334,
        "Nominal cell capacity [A.h]": 2.6806757858617454,
        "Current function [A]": 1.5578805773441209,
        "Contact resistance [Ohm]": 0,
        "Negative electrode conductivity [S.m-1]": 54.82753495953067,
        "Maximum concentration in negative electrode [mol.m-3]": 45780.62712408035,
        "Negative electrode porosity": 0.3746833466570425,
        "Negative electrode active material volume fraction": 0.37743391658978864,
        "Negative particle radius [m]": 5.1315340292475e-06,
        "Negative electrode Bruggeman coefficient (electrolyte)": 2.966559691988761,
        "Negative electrode Bruggeman coefficient (electrode)": 0.0,
        "Negative electrode charge transfer coefficient": 0.7152231721040718,
        "Negative electrode double-layer capacity [F.m-2]": 0.1141852037775109,
        "Negative electrode density [kg.m-3]": 2409.062257770273,
        "Negative electrode specific heat capacity [J.kg-1.K-1]": 787.2251145901417,
        "Negative electrode thermal conductivity [W.m-1.K-1]": 1.282705016444283,
        "Negative electrode Poisson's ratio": 0.29818609543802727,
        "Negative electrode Young's modulus [Pa]": 20410048947.31931,
        "Negative electrode reference concentration for free of deformation [mol.m-3]": 0.0,
        "Negative electrode partial molar volume [m3.mol-1]": 4.553775060211238e-06,
        "Negative electrode initial crack length [m]": 1.105295851910469e-08,
        "Negative electrode initial crack width [m]": 1.8444382019913605e-08,
        "Negative electrode number of cracks per unit area [m-2]": 2696930086380138.5,
        "Negative electrode Paris' law constant b": 1.4894609080790582,
        "Negative electrode Paris' law constant m": 2.442255360958069,
        "Negative electrode activation energy for cracking rate [J.mol-1]": 0.0,
        "Negative electrode LAM constant proportional term [s-1]": 0.0,
        "Negative electrode LAM constant exponential term": 2.4884937678951196,
        "Negative electrode critical stress [Pa]": 31354194.058189314,
        "Positive electrode conductivity [S.m-1]": 14.592886907562672,
        "Maximum concentration in positive electrode [mol.m-3]": 52422.44154760732,
        "Positive electrode porosity": 0.23645610173891513,
        "Positive electrode active material volume fraction": 0.6729229838305271,
        "Positive particle radius [m]": 3.0019736327356734e-06,
        "Positive electrode surface area to volume ratio [m-1]": 904060.4919178456,
        "Positive electrode Bruggeman coefficient (electrolyte)": 2.306731423581732,
        "Positive electrode Bruggeman coefficient (electrode)": 0.0,
        "Positive electrode charge transfer coefficient": 0.5228873830306494,
        "Positive electrode double-layer capacity [F.m-2]": 0.24329590988114227,
        "Positive electrode density [kg.m-3]": 2210.2137534745407,
        "Positive electrode specific heat capacity [J.kg-1.K-1]": 1145.8613843239264,
        "Positive electrode thermal conductivity [W.m-1.K-1]": 2.202839440765211,
        "Positive electrode Poisson's ratio": 0.10501838876234323,
        "Positive electrode Young's modulus [Pa]": 364602406304.2206,
        "Positive electrode reference concentration for free of deformation [mol.m-3]": 0.0,
        "Positive electrode partial molar volume [m3.mol-1]": 7.597277972178402e-08,
        "Positive electrode initial crack length [m]": 1.98498791809395e-08,
        "Positive electrode initial crack width [m]": 1.664890653976797e-08,
        "Positive electrode number of cracks per unit area [m-2]": 3293355292674124.0,
        "Positive electrode Paris' law constant b": 0.6855168466301462,
        "Positive electrode Paris' law constant m": 1.9161339027117525,
        "Positive electrode activation energy for cracking rate [J.mol-1]": 0.0,
        "Positive electrode LAM constant proportional term [s-1]": 2.6078867948941603e-13,
        "Positive electrode LAM constant exponential term": 2.3521104814254277,
        "Positive electrode critical stress [Pa]": 413647906.26292306,
        "Separator porosity": 0.4527972410827469,
        "Separator Bruggeman coefficient (electrolyte)": 0.9822382762458415,
        "Separator density [kg.m-3]": 2152.2097298530994,
        "Separator specific heat capacity [J.kg-1.K-1]": 1193.5709006607015,
        "Separator thermal conductivity [W.m-1.K-1]": 0.3160062085349115,
        "Initial concentration in electrolyte [mol.m-3]": 819.5359139070291,
        "Cation transference number": 0.4773675674895352,
        "Reference temperature [K]": 407.12012802030154,
        "Total heat transfer coefficient [W.m-2.K-1]": 40.20503886159845,
        "Ambient temperature [K]": 260.56911074440296,
        "Number of electrodes connected in parallel to make a cell": 47.826119088935585,