{
    "config": {
        "Ideal gas constant [J.K-1.mol-1]": 8.593203602206174,
        "Faraday constant [C.mol-1]": 108248.68494191117,
        "Boltzmann constant [J.K-1]": 2.0905354631092652e-23,
        "Electron charge [C]": 1.8717586055385572e-19,
        "Ratio of lithium moles to SEI moles": 1.7641932859815943,
        "Inner SEI reaction proportion": 0.4274186995041581,
        "Inner SEI partial molar volume [m3.mol-1]": 0.00011612603989777388,
        "Outer SEI partial molar volume [m3.mol-1]": 9.517854100468435e-05,
        "SEI reaction exchange current density [A.m-2]": 8.678046921737057e-08,
        "SEI resistivity [Ohm.m]": 213101.64607015325,
        "Outer SEI solvent diffusivity [m2.s-1]": 1.1784760723776566e-22,
        "Bulk solvent concentration [mol.m-3]": 2798.4240983668888,
        "Inner SEI open-circuit potential [V]": 0.13649815654552022,
        "Outer SEI open-circuit potential [V]": 0.982333946180799,
        "Inner SEI electron conductivity [S.m-1]": 1.1976250694937007e-13,
        "Inner SEI lithium interstitial diffusivity [m2.s-1]": 7.318178748282121e-21,
        "Lithium interstitial reference concentration [mol.m-3]": 16.008360908675982,
        "Initial inner SEI thickness [m]": 2.0248566667396745e-09,
        "Initial outer SEI thickness [m]": 2.4993749172171525e-09,
        "EC initial concentration in electrolyte [mol.m-3]": 5949.744160204034,
        "EC diffusivity [m2.s-1]": 2.1035769703734926e-18,
        "SEI kinetic rate constant [m.s-1]": 1.1858013303023727e-12,
        "SEI open-circuit potential [V]": 0.5862241857287998,
        "SEI growth activation energy [J.mol-1]": 0.0,
        "Negative electrode reaction-driven LAM factor [m3.mol-1]": 0.0,
        "Positive electrode reaction-driven LAM factor [m3.mol-1]": 0.0,
        "Negative current collector thickness [m]": 5.546925875873507e-06,
        "Negative electrode thickness [m]": 7.623827402956981e-05,
        "Separator thickness [m]": 1.59925064720779e-05,
        "Positive electrode thickness [m]": 6.724585547705929e-05,
        "Positive current collector thickness [m]": 1.996474978230133e-05,
        "Electrode height [m]": 0.051078880899399166,
        "Electrode width [m]": 0.05183855284427792,
        "Cell cooling surface area [m2]": 0.0014722224799216463,
        "Cell volume [m3]": 1.5035902376387608e-05,
        "Cell emissivity": 0.7153101914718178,
        "Cell thermal expansion coefficient [m.K-1]": 7.74379571571227e-07,
        "Negative current collector conductivity [S.m-1]": 83825373.94633701,
        "Positive current collector conductivity [S.m-1]": 36245843.561890855,
        "Negative current collector density [kg.m-3]": 3721.2866153603154,
        "Positive current collector density [kg.m-3]": 2409.354351389723,
        "Negative current collector specific heat capacity [J.kg-1.K-1]": 387.6557856212172,
        "Positive current collector specific heat capacity [J.kg-1.K-1]": 757.2576553227249,
        "Negative current collector thermal conductivity [W.m-1.K-1]": 476.3508497467204,
        "Positive current collector thermal conductivity [W.m-1.K-1]": 146.34839253022045,
        "Nominal cell capacity [A.h]": 2.623031793824703,
        "Current function [A]": 2.225546364919168,
        "Contact resistance [Ohm]": 0,
        "Negative electrode conductivity [S.m-1]": 90.64051590202729,
        "Maximum concentration in negative electrode [mol.m-3]": 30081.067371910616,
        "Negative electrode porosity": 0.2011936070012922,
        "Negative electrode active material volume fraction": 0.9220717555110516,
        "Negative particle radius [m]": 7.266403353104618e-06,
        "Negative electrode Bruggeman coefficient (electrolyte)": 3.6509723672477232,
        "Negative electrode Bruggeman coefficient (electrode)": 0.0,
        "Negative electrode charge transfer coefficient": 0.345207540431291,
        "Negative electrode double-layer capacity [F.m-2]": 0.2183019192819501,
        "Negative electrode density [kg.m-3]": 2260.561304631774,
        "Negative electrode specific heat capacity [J.kg-1.K-1]": 942.2461122748455,
        "Negative electrode thermal conductivity [W.m-1.K-1]": 0.660694269742113,
        "Negative electrode Poisson's ratio": 0.3336748963943781,
        "Negative electrode Young's modulus [Pa]": 9506752840.268929,
        "Negative electrode reference concentration for free of deformation [mol.m-3]": 0.0,
        "Negative electrode partial molar volume [m3.mol-1]": 4.072975869767841e-06,
        "Negative electrode initial crack length [m]": 2.387329480521229e-08,
        "Negative electrode initial crack width [m]": 1.3286289749427189e-08,
        "Negative electrode number of cracks per unit area [m-2]": 3009764047158303.0,
        "Negative electrode Paris' law constant b": 1.3008990453141558,
        "Negative electrode Paris' law constant m": 2.0661257728639066,
        "Negative electrode activation energy for cracking rate [J.mol-1]": 0.0,
        "Negative electrode LAM constant proportional term [s-1]": 0.0,
        "Negative electrode LAM constant exponential term": 2.0177958521863433,
        "Negative electrode critical stress [Pa]": 61851273.25707641,
        "Positive electrode conductivity [S.m-1]": 10.391546693989598,
        "Maximum concentration in positive electrode [mol.m-3]": 49470.380421339534,
        "Positive electrode porosity": 0.44627646579447133,
        "Positive electrode active material volume fraction": 0.6062140642238436,
        "Positive particle radius [m]": 3.733879577462075e-06,
        "Positive electrode surface area to volume ratio [m-1]": 662603.9884061052,
        "Positive electrode Bruggeman coefficient (electrolyte)": 1.8400327155274774,
        "Positive electrode Bruggeman coefficient (electrode)": 0.0,
        "Positive electrode charge transfer coefficient": 0.3694369766645853,
        "Positive electrode double-layer capacity [F.m-2]": 0.2257801525848018,
        "Positive electrode density [kg.m-3]": 2268.667240741969,
        "Positive electrode specific heat capacity [J.kg-1.K-1]": 1393.9921063957868,
        "Positive electrode thermal conductivity [W.m-1.K-1]": 1.9430056571841865,
        "Positive electrode Poisson's ratio": 0.10223740302209777,
        "Positive electrode Young's modulus [Pa]": 426835445305.6395,
        "Positive electrode reference concentration for free of deformation [mol.m-3]": 0.0,
        "Positive electrode partial molar volume [m3.mol-1]": 6.010473790107798e-08,
        "Positive electrode initial crack length [m]": 1.0667093096295887e-08,
        "Positive electrode initial crack width [m]": 1.0216172275569122e-08,
        "Positive electrode number of cracks per unit area [m-2]": 3595719289822929.0,
        "Positive electrode Paris' law constant b": 1.7918252188564625,
        "Positive electrode Paris' law constant m": 1.6567911849771466,
        "Positive electrode activation energy for cracking rate [J.mol-1]": 0.0,
        "Positive electrode LAM constant proportional term [s-1]": 3.339850377725375e-13,
        "Positive electrode LAM constant exponential term": 2.2129672746944395,
        "Positive electrode critical stress [Pa]": 293962085.77717936,
        "Separator porosity": 0.5553630854761535,
        "Separator Bruggeman coefficient (electrolyte)": 2.057171551549766,
        "Separator density [kg.m-3]": 2284.4796566026193,
        "Separator specific heat capacity [J.kg-1.K-1]": 1045.8334254107262,
        "Separator thermal conductivity [W.m-1.K-1]": 0.1742344250199382,
        "Initial concentration in electrolyte [mol.m-3]": 1005.5793786854306,
        "Cation transference number": 0.36365408227903523,
        "Reference temperature [K]": 344.4321438775286,
        "Total heat transfer coefficient [W.m-2.K-1]": 39.281098894565716,
        "Ambient temperature [K]": 221.2748488163279,
        "Number of electrodes connected in parallel to make a cell": 18.461892582285586,