{
    "config": {
        "Ideal gas constant [J.K-1.mol-1]": 10.778807511527278,
        "Faraday constant [C.mol-1]": 101588.14596766522,
        "Boltzmann constant [J.K-1]": 1.4645518728758026e-23,
        "Electron charge [C]": 1.363278167537827e-19,
        "Ratio of lithium moles to SEI moles": 2.046190105732792,
        "Inner SEI reaction proportion": 0.5241111575617681,
        "Inner SEI partial molar volume [m3.mol-1]": 9.832995151181186e-05,
        "Outer SEI partial molar volume [m3.mol-1]": 8.889988283606074e-05,
        "SEI reaction exchange current density [A.m-2]": 1.837969057353512e-07,
        "SEI resistivity [Ohm.m]": 216413.56434885086,
        "Outer SEI solvent diffusivity [m2.s-1]": 1.9472559108926549e-22,
        "Bulk solvent concentration [mol.m-3]": 2580.4493550193756,
        "Inner SEI open-circuit potential [V]": 0.09395148143934803,
        "Outer SEI open-circuit potential [V]": 0.8607191303954541,
        "Inner SEI electron conductivity [S.m-1]": 9.852380166998627e-14,
        "Inner SEI lithium interstitial diffusivity [m2.s-1]": 1.0071957545914817e-20,
        "Lithium interstitial reference concentration [mol.m-3]": 14.087840256428608,
        "Initial inner SEI thickness [m]": 2.6510988597457213e-09,
        "Initial outer SEI thickness [m]": 2.077365271763421e-09,
        "EC initial concentration in electrolyte [mol.m-3]": 4522.0061748278185,
        "EC diffusivity [m2.s-1]": 2.669282870891784e-18,
        "SEI kinetic rate constant [m.s-1]": 8.070908668281093e-13,
        "SEI open-circuit potential [V]": 0.3342070763370846,
        "SEI growth activation energy [J.mol-1]": 0.0,
        "Negative electrode reaction-driven LAM factor [m3.mol-1]": 0.0,
        "Positive electrode reaction-driven LAM factor [m3.mol-1]": 0.0,
        "Negative current collector thickness [m]": 1.5606616829770454e-05,
        "Negative electrode thickness [m]": 8.194561285085645e-05,
        "Separator thickness [m]": 2.1510724769447073e-05,
        "Positive electrode thickness [m]": 5.545117033695276e-05,
        "Positive current collector thickness [m]": 1.2443814952138704e-05,
        "Electrode height [m]": 0.10158486534782837,
        "Electrode width [m]": 0.0863059697079732,
        "Negative tab width [m]": 0.0066595545912537185,
        "Negative tab centre y-coordinate [m]": 0.004878426908629003,
        "Negative tab centre z-coordinate [m]": 0.08777527528639015,
        "Positive tab width [m]": 0.006444087139479541,
        "Positive tab centre y-coordinate [m]": 0.028975410808340676,
        "Positive tab centre z-coordinate [m]": 0.1043942229639701,
        "Cell cooling surface area [m2]": 0.018490962684252023,
        "Cell volume [m3]": 1.873689958560191e-06,
        "Negative current collector conductivity [S.m-1]": 70273447.07872371,
        "Positive current collector conductivity [S.m-1]": 38244936.25040578,
        "Negative current collector density [kg.m-3]": 9324.974211567327,
        "Positive current collector density [kg.m-3]": 2780.9395370122725,
        "Negative current collector specific heat capacity [J.kg-1.K-1]": 270.35180996853626,
        "Positive current collector specific heat capacity [J.kg-1.K-1]": 865.8792852400427,
        "Negative current collector thermal conductivity [W.m-1.K-1]": 281.7359026858868,
        "Positive current collector thermal conductivity [W.m-1.K-1]": 294.2776486069839,
        "Nominal cell capacity [A.h]": 0.18968069782689592,
        "Current function [A]": 0.17891194140044536,
        "Contact resistance [Ohm]": 0,
        "Negative electrode conductivity [S.m-1]": 14.95959161915908,
        "Maximum concentration in negative electrode [mol.m-3]": 26818.437291831517,
        "Negative electrode porosity": 0.2519322652673935,
        "Negative electrode active material volume fraction": 0.3873060896761955,
        "Negative particle radius [m]": 1.22238890478887e-05,
        "Negative electrode Bruggeman coefficient (electrolyte)": 1.6481591289716562,
        "Negative electrode Bruggeman coefficient (electrode)": 0.0,
        "Negative electrode density [kg.m-3]": 1669.5222051260678,
        "Negative electrode specific heat capacity [J.kg-1.K-1]": 1195.5876388695253,
        "Negative electrode thermal conductivity [W.m-1.K-1]": 1.1561342571953184,
        "Negative electrode OCP entropic change [V.K-1]": 0.0,
        "Positive electrode conductivity [S.m-1]": 69.2483904354211,
        "Maximum concentration in positive electrode [mol.m-3]": 48404.35180016403,
        "Positive electrode porosity": 0.18866890039497092,
        "Positive electrode active material volume fraction": 0.39365998124186696,
        "Positive particle radius [m]": 6.565948461222182e-06,
        "Positive electrode Bruggeman coefficient (electrolyte)": 1.617673367066165,
        "Positive electrode Bruggeman coefficient (electrode)": 0.0,
        "Positive electrode density [kg.m-3]": 2372.253005463439,
        "Positive electrode specific heat capacity [J.kg-1.K-1]": 1276.659516818922,
        "Positive electrode thermal conductivity [W.m-1.K-1]": 1.1204020341835321,
        "Positive electrode OCP entropic change [V.K-1]": 0.0,
        "Separator porosity": 0.4995739417043769,
        "Separator Bruggeman coefficient (electrolyte)": 1.94942489560837,
        "Separator density [kg.m-3]": 1292.0384884473822,
        "Separator specific heat capacity [J.kg-1.K-1]": 2053.9236655880386,
        "Separator thermal conductivity [W.m-1.K-1]": 0.32679931088143627,
        "Initial concentration in electrolyte [mol.m-3]": 1013.9866764308374,
        "Cation transference number": 0.2758670007218862,
        "Thermodynamic factor": 0.8765945416902692,
        "Reference temperature [K]": 318.854515124605,
        "Negative current collector surface heat transfer coefficient [W.m-2.K-1]": 9.603085674805332,
        "Positive current collector surface heat transfer coefficient [W.m-2.K-1]": 13.290899256889684,
        "Negative tab heat transfer coefficient [W.m-2.K-1]": 10.238411423891195,
        "Positive tab heat transfer coefficient [W.m-2.K-1]": 9.7283482248818,
        "Edge heat transfer coefficient [W.m-2.K-1]": 11.48853900325766,
        "Total heat transfer coefficient [W.m-2.K-1]": 12.199555284457176,
        "Ambient temperature [K]": 278.9933892452131,
        "Number of electrodes connected in parallel to make a cell": 0.8881902708658522,
        "Number of cells connected in series to make a battery": 1.305739632439768,
        "Lower voltage cut-off [V]": 2.1267396744184386,
        "Upper voltage cut-off [V]": 4.754858268022362,
        "Open-circuit voltage at 0% SOC [V]": 1.9729892842852488,
        "Open-circuit voltage at 100% SOC [V]": 3.970729737887034,
        "Initial concentration in negative electrode [mol.m-3]": 20841.289615805363,
        "Initial concentration in positive electrode [mol.m-3]": 9918.641052149367,
        "Initial temperature [K]": 290.76118930153643
    },