{
    "config": {
        "Ideal gas constant [J.K-1.mol-1]": 8.199993267168297,
        "Faraday constant [C.mol-1]": 59744.90240512647,
        "Boltzmann constant [J.K-1]": 1.2067372329785722e-23,
        "Electron charge [C]": 1.9117037640222649e-19,
        "Ratio of lithium moles to SEI moles": 2.0691979286942237,
        "Inner SEI reaction proportion": 0.7177268751713799,
        "Inner SEI partial molar volume [m3.mol-1]": 4.7170020174616796e-05,
        "Outer SEI partial molar volume [m3.mol-1]": 0.00013110410040481106,
        "SEI growth transfer coefficient": 0.6287821587510423,
        "SEI reaction exchange current density [A.m-2]": 9.68533148017146e-08,
        "SEI resistivity [Ohm.m]": 185835.04562725802,
        "Outer SEI solvent diffusivity [m2.s-1]": 2.590090691922943e-22,
        "Bulk solvent concentration [mol.m-3]": 2918.2615124729773,
        "Inner SEI open-circuit potential [V]": 0.10479819713186458,
        "Outer SEI open-circuit potential [V]": 0.7601362819264541,
        "Inner SEI electron conductivity [S.m-1]": 9.93472675204554e-14,
        "Inner SEI lithium interstitial diffusivity [m2.s-1]": 1.2056895475138842e-20,
        "Lithium interstitial reference concentration [mol.m-3]": 14.72465722318156,
        "Initial inner SEI thickness [m]": 3.1373034185315743e-09,
        "Initial outer SEI thickness [m]": 2.2704907645060736e-09,
        "EC initial concentration in electrolyte [mol.m-3]": 5385.803929107801,
        "EC diffusivity [m2.s-1]": 2.694512106017008e-18,
        "SEI kinetic rate constant [m.s-1]": 8.81193409534762e-13,
        "SEI open-circuit potential [V]": 0.46072619463395476,
        "SEI growth activation energy [J.mol-1]": 0.0,
        "Negative electrode reaction-driven LAM factor [m3.mol-1]": 0.0,
        "Positive electrode reaction-driven LAM factor [m3.mol-1]": 0.0,
        "Negative current collector thickness [m]": 1.883896597423895e-05,
        "Negative electrode thickness [m]": 7.745810628321057e-05,
        "Separator thickness [m]": 3.173638132505501e-05,
        "Positive electrode thickness [m]": 0.00011359815495186035,
        "Positive current collector thickness [m]": 3.629848741294521e-05,
        "Electrode height [m]": 0.11834434808945504,
        "Electrode width [m]": 0.20554761340752267,
        "Negative tab width [m]": 0.035102641433187975,
        "Negative tab centre y-coordinate [m]": 0.06197046742328287,
        "Negative tab centre z-coordinate [m]": 0.11858846186194427,
        "Positive tab width [m]": 0.03979354361976297,
        "Positive tab centre y-coordinate [m]": 0.17074374394344136,
        "Positive tab centre z-coordinate [m]": 0.17694529241229773,
        "Cell cooling surface area [m2]": 0.04846376685095451,
        "Cell volume [m3]": 5.6943771683382205e-06,
        "Negative current collector conductivity [S.m-1]": 43437900.12930791,
        "Positive current collector conductivity [S.m-1]": 45906784.6554882,
        "Negative current collector density [kg.m-3]": 13084.81773990598,
        "Positive current collector density [kg.m-3]": 2330.1055663240213,
        "Negative current collector specific heat capacity [J.kg-1.K-1]": 334.8300665896679,
        "Positive current collector specific heat capacity [J.kg-1.K-1]": 817.5366992334401,
        "Negative current collector thermal conductivity [W.m-1.K-1]": 339.1554996760774,
        "Positive current collector thermal conductivity [W.m-1.K-1]": 315.1775981280134,
        "Nominal cell capacity [A.h]": 0.6298205411470388,
        "Current function [A]": 0.49648085505059447,
        "Contact resistance [Ohm]": 0,
        "Negative electrode conductivity [S.m-1]": 77.7616399470053,
        "Maximum concentration in negative electrode [mol.m-3]": 24309.191742226703,
        "Negative electrode porosity": 0.1123367750807874,
        "Negative electrode active material volume fraction": 0.8414806474548313,
        "Negative particle radius [m]": 9.229493151273242e-06,
        "Negative electrode Bruggeman coefficient (electrolyte)": 1.540188859154714,
        "Negative electrode Bruggeman coefficient (electrode)": 1.6183902222570654,
        "Negative electrode charge transfer coefficient": 0.46869382920362807,
        "Negative electrode double-layer capacity [F.m-2]": 0.22594329939931734,
        "Negative electrode density [kg.m-3]": 1957.4575473344262,
        "Negative electrode specific heat capacity [J.kg-1.K-1]": 643.6845521080036,
        "Negative electrode thermal conductivity [W.m-1.K-1]": 1.1181160647368893,
        "Positive electrode conductivity [S.m-1]": 12.56368394620513,
        "Maximum concentration in positive electrode [mol.m-3]": 49410.04863665557,
        "Positive electrode porosity": 0.3636864756425957,
        "Positive electrode active material volume fraction": 0.6125121993723299,
        "Positive particle radius [m]": 1.025330838585856e-05,
        "Positive electrode Bruggeman coefficient (electrolyte)": 1.3183174058049278,
        "Positive electrode Bruggeman coefficient (electrode)": 1.5205210986278939,
        "Positive electrode charge transfer coefficient": 0.3540883342342749,
        "Positive electrode double-layer capacity [F.m-2]": 0.2063190561596289,
        "Positive electrode density [kg.m-3]": 4141.860332601911,
        "Positive electrode specific heat capacity [J.kg-1.K-1]": 889.8311399665929,
        "Positive electrode thermal conductivity [W.m-1.K-1]": 1.9104154329693197,
        "Separator porosity": 0.8433603199224432,
        "Separator Bruggeman coefficient (electrolyte)": 2.0055015555082516,
        "Separator density [kg.m-3]": 405.88368150856417,
        "Separator specific heat capacity [J.kg-1.K-1]": 608.8168189185864,
        "Separator thermal conductivity [W.m-1.K-1]": 0.11813637531616525,
        "Initial concentration in electrolyte [mol.m-3]": 909.0541023408765,
        "Cation transference number": 0.2968537519979629,
        "Thermodynamic factor": 1.2728196182024603,
        "Reference temperature [K]": 264.42586468131833,
        "Ambient temperature [K]": 319.8163702544049,
        "Negative current collector surface heat transfer coefficient [W.m-2.K-1]": 0.0,
        "Positive current collector surface heat transfer coefficient [W.m-2.K-1]": 0.0,
        "Negative tab heat transfer coefficient [W.m-2.K-1]": 9.092034365893031,
        "Positive tab heat transfer coefficient [W.m-2.K-1]": 7.401311383895717,
        "Edge heat transfer coefficient [W.m-2.K-1]": 0.30306145108959776,
        "Total heat transfer coefficient [W.m-2.K-1]": 10.123412154004697,
        "Number of electrodes connected in parallel to make a cell": 0.858719041986959,
        "Number of cells connected in series to make a battery": 0.9833169172332096,
        "Lower voltage cut-off [V]": 2.8542310466907748,
        "Upper voltage cut-off [V]": 5.512732784107888,
        "Open-circuit voltage at 0% SOC [V]": 3.510181734876352,
        "Open-circuit voltage at 100% SOC [V]": 2.207544292209677,
        "Initial concentration in negative electrode [mol.m-3]": 20363.555784092157,
        "Initial concentration in positive electrode [mol.m-3]": 38254.66877509919,
        "Initial temperature [K]": 80.20635478085072
    },