{
    "config": {
        "Ideal gas constant [J.K-1.mol-1]": 10.215034005470804,
        "Faraday constant [C.mol-1]": 105897.58696265287,
        "Boltzmann constant [J.K-1]": 1.384910989671711e-23,
        "Electron charge [C]": 1.0562692450160746e-19,
        "Negative electrode thickness [m]": 4.943199528831965e-05,
        "Separator thickness [m]": 2.3137051265277927e-05,
        "Positive electrode thickness [m]": 6.377529705218834e-05,
        "Electrode height [m]": 0.6497855311067666,
        "Electrode width [m]": 0.23072740536770478,
        "Nominal cell capacity [A.h]": 2.0790479705873635,
        "Current function [A]": 2.285579563561432,
        "Contact resistance [Ohm]": 0,
        "Negative electrode conductivity [S.m-1]": 247.7622994418769,
        "Maximum concentration in negative electrode [mol.m-3]": 29219.889990124782,
        "Negative electrode diffusivity [m2.s-1]": 2.448749474915329e-15,
        "Negative electrode porosity": 0.2625106593156481,
        "Negative electrode active material volume fraction": 0.4756462276415236,
        "Negative particle radius [m]": 2.688495460942528e-06,
        "Negative electrode Bruggeman coefficient (electrolyte)": 1.6448958273345822,
        "Negative electrode Bruggeman coefficient (electrode)": 1.117287696038736,
        "Negative electrode charge transfer coefficient": 0.3199022601761239,
        "Negative electrode double-layer capacity [F.m-2]": 0.1837487520599445,
        "Negative electrode OCP entropic change [V.K-1]": 0,
        "Positive electrode conductivity [S.m-1]": 0.2802576015439129,
        "Maximum concentration in positive electrode [mol.m-3]": 20498.72399525407,
        "Positive electrode diffusivity [m2.s-1]": 4.9534839399401166e-18,
        "Positive electrode porosity": 0.37223157030622167,
        "Positive electrode active material volume fraction": 0.16672555464022082,
        "Positive particle radius [m]": 4.783828911021689e-08,
        "Positive electrode Bruggeman coefficient (electrode)": 1.2052531714108121,
        "Positive electrode Bruggeman coefficient (electrolyte)": 1.71247134435965,
        "Positive electrode charge transfer coefficient": 0.2393141752518666,
        "Positive electrode double-layer capacity [F.m-2]": 0.1947677089904987,
        "Positive electrode OCP entropic change [V.K-1]": 0,
        "Separator porosity": 0.40572228433837754,
        "Separator Bruggeman coefficient (electrolyte)": 1.4873159270097733,
        "Initial concentration in electrolyte [mol.m-3]": 1550.9043453949796,
        "Cation transference number": 0.3485781330568421,
        "Thermodynamic factor": 1.0839878755318477,
        "Electrolyte diffusivity [m2.s-1]": 1.8809983409558462e-10,
        "Reference temperature [K]": 284.24137025092995,
        "Ambient temperature [K]": 427.86277911947303,
        "Number of electrodes connected in parallel to make a cell": 1.3868612355082286,
        "Number of cells connected in series to make a battery": 0.9697132555861252,
        "Lower voltage cut-off [V]": 1.7423096493421906,
        "Upper voltage cut-off [V]": 5.272461398377338,
        "Open-circuit voltage at 0% SOC [V]": 1.6681793605288628,
        "Open-circuit voltage at 100% SOC [V]": 3.5037904791795578,
        "Initial concentration in negative electrode [mol.m-3]": 21601.726466119595,
        "Initial concentration in positive electrode [mol.m-3]": 46.68947311116974,
        "Initial temperature [K]": 394.38547612542186
    },
    "V": [
        3.6651270079213694,
        3.3064839843306775,
        3.3029042521383087,
        3.301335401674295,
        3.300157904185297,
        3.299105656235106,
        3.2981148624899013,
        3.297154936823035,
        3.296198072870914,
        3.295207323496833,
        3.294124576215285,
        3.292864426493009,
        3.291329483006809,
        3.289433412146157,
        3.2871131829927913,
        3.2843410370744635,
        3.281139229933479,
        3.2775925271438338,
        3.2738465434988133,
        3.2700867098984507,
        3.266501722848224,
        3.2632436695449307,
        3.260406962801104,
        3.2580239137193985,
        3.2560767121116765,
        3.254519072059912,
        3.2532876182177324,
        3.2523125811684848,
        3.251523242993248,
        3.250845639097146,
        3.25022798609214,
        3.2496320762159714,
        3.2490345727986543,
        3.24842285378642,
        3.2477902246024692,
        3.247133063031707,
        3.2464486573389957,
        3.2457344027280035,
        3.2449869021996878,
        3.2442020135583736,
        3.243374161540708,
        3.242495589005426,
        3.2415549301157363,
        3.2405340442723665,
        3.2394004451992657,
        3.2380869711435754,
        3.2364352867559596,
        3.2340674116418353,
        3.2302267336551505,
        3.2236943234741195,
        3.2126226800055955,
        3.194035743229896,
        3.1629409066344953,
        3.1109042699242506,
        3.023723013589886,
        2.8774918062138495,
        2.631975835913894,
        2.445812218759352,
        2.3907067960829607,
        2.361264735993842,
        2.34500263129536,
        2.333260851098355,
        2.301687331025115,
        2.257014862937205,
        2.1060637246589917,
        1.7423196493461899
    ],
    "time": [
        0.0,
        36.36363636363637,
        72.72727272727273,
        109.0909090909091,
        145.45454545454547,
        181.81818181818184,
        218.1818181818182,
        254.54545454545456,
        290.90909090909093,
        327.2727272727273,
        363.6363636363637,
        400.00000000000006,
        436.3636363636364,
        472.72727272727275,
        509.0909090909091,
        545.4545454545455,
        581.8181818181819,
        618.1818181818182,
        654.5454545454546,
        690.909090909091,
        727.2727272727274,
        763.6363636363637,
        800.0000000000001,
        836.3636363636365,
        872.7272727272727,
        909.0909090909091,
        945.4545454545455,
        981.8181818181819,
        1018.1818181818182,
        1054.5454545454547,
        1090.909090909091,
        1127.2727272727275,
        1163.6363636363637,
        1200.0,
        1236.3636363636365,
        1272.7272727272727,
        1309.0909090909092,
        1345.4545454545455,
        1381.818181818182,
        1418.1818181818182,
        1454.5454545454547,
        1490.909090909091,
        1527.2727272727275,
        1563.6363636363637,
        1600.0000000000002,
        1636.3636363636365,
        1672.727272727273,
        1709.0909090909092,
        1745.4545454545455,
        1781.818181818182,
        1818.1818181818182,
        1854.5454545454547,
        1890.909090909091,
        1927.2727272727275,
        1963.6363636363637,
        2000.0000000000002,
        2036.3636363636365,
        2055.1136363636365,
        2059.8011363636365,
        2062.1448863636365,
        2063.3167613636365,
        2063.9026988636365,
        2064.1956676136365,
        2064.2322887073865,
        2064.2505992542615,
        2064.2563643443036
    ]
}