{
    "config": {
        "Ideal gas constant [J.K-1.mol-1]": 9.009359201389742,
        "Faraday constant [C.mol-1]": 82466.7699764457,
        "Boltzmann constant [J.K-1]": 1.1852437439941823e-23,
        "Electron charge [C]": 6.221638847103972e-20,
        "Ratio of lithium moles to SEI moles": 1.9773062533422912,
        "Inner SEI reaction proportion": 0.7554740344651751,
        "Inner SEI partial molar volume [m3.mol-1]": 9.382674238463228e-05,
        "Outer SEI partial molar volume [m3.mol-1]": 0.0001152453253771147,
        "SEI reaction exchange current density [A.m-2]": 1.096721667519787e-07,
        "SEI resistivity [Ohm.m]": 238224.0585749412,
        "Outer SEI solvent diffusivity [m2.s-1]": 2.6037667395299054e-22,
        "Bulk solvent concentration [mol.m-3]": 4280.878536974621,
        "Inner SEI open-circuit potential [V]": 0.12635744288496764,
        "Outer SEI open-circuit potential [V]": 0.7255840179564402,
        "Inner SEI electron conductivity [S.m-1]": 1.1076671288600094e-13,
        "Inner SEI lithium interstitial diffusivity [m2.s-1]": 7.272524852131433e-21,
        "Lithium interstitial reference concentration [mol.m-3]": 13.109353059227926,
        "Initial inner SEI thickness [m]": 2.942092420867483e-09,
        "Initial outer SEI thickness [m]": 3.1961682852827893e-09,
        "EC initial concentration in electrolyte [mol.m-3]": 6178.391208481215,
        "EC diffusivity [m2.s-1]": 8.80971185581448e-19,
        "SEI kinetic rate constant [m.s-1]": 9.338349573576745e-13,
        "SEI open-circuit potential [V]": 0.36425866697192333,
        "SEI growth activation energy [J.mol-1]": 0.0,
        "Negative electrode reaction-driven LAM factor [m3.mol-1]": 0.0,
        "Positive electrode reaction-driven LAM factor [m3.mol-1]": 0.0,
        "Negative current collector thickness [m]": 8.09544733485167e-06,
        "Negative electrode thickness [m]": 7.348589976764049e-05,
        "Separator thickness [m]": 2.871603266149624e-05,
        "Positive electrode thickness [m]": 4.923010824604337e-05,
        "Positive current collector thickness [m]": 1.1893942279721948e-05,
        "Electrode height [m]": 0.1442659824286721,
        "Electrode width [m]": 0.15190924150049126,
        "Negative tab width [m]": 0.03679490620149447,
        "Negative tab centre y-coordinate [m]": 0.01482754793743435,
        "Negative tab centre z-coordinate [m]": 0.18063375187103578,
        "Positive tab width [m]": 0.03846885618883961,
        "Positive tab centre y-coordinate [m]": 0.091703515446015,
        "Positive tab centre z-coordinate [m]": 0.22506179078638433,
        "Cell cooling surface area [m2]": 0.06947720413424968,
        "Cell volume [m3]": 5.461187950029637e-06,
        "Negative current collector conductivity [S.m-1]": 44794899.932920516,
        "Positive current collector conductivity [S.m-1]": 23186397.54292479,
        "Negative current collector density [kg.m-3]": 12050.895478493836,
        "Positive current collector density [kg.m-3]": 3069.6191425382203,
        "Negative current collector specific heat capacity [J.kg-1.K-1]": 314.21096194686896,
        "Positive current collector specific heat capacity [J.kg-1.K-1]": 932.113035690754,
        "Negative current collector thermal conductivity [W.m-1.K-1]": 273.4901538378237,
        "Positive current collector thermal conductivity [W.m-1.K-1]": 145.00874803736102,
        "Nominal cell capacity [A.h]": 0.5581734638766551,
        "Current function [A]": 0.6011159765170317,
        "Contact resistance [Ohm]": 0,
        "Negative electrode conductivity [S.m-1]": 126.29271588174686,
        "Maximum concentration in negative electrode [mol.m-3]": 28076.612902498164,
        "Negative electrode porosity": 0.4461253199395248,
        "Negative electrode active material volume fraction": 0.5942782506078368,
        "Negative particle radius [m]": 5.883784727100603e-07,
        "Negative electrode Bruggeman coefficient (electrolyte)": 2.4768384147554414,
        "Negative electrode Bruggeman coefficient (electrode)": 2.51620805574563,
        "Negative electrode charge transfer coefficient": 0.581570160149111,
        "Negative electrode double-layer capacity [F.m-2]": 0.21185619764450103,
        "Negative electrode density [kg.m-3]": 1004.7163533895193,
        "Negative electrode specific heat capacity [J.kg-1.K-1]": 925.9596998590562,
        "Negative electrode thermal conductivity [W.m-1.K-1]": 1.5027156219285804,
        "Negative electrode OCP entropic change [V.K-1]": 0.0,
        "Positive electrode conductivity [S.m-1]": 8.757724442446825,
        "Maximum concentration in positive electrode [mol.m-3]": 36181.77173710329,
        "Positive electrode porosity": 0.4596916482524238,
        "Positive electrode active material volume fraction": 0.32681656706090867,
        "Positive particle radius [m]": 1.1614454084778746e-06,
        "Positive electrode Bruggeman coefficient (electrolyte)": 1.9921834247693158,
        "Positive electrode Bruggeman coefficient (electrode)": 2.8490994146062603,
        "Positive electrode charge transfer coefficient": 0.5223274793319583,
        "Positive electrode double-layer capacity [F.m-2]": 0.18207710148857173,
        "Positive electrode density [kg.m-3]": 2220.745799935531,
        "Positive electrode specific heat capacity [J.kg-1.K-1]": 705.2912512444165,
        "Positive electrode thermal conductivity [W.m-1.K-1]": 1.466927872692371,
        "Positive electrode OCP entropic change [V.K-1]": 0.0,
        "Separator porosity": 0.32512327940937474,
        "Separator Bruggeman coefficient (electrolyte)": 1.9346721170135943,
        "Separator density [kg.m-3]": 570.0077380426735,
        "Separator specific heat capacity [J.kg-1.K-1]": 850.5798506693156,
        "Separator thermal conductivity [W.m-1.K-1]": 0.13707609667446352,
        "Initial concentration in electrolyte [mol.m-3]": 1498.7236707568006,
        "Cation transference number": 0.4146098042926852,
        "Thermodynamic factor": 0.861965892740526,
        "Reference temperature [K]": 234.85403165262488,
        "Negative current collector surface heat transfer coefficient [W.m-2.K-1]": 0.0,
        "Positive current collector surface heat transfer coefficient [W.m-2.K-1]": 0.0,
        "Negative tab heat transfer coefficient [W.m-2.K-1]": 27.372540281519047,
        "Positive tab heat transfer coefficient [W.m-2.K-1]": 18.822474370170116,
        "Edge heat transfer coefficient [W.m-2.K-1]": 0.2931544345694819,
        "Total heat transfer coefficient [W.m-2.K-1]": 29.16817874273478,
        "Ambient temperature [K]": 336.8216803686632,
        "Number of electrodes connected in parallel to make a cell": 0.797314534569074,
        "Number of cells connected in series to make a battery": 1.2985524502396053,
        "Lower voltage cut-off [V]": 3.264009613994818,
        "Upper voltage cut-off [V]": 4.282466730533315,
        "Open-circuit voltage at 0% SOC [V]": 2.628632527193708,
        "Open-circuit voltage at 100% SOC [V]": 4.851220777157221,
        "Initial concentration in negative electrode [mol.m-3]": 26031.615463676106,
        "Initial concentration in positive electrode [mol.m-3]": 25772.193933707014,
        "Initial temperature [K]": 243.87834804859204
    },
    "V": [
        3.6898779253819542,
        3.6522884583520554,
        3.6288937984586016,
        3.6058373337838296,
        3.5811987589416483,
        3.5541170483852906,
        3.5244888518446373,
        3.493174947461788,
        3.462300779264503,
        3.4295546560970744,
        3.2640196139948174
    ],
    "time": [
        0.0,
        36.36363636363637,
        72.72727272727273,
        109.0909090909091,
        145.45454545454547,
        181.81818181818184,
        218.1818181818182,
        254.54545454545456,
        290.90909090909093,
        327.2727272727273,
        356.9855375547814
    ]
}