{
    "config": {
        "Ideal gas constant [J.K-1.mol-1]": 7.728500189357264,
        "Faraday constant [C.mol-1]": 115044.40077240391,
        "Boltzmann constant [J.K-1]": 1.6365520912542572e-23,
        "Electron charge [C]": 9.117671308862497e-20,
        "Ratio of lithium moles to SEI moles": 1.8969094443408412,
        "Inner SEI reaction proportion": 0.41892007102101303,
        "Inner SEI partial molar volume [m3.mol-1]": 0.00011367868492938662,
        "Outer SEI partial molar volume [m3.mol-1]": 8.533869881452989e-05,
        "SEI reaction exchange current density [A.m-2]": 2.3242445399300562e-07,
        "SEI resistivity [Ohm.m]": 200800.55876110884,
        "Outer SEI solvent diffusivity [m2.s-1]": 2.74101747096754e-22,
        "Bulk solvent concentration [mol.m-3]": 2705.484521971375,
        "Inner SEI open-circuit potential [V]": 0.07882296704102172,
        "Outer SEI open-circuit potential [V]": 0.8201984688447437,
        "Inner SEI electron conductivity [S.m-1]": 1.0348979085314745e-13,
        "Inner SEI lithium interstitial diffusivity [m2.s-1]": 1.0408255513806148e-20,
        "Lithium interstitial reference concentration [mol.m-3]": 13.730357910832419,
        "Initial inner SEI thickness [m]": 1.7811282988481554e-09,
        "Initial outer SEI thickness [m]": 2.065088437074639e-09,
        "EC initial concentration in electrolyte [mol.m-3]": 3554.6161715020417,
        "EC diffusivity [m2.s-1]": 2.180397076029595e-18,
        "SEI kinetic rate constant [m.s-1]": 9.95055312459234e-13,
        "SEI open-circuit potential [V]": 0.566872752324185,
        "SEI growth activation energy [J.mol-1]": 0.0,
        "Negative electrode reaction-driven LAM factor [m3.mol-1]": 0.0,
        "Positive electrode reaction-driven LAM factor [m3.mol-1]": 0.0,
        "Negative current collector thickness [m]": 1.3675806883444412e-05,
        "Negative electrode thickness [m]": 8.102065343101201e-05,
        "Separator thickness [m]": 2.4463744979739755e-05,
        "Positive electrode thickness [m]": 5.908571906268871e-05,
        "Positive current collector thickness [m]": 1.837866317062052e-05,
        "Electrode height [m]": 0.1092115339632039,
        "Electrode width [m]": 0.08829782593832296,
        "Negative tab width [m]": 0.005437835354776089,
        "Negative tab centre y-coordinate [m]": 0.0076947543340726635,
        "Negative tab centre z-coordinate [m]": 0.10699087086020188,
        "Positive tab width [m]": 0.006700113362410791,
        "Positive tab centre y-coordinate [m]": 0.015722587667703042,
        "Positive tab centre z-coordinate [m]": 0.09213352710868193,
        "Cell cooling surface area [m2]": 0.013731639325474328,
        "Cell volume [m3]": 2.1100618159464462e-06,
        "Negative current collector conductivity [S.m-1]": 49499962.4335318,
        "Positive current collector conductivity [S.m-1]": 44458005.54885614,
        "Negative current collector density [kg.m-3]": 8221.35057861235,
        "Positive current collector density [kg.m-3]": 1818.37054904565,
        "Negative current collector specific heat capacity [J.kg-1.K-1]": 358.9498934231308,
        "Positive current collector specific heat capacity [J.kg-1.K-1]": 565.6442946324603,
        "Negative current collector thermal conductivity [W.m-1.K-1]": 439.61296198755514,
        "Positive current collector thermal conductivity [W.m-1.K-1]": 227.75148114062958,
        "Nominal cell capacity [A.h]": 0.14747879933533992,
        "Current function [A]": 0.1511633346305353,
        "Contact resistance [Ohm]": 0,
        "Negative electrode conductivity [S.m-1]": 14.965225753860063,
        "Maximum concentration in negative electrode [mol.m-3]": 29286.59381295806,
        "Negative electrode porosity": 0.32639025539628963,
        "Negative electrode active material volume fraction": 0.34297401399802097,
        "Negative particle radius [m]": 1.2599570285766316e-05,
        "Negative electrode Bruggeman coefficient (electrolyte)": 1.114846795826681,
        "Negative electrode Bruggeman coefficient (electrode)": 0.0,
        "Negative electrode density [kg.m-3]": 2390.0095148241917,
        "Negative electrode specific heat capacity [J.kg-1.K-1]": 1363.6896499510385,
        "Negative electrode thermal conductivity [W.m-1.K-1]": 0.8011171068518171,
        "Negative electrode OCP entropic change [V.K-1]": 0.0,
        "Positive electrode conductivity [S.m-1]": 60.202718137370184,
        "Maximum concentration in positive electrode [mol.m-3]": 51605.756199305666,
        "Positive electrode porosity": 0.32859808485958675,
        "Positive electrode active material volume fraction": 0.4634905360569611,
        "Positive particle radius [m]": 5.267385904483201e-06,
        "Positive electrode Bruggeman coefficient (electrolyte)": 1.7391489587530895,
        "Positive electrode Bruggeman coefficient (electrode)": 0.0,
        "Positive electrode density [kg.m-3]": 2315.0149475191256,
        "Positive electrode specific heat capacity [J.kg-1.K-1]": 1161.3853347846189,
        "Positive electrode thermal conductivity [W.m-1.K-1]": 0.86466817818541,
        "Positive electrode OCP entropic change [V.K-1]": 0.0,
        "Separator porosity": 0.33325464809045946,
        "Separator Bruggeman coefficient (electrolyte)": 2.3359821473288513,
        "Separator density [kg.m-3]": 1045.3833435130375,
        "Separator specific heat capacity [J.kg-1.K-1]": 2029.456182626137,
        "Separator thermal conductivity [W.m-1.K-1]": 0.3510015394680941,
        "Initial concentration in electrolyte [mol.m-3]": 1419.523683050384,
        "Cation transference number": 0.2002634219706928,
        "Thermodynamic factor": 0.8167755924365053,
        "Reference temperature [K]": 378.0703364754063,
        "Negative current collector surface heat transfer coefficient [W.m-2.K-1]": 9.941527104404074,
        "Positive current collector surface heat transfer coefficient [W.m-2.K-1]": 7.714322708707926,
        "Negative tab heat transfer coefficient [W.m-2.K-1]": 5.620005058193436,
        "Positive tab heat transfer coefficient [W.m-2.K-1]": 5.501210954252766,
        "Edge heat transfer coefficient [W.m-2.K-1]": 9.572999020871787,
        "Total heat transfer coefficient [W.m-2.K-1]": 9.098304715823772,
        "Ambient temperature [K]": 274.605958444615,
        "Number of electrodes connected in parallel to make a cell": 0.827952776748079,
        "Number of cells connected in series to make a battery": 1.1912474238684614,
        "Lower voltage cut-off [V]": 1.223901210727956,
        "Upper voltage cut-off [V]": 4.1654484690893545,
        "Open-circuit voltage at 0% SOC [V]": 1.7196318079008748,
        "Open-circuit voltage at 100% SOC [V]": 4.34263898970454,
        "Initial concentration in negative electrode [mol.m-3]": 18535.4283387872,
        "Initial concentration in positive electrode [mol.m-3]": 10494.665636213991,
        "Initial temperature [K]": 344.6460938976761
    },