{
    "config": {
        "Ideal gas constant [J.K-1.mol-1]": 9.48936228848971,
        "Faraday constant [C.mol-1]": 149865.52850873017,
        "Boltzmann constant [J.K-1]": 1.3689749047669504e-23,
        "Electron charge [C]": 1.2455073982469784e-19,
        "Ratio of lithium moles to SEI moles": 2.189058190109099,
        "Inner SEI reaction proportion": 0.5819773509919695,
        "Inner SEI partial molar volume [m3.mol-1]": 5.299829319677937e-05,
        "Outer SEI partial molar volume [m3.mol-1]": 7.074297629128604e-05,
        "SEI reaction exchange current density [A.m-2]": 1.889492533551234e-07,
        "SEI resistivity [Ohm.m]": 143253.39056261047,
        "Outer SEI solvent diffusivity [m2.s-1]": 2.9268210369729257e-22,
        "Bulk solvent concentration [mol.m-3]": 2182.488814397851,
        "Inner SEI open-circuit potential [V]": 0.09877995100848914,
        "Outer SEI open-circuit potential [V]": 0.9455461862978637,
        "Inner SEI electron conductivity [S.m-1]": 1.1627987210248142e-13,
        "Inner SEI lithium interstitial diffusivity [m2.s-1]": 1.22734249071036e-20,
        "Lithium interstitial reference concentration [mol.m-3]": 13.490523504839098,
        "Initial inner SEI thickness [m]": 1.0233146474998068e-09,
        "Initial outer SEI thickness [m]": 1.3724623771199441e-09,
        "EC initial concentration in electrolyte [mol.m-3]": 5615.602049620369,
        "EC diffusivity [m2.s-1]": 1.7480568849979654e-18,
        "SEI kinetic rate constant [m.s-1]": 9.249354008029055e-13,
        "SEI open-circuit potential [V]": 0.45386878546364423,
        "SEI growth activation energy [J.mol-1]": 0.0,
        "Negative electrode reaction-driven LAM factor [m3.mol-1]": 0.0,
        "Positive electrode reaction-driven LAM factor [m3.mol-1]": 0.0,
        "Negative current collector thickness [m]": 1.0974152658972815e-05,
        "Negative electrode thickness [m]": 0.00010845302219726909,
        "Separator thickness [m]": 1.6169123484418055e-05,
        "Positive electrode thickness [m]": 7.779831146382628e-05,
        "Positive current collector thickness [m]": 2.0753796736299795e-05,
        "Electrode height [m]": 0.06545672981681212,
        "Electrode width [m]": 1.8976714780741966,
        "Cell cooling surface area [m2]": 0.0036587910485762196,
        "Cell volume [m3]": 2.076319191312579e-05,
        "Cell thermal expansion coefficient [m.K-1]": 6.574552557823292e-07,
        "Negative current collector conductivity [S.m-1]": 64278129.03306493,
        "Positive current collector conductivity [S.m-1]": 33150606.281426676,
        "Negative current collector density [kg.m-3]": 11792.107432430577,
        "Positive current collector density [kg.m-3]": 2634.091708710295,
        "Negative current collector specific heat capacity [J.kg-1.K-1]": 473.99530257961436,
        "Positive current collector specific heat capacity [J.kg-1.K-1]": 570.3598268914993,
        "Negative current collector thermal conductivity [W.m-1.K-1]": 439.57930866215156,
        "Positive current collector thermal conductivity [W.m-1.K-1]": 315.09676675650155,
        "Nominal cell capacity [A.h]": 6.130075880656191,
        "Current function [A]": 5.296349848811498,
        "Contact resistance [Ohm]": 0,
        "Negative electrode conductivity [S.m-1]": 250.78835878532192,
        "Maximum concentration in negative electrode [mol.m-3]": 31152.475823143723,
        "Negative particle diffusivity [m2.s-1]": 4.3828582310313164e-14,
        "Negative electrode porosity": 0.23078367284254478,
        "Negative electrode active material volume fraction": 0.7637047888818309,
        "Negative particle radius [m]": 5.463004064839691e-06,
        "Negative electrode Bruggeman coefficient (electrolyte)": 1.9659542932779097,
        "Negative electrode Bruggeman coefficient (electrode)": 0,
        "Negative electrode charge transfer coefficient": 0.4693492826072324,
        "Negative electrode double-layer capacity [F.m-2]": 0.17789010385909565,
        "Negative electrode density [kg.m-3]": 1974.5018193278634,
        "Negative electrode specific heat capacity [J.kg-1.K-1]": 644.8366206425484,
        "Negative electrode thermal conductivity [W.m-1.K-1]": 2.1244264278686162,
        "Negative electrode OCP entropic change [V.K-1]": 0.0,
        "Positive electrode conductivity [S.m-1]": 0.23139470633812273,
        "Maximum concentration in positive electrode [mol.m-3]": 80698.47631650491,
        "Positive particle diffusivity [m2.s-1]": 3.3342338682620414e-15,
        "Positive electrode porosity": 0.22033342625477825,
        "Positive electrode active material volume fraction": 0.917267529064261,
        "Positive particle radius [m]": 3.999246515560076e-06,
        "Positive electrode Bruggeman coefficient (electrolyte)": 1.302782333652012,
        "Positive electrode Bruggeman coefficient (electrode)": 0,
        "Positive electrode charge transfer coefficient": 0.8648609038323057,
        "Positive electrode double-layer capacity [F.m-2]": 0.24190190933314346,
        "Positive electrode density [kg.m-3]": 3448.081290021806,
        "Positive electrode specific heat capacity [J.kg-1.K-1]": 423.5927321918732,
        "Positive electrode thermal conductivity [W.m-1.K-1]": 2.4942156537666422,
        "Positive electrode OCP entropic change [V.K-1]": 0.0,
        "Separator porosity": 0.43072835667443043,
        "Separator Bruggeman coefficient (electrolyte)": 1.6518355287658084,
        "Separator density [kg.m-3]": 406.89854423151326,
        "Separator specific heat capacity [J.kg-1.K-1]": 886.0822368054787,
        "Separator thermal conductivity [W.m-1.K-1]": 0.08388656732643102,
        "Initial concentration in electrolyte [mol.m-3]": 391.8880873168156,
        "Cation transference number": 0.34683807633137687,
        "Thermodynamic factor": 0.6674735847105704,
        "Reference temperature [K]": 374.41498675326795,
        "Total heat transfer coefficient [W.m-2.K-1]": 9.853033903808958,
        "Ambient temperature [K]": 266.26534097093156,
        "Number of electrodes connected in parallel to make a cell": 0.8311949986009097,
        "Number of cells connected in series to make a battery": 1.135294746169175,
        "Lower voltage cut-off [V]": 2.1065505609272406,
        "Upper voltage cut-off [V]": 5.537949183067841,
        "Open-circuit voltage at 0% SOC [V]": 2.9569982403295008,
        "Open-circuit voltage at 100% SOC [V]": 3.4001212298706744,
        "Initial concentration in negative electrode [mol.m-3]": 21592.237433673756,
        "Initial concentration in positive electrode [mol.m-3]": 20245.219037983046,
        "Initial temperature [K]": 245.22442738464093
    },