{
    "config": {
        "Ideal gas constant [J.K-1.mol-1]": 13.775383282237371,
        "Faraday constant [C.mol-1]": 78226.06391101357,
        "Boltzmann constant [J.K-1]": 1.429114026061787e-23,
        "Electron charge [C]": 1.7520635470819484e-19,
        "Negative electrode thickness [m]": 3.397610462602833e-05,
        "Separator thickness [m]": 3.381367061419385e-05,
        "Positive electrode thickness [m]": 7.397534828628737e-05,
        "Electrode height [m]": 0.6615870599616657,
        "Electrode width [m]": 0.38666965751157606,
        "Nominal cell capacity [A.h]": 1.2492429699565424,
        "Current function [A]": 2.3362697000583816,
        "Contact resistance [Ohm]": 0,
        "Negative electrode conductivity [S.m-1]": 168.53462168943082,
        "Maximum concentration in negative electrode [mol.m-3]": 31548.10045109209,
        "Negative electrode diffusivity [m2.s-1]": 2.3520623125053396e-15,
        "Negative electrode porosity": 0.23346209986760913,
        "Negative electrode active material volume fraction": 0.5073279293663345,
        "Negative particle radius [m]": 5.072306930647432e-06,
        "Negative electrode Bruggeman coefficient (electrolyte)": 1.758981487708159,
        "Negative electrode Bruggeman coefficient (electrode)": 1.2347898331369707,
        "Negative electrode charge transfer coefficient": 0.3229591855373658,
        "Negative electrode double-layer capacity [F.m-2]": 0.21349284784138126,
        "Negative electrode OCP entropic change [V.K-1]": 0,
        "Positive electrode conductivity [S.m-1]": 0.32055562759994133,
        "Maximum concentration in positive electrode [mol.m-3]": 16576.378666936165,
        "Positive electrode diffusivity [m2.s-1]": 6.878306560239592e-18,
        "Positive electrode porosity": 0.5288541487161242,
        "Positive electrode active material volume fraction": 0.40537440293856747,
        "Positive particle radius [m]": 5.308034690174253e-08,
        "Positive electrode Bruggeman coefficient (electrode)": 1.8320926316147021,
        "Positive electrode Bruggeman coefficient (electrolyte)": 0.756272326856531,
        "Positive electrode charge transfer coefficient": 0.7243832845600058,
        "Positive electrode double-layer capacity [F.m-2]": 0.2201437810680165,
        "Positive electrode OCP entropic change [V.K-1]": 0,
        "Separator porosity": 0.43803354627454016,
        "Separator Bruggeman coefficient (electrolyte)": 1.289560316222358,
        "Initial concentration in electrolyte [mol.m-3]": 1608.6279132327572,
        "Cation transference number": 0.39526366478281855,
        "Thermodynamic factor": 1.02677808601968,
        "Electrolyte diffusivity [m2.s-1]": 1.027558738648185e-10,
        "Reference temperature [K]": 257.8587082486313,
        "Ambient temperature [K]": 388.2294868060015,
        "Number of electrodes connected in parallel to make a cell": 1.1048958273344756,
        "Number of cells connected in series to make a battery": 1.0019070748267862,
        "Lower voltage cut-off [V]": 2.2618760604051906,
        "Upper voltage cut-off [V]": 4.551694852830553,
        "Open-circuit voltage at 0% SOC [V]": 2.2878765726067916,
        "Open-circuit voltage at 100% SOC [V]": 3.562364573128537,
        "Initial concentration in negative electrode [mol.m-3]": 29471.43748747979,
        "Initial concentration in positive electrode [mol.m-3]": 88.49593434533494,
        "Initial temperature [K]": 310.0409571493446
    },
    "V": [
        3.526503880792207,
        3.327150690004169,
        3.3042823142222275,
        3.2981303481331716,
        3.2965895763242017,
        3.2961450718917082,
        3.295910970946948,
        3.295727016566655,
        3.295511979256746,
        3.2952219894947863,
        3.2948643216671716,
        3.2944570684408374,
        3.29401419610852,
        3.2935429758463166,
        3.2930465935792563,
        3.2925255586045443,
        3.2919784632543907,
        3.2914024266399844,
        3.2907909356042966,
        3.2901348862748496,
        3.2894169968083986,
        3.288608913582927,
        3.287650356328835,
        3.2864073586382174,
        3.2845968859150605,
        3.281839977838505,
        3.2780444340663486,
        3.2734866276020673,
        3.268665589963544,
        3.2641453851439985,
        3.2603470162226156,
        3.2574403551821716,
        3.255370990189986,
        3.253956508053246,
        3.2529850292713016,
        3.2522849095926456,
        3.2517437929556796,
        3.2512913472703886,
        3.2508902085324407,
        3.250511920566212,
        3.2501411347386107,
        3.2497696562984206,
        3.249391701943291,
        3.2490061458816344,
        3.2486132784039516,
        3.2482114165079325,
        3.2478007027013893,
        3.2473810414473867,
        3.24695066032059,
        3.246508049315069,
        3.2460509815438745,
        3.245576996790105,
        3.245082677971726,
        3.244563637546949,
        3.244014129038591,
        3.2434263714603517,
        3.242790295297329,
        3.2420916877422217,
        3.2413112603698417,
        3.2404241071427133,
        3.2393966760337745,
        3.238189471114279,
        3.2367583936923214,
        3.2350582320798185,
        3.233046758624943,
        3.2306871235275563,
        3.227950605760058,
        3.224818749799302,
        3.221286972592024,
        3.2173696315136864,
        3.213101346200892,
        3.208539795502139,
        3.20376162158849,
        3.198862013845728,
        3.193941917075586,
        3.1891061837083923,
        3.1844445374084724,
        3.180031786268037,
        3.17591735944443,
        3.1721233280502705,
        3.168640786809201,
        3.165432602894712,
        3.162432004219418,
        3.1595462215301824,
        3.156659018551596,
        3.153626672815522,
        3.1502534225342713,
        3.1462706024107074,
        3.14128704624021,
        3.134781655992091,
        3.126125646756601,
        3.114656856124961,
        3.0998329450210926,
        3.0814603335665334,
        3.0599223287066577,
        3.036209425877739,
        3.0116167093455823,
        2.98720517199665,
        2.963338161060629,
        2.9395305112805685
    ],