{
    "config": {
        "Ideal gas constant [J.K-1.mol-1]": 11.436864106353093,
        "Faraday constant [C.mol-1]": 108322.168865781,
        "Boltzmann constant [J.K-1]": 9.076723448981821e-24,
        "Electron charge [C]": 1.6524451876064412e-19,
        "Lithium metal partial molar volume [m3.mol-1]": 1.3720809524883346e-05,
        "Lithium plating kinetic rate constant [m.s-1]": 3.9048676379864013e-10,
        "Initial plated lithium concentration [mol.m-3]": 0.0,
        "Typical plated lithium concentration [mol.m-3]": 1229.5386330822541,
        "Lithium plating transfer coefficient": 0.5402775507768276,
        "Dead lithium decay constant [s-1]": 8.127375469255792e-07,
        "Ratio of lithium moles to SEI moles": 0.9116629134149778,
        "Inner SEI reaction proportion": 0.0,
        "Inner SEI partial molar volume [m3.mol-1]": 8.098043875113643e-05,
        "Outer SEI partial molar volume [m3.mol-1]": 7.714950870853147e-05,
        "SEI reaction exchange current density [A.m-2]": 8.177855949444657e-08,
        "SEI resistivity [Ohm.m]": 209994.15308031734,
        "Outer SEI solvent diffusivity [m2.s-1]": 2.4645003932997586e-22,
        "Bulk solvent concentration [mol.m-3]": 2551.6269074981205,
        "Inner SEI open-circuit potential [V]": 0.08160085231334653,
        "Outer SEI open-circuit potential [V]": 0.6145496441162801,
        "Inner SEI electron conductivity [S.m-1]": 1.4131509645812656e-13,
        "Inner SEI lithium interstitial diffusivity [m2.s-1]": 1.059186468633568e-20,
        "Lithium interstitial reference concentration [mol.m-3]": 13.160923326812659,
        "Initial inner SEI thickness [m]": 0.0,
        "Initial outer SEI thickness [m]": 5.730787244777646e-09,
        "EC initial concentration in electrolyte [mol.m-3]": 4137.57419207921,
        "EC diffusivity [m2.s-1]": 1.9016758219008604e-18,
        "SEI kinetic rate constant [m.s-1]": 1.182599328842954e-12,
        "SEI open-circuit potential [V]": 0.41936222588344213,
        "SEI growth activation energy [J.mol-1]": 21490.679172866436,
        "Negative electrode reaction-driven LAM factor [m3.mol-1]": 0.0,
        "Positive electrode reaction-driven LAM factor [m3.mol-1]": 0.0,
        "Negative current collector thickness [m]": 1.2534669412867329e-05,
        "Negative electrode thickness [m]": 8.027469048008515e-05,
        "Separator thickness [m]": 1.250413733946739e-05,
        "Positive electrode thickness [m]": 7.130678203081833e-05,
        "Positive current collector thickness [m]": 1.1146168775929016e-05,
        "Electrode height [m]": 0.06082625342465923,
        "Electrode width [m]": 2.4763493012545204,
        "Cell cooling surface area [m2]": 0.006278929858111973,
        "Cell volume [m3]": 2.9640274681481452e-05,
        "Cell thermal expansion coefficient [m.K-1]": 9.658348702976766e-07,
        "Negative current collector conductivity [S.m-1]": 56814084.60721565,
        "Positive current collector conductivity [S.m-1]": 41056821.940693334,
        "Negative current collector density [kg.m-3]": 12084.794900520856,
        "Positive current collector density [kg.m-3]": 2416.6162623260393,
        "Negative current collector specific heat capacity [J.kg-1.K-1]": 494.7179193985901,
        "Positive current collector specific heat capacity [J.kg-1.K-1]": 1064.939373194385,
        "Negative current collector thermal conductivity [W.m-1.K-1]": 421.41769319102286,
        "Positive current collector thermal conductivity [W.m-1.K-1]": 232.02184619100632,
        "Nominal cell capacity [A.h]": 6.788764180801627,
        "Current function [A]": 4.186384409294121,
        "Contact resistance [Ohm]": 0,
        "Negative electrode conductivity [S.m-1]": 120.51212764118178,
        "Maximum concentration in negative electrode [mol.m-3]": 56641.78507132191,
        "Negative electrode porosity": 0.2806223595002852,
        "Negative electrode active material volume fraction": 0.8471811512162472,
        "Negative particle radius [m]": 1.888868117836628e-06,
        "Negative electrode Bruggeman coefficient (electrolyte)": 1.485664893804925,
        "Negative electrode Bruggeman coefficient (electrode)": 1.662342945861607,
        "Negative electrode charge transfer coefficient": 0.45667863630425576,
        "Negative electrode double-layer capacity [F.m-2]": 0.23944744410166133,
        "Negative electrode density [kg.m-3]": 1438.4566098097323,
        "Negative electrode specific heat capacity [J.kg-1.K-1]": 869.3140006693609,
        "Negative electrode thermal conductivity [W.m-1.K-1]": 1.1768187106518053,
        "Negative electrode OCP entropic change [V.K-1]": 0.0,
        "Negative electrode Poisson's ratio": 0.19760283838342002,
        "Negative electrode Young's modulus [Pa]": 15467916516.671017,
        "Negative electrode reference concentration for free of deformation [mol.m-3]": 0.0,
        "Negative electrode partial molar volume [m3.mol-1]": 2.9674600785146633e-06,
        "Negative electrode initial crack length [m]": 1.950110941929077e-08,
        "Negative electrode initial crack width [m]": 1.4199279385367069e-08,
        "Negative electrode number of cracks per unit area [m-2]": 2396575352786426.5,
        "Negative electrode Paris' law constant b": 0.8789378012707659,
        "Negative electrode Paris' law constant m": 2.251922199746341,
        "Negative electrode LAM constant proportional term [s-1]": 4.3204899238783405e-07,
        "Negative electrode LAM constant exponential term": 1.3893210160157237,
        "Negative electrode critical stress [Pa]": 56841832.655945405,
        "Positive electrode conductivity [S.m-1]": 0.20696408036353264,
        "Maximum concentration in positive electrode [mol.m-3]": 79600.01469926078,
        "Positive electrode porosity": 0.15386850527921275,
        "Positive electrode active material volume fraction": 0.6189004465072149,
        "Positive particle radius [m]": 4.931542381623682e-06,
        "Positive electrode Bruggeman coefficient (electrolyte)": 1.2342734132729591,
        "Positive electrode Bruggeman coefficient (electrode)": 2.140636921108089,
        "Positive electrode charge transfer coefficient": 0.6406480027424852,
        "Positive electrode double-layer capacity [F.m-2]": 0.1582413385882131,
        "Positive electrode density [kg.m-3]": 3063.4816759142577,
        "Positive electrode specific heat capacity [J.kg-1.K-1]": 1064.0169507820506,
        "Positive electrode thermal conductivity [W.m-1.K-1]": 2.3774304376663196,
        "Positive electrode OCP entropic change [V.K-1]": 0.0,
        "Positive electrode Poisson's ratio": 0.22917115207700195,
        "Positive electrode Young's modulus [Pa]": 285028378307.68097,
        "Positive electrode reference concentration for free of deformation [mol.m-3]": 0.0,
        "Positive electrode partial molar volume [m3.mol-1]": 8.544512894058596e-06,
        "Positive electrode initial crack length [m]": 1.6370100591573467e-08,
        "Positive electrode initial crack width [m]": 1.803379842495416e-08,
        "Positive electrode number of cracks per unit area [m-2]": 3670901395783714.5,
        "Positive electrode Paris' law constant b": 0.9785228999527413,
        "Positive electrode Paris' law constant m": 2.1400247831044017,
        "Positive electrode LAM constant proportional term [s-1]": 3.535074251836155e-07,
        "Positive electrode LAM constant exponential term": 1.7808130430106757,
        "Positive electrode critical stress [Pa]": 241979248.67957357,
        "Separator porosity": 0.7223127814795787,
        "Separator Bruggeman coefficient (electrolyte)": 1.8900343401114033,
        "Separator density [kg.m-3]": 530.5999654874063,
        "Separator specific heat capacity [J.kg-1.K-1]": 775.0280548031453,
        "Separator thermal conductivity [W.m-1.K-1]": 0.1892269561543835,
        "Initial concentration in electrolyte [mol.m-3]": 821.8191229878609,