{
    "config": {
        "Ideal gas constant [J.K-1.mol-1]": 7.470877861458287,
        "Faraday constant [C.mol-1]": 99544.56559875705,
        "Boltzmann constant [J.K-1]": 1.1246666294309006e-23,
        "Electron charge [C]": 1.438894538052386e-19,
        "Lithium metal partial molar volume [m3.mol-1]": 9.65905424727066e-06,
        "Lithium plating kinetic rate constant [m.s-1]": 9.47054307421257e-10,
        "Initial plated lithium concentration [mol.m-3]": 0.0,
        "Typical plated lithium concentration [mol.m-3]": 1408.175041464468,
        "Lithium plating transfer coefficient": 0.7256809114253385,
        "Dead lithium decay constant [s-1]": 8.497695496911344e-07,
        "Ratio of lithium moles to SEI moles": 1.098316415907685,
        "Inner SEI reaction proportion": 0.0,
        "Inner SEI partial molar volume [m3.mol-1]": 8.374828360635911e-05,
        "Outer SEI partial molar volume [m3.mol-1]": 8.850223051491666e-05,
        "SEI reaction exchange current density [A.m-2]": 1.564015805480463e-07,
        "SEI resistivity [Ohm.m]": 245537.99539602365,
        "Outer SEI solvent diffusivity [m2.s-1]": 2.9268382978991713e-22,
        "Bulk solvent concentration [mol.m-3]": 2221.392684537199,
        "Inner SEI open-circuit potential [V]": 0.11515304526854629,
        "Outer SEI open-circuit potential [V]": 0.7683834648580352,
        "Inner SEI electron conductivity [S.m-1]": 1.1167814844814373e-13,
        "Inner SEI lithium interstitial diffusivity [m2.s-1]": 8.387519489092835e-21,
        "Lithium interstitial reference concentration [mol.m-3]": 12.61405516041306,
        "Initial inner SEI thickness [m]": 0.0,
        "Initial outer SEI thickness [m]": 4.29923731898025e-09,
        "EC initial concentration in electrolyte [mol.m-3]": 4499.2633140816415,
        "EC diffusivity [m2.s-1]": 2.1514945987723415e-18,
        "SEI kinetic rate constant [m.s-1]": 8.647253871967371e-13,
        "SEI open-circuit potential [V]": 0.352473633615844,
        "SEI growth activation energy [J.mol-1]": 43634.394347645524,
        "Negative electrode reaction-driven LAM factor [m3.mol-1]": 0.0,
        "Positive electrode reaction-driven LAM factor [m3.mol-1]": 0.0,
        "Negative current collector thickness [m]": 1.53426163731062e-05,
        "Negative electrode thickness [m]": 6.697202667482439e-05,
        "Separator thickness [m]": 1.1778668184050012e-05,
        "Positive electrode thickness [m]": 5.78479700649669e-05,
        "Positive current collector thickness [m]": 1.6419676073736213e-05,
        "Electrode height [m]": 0.05867730691889387,
        "Electrode width [m]": 1.3610490329774878,
        "Cell cooling surface area [m2]": 0.003664363768576701,
        "Cell volume [m3]": 2.4111500426142653e-05,
        "Cell thermal expansion coefficient [m.K-1]": 1.0013030964328758e-06,
        "Negative current collector conductivity [S.m-1]": 58111275.568786465,
        "Positive current collector conductivity [S.m-1]": 44523407.33673508,
        "Negative current collector density [kg.m-3]": 8159.91981888756,
        "Positive current collector density [kg.m-3]": 2611.0538513827323,
        "Negative current collector specific heat capacity [J.kg-1.K-1]": 269.2771059835848,
        "Positive current collector specific heat capacity [J.kg-1.K-1]": 630.9704654647169,
        "Negative current collector thermal conductivity [W.m-1.K-1]": 434.78647639455005,
        "Positive current collector thermal conductivity [W.m-1.K-1]": 218.34841109026192,
        "Nominal cell capacity [A.h]": 4.947949773579315,
        "Current function [A]": 4.761424586510833,
        "Contact resistance [Ohm]": 0,
        "Negative electrode conductivity [S.m-1]": 173.4301520328348,
        "Maximum concentration in negative electrode [mol.m-3]": 35799.2304158966,
        "Negative electrode porosity": 0.2082856254213574,
        "Negative electrode active material volume fraction": 0.9298504082270229,
        "Negative particle radius [m]": 6.4280742064136385e-06,
        "Negative electrode Bruggeman coefficient (electrolyte)": 1.844057144744282,
        "Negative electrode Bruggeman coefficient (electrode)": 1.685065308623336,
        "Negative electrode charge transfer coefficient": 0.36478816036287975,
        "Negative electrode double-layer capacity [F.m-2]": 0.21820733105954288,
        "Negative electrode density [kg.m-3]": 1848.662499589774,
        "Negative electrode specific heat capacity [J.kg-1.K-1]": 684.6286314231668,
        "Negative electrode thermal conductivity [W.m-1.K-1]": 1.4438074313897222,
        "Negative electrode OCP entropic change [V.K-1]": 0.0,
        "Negative electrode Poisson's ratio": 0.30431510254667954,
        "Negative electrode Young's modulus [Pa]": 11267279321.966951,
        "Negative electrode reference concentration for free of deformation [mol.m-3]": 0.0,
        "Negative electrode partial molar volume [m3.mol-1]": 2.8770025331174e-06,
        "Negative electrode initial crack length [m]": 1.845646733819732e-08,
        "Negative electrode initial crack width [m]": 1.3230790055388337e-08,
        "Negative electrode number of cracks per unit area [m-2]": 2759763796444345.0,
        "Negative electrode Paris' law constant b": 0.8127007587738391,
        "Negative electrode Paris' law constant m": 1.9729178959677958,
        "Negative electrode LAM constant proportional term [s-1]": 2.874102745697818e-07,
        "Negative electrode LAM constant exponential term": 1.9418425307166327,
        "Negative electrode critical stress [Pa]": 40807710.93137411,
        "Positive electrode conductivity [S.m-1]": 0.18434972204490524,
        "Maximum concentration in positive electrode [mol.m-3]": 57154.01928270634,
        "Positive electrode porosity": 0.18839328383563797,
        "Positive electrode active material volume fraction": 0.6603046403945229,
        "Positive particle radius [m]": 5.23971190541186e-06,
        "Positive electrode Bruggeman coefficient (electrolyte)": 1.5732981733592462,
        "Positive electrode Bruggeman coefficient (electrode)": 1.987619652881861,
        "Positive electrode charge transfer coefficient": 0.5684042165312253,
        "Positive electrode double-layer capacity [F.m-2]": 0.20993369370852652,
        "Positive electrode density [kg.m-3]": 2760.340447236165,
        "Positive electrode specific heat capacity [J.kg-1.K-1]": 496.1165818742802,
        "Positive electrode thermal conductivity [W.m-1.K-1]": 2.0024779317390133,
        "Positive electrode OCP entropic change [V.K-1]": 0.0,
        "Positive electrode Poisson's ratio": 0.1461643921793711,
        "Positive electrode Young's modulus [Pa]": 313724215750.4191,
        "Positive electrode reference concentration for free of deformation [mol.m-3]": 0.0,
        "Positive electrode partial molar volume [m3.mol-1]": 1.4208098035286513e-05,
        "Positive electrode initial crack length [m]": 2.4659739483121742e-08,
        "Positive electrode initial crack width [m]": 1.7484418689527853e-08,
        "Positive electrode number of cracks per unit area [m-2]": 3602449575741420.5,
        "Positive electrode Paris' law constant b": 1.0676706472623627,
        "Positive electrode Paris' law constant m": 2.370734723184086,
        "Positive electrode LAM constant proportional term [s-1]": 2.8099614103567387e-07,
        "Positive electrode LAM constant exponential term": 2.2867507288858997,
        "Positive electrode critical stress [Pa]": 366227928.454655,
        "Separator porosity": 0.4839529088141525,
        "Separator Bruggeman coefficient (electrolyte)": 1.6229078837816184,
        "Separator density [kg.m-3]": 446.5866120993025,
        "Separator specific heat capacity [J.kg-1.K-1]": 638.2321041941573,
        "Separator thermal conductivity [W.m-1.K-1]": 0.12966040262490713,
        "Initial concentration in electrolyte [mol.m-3]": 657.8206563651001,
        "Cation transference number": 0.261063473597438,