{
    "config": {
        "Ideal gas constant [J.K-1.mol-1]": 8.222127955766137,
        "Faraday constant [C.mol-1]": 79089.824453339,
        "Boltzmann constant [J.K-1]": 1.1377833289044694e-23,
        "Electron charge [C]": 1.7294834359449238e-19,
        "Lithium metal partial molar volume [m3.mol-1]": 1.43067259199121e-05,
        "Lithium plating kinetic rate constant [m.s-1]": 1.1339993635973502e-09,
        "Initial plated lithium concentration [mol.m-3]": 0.0,
        "Typical plated lithium concentration [mol.m-3]": 842.8566258814164,
        "Lithium plating transfer coefficient": 0.6288713302685046,
        "Dead lithium decay constant [s-1]": 9.930880299108687e-07,
        "Ratio of lithium moles to SEI moles": 0.9833159643805478,
        "Inner SEI reaction proportion": 0.0,
        "Inner SEI partial molar volume [m3.mol-1]": 0.00010515540266895924,
        "Outer SEI partial molar volume [m3.mol-1]": 8.841576566311157e-05,
        "SEI reaction exchange current density [A.m-2]": 1.588826970051544e-07,
        "SEI resistivity [Ohm.m]": 187789.09441545117,
        "Outer SEI solvent diffusivity [m2.s-1]": 2.563444585127465e-22,
        "Bulk solvent concentration [mol.m-3]": 3258.604996742086,
        "Inner SEI open-circuit potential [V]": 0.12810962181767063,
        "Outer SEI open-circuit potential [V]": 0.8613875041717399,
        "Inner SEI electron conductivity [S.m-1]": 8.039390265595659e-14,
        "Inner SEI lithium interstitial diffusivity [m2.s-1]": 1.0609128951163165e-20,
        "Lithium interstitial reference concentration [mol.m-3]": 16.970429539823847,
        "Initial inner SEI thickness [m]": 0.0,
        "Initial outer SEI thickness [m]": 5.190996166454478e-09,
        "EC initial concentration in electrolyte [mol.m-3]": 3356.307484247225,
        "EC diffusivity [m2.s-1]": 2.1939671029872714e-18,
        "SEI kinetic rate constant [m.s-1]": 9.746151290034624e-13,
        "SEI open-circuit potential [V]": 0.3992071105439807,
        "SEI growth activation energy [J.mol-1]": 41387.63734733261,
        "Negative electrode reaction-driven LAM factor [m3.mol-1]": 0.0,
        "Positive electrode reaction-driven LAM factor [m3.mol-1]": 0.0,
        "Negative current collector thickness [m]": 1.27918045949413e-05,
        "Negative electrode thickness [m]": 7.812299443007576e-05,
        "Separator thickness [m]": 8.715445240390337e-06,
        "Positive electrode thickness [m]": 7.296491910479835e-05,
        "Positive current collector thickness [m]": 1.4996278127517553e-05,
        "Electrode height [m]": 0.0878524022218039,
        "Electrode width [m]": 1.8539978349902002,
        "Cell cooling surface area [m2]": 0.006889598910927091,
        "Cell volume [m3]": 2.2861293733015196e-05,
        "Cell thermal expansion coefficient [m.K-1]": 9.823315218250654e-07,
        "Negative current collector conductivity [S.m-1]": 56779384.755500235,
        "Positive current collector conductivity [S.m-1]": 37202019.00648725,
        "Negative current collector density [kg.m-3]": 8339.588201718256,
        "Positive current collector density [kg.m-3]": 2813.5128863043906,
        "Negative current collector specific heat capacity [J.kg-1.K-1]": 427.55487710508476,
        "Positive current collector specific heat capacity [J.kg-1.K-1]": 844.8384687339177,
        "Negative current collector thermal conductivity [W.m-1.K-1]": 327.0233472631341,
        "Positive current collector thermal conductivity [W.m-1.K-1]": 184.87122899486573,
        "Nominal cell capacity [A.h]": 6.620968174591238,
        "Current function [A]": 5.430559583049044,
        "Contact resistance [Ohm]": 0,
        "Negative electrode conductivity [S.m-1]": 192.09803855666826,
        "Maximum concentration in negative electrode [mol.m-3]": 41869.10869176837,
        "Negative electrode porosity": 0.2697889761224674,
        "Negative electrode active material volume fraction": 0.564923284249113,
        "Negative particle radius [m]": 5.436286519680527e-06,
        "Negative electrode Bruggeman coefficient (electrolyte)": 1.4957954584314206,
        "Negative electrode Bruggeman coefficient (electrode)": 1.7181740864664437,
        "Negative electrode charge transfer coefficient": 0.4560352862784873,
        "Negative electrode double-layer capacity [F.m-2]": 0.24589522680344345,
        "Negative electrode density [kg.m-3]": 1436.2743899819102,
        "Negative electrode specific heat capacity [J.kg-1.K-1]": 611.9854803244932,
        "Negative electrode thermal conductivity [W.m-1.K-1]": 1.3420458381657847,
        "Negative electrode OCP entropic change [V.K-1]": 0.0,
        "Negative electrode Poisson's ratio": 0.18837343877029095,
        "Negative electrode Young's modulus [Pa]": 14760689609.703377,
        "Negative electrode reference concentration for free of deformation [mol.m-3]": 0.0,
        "Negative electrode partial molar volume [m3.mol-1]": 3.345298738190004e-06,
        "Negative electrode initial crack length [m]": 2.3154328773485178e-08,
        "Negative electrode initial crack width [m]": 1.618604646895854e-08,
        "Negative electrode number of cracks per unit area [m-2]": 3661205249575743.0,
        "Negative electrode Paris' law constant b": 1.1618233874480937,
        "Negative electrode Paris' law constant m": 1.9001869659178887,
        "Negative electrode LAM constant proportional term [s-1]": 2.7489186358989913e-07,
        "Negative electrode LAM constant exponential term": 2.391784454289183,
        "Negative electrode critical stress [Pa]": 55415656.79796567,
        "Positive electrode conductivity [S.m-1]": 0.20844509496859043,
        "Maximum concentration in positive electrode [mol.m-3]": 52419.54531402303,
        "Positive electrode porosity": 0.2896040898599186,
        "Positive electrode active material volume fraction": 0.7892009323090472,
        "Positive particle radius [m]": 6.211691756642022e-06,
        "Positive electrode Bruggeman coefficient (electrolyte)": 1.3302408780144463,
        "Positive electrode Bruggeman coefficient (electrode)": 1.717301910293519,
        "Positive electrode charge transfer coefficient": 0.49873434526007915,
        "Positive electrode double-layer capacity [F.m-2]": 0.20072339030398353,
        "Positive electrode density [kg.m-3]": 3560.3963211974033,
        "Positive electrode specific heat capacity [J.kg-1.K-1]": 819.6225410263802,
        "Positive electrode thermal conductivity [W.m-1.K-1]": 2.700583367586418,
        "Positive electrode OCP entropic change [V.K-1]": 0.0,
        "Positive electrode Poisson's ratio": 0.24911712394970142,
        "Positive electrode Young's modulus [Pa]": 443068846001.3183,
        "Positive electrode reference concentration for free of deformation [mol.m-3]": 0.0,
        "Positive electrode partial molar volume [m3.mol-1]": 1.2009047065680298e-05,
        "Positive electrode initial crack length [m]": 1.8407042011677528e-08,
        "Positive electrode initial crack width [m]": 1.6045564358804348e-08,
        "Positive electrode number of cracks per unit area [m-2]": 2832106831918452.5,
        "Positive electrode Paris' law constant b": 0.9862169951583706,
        "Positive electrode Paris' law constant m": 1.7387614555205846,
        "Positive electrode LAM constant proportional term [s-1]": 2.0563169693209187e-07,
        "Positive electrode LAM constant exponential term": 1.9448856262559875,
        "Positive electrode critical stress [Pa]": 435709705.10797703,
        "Separator porosity": 0.5039450045280832,
        "Separator Bruggeman coefficient (electrolyte)": 1.2619418255903976,
        "Separator density [kg.m-3]": 427.01506048652845,
        "Separator specific heat capacity [J.kg-1.K-1]": 638.6880635180594,
        "Separator thermal conductivity [W.m-1.K-1]": 0.13581957372515188,
        "Initial concentration in electrolyte [mol.m-3]": 680.5825460846605,