{
    "config": {
        "Ideal gas constant [J.K-1.mol-1]": 9.912591354929011,
        "Faraday constant [C.mol-1]": 63040.91518713919,
        "Boltzmann constant [J.K-1]": 1.340615987194424e-23,
        "Electron charge [C]": 1.65004185967485e-19,
        "Ratio of lithium moles to SEI moles": 1.7211109125373507,
        "Inner SEI reaction proportion": 0.411399610615403,
        "Inner SEI partial molar volume [m3.mol-1]": 6.0387972348797876e-05,
        "Outer SEI partial molar volume [m3.mol-1]": 9.621646365757143e-05,
        "SEI reaction exchange current density [A.m-2]": 1.718197137543677e-07,
        "SEI resistivity [Ohm.m]": 167061.68777195376,
        "Outer SEI solvent diffusivity [m2.s-1]": 2.824991483021609e-22,
        "Bulk solvent concentration [mol.m-3]": 2726.693600252296,
        "Inner SEI open-circuit potential [V]": 0.08847214996426128,
        "Outer SEI open-circuit potential [V]": 0.9398437873427228,
        "Inner SEI electron conductivity [S.m-1]": 9.508828021657362e-14,
        "Inner SEI lithium interstitial diffusivity [m2.s-1]": 1.2505323018631048e-20,
        "Lithium interstitial reference concentration [mol.m-3]": 14.059909580176393,
        "Initial inner SEI thickness [m]": 2.337738958342337e-09,
        "Initial outer SEI thickness [m]": 2.7358005679792803e-09,
        "EC initial concentration in electrolyte [mol.m-3]": 4295.91174251011,
        "EC diffusivity [m2.s-1]": 1.999255764918533e-18,
        "SEI kinetic rate constant [m.s-1]": 1.0229957239028216e-12,
        "SEI open-circuit potential [V]": 0.4517007221607184,
        "SEI growth activation energy [J.mol-1]": 0.0,
        "Negative electrode reaction-driven LAM factor [m3.mol-1]": 0.0,
        "Positive electrode reaction-driven LAM factor [m3.mol-1]": 0.0,
        "Negative current collector thickness [m]": 1.3456324240068466e-05,
        "Negative electrode thickness [m]": 0.00011395014370468454,
        "Separator thickness [m]": 1.2438600097795507e-05,
        "Positive electrode thickness [m]": 7.844962717385953e-05,
        "Positive current collector thickness [m]": 1.5177558564557824e-05,
        "Electrode height [m]": 0.0598206603349856,
        "Electrode width [m]": 1.900277233144695,
        "Cell cooling surface area [m2]": 0.005333091050595103,
        "Cell volume [m3]": 2.6524163156710316e-05,
        "Cell thermal expansion coefficient [m.K-1]": 1.143896447366476e-06,
        "Negative current collector conductivity [S.m-1]": 57013727.28618942,
        "Positive current collector conductivity [S.m-1]": 39921632.08235909,
        "Negative current collector density [kg.m-3]": 9245.810934737163,
        "Positive current collector density [kg.m-3]": 2038.6392092290912,
        "Negative current collector specific heat capacity [J.kg-1.K-1]": 601.3331733036396,
        "Positive current collector specific heat capacity [J.kg-1.K-1]": 1252.7856888167069,
        "Negative current collector thermal conductivity [W.m-1.K-1]": 303.10263366479154,
        "Positive current collector thermal conductivity [W.m-1.K-1]": 147.2314853336678,
        "Nominal cell capacity [A.h]": 6.341750140113842,
        "Current function [A]": 4.399163968852141,
        "Contact resistance [Ohm]": 0,
        "Negative electrode conductivity [S.m-1]": 307.2277214978086,
        "Maximum concentration in negative electrode [mol.m-3]": 22338.90916299325,
        "Negative particle diffusivity [m2.s-1]": 2.7247596268659548e-14,
        "Negative electrode porosity": 0.20027867221166712,
        "Negative electrode active material volume fraction": 0.8745970504663513,
        "Negative particle radius [m]": 5.5985031476575825e-06,
        "Negative electrode Bruggeman coefficient (electrolyte)": 0.977294279804143,
        "Negative electrode Bruggeman coefficient (electrode)": 0,
        "Negative electrode charge transfer coefficient": 0.4877558997556883,
        "Negative electrode double-layer capacity [F.m-2]": 0.1329665109898449,
        "Negative electrode density [kg.m-3]": 590.0603736876224,
        "Negative electrode specific heat capacity [J.kg-1.K-1]": 891.7131547080131,
        "Negative electrode thermal conductivity [W.m-1.K-1]": 2.634623787141895,
        "Negative electrode OCP entropic change [V.K-1]": 0.0,
        "Positive electrode conductivity [S.m-1]": 0.2438917737538123,
        "Maximum concentration in positive electrode [mol.m-3]": 59159.48086743694,
        "Positive particle diffusivity [m2.s-1]": 5.426011942777248e-15,
        "Positive electrode porosity": 0.3344205750097774,
        "Positive electrode active material volume fraction": 0.5934167177158527,
        "Positive particle radius [m]": 4.4004749813178544e-06,
        "Positive electrode Bruggeman coefficient (electrolyte)": 1.6806989240208554,
        "Positive electrode Bruggeman coefficient (electrode)": 0,
        "Positive electrode charge transfer coefficient": 0.5400053468672305,
        "Positive electrode double-layer capacity [F.m-2]": 0.18475313331416426,
        "Positive electrode density [kg.m-3]": 2571.6153343365777,
        "Positive electrode specific heat capacity [J.kg-1.K-1]": 610.2465338542172,
        "Positive electrode thermal conductivity [W.m-1.K-1]": 2.200537140584566,
        "Positive electrode OCP entropic change [V.K-1]": 0.0,
        "Separator porosity": 0.40205493779743207,
        "Separator Bruggeman coefficient (electrolyte)": 0.8824010503436408,
        "Separator density [kg.m-3]": 370.8971804603276,
        "Separator specific heat capacity [J.kg-1.K-1]": 656.0446055215513,
        "Separator thermal conductivity [W.m-1.K-1]": 0.11979347371374391,
        "Initial concentration in electrolyte [mol.m-3]": 1010.293089227767,
        "Cation transference number": 0.23058293192926166,
        "Thermodynamic factor": 0.6613914666880212,
        "Reference temperature [K]": 176.0451861675508,
        "Total heat transfer coefficient [W.m-2.K-1]": 8.871070565538664,
        "Ambient temperature [K]": 314.24131376246635,
        "Number of electrodes connected in parallel to make a cell": 1.4513490316886504,
        "Number of cells connected in series to make a battery": 0.8468823724336894,
        "Lower voltage cut-off [V]": 3.7840741805516585,
        "Upper voltage cut-off [V]": 5.207313010131033,
        "Open-circuit voltage at 0% SOC [V]": 1.5490772884589843,
        "Open-circuit voltage at 100% SOC [V]": 5.378049578224368,
        "Initial concentration in negative electrode [mol.m-3]": 21195.19985654785,
        "Initial concentration in positive electrode [mol.m-3]": 13949.737343159184,
        "Initial temperature [K]": 221.96601257086627
    },
    "V": [
        4.165155735390061,
        4.088452291834644,
        4.051264251456825,
        4.026149863352448,
        4.008233329165228,
        3.9956775945255814,
        3.9874497311558113,
        3.982555275733298,
        3.9795893959994464,
        3.9773286823798184,
        3.9752475554154003,
        3.973133289256869,
        3.970822452282739,
        3.968107956194488,
        3.9647379669137894,
        3.9604814513581283,
        3.9552370685374014,
        3.9490517249083252,
        3.9420622805320784,
        3.9344467307729785,
        3.9263864702567854,
        3.918050708419109,
        3.909588312419739,
        3.901113633943214,
        3.892721871794589,
        3.8844783272030208,
        3.876424245871283,
        3.868584700460934,
        3.8609586518427825,
        3.853537219343926,
        3.8462922135598294,
        3.839180001477672,
        3.8321437086150496,
        3.825116044371418,
        3.8180295352387703,
        3.810821235015114,
        3.803443547675294,
        3.795862282810651,
        3.7880518891139188,
        3.784084180551657
    ],