{
    "config": {
        "Ideal gas constant [J.K-1.mol-1]": 9.672994975172696,
        "Faraday constant [C.mol-1]": 99742.11465422553,
        "Boltzmann constant [J.K-1]": 1.3754139585602058e-23,
        "Electron charge [C]": 1.8710890646456565e-19,
        "Ratio of lithium moles to SEI moles": 1.8780600279936681,
        "Inner SEI reaction proportion": 0.35862260770170407,
        "Inner SEI partial molar volume [m3.mol-1]": 8.874339055538975e-05,
        "Outer SEI partial molar volume [m3.mol-1]": 7.886020007232194e-05,
        "SEI reaction exchange current density [A.m-2]": 1.7912410190646465e-07,
        "SEI resistivity [Ohm.m]": 167916.8310955318,
        "Outer SEI solvent diffusivity [m2.s-1]": 2.9759197701836595e-22,
        "Bulk solvent concentration [mol.m-3]": 2744.3990515799846,
        "Inner SEI open-circuit potential [V]": 0.09540791965911968,
        "Outer SEI open-circuit potential [V]": 0.8843166178578079,
        "Inner SEI electron conductivity [S.m-1]": 9.363031879099855e-14,
        "Inner SEI lithium interstitial diffusivity [m2.s-1]": 7.947594574067717e-21,
        "Lithium interstitial reference concentration [mol.m-3]": 18.860375328669114,
        "Initial inner SEI thickness [m]": 2.7684001492312578e-09,
        "Initial outer SEI thickness [m]": 2.843067068785383e-09,
        "EC initial concentration in electrolyte [mol.m-3]": 5335.925369943226,
        "EC diffusivity [m2.s-1]": 1.9730963810215278e-18,
        "SEI kinetic rate constant [m.s-1]": 8.746416602428539e-13,
        "SEI open-circuit potential [V]": 0.47250327224658495,
        "SEI growth activation energy [J.mol-1]": 0.0,
        "Negative electrode reaction-driven LAM factor [m3.mol-1]": 0.0,
        "Positive electrode reaction-driven LAM factor [m3.mol-1]": 0.0,
        "Negative current collector thickness [m]": 1.1520442418823602e-05,
        "Negative electrode thickness [m]": 6.562794811939826e-05,
        "Separator thickness [m]": 1.0604297987901179e-05,
        "Positive electrode thickness [m]": 8.168952968844032e-05,
        "Positive current collector thickness [m]": 1.6527047377953397e-05,
        "Electrode height [m]": 0.05274166057892908,
        "Electrode width [m]": 1.2271195091239844,
        "Cell cooling surface area [m2]": 0.005117901217885912,
        "Cell volume [m3]": 2.5736601640586108e-05,
        "Cell thermal expansion coefficient [m.K-1]": 1.141567301955734e-06,
        "Negative current collector conductivity [S.m-1]": 43954104.46618946,
        "Positive current collector conductivity [S.m-1]": 36923173.459629074,
        "Negative current collector density [kg.m-3]": 8297.818912423525,
        "Positive current collector density [kg.m-3]": 2449.8468640743113,
        "Negative current collector specific heat capacity [J.kg-1.K-1]": 332.48901518174483,
        "Positive current collector specific heat capacity [J.kg-1.K-1]": 937.9440572637983,
        "Negative current collector thermal conductivity [W.m-1.K-1]": 429.5091998128045,
        "Positive current collector thermal conductivity [W.m-1.K-1]": 218.45950665111013,
        "Nominal cell capacity [A.h]": 6.502542025560608,
        "Current function [A]": 6.317216223189739,
        "Contact resistance [Ohm]": 0,
        "Negative electrode conductivity [S.m-1]": 270.6134439989806,
        "Maximum concentration in negative electrode [mol.m-3]": 38103.76351085292,
        "Negative particle diffusivity [m2.s-1]": 3.4800053460674054e-14,
        "Negative electrode porosity": 0.24486025622267998,
        "Negative electrode active material volume fraction": 0.6818462919419962,
        "Negative particle radius [m]": 6.145583210840505e-06,
        "Negative electrode Bruggeman coefficient (electrolyte)": 1.5202133560613085,
        "Negative electrode Bruggeman coefficient (electrode)": 0,
        "Negative electrode charge transfer coefficient": 0.6957070213568306,
        "Negative electrode double-layer capacity [F.m-2]": 0.2440935710450992,
        "Negative electrode density [kg.m-3]": 1203.1629336263998,
        "Negative electrode specific heat capacity [J.kg-1.K-1]": 807.8693417177758,
        "Negative electrode thermal conductivity [W.m-1.K-1]": 2.062425600003696,
        "Negative electrode OCP entropic change [V.K-1]": 0.0,
        "Positive electrode conductivity [S.m-1]": 0.20099809003677313,
        "Maximum concentration in positive electrode [mol.m-3]": 54504.808587760665,
        "Positive particle diffusivity [m2.s-1]": 4.082296620494141e-15,
        "Positive electrode porosity": 0.36181253148050524,
        "Positive electrode active material volume fraction": 0.6209721473730754,
        "Positive particle radius [m]": 6.859392902291103e-06,
        "Positive electrode Bruggeman coefficient (electrolyte)": 1.2518239174721248,
        "Positive electrode Bruggeman coefficient (electrode)": 0,
        "Positive electrode charge transfer coefficient": 0.5289164918528098,
        "Positive electrode double-layer capacity [F.m-2]": 0.21148094856952065,
        "Positive electrode density [kg.m-3]": 3152.397165527497,
        "Positive electrode specific heat capacity [J.kg-1.K-1]": 801.2373953993736,
        "Positive electrode thermal conductivity [W.m-1.K-1]": 1.9915493877197914,
        "Positive electrode OCP entropic change [V.K-1]": 0.0,
        "Separator porosity": 0.528020813514238,
        "Separator Bruggeman coefficient (electrolyte)": 1.4764857267337603,
        "Separator density [kg.m-3]": 431.8560910025927,
        "Separator specific heat capacity [J.kg-1.K-1]": 794.247134478269,
        "Separator thermal conductivity [W.m-1.K-1]": 0.1839058597664119,
        "Initial concentration in electrolyte [mol.m-3]": 1048.9253224287474,
        "Cation transference number": 0.22776078607773576,
        "Thermodynamic factor": 0.9570961997554303,
        "Reference temperature [K]": 259.7757131692376,
        "Total heat transfer coefficient [W.m-2.K-1]": 9.254275071841656,
        "Ambient temperature [K]": 181.40298087447684,
        "Number of electrodes connected in parallel to make a cell": 0.9552158657427707,
        "Number of cells connected in series to make a battery": 1.1617802371095918,
        "Lower voltage cut-off [V]": 2.0130569584361715,
        "Upper voltage cut-off [V]": 3.9792367782958458,
        "Open-circuit voltage at 0% SOC [V]": 2.8105963352361245,
        "Open-circuit voltage at 100% SOC [V]": 3.2723375820862586,
        "Initial concentration in negative electrode [mol.m-3]": 27050.779786884636,
        "Initial concentration in positive electrode [mol.m-3]": 14028.370601278933,
        "Initial temperature [K]": 327.58618245512525
    },
    "V": [
        3.5856338854122622,
        3.4260817926642093,
        3.349967472199827,
        3.2787190747282167,
        3.2304200332614115,
        3.1950612872181567,
        3.163235727519132,
        3.1296256059898777,
        3.0929709004055588,
        3.0561612469892685,
        3.022699246317671,
        2.993330808544952,
        2.966916272394422,
        2.9422194890397635,
        2.9184801434258465,
        2.8952725170303273,
        2.872200404370365,
        2.84869459268527,
        2.8240871244491403,
        2.7982599566378004,
        2.771208065602817,
        2.742140456539965,
        2.7104126457444666,
        2.6753832631276477,
        2.6294641264548817,
        2.554083010953339,
        2.4655964303806615,
        2.367487376779893,
        2.2086939950903015,
        2.0130669584361702
    ],