{
    "config": {
        "Ideal gas constant [J.K-1.mol-1]": 5.918566537563305,
        "Faraday constant [C.mol-1]": 84260.51666868376,
        "Boltzmann constant [J.K-1]": 9.991062985573622e-24,
        "Electron charge [C]": 1.4259436411318183e-19,
        "Lithium metal partial molar volume [m3.mol-1]": 1.2234120301149236e-05,
        "Lithium plating kinetic rate constant [m.s-1]": 1.105357328797318e-09,
        "Initial plated lithium concentration [mol.m-3]": 0.0,
        "Typical plated lithium concentration [mol.m-3]": 1184.2513561322758,
        "Lithium plating transfer coefficient": 0.7919453198941656,
        "Dead lithium decay constant [s-1]": 7.324362854997435e-07,
        "Ratio of lithium moles to SEI moles": 1.0397209802551044,
        "Inner SEI reaction proportion": 0.0,
        "Inner SEI partial molar volume [m3.mol-1]": 0.00010988845285170301,
        "Outer SEI partial molar volume [m3.mol-1]": 0.00010968528396440215,
        "SEI reaction exchange current density [A.m-2]": 1.8969107188772332e-07,
        "SEI resistivity [Ohm.m]": 172890.32156767507,
        "Outer SEI solvent diffusivity [m2.s-1]": 1.3525979435599835e-22,
        "Bulk solvent concentration [mol.m-3]": 2875.5158110236566,
        "Inner SEI open-circuit potential [V]": 0.11380790409360332,
        "Outer SEI open-circuit potential [V]": 0.9976323489677393,
        "Inner SEI electron conductivity [S.m-1]": 7.400868278406451e-14,
        "Inner SEI lithium interstitial diffusivity [m2.s-1]": 1.1343126268253318e-20,
        "Lithium interstitial reference concentration [mol.m-3]": 13.68519165630982,
        "Initial inner SEI thickness [m]": 0.0,
        "Initial outer SEI thickness [m]": 5.06230135754447e-09,
        "EC initial concentration in electrolyte [mol.m-3]": 5203.971028245683,
        "EC diffusivity [m2.s-1]": 1.554008168558703e-18,
        "SEI kinetic rate constant [m.s-1]": 1.0705456605456045e-12,
        "SEI open-circuit potential [V]": 0.5182945265807084,
        "SEI growth activation energy [J.mol-1]": 29287.807231044702,
        "Negative electrode reaction-driven LAM factor [m3.mol-1]": 0.0,
        "Positive electrode reaction-driven LAM factor [m3.mol-1]": 0.0,
        "Negative current collector thickness [m]": 1.1415882188104782e-05,
        "Negative electrode thickness [m]": 6.340040543102078e-05,
        "Separator thickness [m]": 1.082605640574378e-05,
        "Positive electrode thickness [m]": 7.655818418337066e-05,
        "Positive current collector thickness [m]": 1.2011135879904233e-05,
        "Electrode height [m]": 0.08310678549842652,
        "Electrode width [m]": 1.0234037951698458,
        "Cell cooling surface area [m2]": 0.003070182489676432,
        "Cell volume [m3]": 1.3100476618288271e-05,
        "Cell thermal expansion coefficient [m.K-1]": 1.5135528493438079e-06,
        "Negative current collector conductivity [S.m-1]": 72078535.40394464,
        "Positive current collector conductivity [S.m-1]": 38069654.9678358,
        "Negative current collector density [kg.m-3]": 7802.316505637915,
        "Positive current collector density [kg.m-3]": 2639.332739920235,
        "Negative current collector specific heat capacity [J.kg-1.K-1]": 259.35601102030466,
        "Positive current collector specific heat capacity [J.kg-1.K-1]": 873.4143936194835,
        "Negative current collector thermal conductivity [W.m-1.K-1]": 258.96833994567885,
        "Positive current collector thermal conductivity [W.m-1.K-1]": 268.354478977405,
        "Nominal cell capacity [A.h]": 2.3457652429531786,
        "Current function [A]": 6.270956220813442,
        "Contact resistance [Ohm]": 0,
        "Negative electrode conductivity [S.m-1]": 223.08457076906564,
        "Maximum concentration in negative electrode [mol.m-3]": 33680.03603464077,
        "Negative electrode porosity": 0.35678340990090596,
        "Negative electrode active material volume fraction": 0.7333154498518386,
        "Negative particle radius [m]": 4.872827702095233e-06,
        "Negative electrode Bruggeman coefficient (electrolyte)": 1.849760073578946,
        "Negative electrode Bruggeman coefficient (electrode)": 1.5638347921264317,
        "Negative electrode charge transfer coefficient": 0.5348015084658295,
        "Negative electrode double-layer capacity [F.m-2]": 0.22714999746023284,
        "Negative electrode density [kg.m-3]": 1844.9066409363356,
        "Negative electrode specific heat capacity [J.kg-1.K-1]": 526.2201631886161,
        "Negative electrode thermal conductivity [W.m-1.K-1]": 1.9169044846543355,
        "Negative electrode OCP entropic change [V.K-1]": 0.0,
        "Negative electrode Poisson's ratio": 0.38009421734777254,
        "Negative electrode Young's modulus [Pa]": 20095114007.378815,
        "Negative electrode reference concentration for free of deformation [mol.m-3]": 0.0,
        "Negative electrode partial molar volume [m3.mol-1]": 3.982906982011013e-06,
        "Negative electrode initial crack length [m]": 2.4449073490073348e-08,
        "Negative electrode initial crack width [m]": 1.2943620443040164e-08,
        "Negative electrode number of cracks per unit area [m-2]": 3607863270119979.0,
        "Negative electrode Paris' law constant b": 0.8024335044387895,
        "Negative electrode Paris' law constant m": 2.7021147357799973,
        "Negative electrode LAM constant proportional term [s-1]": 3.0878786181091496e-07,
        "Negative electrode LAM constant exponential term": 2.552959761123721,
        "Negative electrode critical stress [Pa]": 58660302.21471213,
        "Positive electrode conductivity [S.m-1]": 0.15203844327274946,
        "Maximum concentration in positive electrode [mol.m-3]": 88600.96430060764,
        "Positive electrode porosity": 0.3111843407874468,
        "Positive electrode active material volume fraction": 0.8830691101185946,
        "Positive particle radius [m]": 4.72500735935955e-06,
        "Positive electrode Bruggeman coefficient (electrolyte)": 1.1683302377929363,
        "Positive electrode Bruggeman coefficient (electrode)": 1.8775260630723571,
        "Positive electrode charge transfer coefficient": 0.41591153829563254,
        "Positive electrode double-layer capacity [F.m-2]": 0.19703948035783586,
        "Positive electrode density [kg.m-3]": 3610.4014079528706,
        "Positive electrode specific heat capacity [J.kg-1.K-1]": 708.1734008682621,
        "Positive electrode thermal conductivity [W.m-1.K-1]": 1.596344514540251,
        "Positive electrode OCP entropic change [V.K-1]": 0.0,
        "Positive electrode Poisson's ratio": 0.2796742987389511,
        "Positive electrode Young's modulus [Pa]": 360934558281.65985,
        "Positive electrode reference concentration for free of deformation [mol.m-3]": 0.0,
        "Positive electrode partial molar volume [m3.mol-1]": 1.3269791994222003e-05,
        "Positive electrode initial crack length [m]": 1.3819337570501664e-08,
        "Positive electrode initial crack width [m]": 1.7743063322313525e-08,
        "Positive electrode number of cracks per unit area [m-2]": 4096429822316820.0,
        "Positive electrode Paris' law constant b": 0.8278920621832566,
        "Positive electrode Paris' law constant m": 2.8003707841138854,
        "Positive electrode LAM constant proportional term [s-1]": 1.978346012450429e-07,
        "Positive electrode LAM constant exponential term": 2.156211581634012,
        "Positive electrode critical stress [Pa]": 363341249.7044595,
        "Separator porosity": 0.43764995647457855,
        "Separator Bruggeman coefficient (electrolyte)": 1.702232244863875,
        "Separator density [kg.m-3]": 224.62771445208097,
        "Separator specific heat capacity [J.kg-1.K-1]": 618.3868989269448,
        "Separator thermal conductivity [W.m-1.K-1]": 0.13855953064996734,
        "Initial concentration in electrolyte [mol.m-3]": 1034.978485210282,