{
    "config": {
        "Ideal gas constant [J.K-1.mol-1]": 6.87930478962483,
        "Faraday constant [C.mol-1]": 110709.64788405538,
        "Boltzmann constant [J.K-1]": 1.930595848079823e-23,
        "Electron charge [C]": 1.0808378774941881e-19,
        "Lithium metal partial molar volume [m3.mol-1]": 1.0752916885319386e-05,
        "Lithium plating kinetic rate constant [m.s-1]": 7.460662355454979e-10,
        "Initial plated lithium concentration [mol.m-3]": 0.0,
        "Typical plated lithium concentration [mol.m-3]": 1263.5000250425087,
        "Lithium plating transfer coefficient": 0.8655759140541985,
        "Dead lithium decay constant [s-1]": 6.636560911722483e-07,
        "Ratio of lithium moles to SEI moles": 0.8600543063509554,
        "Inner SEI reaction proportion": 0.0,
        "Inner SEI partial molar volume [m3.mol-1]": 0.00010331978298353352,
        "Outer SEI partial molar volume [m3.mol-1]": 8.615077824117137e-05,
        "SEI reaction exchange current density [A.m-2]": 1.8917282494141986e-07,
        "SEI resistivity [Ohm.m]": 210072.46128048227,
        "Outer SEI solvent diffusivity [m2.s-1]": 2.4696591671015835e-22,
        "Bulk solvent concentration [mol.m-3]": 1964.822241101937,
        "Inner SEI open-circuit potential [V]": 0.07050294413974323,
        "Outer SEI open-circuit potential [V]": 0.40886934053684176,
        "Inner SEI electron conductivity [S.m-1]": 8.162467914083306e-14,
        "Inner SEI lithium interstitial diffusivity [m2.s-1]": 1.186627601911191e-20,
        "Lithium interstitial reference concentration [mol.m-3]": 24.199255472597827,
        "Initial inner SEI thickness [m]": 0.0,
        "Initial outer SEI thickness [m]": 5.341235064108536e-09,
        "EC initial concentration in electrolyte [mol.m-3]": 4684.851974412282,
        "EC diffusivity [m2.s-1]": 1.4714237590830686e-18,
        "SEI kinetic rate constant [m.s-1]": 6.949935981612896e-13,
        "SEI open-circuit potential [V]": 0.2809351329471639,
        "SEI growth activation energy [J.mol-1]": 44105.11660615599,
        "Negative electrode reaction-driven LAM factor [m3.mol-1]": 0.0,
        "Positive electrode reaction-driven LAM factor [m3.mol-1]": 0.0,
        "Negative current collector thickness [m]": 1.0860081383571653e-05,
        "Negative electrode thickness [m]": 9.744389482532545e-05,
        "Separator thickness [m]": 1.352676548463071e-05,
        "Positive electrode thickness [m]": 8.67840181173562e-05,
        "Positive current collector thickness [m]": 1.2604841067329796e-05,
        "Electrode height [m]": 0.08193153737424547,
        "Electrode width [m]": 1.5982940786625315,
        "Cell cooling surface area [m2]": 0.0062271123611322,
        "Cell volume [m3]": 2.5835231791778235e-05,
        "Cell thermal expansion coefficient [m.K-1]": 6.794170873465888e-07,
        "Negative current collector conductivity [S.m-1]": 92297456.49773943,
        "Positive current collector conductivity [S.m-1]": 23527584.12304566,
        "Negative current collector density [kg.m-3]": 8109.777935209656,
        "Positive current collector density [kg.m-3]": 2419.6226050002156,
        "Negative current collector specific heat capacity [J.kg-1.K-1]": 395.48665148990193,
        "Positive current collector specific heat capacity [J.kg-1.K-1]": 900.6349591948924,
        "Negative current collector thermal conductivity [W.m-1.K-1]": 430.2564965372112,
        "Positive current collector thermal conductivity [W.m-1.K-1]": 303.37727030994796,
        "Nominal cell capacity [A.h]": 3.6860264388134194,
        "Current function [A]": 4.138195740803469,
        "Contact resistance [Ohm]": 0,
        "Negative electrode conductivity [S.m-1]": 95.35219996253207,
        "Maximum concentration in negative electrode [mol.m-3]": 39297.87862378539,
        "Negative electrode porosity": 0.21280203699751454,
        "Negative electrode active material volume fraction": 0.6511632063172796,
        "Negative particle radius [m]": 5.017039898208807e-06,
        "Negative electrode Bruggeman coefficient (electrolyte)": 1.2692718242078345,
        "Negative electrode Bruggeman coefficient (electrode)": 1.3515940680524499,
        "Negative electrode charge transfer coefficient": 0.6101464383618429,
        "Negative electrode double-layer capacity [F.m-2]": 0.22410219466395068,
        "Negative electrode density [kg.m-3]": 1685.3407815603616,
        "Negative electrode specific heat capacity [J.kg-1.K-1]": 788.9969853285775,
        "Negative electrode thermal conductivity [W.m-1.K-1]": 2.2734812856638444,
        "Negative electrode OCP entropic change [V.K-1]": 0.0,
        "Negative electrode Poisson's ratio": 0.30852350077452967,
        "Negative electrode Young's modulus [Pa]": 11982400073.343456,
        "Negative electrode reference concentration for free of deformation [mol.m-3]": 0.0,
        "Negative electrode partial molar volume [m3.mol-1]": 2.856992936278181e-06,
        "Negative electrode initial crack length [m]": 2.451538448727128e-08,
        "Negative electrode initial crack width [m]": 1.3133244783038246e-08,
        "Negative electrode number of cracks per unit area [m-2]": 4437269273923582.0,
        "Negative electrode Paris' law constant b": 0.9611117377284493,
        "Negative electrode Paris' law constant m": 1.6565783335325284,
        "Negative electrode LAM constant proportional term [s-1]": 3.322668787210303e-07,
        "Negative electrode LAM constant exponential term": 2.1415158770267864,
        "Negative electrode critical stress [Pa]": 70309005.96755284,
        "Positive electrode conductivity [S.m-1]": 0.13590439557660974,
        "Maximum concentration in positive electrode [mol.m-3]": 60467.600009913884,
        "Positive electrode porosity": 0.4171497193623275,
        "Positive electrode active material volume fraction": 0.6344599031485987,
        "Positive particle radius [m]": 3.313085814675004e-06,
        "Positive electrode Bruggeman coefficient (electrolyte)": 1.196983566389648,
        "Positive electrode Bruggeman coefficient (electrode)": 1.2530754114404965,
        "Positive electrode charge transfer coefficient": 0.3364193111583683,
        "Positive electrode double-layer capacity [F.m-2]": 0.11382290564692203,
        "Positive electrode density [kg.m-3]": 2116.326344466841,
        "Positive electrode specific heat capacity [J.kg-1.K-1]": 960.9970962317773,
        "Positive electrode thermal conductivity [W.m-1.K-1]": 2.3499789009205814,
        "Positive electrode OCP entropic change [V.K-1]": 0.0,
        "Positive electrode Poisson's ratio": 0.18501306163519032,
        "Positive electrode Young's modulus [Pa]": 117990434092.5597,
        "Positive electrode reference concentration for free of deformation [mol.m-3]": 0.0,
        "Positive electrode partial molar volume [m3.mol-1]": 1.2080079424601014e-05,
        "Positive electrode initial crack length [m]": 1.7982140169510007e-08,
        "Positive electrode initial crack width [m]": 1.6826881414780653e-08,
        "Positive electrode number of cracks per unit area [m-2]": 2159979357302758.0,
        "Positive electrode Paris' law constant b": 1.0197390897576033,
        "Positive electrode Paris' law constant m": 1.2700435934793997,
        "Positive electrode LAM constant proportional term [s-1]": 1.8380727376622713e-07,
        "Positive electrode LAM constant exponential term": 1.4934488156342915,
        "Positive electrode critical stress [Pa]": 343266173.80025506,
        "Separator porosity": 0.41020499875866867,
        "Separator Bruggeman coefficient (electrolyte)": 1.7277118904682849,
        "Separator density [kg.m-3]": 305.5444709133186,
        "Separator specific heat capacity [J.kg-1.K-1]": 540.6961811294254,
        "Separator thermal conductivity [W.m-1.K-1]": 0.13171713198880924,
        "Initial concentration in electrolyte [mol.m-3]": 889.1786379617041,