{
    "config": {
        "Ideal gas constant [J.K-1.mol-1]": 9.220434215971666,
        "Faraday constant [C.mol-1]": 119026.42436846472,
        "Boltzmann constant [J.K-1]": 1.3298455134119292e-23,
        "Electron charge [C]": 1.7101235434348494e-19,
        "Negative current collector thickness [m]": 1.3042624841015122e-05,
        "Negative electrode thickness [m]": 9.343017088457207e-05,
        "Separator thickness [m]": 1.068925316808812e-05,
        "Positive electrode thickness [m]": 8.449164785858541e-05,
        "Positive current collector thickness [m]": 1.6914485755287862e-05,
        "Electrode height [m]": 0.06618894620770331,
        "Electrode width [m]": 1.7680185350570685,
        "Cell cooling surface area [m2]": 0.004880064550952519,
        "Cell volume [m3]": 1.686329552034391e-05,
        "Negative current collector conductivity [S.m-1]": 63124784.08677352,
        "Positive current collector conductivity [S.m-1]": 47612217.97682507,
        "Negative current collector density [kg.m-3]": 8688.486004151613,
        "Positive current collector density [kg.m-3]": 2939.447647397683,
        "Positive current collector thermal conductivity [W.m-1.K-1]": 250.13441068558276,
        "Nominal cell capacity [A.h]": 3.9267544895282915,
        "Current function [A]": 4.622239480773216,
        "Contact resistance [Ohm]": 0,
        "Negative electrode conductivity [S.m-1]": 223.57698668580238,
        "Maximum concentration in negative electrode [mol.m-3]": 31017.93253545565,
        "Negative electrode porosity": 0.33291182051532625,
        "Negative electrode active material volume fraction": 0.8917483538405144,
        "Negative particle radius [m]": 5.422527107943959e-06,
        "Negative electrode Bruggeman coefficient (electrolyte)": 1.3621976770510351,
        "Negative electrode Bruggeman coefficient (electrode)": 0.0,
        "Negative electrode charge transfer coefficient": 0.5196004732204003,
        "Negative electrode double-layer capacity [F.m-2]": 0.1252155452466383,
        "Negative electrode density [kg.m-3]": 2266.4972620675117,
        "Maximum concentration in positive electrode [mol.m-3]": 36387.99652021772,
        "Positive electrode porosity": 0.3262861454065102,
        "Positive electrode active material volume fraction": 0.7999830269678656,
        "Positive particle radius [m]": 4.497585161616897e-06,
        "Positive electrode Bruggeman coefficient (electrolyte)": 1.6502791777524386,
        "Positive electrode Bruggeman coefficient (electrode)": 0.0,
        "Positive electrode charge transfer coefficient": 0.4560638821271549,
        "Positive electrode double-layer capacity [F.m-2]": 0.20788312488483573,
        "Positive electrode density [kg.m-3]": 3492.051621611431,
        "Separator porosity": 0.4866181294704485,
        "Separator Bruggeman coefficient (electrolyte)": 1.4035229950909767,
        "Separator Bruggeman coefficient (electrode)": 1.4855259207094527,
        "Separator density [kg.m-3]": 1786.5462343118631,
        "Separator thermal conductivity [W.m-1.K-1]": 0.27445561166275817,
        "Initial concentration in electrolyte [mol.m-3]": 1163.2639676942138,
        "Reference temperature [K]": 274.19783369709654,
        "Total heat transfer coefficient [W.m-2.K-1]": 12.765164424419236,
        "Ambient temperature [K]": 379.6178090038339,
        "Number of electrodes connected in parallel to make a cell": 1.1492568325964267,
        "Number of cells connected in series to make a battery": 1.063887098620365,
        "Lower voltage cut-off [V]": 2.044018610466246,
        "Upper voltage cut-off [V]": 4.188739503311626,
        "Open-circuit voltage at 0% SOC [V]": 2.194734284634803,
        "Open-circuit voltage at 100% SOC [V]": 5.222551973062869,
        "Initial concentration in negative electrode [mol.m-3]": 25897.971196023587,
        "Initial concentration in positive electrode [mol.m-3]": 14879.455604612187,
        "Initial temperature [K]": 270.4574447836841
    },
    "V": [
        3.9988609874974497,
        3.9754299273001488,
        3.9663930557543523,
        3.9586334939723393,
        3.9513881136158844,
        3.944458229403277,
        3.937776122859606,
        3.9313118541356276,
        3.9250479150923194,
        3.918970098837622,
        3.913063291570317,
        3.90731025316553,
        3.9016911614121206,
        3.8961833590148363,
        3.8907626745517465,
        3.8854026177756267,
        3.880075541429197,
        3.8747530936319756,
        3.869405323519695,
        3.864003003374045,
        3.858515686171143,
        3.8529132369839107,
        3.8471642292698496,
        3.8412368839787265,
        3.8350970124339954,
        3.8287137470920065,
        3.8220689459600834,
        3.815166922294231,
        3.808032617771806,
        3.8007022202622682,
        3.7932156956923224,
        3.785613894458174,
        3.777939928144714,
        3.7702376910424134,
        3.7625507501521285,
        3.754921493349438,
        3.747388390078001,
        3.739984923006702,
        3.7327372876946425,
        3.725664614524948,
        3.718779345537065,
        3.712086327275631,
        3.7055859105650844,
        3.6992716460011374,
        3.693131823193551,
        3.6871518380549912,
        3.6813134313861795,
        3.675594020799084,
        3.669968008510157,
        3.664403332398357,
        3.65888673413506,
        3.6534179695210933,
        3.6479934077773635,
        3.6426060844735684,
        3.6372484296338174,
        3.631913765950034,
        3.6265968937303015,
        3.621293261374822,
        3.615999671342725,
        3.6107144682921986,
        3.605439554304775,
        3.600193172822179,
        3.5950433850965915,
        3.590090507894527,
        3.585303555518933,
        3.580606585739207,
        3.575998043114879,
        3.571486237722583,
        3.567065106745619,
        3.5627190466082896,
        3.558430768170333,
        3.554188275438264,
        3.549983978628588,
        3.545812493869847,
        3.541670560197873,
        3.5375558324995318,
        3.5334666081126915,
        3.5294018635415774,
        3.52536082467012,
        3.521342884397037,
        3.5173477299134346,
        3.5133752596366454,
        3.5094249118668133,
        3.505496820573881,
        3.5015907340873156,
        3.497706593511949,
        3.493844018469296,
        3.490002809238514,
        3.486182568069825,
        3.4823828366885197,
        3.4786030630671743,
        3.4748425785227117,
        3.4711005908521275,
        3.467376190961926,
        3.463668342569918,
        3.459975873176143,
        3.456297461286194,
        3.452631718617565,
        3.448976893444856,
        3.4453312793608704
    ],