{
    "config": {
        "Ideal gas constant [J.K-1.mol-1]": 8.274727829752772,
        "Faraday constant [C.mol-1]": 87829.48479569079,
        "Boltzmann constant [J.K-1]": 1.2251175624691719e-23,
        "Electron charge [C]": 2.331027770731481e-19,
        "Ratio of lithium moles to SEI moles": 2.3388019359698147,
        "Inner SEI reaction proportion": 0.613038605061359,
        "Inner SEI partial molar volume [m3.mol-1]": 8.353885965430087e-05,
        "Outer SEI partial molar volume [m3.mol-1]": 6.853569301239513e-05,
        "SEI reaction exchange current density [A.m-2]": 1.4959424699954277e-07,
        "SEI resistivity [Ohm.m]": 107581.58263460985,
        "Outer SEI solvent diffusivity [m2.s-1]": 2.0650632268477061e-22,
        "Bulk solvent concentration [mol.m-3]": 2376.661211621069,
        "Inner SEI open-circuit potential [V]": 0.11727441967676261,
        "Outer SEI open-circuit potential [V]": 0.4656247438543648,
        "Inner SEI electron conductivity [S.m-1]": 1.1368062906092053e-13,
        "Inner SEI lithium interstitial diffusivity [m2.s-1]": 1.322915247329692e-20,
        "Lithium interstitial reference concentration [mol.m-3]": 14.105974408938042,
        "Initial inner SEI thickness [m]": 3.170351362519539e-09,
        "Initial outer SEI thickness [m]": 2.5966182907224857e-09,
        "EC initial concentration in electrolyte [mol.m-3]": 4340.835464399592,
        "EC diffusivity [m2.s-1]": 2.066980731155115e-18,
        "SEI kinetic rate constant [m.s-1]": 9.048165390021106e-13,
        "SEI open-circuit potential [V]": 0.271462585150976,
        "SEI growth activation energy [J.mol-1]": 0.0,
        "Negative electrode reaction-driven LAM factor [m3.mol-1]": 0.0,
        "Positive electrode reaction-driven LAM factor [m3.mol-1]": 0.0,
        "Negative current collector thickness [m]": 1.0782673199715136e-05,
        "Negative electrode thickness [m]": 9.618904041499291e-05,
        "Separator thickness [m]": 1.2307464667731622e-05,
        "Positive electrode thickness [m]": 7.187248436607743e-05,
        "Positive current collector thickness [m]": 1.7966941380879283e-05,
        "Electrode height [m]": 0.06919052121128083,
        "Electrode width [m]": 1.4247567880889256,
        "Cell cooling surface area [m2]": 0.005900495336416141,
        "Cell volume [m3]": 2.7194795712254036e-05,
        "Cell thermal expansion coefficient [m.K-1]": 1.3329761383985883e-06,
        "Negative current collector conductivity [S.m-1]": 63201922.33087902,
        "Positive current collector conductivity [S.m-1]": 38506523.73121275,
        "Negative current collector density [kg.m-3]": 9809.731671821273,
        "Positive current collector density [kg.m-3]": 2413.4645266919933,
        "Negative current collector specific heat capacity [J.kg-1.K-1]": 343.2774853618277,
        "Positive current collector specific heat capacity [J.kg-1.K-1]": 1220.740040055563,
        "Negative current collector thermal conductivity [W.m-1.K-1]": 448.5787546762267,
        "Positive current collector thermal conductivity [W.m-1.K-1]": 264.4995333903383,
        "Nominal cell capacity [A.h]": 5.418196083607349,
        "Current function [A]": 4.568320401021175,
        "Contact resistance [Ohm]": 0,
        "Negative electrode conductivity [S.m-1]": 263.3480906014975,
        "Maximum concentration in negative electrode [mol.m-3]": 44661.706118020986,
        "Negative particle diffusivity [m2.s-1]": 4.816468884606403e-14,
        "Negative electrode porosity": 0.2632213215941905,
        "Negative electrode active material volume fraction": 0.6678412076952736,
        "Negative particle radius [m]": 5.123245504801771e-06,
        "Negative electrode Bruggeman coefficient (electrolyte)": 1.7292772141545474,
        "Negative electrode Bruggeman coefficient (electrode)": 0,
        "Negative electrode charge transfer coefficient": 0.5712113008265175,
        "Negative electrode double-layer capacity [F.m-2]": 0.1497573828983841,
        "Negative electrode density [kg.m-3]": 2121.9883413917687,
        "Negative electrode specific heat capacity [J.kg-1.K-1]": 682.8182786864783,
        "Negative electrode thermal conductivity [W.m-1.K-1]": 2.076464168431779,
        "Negative electrode OCP entropic change [V.K-1]": 0.0,
        "Positive electrode conductivity [S.m-1]": 0.22423657927552787,
        "Maximum concentration in positive electrode [mol.m-3]": 55885.178585653346,
        "Positive particle diffusivity [m2.s-1]": 4.0604629802829076e-15,
        "Positive electrode porosity": 0.22581198920174217,
        "Positive electrode active material volume fraction": 0.5633192179371445,
        "Positive particle radius [m]": 6.492059950523783e-06,
        "Positive electrode Bruggeman coefficient (electrolyte)": 1.094013783935015,
        "Positive electrode Bruggeman coefficient (electrode)": 0,
        "Positive electrode charge transfer coefficient": 0.5560585854523641,
        "Positive electrode double-layer capacity [F.m-2]": 0.20890872863608748,
        "Positive electrode density [kg.m-3]": 4923.751309521441,
        "Positive electrode specific heat capacity [J.kg-1.K-1]": 483.3562047840906,
        "Positive electrode thermal conductivity [W.m-1.K-1]": 1.4635811281989237,
        "Positive electrode OCP entropic change [V.K-1]": 0.0,
        "Separator porosity": 0.5132579748385269,
        "Separator Bruggeman coefficient (electrolyte)": 1.4234568118847246,
        "Separator density [kg.m-3]": 485.1384560391746,
        "Separator specific heat capacity [J.kg-1.K-1]": 715.7470277383978,
        "Separator thermal conductivity [W.m-1.K-1]": 0.09042011568389934,
        "Initial concentration in electrolyte [mol.m-3]": 245.57888372128048,
        "Cation transference number": 0.3322891351796709,
        "Thermodynamic factor": 0.8926116962911838,
        "Reference temperature [K]": 304.270711772564,
        "Total heat transfer coefficient [W.m-2.K-1]": 13.442582911497992,
        "Ambient temperature [K]": 258.93044201615567,
        "Number of electrodes connected in parallel to make a cell": 0.9829277961643813,
        "Number of cells connected in series to make a battery": 0.8327369068126009,
        "Lower voltage cut-off [V]": 2.494537310283083,
        "Upper voltage cut-off [V]": 4.129441259725592,
        "Open-circuit voltage at 0% SOC [V]": 1.99368741878672,
        "Open-circuit voltage at 100% SOC [V]": 7.357616417182497,
        "Initial concentration in negative electrode [mol.m-3]": 33133.709000839495,
        "Initial concentration in positive electrode [mol.m-3]": 19378.674259889303,
        "Initial temperature [K]": 415.8648134977501
    },
    "V": [
        3.766384824257006,
        3.596238578569121,
        3.519014249097172,
        3.4779844592199796,
        3.444349188948769,
        3.412681976224266,
        3.382610229784416,
        3.354704876388468,
        3.3291377450403523,
        3.305344757349767,
        3.282467896885857,
        3.2598573370491017,
        3.237200772067165,
        3.214435472622996,
        3.1917010772685286,
        3.1692946403157745,
        3.1476140851480237,
        3.127126724619638,
        3.1082985503621776,
        3.0915237415308514,
        3.076944703983432,
        3.0644334629275276,
        3.0535701957621484,
        3.0438077669455765,
        3.034579648741966,
        3.025457380024778,
        3.016110593023986,
        3.0063453880231217,
        2.9960227679040763,
        2.9850384153785825,
        2.973276904113475,
        2.960562201864535,
        2.9465997580622676,
        2.9308462661271713,
        2.912222660217214,
        2.8883868119344083,
        2.8535309966096416,
        2.7856398836165575,
        2.6848943697042547,
        2.4945473102832816
    ],