{
    "config": {
        "Ideal gas constant [J.K-1.mol-1]": 10.663883926043187,
        "Faraday constant [C.mol-1]": 64054.769618813516,
        "Boltzmann constant [J.K-1]": 1.5789259072420382e-23,
        "Electron charge [C]": 2.128213002334286e-19,
        "Ratio of lithium moles to SEI moles": 2.2773229252084346,
        "Inner SEI reaction proportion": 0.43335026244630914,
        "Inner SEI partial molar volume [m3.mol-1]": 7.120624309861324e-05,
        "Outer SEI partial molar volume [m3.mol-1]": 0.0001329492196431364,
        "SEI reaction exchange current density [A.m-2]": 1.7059901135773544e-07,
        "SEI resistivity [Ohm.m]": 187711.93125702254,
        "Outer SEI solvent diffusivity [m2.s-1]": 2.9323290116715485e-22,
        "Bulk solvent concentration [mol.m-3]": 2802.806435829001,
        "Inner SEI open-circuit potential [V]": 0.1137022427366732,
        "Outer SEI open-circuit potential [V]": 0.6188346532965237,
        "Inner SEI electron conductivity [S.m-1]": 1.3246846092788866e-13,
        "Inner SEI lithium interstitial diffusivity [m2.s-1]": 1.1009524383505103e-20,
        "Lithium interstitial reference concentration [mol.m-3]": 12.966156340973962,
        "Initial inner SEI thickness [m]": 2.798847149080865e-09,
        "Initial outer SEI thickness [m]": 2.5752853769452127e-09,
        "EC initial concentration in electrolyte [mol.m-3]": 4463.597260406863,
        "EC diffusivity [m2.s-1]": 2.0379615493293245e-18,
        "SEI kinetic rate constant [m.s-1]": 6.675543537292965e-13,
        "SEI open-circuit potential [V]": 0.29000316793758146,
        "SEI growth activation energy [J.mol-1]": 0.0,
        "Negative electrode reaction-driven LAM factor [m3.mol-1]": 0.0,
        "Positive electrode reaction-driven LAM factor [m3.mol-1]": 0.0,
        "Negative current collector thickness [m]": 1.186096100507038e-05,
        "Negative electrode thickness [m]": 7.15276377220492e-05,
        "Separator thickness [m]": 2.8052981537435675e-05,
        "Positive electrode thickness [m]": 6.348471577466239e-05,
        "Positive current collector thickness [m]": 1.8282389808391683e-05,
        "Electrode height [m]": 0.050427645614608524,
        "Electrode width [m]": 0.048402743979067124,
        "Cell cooling surface area [m2]": 0.0070364026849874875,
        "Cell volume [m3]": 1.5634593514060117e-05,
        "Cell emissivity": 1.0076042505018539,
        "Cell thermal expansion coefficient [m.K-1]": 7.487674062468866e-07,
        "Negative current collector conductivity [S.m-1]": 66574213.70300879,
        "Positive current collector conductivity [S.m-1]": 40769535.03181467,
        "Negative current collector density [kg.m-3]": 7794.785111667117,
        "Positive current collector density [kg.m-3]": 3597.6967394256003,
        "Negative current collector specific heat capacity [J.kg-1.K-1]": 471.32078481874527,
        "Positive current collector specific heat capacity [J.kg-1.K-1]": 847.1473926828814,
        "Negative current collector thermal conductivity [W.m-1.K-1]": 203.1325374188031,
        "Positive current collector thermal conductivity [W.m-1.K-1]": 171.3543400761156,
        "Nominal cell capacity [A.h]": 0.8484369373816212,
        "Current function [A]": 2.1456516570334268,
        "Contact resistance [Ohm]": 0,
        "Negative electrode conductivity [S.m-1]": 118.35209792738851,
        "Maximum concentration in negative electrode [mol.m-3]": 45970.67620369377,
        "Negative electrode porosity": 0.4709060070433193,
        "Negative electrode active material volume fraction": 0.3013560367589005,
        "Negative particle radius [m]": 5.336034085877144e-06,
        "Negative electrode Bruggeman coefficient (electrolyte)": 2.4820855386131386,
        "Negative electrode Bruggeman coefficient (electrode)": 0.0,
        "Negative electrode charge transfer coefficient": 0.3723865097811597,
        "Negative electrode double-layer capacity [F.m-2]": 0.2633976725593084,
        "Negative electrode density [kg.m-3]": 3200.340490970677,
        "Negative electrode specific heat capacity [J.kg-1.K-1]": 1268.6425636037775,
        "Negative electrode thermal conductivity [W.m-1.K-1]": 1.4523517639876622,
        "Negative electrode Poisson's ratio": 0.27714470698442395,
        "Negative electrode Young's modulus [Pa]": 10529978381.92238,
        "Negative electrode reference concentration for free of deformation [mol.m-3]": 0.0,
        "Negative electrode partial molar volume [m3.mol-1]": 2.2659508031766313e-06,
        "Negative electrode initial crack length [m]": 1.7187626472365434e-08,
        "Negative electrode initial crack width [m]": 1.5525519728213212e-08,
        "Negative electrode number of cracks per unit area [m-2]": 2679983068249440.0,
        "Negative electrode Paris' law constant b": 1.3234616135045818,
        "Negative electrode Paris' law constant m": 1.856889643634121,
        "Negative electrode activation energy for cracking rate [J.mol-1]": 0.0,
        "Negative electrode LAM constant proportional term [s-1]": 0.0,
        "Negative electrode LAM constant exponential term": 3.4922529413750896,
        "Negative electrode critical stress [Pa]": 65951063.73553975,
        "Positive electrode conductivity [S.m-1]": 5.777197292220055,
        "Maximum concentration in positive electrode [mol.m-3]": 46467.43497583039,
        "Positive electrode porosity": 0.31216418113861927,
        "Positive electrode active material volume fraction": 0.7875076476881058,
        "Positive particle radius [m]": 3.0146950088528993e-06,
        "Positive electrode surface area to volume ratio [m-1]": 627456.6004595924,
        "Positive electrode Bruggeman coefficient (electrolyte)": 2.4930290454232664,
        "Positive electrode Bruggeman coefficient (electrode)": 0.0,
        "Positive electrode charge transfer coefficient": 0.24527321312140993,
        "Positive electrode double-layer capacity [F.m-2]": 0.23092414980944523,
        "Positive electrode density [kg.m-3]": 2377.114154169134,
        "Positive electrode specific heat capacity [J.kg-1.K-1]": 1201.4189310277873,
        "Positive electrode thermal conductivity [W.m-1.K-1]": 1.5179333957114765,
        "Positive electrode Poisson's ratio": 0.24820883645980069,
        "Positive electrode Young's modulus [Pa]": 389549647371.0753,
        "Positive electrode reference concentration for free of deformation [mol.m-3]": 0.0,
        "Positive electrode partial molar volume [m3.mol-1]": 2.8360401342855057e-09,
        "Positive electrode initial crack length [m]": 2.074840714921959e-08,
        "Positive electrode initial crack width [m]": 1.2759900667533839e-08,
        "Positive electrode number of cracks per unit area [m-2]": 4014295744088445.5,
        "Positive electrode Paris' law constant b": 0.9481887986313384,
        "Positive electrode Paris' law constant m": 1.9022653305864874,
        "Positive electrode activation energy for cracking rate [J.mol-1]": 0.0,
        "Positive electrode LAM constant proportional term [s-1]": 4.268280795792301e-13,
        "Positive electrode LAM constant exponential term": 2.1999228292089104,
        "Positive electrode critical stress [Pa]": 338871146.6832982,
        "Separator porosity": 0.5459861257978934,
        "Separator Bruggeman coefficient (electrolyte)": 1.7380144209922535,
        "Separator density [kg.m-3]": 3428.389320367156,
        "Separator specific heat capacity [J.kg-1.K-1]": 852.2226419728174,
        "Separator thermal conductivity [W.m-1.K-1]": 0.334880706044297,
        "Initial concentration in electrolyte [mol.m-3]": 853.5613463864327,
        "Cation transference number": 0.49018410798735074,
        "Reference temperature [K]": 308.3067949004959,
        "Total heat transfer coefficient [W.m-2.K-1]": 36.02301370386807,
        "Ambient temperature [K]": 152.4404158404583,
        "Number of electrodes connected in parallel to make a cell": 33.675254358056335,