{
    "config": {
        "Ideal gas constant [J.K-1.mol-1]": 6.987943071441247,
        "Faraday constant [C.mol-1]": 105172.81231117791,
        "Boltzmann constant [J.K-1]": 1.539317700655534e-23,
        "Electron charge [C]": 1.6178887289403173e-19,
        "Ratio of lithium moles to SEI moles": 1.8558129991500238,
        "Inner SEI reaction proportion": 0.4661678579281707,
        "Inner SEI partial molar volume [m3.mol-1]": 9.170799925726035e-05,
        "Outer SEI partial molar volume [m3.mol-1]": 0.00015347450140909059,
        "SEI growth transfer coefficient": 0.4139275272506231,
        "SEI reaction exchange current density [A.m-2]": 1.4513423325815667e-07,
        "SEI resistivity [Ohm.m]": 232890.6264195328,
        "Outer SEI solvent diffusivity [m2.s-1]": 2.827833840211963e-22,
        "Bulk solvent concentration [mol.m-3]": 3940.001485336216,
        "Inner SEI open-circuit potential [V]": 0.118930989942193,
        "Outer SEI open-circuit potential [V]": 0.8953725942528223,
        "Inner SEI electron conductivity [S.m-1]": 6.52115451955594e-14,
        "Inner SEI lithium interstitial diffusivity [m2.s-1]": 8.907848946348067e-21,
        "Lithium interstitial reference concentration [mol.m-3]": 13.310859919096151,
        "Initial inner SEI thickness [m]": 2.752776609348635e-09,
        "Initial outer SEI thickness [m]": 3.2341854779550988e-09,
        "EC initial concentration in electrolyte [mol.m-3]": 3456.718044112262,
        "EC diffusivity [m2.s-1]": 2.7609615081991126e-18,
        "SEI kinetic rate constant [m.s-1]": 9.257058540817923e-13,
        "SEI open-circuit potential [V]": 0.4199273730125456,
        "SEI growth activation energy [J.mol-1]": 0.0,
        "Negative electrode reaction-driven LAM factor [m3.mol-1]": 0.0,
        "Positive electrode reaction-driven LAM factor [m3.mol-1]": 0.0,
        "Negative current collector thickness [m]": 2.0636842356898457e-05,
        "Negative electrode thickness [m]": 0.00012405133511692894,
        "Separator thickness [m]": 3.174825870675996e-05,
        "Positive electrode thickness [m]": 0.00010974763346322968,
        "Positive current collector thickness [m]": 2.0962728055157896e-05,
        "Electrode height [m]": 0.08372267794206768,
        "Electrode width [m]": 0.2796026790731331,
        "Negative tab width [m]": 0.029881322960620904,
        "Negative tab centre y-coordinate [m]": 0.046628997517332266,
        "Negative tab centre z-coordinate [m]": 0.17417459270904911,
        "Positive tab width [m]": 0.04065071719210354,
        "Positive tab centre y-coordinate [m]": 0.11098801524753268,
        "Positive tab centre z-coordinate [m]": 0.1266604218160787,
        "Cell cooling surface area [m2]": 0.05774125777651025,
        "Cell volume [m3]": 7.924337511543754e-06,
        "Negative current collector conductivity [S.m-1]": 50600991.6609409,
        "Positive current collector conductivity [S.m-1]": 37977851.83083037,
        "Negative current collector density [kg.m-3]": 9561.527096974993,
        "Positive current collector density [kg.m-3]": 3200.8347780588183,
        "Negative current collector specific heat capacity [J.kg-1.K-1]": 357.4538602428937,
        "Positive current collector specific heat capacity [J.kg-1.K-1]": 691.2252145793805,
        "Negative current collector thermal conductivity [W.m-1.K-1]": 386.6654221323879,
        "Positive current collector thermal conductivity [W.m-1.K-1]": 176.1232427824434,
        "Nominal cell capacity [A.h]": 1.101307848755679,
        "Current function [A]": 0.6650222708742397,
        "Contact resistance [Ohm]": 0,
        "Negative electrode conductivity [S.m-1]": 64.2470805923,
        "Maximum concentration in negative electrode [mol.m-3]": 32547.776241517153,
        "Negative electrode porosity": 0.28755509393459755,
        "Negative electrode active material volume fraction": 0.48061619325452226,
        "Negative particle radius [m]": 9.671036372626646e-06,
        "Negative electrode Bruggeman coefficient (electrolyte)": 1.0510475742791558,
        "Negative electrode Bruggeman coefficient (electrode)": 1.930883298434301,
        "Negative electrode charge transfer coefficient": 0.6160447608711165,
        "Negative electrode double-layer capacity [F.m-2]": 0.21960007056995406,
        "Negative electrode density [kg.m-3]": 1796.861866738471,
        "Negative electrode specific heat capacity [J.kg-1.K-1]": 671.2019166744946,
        "Negative electrode thermal conductivity [W.m-1.K-1]": 1.3647160244854288,
        "Positive electrode conductivity [S.m-1]": 11.838228586158078,
        "Maximum concentration in positive electrode [mol.m-3]": 69624.34961007758,
        "Positive electrode porosity": 0.41273190492672773,
        "Positive electrode active material volume fraction": 0.5807441291955725,
        "Positive particle radius [m]": 6.799003632596625e-06,
        "Positive electrode Bruggeman coefficient (electrolyte)": 1.6877422482173934,
        "Positive electrode Bruggeman coefficient (electrode)": 1.1723778354824654,
        "Positive electrode charge transfer coefficient": 0.6092375319888957,
        "Positive electrode double-layer capacity [F.m-2]": 0.1387126572250557,
        "Positive electrode density [kg.m-3]": 1146.9805860357055,
        "Positive electrode specific heat capacity [J.kg-1.K-1]": 480.19476030839587,
        "Positive electrode thermal conductivity [W.m-1.K-1]": 2.01945177838841,
        "Separator porosity": 0.9284131905157511,
        "Separator Bruggeman coefficient (electrolyte)": 2.082614090840295,
        "Separator density [kg.m-3]": 488.1696707094062,
        "Separator specific heat capacity [J.kg-1.K-1]": 1021.9477499259599,
        "Separator thermal conductivity [W.m-1.K-1]": 0.11836810948334385,
        "Initial concentration in electrolyte [mol.m-3]": 880.8181537977181,
        "Cation transference number": 0.3649374449131261,
        "Thermodynamic factor": 1.456403813190999,
        "Reference temperature [K]": 344.7463292539017,
        "Ambient temperature [K]": 445.19329502467025,
        "Negative current collector surface heat transfer coefficient [W.m-2.K-1]": 0.0,
        "Positive current collector surface heat transfer coefficient [W.m-2.K-1]": 0.0,
        "Negative tab heat transfer coefficient [W.m-2.K-1]": 10.421367311793619,
        "Positive tab heat transfer coefficient [W.m-2.K-1]": 8.348407504721887,
        "Edge heat transfer coefficient [W.m-2.K-1]": 0.23220279084735956,
        "Total heat transfer coefficient [W.m-2.K-1]": 9.27859943815741,
        "Number of electrodes connected in parallel to make a cell": 0.7448611601302741,
        "Number of cells connected in series to make a battery": 0.77922266195191,
        "Lower voltage cut-off [V]": 3.7748646340192544,
        "Upper voltage cut-off [V]": 5.13346087091321,
        "Open-circuit voltage at 0% SOC [V]": 3.148683218529324,
        "Open-circuit voltage at 100% SOC [V]": 3.513881313015161,
        "Initial concentration in negative electrode [mol.m-3]": 23250.84715417988,
        "Initial concentration in positive electrode [mol.m-3]": 28592.41442154432,
        "Initial temperature [K]": 334.263642258497
    },