{
    "config": {
        "Ideal gas constant [J.K-1.mol-1]": 7.547217142687085,
        "Faraday constant [C.mol-1]": 102380.87194459565,
        "Boltzmann constant [J.K-1]": 1.535266199403436e-23,
        "Electron charge [C]": 1.5604643926117587e-19,
        "Ratio of lithium moles to SEI moles": 1.8288557078295091,
        "Inner SEI reaction proportion": 0.6464870124492383,
        "Inner SEI partial molar volume [m3.mol-1]": 4.281636818194259e-05,
        "Outer SEI partial molar volume [m3.mol-1]": 6.967362395138852e-05,
        "SEI reaction exchange current density [A.m-2]": 1.3534127627248903e-07,
        "SEI resistivity [Ohm.m]": 302067.48182833917,
        "Outer SEI solvent diffusivity [m2.s-1]": 1.8765438390357978e-22,
        "Bulk solvent concentration [mol.m-3]": 3881.828461997932,
        "Inner SEI open-circuit potential [V]": 0.07592405893825838,
        "Outer SEI open-circuit potential [V]": 0.5132455206558784,
        "Inner SEI electron conductivity [S.m-1]": 4.68256077674423e-14,
        "Inner SEI lithium interstitial diffusivity [m2.s-1]": 6.390097037796718e-21,
        "Lithium interstitial reference concentration [mol.m-3]": 13.619288878219734,
        "Initial inner SEI thickness [m]": 3.2819564457799865e-09,
        "Initial outer SEI thickness [m]": 2.4492247414340524e-09,
        "EC initial concentration in electrolyte [mol.m-3]": 5891.445832966358,
        "EC diffusivity [m2.s-1]": 1.5156380179223655e-18,
        "SEI kinetic rate constant [m.s-1]": 1.0464257536952171e-12,
        "SEI open-circuit potential [V]": 0.3887781108849745,
        "SEI growth activation energy [J.mol-1]": 0.0,
        "Negative electrode reaction-driven LAM factor [m3.mol-1]": 0.0,
        "Positive electrode reaction-driven LAM factor [m3.mol-1]": 0.0,
        "Negative current collector thickness [m]": 1.0654828727478041e-05,
        "Negative electrode thickness [m]": 6.241834624108024e-05,
        "Separator thickness [m]": 2.651250874218026e-05,
        "Positive electrode thickness [m]": 5.271275840980959e-05,
        "Positive current collector thickness [m]": 1.3458003320004801e-05,
        "Electrode height [m]": 0.09834409874683224,
        "Electrode width [m]": 0.1415365361940625,
        "Negative tab width [m]": 0.00686970793069998,
        "Negative tab centre y-coordinate [m]": 0.0034353339224829377,
        "Negative tab centre z-coordinate [m]": 0.10214049549766786,
        "Positive tab width [m]": 0.003930617895405332,
        "Positive tab centre y-coordinate [m]": 0.015785783189405003,
        "Positive tab centre z-coordinate [m]": 0.09193360759779343,
        "Cell cooling surface area [m2]": 0.019211327366986695,
        "Cell volume [m3]": 2.8234720803311625e-06,
        "Negative current collector conductivity [S.m-1]": 53260915.33094125,
        "Positive current collector conductivity [S.m-1]": 17994813.07677605,
        "Negative current collector density [kg.m-3]": 5446.98883044343,
        "Positive current collector density [kg.m-3]": 2547.733776820521,
        "Negative current collector specific heat capacity [J.kg-1.K-1]": 380.66510638997073,
        "Positive current collector specific heat capacity [J.kg-1.K-1]": 852.017922734078,
        "Negative current collector thermal conductivity [W.m-1.K-1]": 517.7697715328143,
        "Positive current collector thermal conductivity [W.m-1.K-1]": 254.40640826009874,
        "Nominal cell capacity [A.h]": 0.19170351793272977,
        "Current function [A]": 0.13966046685913092,
        "Contact resistance [Ohm]": 0,
        "Negative electrode conductivity [S.m-1]": 8.063122779914949,
        "Maximum concentration in negative electrode [mol.m-3]": 31346.699492049538,
        "Negative electrode porosity": 0.5215717168364933,
        "Negative electrode active material volume fraction": 0.6427070899648175,
        "Negative particle radius [m]": 1.0533871813224439e-05,
        "Negative electrode Bruggeman coefficient (electrolyte)": 1.5677111415164229,
        "Negative electrode Bruggeman coefficient (electrode)": 0.0,
        "Negative electrode density [kg.m-3]": 1662.0728220364617,
        "Negative electrode specific heat capacity [J.kg-1.K-1]": 1543.7135330245874,
        "Negative electrode thermal conductivity [W.m-1.K-1]": 1.3392081610750068,
        "Negative electrode OCP entropic change [V.K-1]": 0.0,
        "Positive electrode conductivity [S.m-1]": 69.17683870540795,
        "Maximum concentration in positive electrode [mol.m-3]": 24476.362607438878,
        "Positive electrode porosity": 0.3372440822761308,
        "Positive electrode active material volume fraction": 0.5968423201577449,
        "Positive particle radius [m]": 7.141717539167367e-06,
        "Positive electrode Bruggeman coefficient (electrolyte)": 2.0294694355614196,
        "Positive electrode Bruggeman coefficient (electrode)": 0.0,
        "Positive electrode density [kg.m-3]": 3035.582220964422,
        "Positive electrode specific heat capacity [J.kg-1.K-1]": 1206.9394044967053,
        "Positive electrode thermal conductivity [W.m-1.K-1]": 1.178320238469198,
        "Positive electrode OCP entropic change [V.K-1]": 0.0,
        "Separator porosity": 0.8236875251495476,
        "Separator Bruggeman coefficient (electrolyte)": 2.0452884164451786,
        "Separator density [kg.m-3]": 1048.9074953697132,
        "Separator specific heat capacity [J.kg-1.K-1]": 1109.1142705117647,
        "Separator thermal conductivity [W.m-1.K-1]": 0.19315938966229002,
        "Initial concentration in electrolyte [mol.m-3]": 968.63369479167,
        "Cation transference number": 0.2820276829717312,
        "Thermodynamic factor": 1.0549124791265128,
        "Reference temperature [K]": 410.6384287294205,
        "Negative current collector surface heat transfer coefficient [W.m-2.K-1]": 8.58313109273606,
        "Positive current collector surface heat transfer coefficient [W.m-2.K-1]": 5.224149666813316,
        "Negative tab heat transfer coefficient [W.m-2.K-1]": 11.91934061525764,
        "Positive tab heat transfer coefficient [W.m-2.K-1]": 9.601567810987813,
        "Edge heat transfer coefficient [W.m-2.K-1]": 5.256164815564172,
        "Total heat transfer coefficient [W.m-2.K-1]": 5.220231626493798,
        "Ambient temperature [K]": 332.99122246973616,
        "Number of electrodes connected in parallel to make a cell": 1.295563208533222,
        "Number of cells connected in series to make a battery": 1.3006894489870802,
        "Lower voltage cut-off [V]": 3.6090334025698,
        "Upper voltage cut-off [V]": 4.860894387426251,
        "Open-circuit voltage at 0% SOC [V]": 2.4903790566626487,
        "Open-circuit voltage at 100% SOC [V]": 2.628591701449472,
        "Initial concentration in negative electrode [mol.m-3]": 19618.668418675035,
        "Initial concentration in positive electrode [mol.m-3]": 11048.506889549739,
        "Initial temperature [K]": 168.16703919484314
    },