{
    "config": {
        "Ideal gas constant [J.K-1.mol-1]": 8.162462327648605,
        "Faraday constant [C.mol-1]": 89090.62509476942,
        "Boltzmann constant [J.K-1]": 1.545674830621459e-23,
        "Electron charge [C]": 1.3625557781706195e-19,
        "Ratio of lithium moles to SEI moles": 2.885140187991375,
        "Inner SEI reaction proportion": 0.29804826046610977,
        "Inner SEI partial molar volume [m3.mol-1]": 0.0001298662179640298,
        "Outer SEI partial molar volume [m3.mol-1]": 8.71675364601918e-05,
        "SEI reaction exchange current density [A.m-2]": 1.4616248571461475e-07,
        "SEI resistivity [Ohm.m]": 131877.75893623143,
        "Outer SEI solvent diffusivity [m2.s-1]": 2.735671452488246e-22,
        "Bulk solvent concentration [mol.m-3]": 2758.968591354579,
        "Inner SEI open-circuit potential [V]": 0.11218024427642968,
        "Outer SEI open-circuit potential [V]": 0.9991651869074898,
        "Inner SEI electron conductivity [S.m-1]": 1.217638769015266e-13,
        "Inner SEI lithium interstitial diffusivity [m2.s-1]": 9.829151422772558e-21,
        "Lithium interstitial reference concentration [mol.m-3]": 13.011145057605583,
        "Initial inner SEI thickness [m]": 2.799096601652285e-09,
        "Initial outer SEI thickness [m]": 3.561623049459318e-09,
        "EC initial concentration in electrolyte [mol.m-3]": 5140.840988942362,
        "EC diffusivity [m2.s-1]": 1.893221537120345e-18,
        "SEI kinetic rate constant [m.s-1]": 7.96663591230322e-13,
        "SEI open-circuit potential [V]": 0.46999962885233415,
        "SEI growth activation energy [J.mol-1]": 0.0,
        "Negative electrode reaction-driven LAM factor [m3.mol-1]": 0.0,
        "Positive electrode reaction-driven LAM factor [m3.mol-1]": 0.0,
        "Negative current collector thickness [m]": 9.676422178577816e-06,
        "Negative electrode thickness [m]": 5.874082332427994e-05,
        "Separator thickness [m]": 1.0344381932308291e-05,
        "Positive electrode thickness [m]": 9.27658332290849e-05,
        "Positive current collector thickness [m]": 1.3552842817204789e-05,
        "Electrode height [m]": 0.08446384590444772,
        "Electrode width [m]": 1.7413289933960288,
        "Cell cooling surface area [m2]": 0.0050218376802330916,
        "Cell volume [m3]": 2.1557653576470312e-05,
        "Cell thermal expansion coefficient [m.K-1]": 7.872967612373265e-07,
        "Negative current collector conductivity [S.m-1]": 85979816.9094272,
        "Positive current collector conductivity [S.m-1]": 23531168.74987729,
        "Negative current collector density [kg.m-3]": 9576.389047993947,
        "Positive current collector density [kg.m-3]": 1851.9276011861539,
        "Negative current collector specific heat capacity [J.kg-1.K-1]": 372.8604493562523,
        "Positive current collector specific heat capacity [J.kg-1.K-1]": 1036.5269807086186,
        "Negative current collector thermal conductivity [W.m-1.K-1]": 478.5522988967948,
        "Positive current collector thermal conductivity [W.m-1.K-1]": 239.7338717505047,
        "Nominal cell capacity [A.h]": 4.111968521414519,
        "Current function [A]": 3.60594329824504,
        "Contact resistance [Ohm]": 0,
        "Negative electrode conductivity [S.m-1]": 167.57517310275244,
        "Maximum concentration in negative electrode [mol.m-3]": 22922.608773807522,
        "Negative particle diffusivity [m2.s-1]": 2.6641183047913842e-14,
        "Negative electrode porosity": 0.38517524554511756,
        "Negative electrode active material volume fraction": 0.96747818851266,
        "Negative particle radius [m]": 6.103833031955595e-06,
        "Negative electrode Bruggeman coefficient (electrolyte)": 1.2201806274865252,
        "Negative electrode Bruggeman coefficient (electrode)": 0,
        "Negative electrode charge transfer coefficient": 0.4650716717796598,
        "Negative electrode double-layer capacity [F.m-2]": 0.21891270948581903,
        "Negative electrode density [kg.m-3]": 1453.4220436449507,
        "Negative electrode specific heat capacity [J.kg-1.K-1]": 675.4018125260452,
        "Negative electrode thermal conductivity [W.m-1.K-1]": 2.0412811134948523,
        "Negative electrode OCP entropic change [V.K-1]": 0.0,
        "Positive electrode conductivity [S.m-1]": 0.21744439724813538,
        "Maximum concentration in positive electrode [mol.m-3]": 38702.94312837192,
        "Positive particle diffusivity [m2.s-1]": 2.902294138885125e-15,
        "Positive electrode porosity": 0.23563100026292125,
        "Positive electrode active material volume fraction": 0.978084121448644,
        "Positive particle radius [m]": 4.8424260936353155e-06,
        "Positive electrode Bruggeman coefficient (electrolyte)": 1.2718050368297282,
        "Positive electrode Bruggeman coefficient (electrode)": 0,
        "Positive electrode charge transfer coefficient": 0.4180723653409075,
        "Positive electrode double-layer capacity [F.m-2]": 0.13395772871689934,
        "Positive electrode density [kg.m-3]": 2234.975790217266,
        "Positive electrode specific heat capacity [J.kg-1.K-1]": 782.5104393393466,
        "Positive electrode thermal conductivity [W.m-1.K-1]": 3.287328309849749,
        "Positive electrode OCP entropic change [V.K-1]": 0.0,
        "Separator porosity": 0.31529824244773985,
        "Separator Bruggeman coefficient (electrolyte)": 1.7084599243613863,
        "Separator density [kg.m-3]": 420.34700067867453,
        "Separator specific heat capacity [J.kg-1.K-1]": 830.7753036609815,
        "Separator thermal conductivity [W.m-1.K-1]": 0.16124030684480722,
        "Initial concentration in electrolyte [mol.m-3]": 856.858108587894,
        "Cation transference number": 0.31167780483936247,
        "Thermodynamic factor": 1.0098203315055936,
        "Reference temperature [K]": 253.18269655519774,
        "Total heat transfer coefficient [W.m-2.K-1]": 13.085354101086672,
        "Ambient temperature [K]": 397.49210270982053,
        "Number of electrodes connected in parallel to make a cell": 1.0605150104038525,
        "Number of cells connected in series to make a battery": 1.3656756635176672,
        "Lower voltage cut-off [V]": 2.1659018562360135,
        "Upper voltage cut-off [V]": 4.605434213293289,
        "Open-circuit voltage at 0% SOC [V]": 2.521374180458968,
        "Open-circuit voltage at 100% SOC [V]": 2.24506193121953,
        "Initial concentration in negative electrode [mol.m-3]": 17061.625673436458,
        "Initial concentration in positive electrode [mol.m-3]": 15913.550826757299,
        "Initial temperature [K]": 373.47590109367576
    },