{
    "config": {
        "Ideal gas constant [J.K-1.mol-1]": 8.187888756074566,
        "Faraday constant [C.mol-1]": 109664.28032990369,
        "Boltzmann constant [J.K-1]": 1.666082134536103e-23,
        "Electron charge [C]": 2.0507339693675592e-19,
        "Lithium metal partial molar volume [m3.mol-1]": 1.39281223465853e-05,
        "Lithium plating kinetic rate constant [m.s-1]": 4.875093681331675e-10,
        "Initial plated lithium concentration [mol.m-3]": 0.0,
        "Typical plated lithium concentration [mol.m-3]": 1185.7751099577595,
        "Lithium plating transfer coefficient": 0.661178721230074,
        "Dead lithium decay constant [s-1]": 8.701508780986069e-07,
        "Ratio of lithium moles to SEI moles": 1.2496302320221087,
        "Inner SEI reaction proportion": 0.0,
        "Inner SEI partial molar volume [m3.mol-1]": 5.592761942572826e-05,
        "Outer SEI partial molar volume [m3.mol-1]": 0.00010432152739892878,
        "SEI reaction exchange current density [A.m-2]": 9.431185284646502e-08,
        "SEI resistivity [Ohm.m]": 207688.9857886762,
        "Outer SEI solvent diffusivity [m2.s-1]": 2.39782994544358e-22,
        "Bulk solvent concentration [mol.m-3]": 2143.2014174218566,
        "Inner SEI open-circuit potential [V]": 0.08259411705755235,
        "Outer SEI open-circuit potential [V]": 0.7195665300911502,
        "Inner SEI electron conductivity [S.m-1]": 1.3376449852699994e-13,
        "Inner SEI lithium interstitial diffusivity [m2.s-1]": 1.3782490518496942e-20,
        "Lithium interstitial reference concentration [mol.m-3]": 5.378573577867014,
        "Initial inner SEI thickness [m]": 0.0,
        "Initial outer SEI thickness [m]": 5.473481918211318e-09,
        "EC initial concentration in electrolyte [mol.m-3]": 5272.703884523991,
        "EC diffusivity [m2.s-1]": 1.8605807880823007e-18,
        "SEI kinetic rate constant [m.s-1]": 1.1660468917013126e-12,
        "SEI open-circuit potential [V]": 0.16284994747504242,
        "SEI growth activation energy [J.mol-1]": 49398.48267219808,
        "Negative electrode reaction-driven LAM factor [m3.mol-1]": 0.0,
        "Positive electrode reaction-driven LAM factor [m3.mol-1]": 0.0,
        "Negative current collector thickness [m]": 9.478385299661276e-06,
        "Negative electrode thickness [m]": 0.00011187779263547531,
        "Separator thickness [m]": 1.4397562820642494e-05,
        "Positive electrode thickness [m]": 9.877351977682265e-05,
        "Positive current collector thickness [m]": 1.1946498501365465e-05,
        "Electrode height [m]": 0.06320313897998264,
        "Electrode width [m]": 1.8408997025146574,
        "Cell cooling surface area [m2]": 0.007006181438273759,
        "Cell volume [m3]": 1.997921310426257e-05,
        "Cell thermal expansion coefficient [m.K-1]": 1.248638937330214e-06,
        "Negative current collector conductivity [S.m-1]": 57551188.56233375,
        "Positive current collector conductivity [S.m-1]": 32886032.67715961,
        "Negative current collector density [kg.m-3]": 5294.608000373108,
        "Positive current collector density [kg.m-3]": 3535.592394339224,
        "Negative current collector specific heat capacity [J.kg-1.K-1]": 550.031995241155,
        "Positive current collector specific heat capacity [J.kg-1.K-1]": 616.1287433176102,
        "Negative current collector thermal conductivity [W.m-1.K-1]": 600.3446929919324,
        "Positive current collector thermal conductivity [W.m-1.K-1]": 235.1822600927938,
        "Nominal cell capacity [A.h]": 4.874924443848713,
        "Current function [A]": 6.492072641104107,
        "Contact resistance [Ohm]": 0,
        "Negative electrode conductivity [S.m-1]": 102.54857257674381,
        "Maximum concentration in negative electrode [mol.m-3]": 30529.57750329814,
        "Negative electrode porosity": 0.3185624392671524,
        "Negative electrode active material volume fraction": 0.6786942648177724,
        "Negative particle radius [m]": 5.714244678306197e-06,
        "Negative electrode Bruggeman coefficient (electrolyte)": 2.1806296738881206,
        "Negative electrode Bruggeman coefficient (electrode)": 1.7173915149732741,
        "Negative electrode charge transfer coefficient": 0.7131648514427246,
        "Negative electrode double-layer capacity [F.m-2]": 0.15817461572925293,
        "Negative electrode density [kg.m-3]": 1272.6445246220392,
        "Negative electrode specific heat capacity [J.kg-1.K-1]": 462.764555872472,
        "Negative electrode thermal conductivity [W.m-1.K-1]": 1.7974239324240333,
        "Negative electrode OCP entropic change [V.K-1]": 0.0,
        "Negative electrode Poisson's ratio": 0.3072342545315202,
        "Negative electrode Young's modulus [Pa]": 19126663388.89775,
        "Negative electrode reference concentration for free of deformation [mol.m-3]": 0.0,
        "Negative electrode partial molar volume [m3.mol-1]": 2.5956863039249858e-06,
        "Negative electrode initial crack length [m]": 1.5292707271609485e-08,
        "Negative electrode initial crack width [m]": 1.5132942967371777e-08,
        "Negative electrode number of cracks per unit area [m-2]": 2069598555739585.5,
        "Negative electrode Paris' law constant b": 1.521833198209571,
        "Negative electrode Paris' law constant m": 2.2150540551403015,
        "Negative electrode LAM constant proportional term [s-1]": 3.2677904567020793e-07,
        "Negative electrode LAM constant exponential term": 2.506229638022685,
        "Negative electrode critical stress [Pa]": 56667335.80883537,
        "Positive electrode conductivity [S.m-1]": 0.21589668585105776,
        "Maximum concentration in positive electrode [mol.m-3]": 96287.10846186828,
        "Positive electrode porosity": 0.1982542403993707,
        "Positive electrode active material volume fraction": 0.7134901579752556,
        "Positive particle radius [m]": 7.168760027003141e-06,
        "Positive electrode Bruggeman coefficient (electrolyte)": 1.8089023321884479,
        "Positive electrode Bruggeman coefficient (electrode)": 1.5435780521796492,
        "Positive electrode charge transfer coefficient": 0.4599237366719588,
        "Positive electrode double-layer capacity [F.m-2]": 0.2289870648680579,
        "Positive electrode density [kg.m-3]": 1693.499538324371,
        "Positive electrode specific heat capacity [J.kg-1.K-1]": 683.9021143622549,
        "Positive electrode thermal conductivity [W.m-1.K-1]": 2.717307708719464,
        "Positive electrode OCP entropic change [V.K-1]": 0.0,
        "Positive electrode Poisson's ratio": 0.21172375990341954,
        "Positive electrode Young's modulus [Pa]": 255757562774.84048,
        "Positive electrode reference concentration for free of deformation [mol.m-3]": 0.0,
        "Positive electrode partial molar volume [m3.mol-1]": 1.3049540502172635e-05,
        "Positive electrode initial crack length [m]": 1.7257837127565037e-08,
        "Positive electrode initial crack width [m]": 1.2677441056429588e-08,
        "Positive electrode number of cracks per unit area [m-2]": 3937879284834120.0,
        "Positive electrode Paris' law constant b": 1.0529896650009367,
        "Positive electrode Paris' law constant m": 2.578519054552517,
        "Positive electrode LAM constant proportional term [s-1]": 2.8738241337665743e-07,
        "Positive electrode LAM constant exponential term": 1.4190068209307438,
        "Positive electrode critical stress [Pa]": 320826728.959667,
        "Separator porosity": 0.537486539089093,
        "Separator Bruggeman coefficient (electrolyte)": 1.0167045192235398,
        "Separator density [kg.m-3]": 425.07926484490434,
        "Separator specific heat capacity [J.kg-1.K-1]": 793.0423242513026,
        "Separator thermal conductivity [W.m-1.K-1]": 0.21731290082701657,
        "Initial concentration in electrolyte [mol.m-3]": 1134.9312454546516,
        "Cation transference number": 0.27383814680958696,