{
    "config": {
        "Ideal gas constant [J.K-1.mol-1]": 11.399975313169515,
        "Faraday constant [C.mol-1]": 92122.29821099382,
        "Boltzmann constant [J.K-1]": 1.2499855153847322e-23,
        "Electron charge [C]": 1.5454823794631042e-19,
        "Ratio of lithium moles to SEI moles": 1.6826556164954185,
        "Inner SEI reaction proportion": 0.592272142842132,
        "Inner SEI partial molar volume [m3.mol-1]": 6.461568992488848e-05,
        "Outer SEI partial molar volume [m3.mol-1]": 5.6225705672749914e-05,
        "SEI reaction exchange current density [A.m-2]": 1.6927599009194265e-07,
        "SEI resistivity [Ohm.m]": 266727.9890056434,
        "Outer SEI solvent diffusivity [m2.s-1]": 2.3044062361918633e-22,
        "Bulk solvent concentration [mol.m-3]": 2318.387123826319,
        "Inner SEI open-circuit potential [V]": 0.09202768545224499,
        "Outer SEI open-circuit potential [V]": 0.6418824014721654,
        "Inner SEI electron conductivity [S.m-1]": 1.1290953011388019e-13,
        "Inner SEI lithium interstitial diffusivity [m2.s-1]": 9.265469504450965e-21,
        "Lithium interstitial reference concentration [mol.m-3]": 22.49006309973029,
        "Initial inner SEI thickness [m]": 1.5505676349371325e-09,
        "Initial outer SEI thickness [m]": 2.055525518471676e-09,
        "EC initial concentration in electrolyte [mol.m-3]": 4432.782625499386,
        "EC diffusivity [m2.s-1]": 1.9184812114601355e-18,
        "SEI kinetic rate constant [m.s-1]": 7.657867004296634e-13,
        "SEI open-circuit potential [V]": 0.5336088293658987,
        "SEI growth activation energy [J.mol-1]": 0.0,
        "Negative electrode reaction-driven LAM factor [m3.mol-1]": 0.0,
        "Positive electrode reaction-driven LAM factor [m3.mol-1]": 0.0,
        "Negative current collector thickness [m]": 1.2557876687325722e-05,
        "Negative electrode thickness [m]": 5.560564275667238e-05,
        "Separator thickness [m]": 8.922126882336554e-06,
        "Positive electrode thickness [m]": 5.7056301532670723e-05,
        "Positive current collector thickness [m]": 1.5396766803451888e-05,
        "Electrode height [m]": 0.09439055095045537,
        "Electrode width [m]": 1.598513311035271,
        "Cell cooling surface area [m2]": 0.0028760829218332598,
        "Cell volume [m3]": 2.26378857208637e-05,
        "Cell thermal expansion coefficient [m.K-1]": 1.4316321912083332e-06,
        "Negative current collector conductivity [S.m-1]": 67420163.69348948,
        "Positive current collector conductivity [S.m-1]": 47233851.58478081,
        "Negative current collector density [kg.m-3]": 9346.71734406398,
        "Positive current collector density [kg.m-3]": 3567.149482665594,
        "Negative current collector specific heat capacity [J.kg-1.K-1]": 328.900434568566,
        "Positive current collector specific heat capacity [J.kg-1.K-1]": 1040.0883542744039,
        "Negative current collector thermal conductivity [W.m-1.K-1]": 433.5375624455054,
        "Positive current collector thermal conductivity [W.m-1.K-1]": 252.7265338343626,
        "Nominal cell capacity [A.h]": 7.466487976500506,
        "Current function [A]": 5.1829442953116756,
        "Contact resistance [Ohm]": 0,
        "Negative electrode conductivity [S.m-1]": 254.16075564922417,
        "Maximum concentration in negative electrode [mol.m-3]": 40482.14033195116,
        "Negative particle diffusivity [m2.s-1]": 2.283913085292578e-14,
        "Negative electrode porosity": 0.2938533165414593,
        "Negative electrode active material volume fraction": 0.6850677681949736,
        "Negative particle radius [m]": 3.918301028213182e-06,
        "Negative electrode Bruggeman coefficient (electrolyte)": 1.8501502515985337,
        "Negative electrode Bruggeman coefficient (electrode)": 0,
        "Negative electrode charge transfer coefficient": 0.6724731758781968,
        "Negative electrode double-layer capacity [F.m-2]": 0.1635936860485624,
        "Negative electrode density [kg.m-3]": 2132.129230068039,
        "Negative electrode specific heat capacity [J.kg-1.K-1]": 628.4240460847186,
        "Negative electrode thermal conductivity [W.m-1.K-1]": 0.7733774112047432,
        "Negative electrode OCP entropic change [V.K-1]": 0.0,
        "Positive electrode conductivity [S.m-1]": 0.19656324257004879,
        "Maximum concentration in positive electrode [mol.m-3]": 60884.11242361017,
        "Positive particle diffusivity [m2.s-1]": 4.438133508799493e-15,
        "Positive electrode porosity": 0.29381478883431045,
        "Positive electrode active material volume fraction": 0.6540792867535719,
        "Positive particle radius [m]": 3.916026730216795e-06,
        "Positive electrode Bruggeman coefficient (electrolyte)": 1.9644502729694757,
        "Positive electrode Bruggeman coefficient (electrode)": 0,
        "Positive electrode charge transfer coefficient": 0.5927599280611078,
        "Positive electrode double-layer capacity [F.m-2]": 0.16974345413230424,
        "Positive electrode density [kg.m-3]": 1942.1733605039685,
        "Positive electrode specific heat capacity [J.kg-1.K-1]": 739.4606773300496,
        "Positive electrode thermal conductivity [W.m-1.K-1]": 3.2836900918974923,
        "Positive electrode OCP entropic change [V.K-1]": 0.0,
        "Separator porosity": 0.48647409139363323,
        "Separator Bruggeman coefficient (electrolyte)": 1.3388001552058157,
        "Separator density [kg.m-3]": 348.5443221006893,
        "Separator specific heat capacity [J.kg-1.K-1]": 715.924449074504,
        "Separator thermal conductivity [W.m-1.K-1]": 0.17768122242322257,
        "Initial concentration in electrolyte [mol.m-3]": 619.9885375291008,
        "Cation transference number": 0.23816580423439596,
        "Thermodynamic factor": 1.0373738173936833,
        "Reference temperature [K]": 311.151663793,
        "Total heat transfer coefficient [W.m-2.K-1]": 10.609377985282439,
        "Ambient temperature [K]": 287.3339634469293,
        "Number of electrodes connected in parallel to make a cell": 1.3909460635792126,
        "Number of cells connected in series to make a battery": 0.9599164347210393,
        "Lower voltage cut-off [V]": 2.6390530186592613,
        "Upper voltage cut-off [V]": 4.507860768070699,
        "Open-circuit voltage at 0% SOC [V]": 3.0113368806027494,
        "Open-circuit voltage at 100% SOC [V]": 2.544877932421633,
        "Initial concentration in negative electrode [mol.m-3]": 28977.629181162218,
        "Initial concentration in positive electrode [mol.m-3]": 20116.675147223348,
        "Initial temperature [K]": 327.24055296076
    },