{
    "config": {
        "Ideal gas constant [J.K-1.mol-1]": 5.054565685051065,
        "Faraday constant [C.mol-1]": 125742.02492152067,
        "Boltzmann constant [J.K-1]": 1.792908835276554e-23,
        "Electron charge [C]": 1.922509484545375e-19,
        "Ratio of lithium moles to SEI moles": 2.1645943721039846,
        "Inner SEI reaction proportion": 0.5500591909812289,
        "Inner SEI partial molar volume [m3.mol-1]": 0.00010413864069998438,
        "Outer SEI partial molar volume [m3.mol-1]": 0.00012408719802392985,
        "SEI reaction exchange current density [A.m-2]": 1.2183731671354176e-07,
        "SEI resistivity [Ohm.m]": 217033.3039083266,
        "Outer SEI solvent diffusivity [m2.s-1]": 2.7844464619295296e-22,
        "Bulk solvent concentration [mol.m-3]": 3753.753389627901,
        "Inner SEI open-circuit potential [V]": 0.0951752127756228,
        "Outer SEI open-circuit potential [V]": 0.5561148710844496,
        "Inner SEI electron conductivity [S.m-1]": 8.145299673825115e-14,
        "Inner SEI lithium interstitial diffusivity [m2.s-1]": 8.335152543773039e-21,
        "Lithium interstitial reference concentration [mol.m-3]": 10.734270213649147,
        "Initial inner SEI thickness [m]": 3.1191059913195257e-09,
        "Initial outer SEI thickness [m]": 2.09789524668999e-09,
        "EC initial concentration in electrolyte [mol.m-3]": 4458.220765555655,
        "EC diffusivity [m2.s-1]": 1.639672607511338e-18,
        "SEI kinetic rate constant [m.s-1]": 9.230378079070094e-13,
        "SEI open-circuit potential [V]": 0.3886838342675509,
        "SEI growth activation energy [J.mol-1]": 0.0,
        "Negative electrode reaction-driven LAM factor [m3.mol-1]": 0.0,
        "Positive electrode reaction-driven LAM factor [m3.mol-1]": 0.0,
        "Negative current collector thickness [m]": 5.565425344321229e-06,
        "Negative electrode thickness [m]": 5.699185833992066e-05,
        "Separator thickness [m]": 2.794918870487903e-05,
        "Positive electrode thickness [m]": 4.7541925698745886e-05,
        "Positive current collector thickness [m]": 1.1906678895230966e-05,
        "Electrode height [m]": 0.18576019397679347,
        "Electrode width [m]": 0.15348656846571992,
        "Negative tab width [m]": 0.015198003729214937,
        "Negative tab centre y-coordinate [m]": 0.01994187629972764,
        "Negative tab centre z-coordinate [m]": 0.11886545827025778,
        "Positive tab width [m]": 0.05687477763732031,
        "Positive tab centre y-coordinate [m]": 0.13757562090590678,
        "Positive tab centre z-coordinate [m]": 0.2498934767608602,
        "Cell cooling surface area [m2]": 0.06469762682529015,
        "Cell volume [m3]": 5.384868719814403e-06,
        "Negative current collector conductivity [S.m-1]": 48529876.3822096,
        "Positive current collector conductivity [S.m-1]": 29964471.00130463,
        "Negative current collector density [kg.m-3]": 10934.455382058903,
        "Positive current collector density [kg.m-3]": 3844.8392296376833,
        "Negative current collector specific heat capacity [J.kg-1.K-1]": 350.82079644998265,
        "Positive current collector specific heat capacity [J.kg-1.K-1]": 1054.456806350267,
        "Negative current collector thermal conductivity [W.m-1.K-1]": 270.75440653538476,
        "Positive current collector thermal conductivity [W.m-1.K-1]": 168.39329678280617,
        "Nominal cell capacity [A.h]": 0.3188127844378887,
        "Current function [A]": 0.43969251110929874,
        "Contact resistance [Ohm]": 0,
        "Negative electrode conductivity [S.m-1]": 77.85254669063521,
        "Maximum concentration in negative electrode [mol.m-3]": 23592.713596102392,
        "Negative electrode porosity": 0.485169005357761,
        "Negative electrode active material volume fraction": 0.5820764892185112,
        "Negative particle radius [m]": 5.513067348180773e-07,
        "Negative electrode Bruggeman coefficient (electrolyte)": 2.141926319383437,
        "Negative electrode Bruggeman coefficient (electrode)": 2.6513573594001545,
        "Negative electrode charge transfer coefficient": 0.595287586833378,
        "Negative electrode double-layer capacity [F.m-2]": 0.0820513115286893,
        "Negative electrode density [kg.m-3]": 1982.9582088155412,
        "Negative electrode specific heat capacity [J.kg-1.K-1]": 697.0757707525959,
        "Negative electrode thermal conductivity [W.m-1.K-1]": 1.149941673616346,
        "Negative electrode OCP entropic change [V.K-1]": 0.0,
        "Positive electrode conductivity [S.m-1]": 5.238202395037241,
        "Maximum concentration in positive electrode [mol.m-3]": 55329.49913254141,
        "Positive electrode porosity": 0.33160397674702075,
        "Positive electrode active material volume fraction": 0.44239903507465045,
        "Positive particle radius [m]": 1.6425247011687028e-06,
        "Positive electrode Bruggeman coefficient (electrolyte)": 1.4888902495128464,
        "Positive electrode Bruggeman coefficient (electrode)": 2.519736588793173,
        "Positive electrode charge transfer coefficient": 0.37663075756081643,
        "Positive electrode double-layer capacity [F.m-2]": 0.275821347309555,
        "Positive electrode density [kg.m-3]": 3269.0198235126527,
        "Positive electrode specific heat capacity [J.kg-1.K-1]": 442.86445109715714,
        "Positive electrode thermal conductivity [W.m-1.K-1]": 1.3088841599838692,
        "Positive electrode OCP entropic change [V.K-1]": 0.0,
        "Separator porosity": 0.3126671497578496,
        "Separator Bruggeman coefficient (electrolyte)": 1.0389525186158763,
        "Separator density [kg.m-3]": 550.2007479620912,
        "Separator specific heat capacity [J.kg-1.K-1]": 921.4962807428374,
        "Separator thermal conductivity [W.m-1.K-1]": 0.1298739885243585,
        "Initial concentration in electrolyte [mol.m-3]": 1276.0755792304547,
        "Cation transference number": 0.3576740392181004,
        "Thermodynamic factor": 0.8718975272026254,
        "Reference temperature [K]": 294.93450122906364,
        "Negative current collector surface heat transfer coefficient [W.m-2.K-1]": 0.0,
        "Positive current collector surface heat transfer coefficient [W.m-2.K-1]": 0.0,
        "Negative tab heat transfer coefficient [W.m-2.K-1]": 26.46911576830513,
        "Positive tab heat transfer coefficient [W.m-2.K-1]": 27.281474409933782,
        "Edge heat transfer coefficient [W.m-2.K-1]": 0.25043764825546594,
        "Total heat transfer coefficient [W.m-2.K-1]": 29.944174973784204,
        "Ambient temperature [K]": 221.67784420788388,
        "Number of electrodes connected in parallel to make a cell": 0.956228032804311,
        "Number of cells connected in series to make a battery": 0.7698096227730222,
        "Lower voltage cut-off [V]": 2.7644036631848405,
        "Upper voltage cut-off [V]": 4.334669708153814,
        "Open-circuit voltage at 0% SOC [V]": 3.4265926180776445,
        "Open-circuit voltage at 100% SOC [V]": 4.1217832804978976,
        "Initial concentration in negative electrode [mol.m-3]": 15044.853035955597,
        "Initial concentration in positive electrode [mol.m-3]": 21467.31216285459,
        "Initial temperature [K]": 248.55523329759006
    },
    "V": [
        4.025132029692772,
        3.982123786826028,
        3.9526998260724078,
        3.9354735326082375,
        3.9133939637470667,
        3.8912392622100027,
        3.8666518414705147,
        3.8502035406897805,
        3.794248000152982,
        3.4727454187376696,
        3.2057708915767416,
        3.116277910935915,
        2.8774650319781223,
        2.7644136631848357
    ],