{
    "config": {
        "Ideal gas constant [J.K-1.mol-1]": 9.123563657098956,
        "Faraday constant [C.mol-1]": 79168.92346395396,
        "Boltzmann constant [J.K-1]": 1.6124270576296002e-23,
        "Electron charge [C]": 1.4442493870644112e-19,
        "Ratio of lithium moles to SEI moles": 2.7306270335805505,
        "Inner SEI reaction proportion": 0.6079624280886259,
        "Inner SEI partial molar volume [m3.mol-1]": 0.0001395323805759116,
        "Outer SEI partial molar volume [m3.mol-1]": 9.442853776073171e-05,
        "SEI reaction exchange current density [A.m-2]": 1.4413436538956788e-07,
        "SEI resistivity [Ohm.m]": 200516.2840289542,
        "Outer SEI solvent diffusivity [m2.s-1]": 3.746213946609141e-22,
        "Bulk solvent concentration [mol.m-3]": 3173.4336136204392,
        "Inner SEI open-circuit potential [V]": 0.11353072827733074,
        "Outer SEI open-circuit potential [V]": 0.7585571322391071,
        "Inner SEI electron conductivity [S.m-1]": 9.13321268325907e-14,
        "Inner SEI lithium interstitial diffusivity [m2.s-1]": 9.899589470982884e-21,
        "Lithium interstitial reference concentration [mol.m-3]": 15.052219037266246,
        "Initial inner SEI thickness [m]": 2.1987951156991386e-09,
        "Initial outer SEI thickness [m]": 3.1276498643337083e-09,
        "EC initial concentration in electrolyte [mol.m-3]": 5646.648111374667,
        "EC diffusivity [m2.s-1]": 2.2578389795146022e-18,
        "SEI kinetic rate constant [m.s-1]": 9.357997796174504e-13,
        "SEI open-circuit potential [V]": 0.4274316275307181,
        "SEI growth activation energy [J.mol-1]": 0.0,
        "Negative electrode reaction-driven LAM factor [m3.mol-1]": 0.0,
        "Positive electrode reaction-driven LAM factor [m3.mol-1]": 0.0,
        "Negative current collector thickness [m]": 1.0461672742733161e-05,
        "Negative electrode thickness [m]": 5.8531421640737115e-05,
        "Separator thickness [m]": 1.3822134952476663e-05,
        "Positive electrode thickness [m]": 8.188174913292309e-05,
        "Positive current collector thickness [m]": 2.0012105747230658e-05,
        "Electrode height [m]": 0.04673467264381337,
        "Electrode width [m]": 0.03480586723202913,
        "Cell cooling surface area [m2]": 0.00649592794890354,
        "Cell volume [m3]": 1.9555639561590565e-05,
        "Cell emissivity": 0.9620901622191042,
        "Cell thermal expansion coefficient [m.K-1]": 1.6720295173899423e-06,
        "Negative current collector conductivity [S.m-1]": 69604444.88183147,
        "Positive current collector conductivity [S.m-1]": 36653528.78716896,
        "Negative current collector density [kg.m-3]": 11273.301879692683,
        "Positive current collector density [kg.m-3]": 3630.161604928331,
        "Negative current collector specific heat capacity [J.kg-1.K-1]": 436.95249035446284,
        "Positive current collector specific heat capacity [J.kg-1.K-1]": 1375.4382855786857,
        "Negative current collector thermal conductivity [W.m-1.K-1]": 506.53700690481423,
        "Positive current collector thermal conductivity [W.m-1.K-1]": 133.07124950951575,
        "Nominal cell capacity [A.h]": 2.8050202812801066,
        "Current function [A]": 1.428766619806872,
        "Contact resistance [Ohm]": 0,
        "Negative electrode conductivity [S.m-1]": 126.52332606376359,
        "Maximum concentration in negative electrode [mol.m-3]": 37214.6565047025,
        "Negative electrode porosity": 0.2668792793918391,
        "Negative electrode active material volume fraction": 0.756930881962129,
        "Negative particle radius [m]": 5.516431407353545e-06,
        "Negative electrode Bruggeman coefficient (electrolyte)": 2.483028408946387,
        "Negative electrode Bruggeman coefficient (electrode)": 0.0,
        "Negative electrode charge transfer coefficient": 0.43068524145311,
        "Negative electrode double-layer capacity [F.m-2]": 0.17023684243276754,
        "Negative electrode density [kg.m-3]": 3825.1735032869465,
        "Negative electrode specific heat capacity [J.kg-1.K-1]": 838.8652331333129,
        "Negative electrode thermal conductivity [W.m-1.K-1]": 1.1499042883856694,
        "Negative electrode Poisson's ratio": 0.4585031435052985,
        "Negative electrode Young's modulus [Pa]": 19462540041.231907,
        "Negative electrode reference concentration for free of deformation [mol.m-3]": 0.0,
        "Negative electrode partial molar volume [m3.mol-1]": 3.3952790209197063e-06,
        "Negative electrode initial crack length [m]": 2.7093580680306565e-08,
        "Negative electrode initial crack width [m]": 9.065419480585573e-09,
        "Negative electrode number of cracks per unit area [m-2]": 4076182141743656.5,
        "Negative electrode Paris' law constant b": 1.0958420326354719,
        "Negative electrode Paris' law constant m": 2.2387296713796876,
        "Negative electrode activation energy for cracking rate [J.mol-1]": 0.0,
        "Negative electrode LAM constant proportional term [s-1]": 0.0,
        "Negative electrode LAM constant exponential term": 1.454578625993617,
        "Negative electrode critical stress [Pa]": 39471628.19107242,
        "Positive electrode conductivity [S.m-1]": 7.410462897262139,
        "Maximum concentration in positive electrode [mol.m-3]": 42111.145742229884,
        "Positive electrode porosity": 0.26547944392055534,
        "Positive electrode active material volume fraction": 0.8655225336576962,
        "Positive particle radius [m]": 3.4830368945162765e-06,
        "Positive electrode surface area to volume ratio [m-1]": 526983.2763954694,
        "Positive electrode Bruggeman coefficient (electrolyte)": 2.2887399514854887,
        "Positive electrode Bruggeman coefficient (electrode)": 0.0,
        "Positive electrode charge transfer coefficient": 0.5093351861387693,
        "Positive electrode double-layer capacity [F.m-2]": 0.19913026132214098,
        "Positive electrode density [kg.m-3]": 2219.221069596092,
        "Positive electrode specific heat capacity [J.kg-1.K-1]": 1002.7246081912042,
        "Positive electrode thermal conductivity [W.m-1.K-1]": 1.4223305652766713,
        "Positive electrode Poisson's ratio": 0.18956644320024063,
        "Positive electrode Young's modulus [Pa]": 161496782767.2141,
        "Positive electrode reference concentration for free of deformation [mol.m-3]": 0.0,
        "Positive electrode partial molar volume [m3.mol-1]": 1.35913222694899e-07,
        "Positive electrode initial crack length [m]": 1.5586846971326234e-08,
        "Positive electrode initial crack width [m]": 8.004836127006008e-09,
        "Positive electrode number of cracks per unit area [m-2]": 2228816373880783.5,
        "Positive electrode Paris' law constant b": 1.0095933375767911,
        "Positive electrode Paris' law constant m": 1.9887822336941905,
        "Positive electrode activation energy for cracking rate [J.mol-1]": 0.0,
        "Positive electrode LAM constant proportional term [s-1]": 2.249672128198179e-13,
        "Positive electrode LAM constant exponential term": 2.289152952252871,
        "Positive electrode critical stress [Pa]": 301056049.0300471,
        "Separator porosity": 0.50393400314255,
        "Separator Bruggeman coefficient (electrolyte)": 2.354027860538923,
        "Separator density [kg.m-3]": 2339.381420766653,
        "Separator specific heat capacity [J.kg-1.K-1]": 1076.541378857794,
        "Separator thermal conductivity [W.m-1.K-1]": 0.20194093116543083,
        "Initial concentration in electrolyte [mol.m-3]": 1027.4782360004488,
        "Cation transference number": 0.42463934466120523,
        "Reference temperature [K]": 180.15391421134478,
        "Total heat transfer coefficient [W.m-2.K-1]": 31.28452356839569,
        "Ambient temperature [K]": 361.8550014358222,
        "Number of electrodes connected in parallel to make a cell": 27.88388710632837,