{
    "config": {
        "Ideal gas constant [J.K-1.mol-1]": 7.933340478622112,
        "Faraday constant [C.mol-1]": 53782.469801081796,
        "Boltzmann constant [J.K-1]": 1.762025098582256e-23,
        "Electron charge [C]": 1.8861874988081363e-19,
        "Ratio of lithium moles to SEI moles": 1.7103432544651715,
        "Inner SEI reaction proportion": 0.7223034886786397,
        "Inner SEI partial molar volume [m3.mol-1]": 0.00014078238638281896,
        "Outer SEI partial molar volume [m3.mol-1]": 0.00012242437991731876,
        "SEI reaction exchange current density [A.m-2]": 2.380233273622558e-06,
        "SEI resistivity [Ohm.m]": 248659.2371109532,
        "Outer SEI solvent diffusivity [m2.s-1]": 3.1737662280937923e-22,
        "Bulk solvent concentration [mol.m-3]": 3165.1580549191626,
        "Inner SEI open-circuit potential [V]": 0.11331384476030137,
        "Outer SEI open-circuit potential [V]": 0.723996684011204,
        "Inner SEI electron conductivity [S.m-1]": 7.471623657552958e-14,
        "Inner SEI lithium interstitial diffusivity [m2.s-1]": 7.137856717591988e-21,
        "Lithium interstitial reference concentration [mol.m-3]": 17.464671261623415,
        "Initial inner SEI thickness [m]": 2.9052570831071867e-09,
        "Initial outer SEI thickness [m]": 1.9296403355748156e-09,
        "EC initial concentration in electrolyte [mol.m-3]": 3397.77901177439,
        "EC diffusivity [m2.s-1]": 1.8054626133474637e-18,
        "SEI kinetic rate constant [m.s-1]": 1.0940113822644586e-12,
        "SEI open-circuit potential [V]": 0.0,
        "SEI growth activation energy [J.mol-1]": 0.0,
        "Negative current collector thickness [m]": 1.042328915907739e-05,
        "Negative electrode thickness [m]": 0.00010553819643347562,
        "Separator thickness [m]": 2.3362961249550167e-05,
        "Positive electrode thickness [m]": 7.724782848693451e-05,
        "Positive current collector thickness [m]": 1.0096625557050368e-05,
        "Electrode height [m]": 0.05847649768647213,
        "Electrode width [m]": 1.031095168329223,
        "Negative tab width [m]": 0.03534716074629102,
        "Negative tab centre y-coordinate [m]": 0.06610736366407644,
        "Negative tab centre z-coordinate [m]": 0.18899117780873387,
        "Positive tab width [m]": 0.04623380301954699,
        "Positive tab centre y-coordinate [m]": 0.21437096940983327,
        "Positive tab centre z-coordinate [m]": 0.16696705711625204,
        "Negative current collector conductivity [S.m-1]": 64828422.01398384,
        "Positive current collector conductivity [S.m-1]": 35611306.787332185,
        "Negative current collector density [kg.m-3]": 5098.709709943052,
        "Positive current collector density [kg.m-3]": 3199.593141044831,
        "Negative current collector specific heat capacity [J.kg-1.K-1]": 596.9782481424999,
        "Positive current collector specific heat capacity [J.kg-1.K-1]": 1342.8504145620618,
        "Negative current collector thermal conductivity [W.m-1.K-1]": 604.1324249852573,
        "Positive current collector thermal conductivity [W.m-1.K-1]": 197.75668643539245,
        "Nominal cell capacity [A.h]": 0.936818661290833,
        "Current function [A]": 1.2544147840170183,
        "Contact resistance [Ohm]": 0,
        "Negative electrode conductivity [S.m-1]": 57.43942506421234,
        "Maximum concentration in negative electrode [mol.m-3]": 26370.15413486444,
        "Negative electrode porosity": 0.3736034907930139,
        "Negative electrode active material volume fraction": 0.48712715942100826,
        "Negative particle radius [m]": 2.4101716900184914e-06,
        "Negative electrode Bruggeman coefficient (electrolyte)": 2.7319073120238517,
        "Negative electrode Bruggeman coefficient (electrode)": 4.498675737341843,
        "Negative electrode charge transfer coefficient": 0.24674260163445738,
        "Negative electrode double-layer capacity [F.m-2]": 0.16338157643136178,
        "Negative electrode density [kg.m-3]": 2217.15805000482,
        "Negative electrode specific heat capacity [J.kg-1.K-1]": 744.5498352257486,
        "Negative electrode thermal conductivity [W.m-1.K-1]": 1.6414749654476046,
        "Positive electrode conductivity [S.m-1]": 53.71302918822982,
        "Maximum concentration in positive electrode [mol.m-3]": 36534.21232801107,
        "Positive electrode porosity": 0.4290589286493968,
        "Positive electrode active material volume fraction": 0.743913153293397,
        "Positive particle radius [m]": 1.7526952943024437e-06,
        "Positive electrode Bruggeman coefficient (electrolyte)": 2.5891973300911566,
        "Positive electrode Bruggeman coefficient (electrode)": 4.393458910165133,
        "Positive electrode charge transfer coefficient": 0.34831858891827294,
        "Positive electrode double-layer capacity [F.m-2]": 0.21975451238730548,
        "Positive electrode density [kg.m-3]": 2616.2388431289337,
        "Positive electrode specific heat capacity [J.kg-1.K-1]": 830.797599699708,
        "Positive electrode thermal conductivity [W.m-1.K-1]": 1.6410971614022956,
        "Separator porosity": 0.5109958759973438,
        "Separator Bruggeman coefficient (electrolyte)": 1.8982318966783138,
        "Separator density [kg.m-3]": 1129.987433223217,
        "Separator specific heat capacity [J.kg-1.K-1]": 1399.7144359352017,
        "Separator thermal conductivity [W.m-1.K-1]": 0.33684726004698196,
        "Initial concentration in electrolyte [mol.m-3]": 1158.4461998195598,
        "Cation transference number": 0.3270442509609055,
        "Thermodynamic factor": 1.126643951991953,
        "Reference temperature [K]": 391.3424222562259,
        "Ambient temperature [K]": 288.4030529953854,
        "Negative current collector surface heat transfer coefficient [W.m-2.K-1]": 0.0,
        "Positive current collector surface heat transfer coefficient [W.m-2.K-1]": 0.0,
        "Negative tab heat transfer coefficient [W.m-2.K-1]": 11.030016718419276,
        "Positive tab heat transfer coefficient [W.m-2.K-1]": 11.834813067856507,
        "Edge heat transfer coefficient [W.m-2.K-1]": 0.2749292464799967,
        "Number of electrodes connected in parallel to make a cell": 1.3426717525270362,
        "Number of cells connected in series to make a battery": 0.5699640156842636,
        "Lower voltage cut-off [V]": 2.5431881043786726,
        "Upper voltage cut-off [V]": 4.943307794872695,
        "Open-circuit voltage at 0% SOC [V]": 2.3625660643138513,
        "Open-circuit voltage at 100% SOC [V]": 6.669557919110975,
        "Initial concentration in negative electrode [mol.m-3]": 17887.633733048464,
        "Initial concentration in positive electrode [mol.m-3]": 28464.104304163862,
        "Initial temperature [K]": 278.0567468558397
    },
    "V": [
        3.7381044046591647,
        3.7197678107127228,
        3.7107071841485086,
        3.7036512300797515,
        3.697072516638242,
        3.6904040127913307,
        3.683376475252502,
        3.6758014456420254,
        3.6674892936712524,
        3.65820898895808,
        3.647660689322346,
        3.6354487107806337,
        3.621027727586824,
        3.6035822516450597,
        3.581819337738987,
        3.553566675748094,
        3.5150155943040033,
        3.4587933833773015,
        3.368483370644438,
        3.198491977985075,
        2.7572046589221144,
        2.543198104378672
    ],