{
    "config": {
        "Ideal gas constant [J.K-1.mol-1]": 11.333173986305944,
        "Faraday constant [C.mol-1]": 102748.00537518747,
        "Boltzmann constant [J.K-1]": 1.0996986488203302e-23,
        "Electron charge [C]": 1.6890450118954443e-19,
        "Negative electrode thickness [m]": 3.276038062714973e-05,
        "Separator thickness [m]": 1.6660148704138433e-05,
        "Positive electrode thickness [m]": 6.421341713755923e-05,
        "Electrode height [m]": 0.6105931430841713,
        "Electrode width [m]": 0.26028227299446116,
        "Nominal cell capacity [A.h]": 2.0365427384410664,
        "Current function [A]": 1.4387422765849736,
        "Contact resistance [Ohm]": 0,
        "Negative electrode conductivity [S.m-1]": 196.367929602027,
        "Maximum concentration in negative electrode [mol.m-3]": 24903.46624766615,
        "Negative electrode diffusivity [m2.s-1]": 3.1817687824064236e-15,
        "Negative electrode porosity": 0.2506015871123631,
        "Negative electrode active material volume fraction": 0.5712278226410454,
        "Negative particle radius [m]": 6.250700612532763e-06,
        "Negative electrode Bruggeman coefficient (electrolyte)": 2.1137420512824843,
        "Negative electrode Bruggeman coefficient (electrode)": 0.6444319678726815,
        "Negative electrode charge transfer coefficient": 0.5309710467808753,
        "Negative electrode double-layer capacity [F.m-2]": 0.19021694537698697,
        "Negative electrode OCP entropic change [V.K-1]": 0,
        "Positive electrode conductivity [S.m-1]": 0.47828749332475573,
        "Maximum concentration in positive electrode [mol.m-3]": 12840.43312249051,
        "Positive electrode diffusivity [m2.s-1]": 6.136018789220655e-18,
        "Positive electrode porosity": 0.45753628657602413,
        "Positive electrode active material volume fraction": 0.4643000630491728,
        "Positive particle radius [m]": 4.941791582754155e-08,
        "Positive electrode Bruggeman coefficient (electrode)": 1.5349340193944656,
        "Positive electrode Bruggeman coefficient (electrolyte)": 2.0333334254452775,
        "Positive electrode charge transfer coefficient": 0.5065326236404171,
        "Positive electrode double-layer capacity [F.m-2]": 0.20668318939415015,
        "Positive electrode OCP entropic change [V.K-1]": 0,
        "Separator porosity": 0.414889623263758,
        "Separator Bruggeman coefficient (electrolyte)": 1.6969072110938401,
        "Initial concentration in electrolyte [mol.m-3]": 1289.0685130385134,
        "Cation transference number": 0.4533249238728676,
        "Thermodynamic factor": 1.1955985657353225,
        "Electrolyte diffusivity [m2.s-1]": 1.8419426167114835e-10,
        "Reference temperature [K]": 284.29322513121485,
        "Ambient temperature [K]": 277.82202474688114,
        "Number of electrodes connected in parallel to make a cell": 1.1888793428703908,
        "Number of cells connected in series to make a battery": 1.0024346730540619,
        "Lower voltage cut-off [V]": 1.4423473813521457,
        "Upper voltage cut-off [V]": 3.3821106341642277,
        "Open-circuit voltage at 0% SOC [V]": 2.1936002256889706,
        "Open-circuit voltage at 100% SOC [V]": 3.174817040351654,
        "Initial concentration in negative electrode [mol.m-3]": 24132.002378221572,
        "Initial concentration in positive electrode [mol.m-3]": 57.72714532463182,
        "Initial temperature [K]": 492.955199223674
    },
    "V": [
        3.351779982924861,
        3.1720421097082188,
        3.1517177832886523,
        3.147716620191386,
        3.148363327292578,
        3.1502445127037566,
        3.1522877945956695,
        3.154182821202058,
        3.1558689296098787,
        3.1573571342517823,
        3.15866975361645,
        3.159841271213235,
        3.1608879014346467,
        3.161830802105845,
        3.162684381013812,
        3.1634601509454336,
        3.1641677267466597,
        3.1648143357075402,
        3.1654071062000098,
        3.165950740740388,
        3.1664493652344996,
        3.166906097279509,
        3.1673235830313127,
        3.1677025495114757,
        3.168044374255799,
        3.1683444889024073,
        3.1686049144603814,
        3.1688170407162506,
        3.168969093590065,
        3.1690489641498205,
        3.169035623051248,
        3.1688978459292914,
        3.168595214345364,
        3.1680724288702304,
        3.1672617416147704,
        3.1660818337702112,
        3.164448510531089,
        3.1622900393788695,
        3.1595742781038645,
        3.1563471950278563,
        3.1527440382037986,
        3.148987743038339,
        3.1453359034248303,
        3.1420139551491277,
        3.1391671559035075,
        3.136846429004682,
        3.135026712578802,
        3.1336389357367196,
        3.1325998489365485,
        3.131827503783521,
        3.1312523593437427,
        3.130818433617903,
        3.1304831765970773,
        3.130215005096188,
        3.129991444769219,
        3.1297963539744282,
        3.1296171070779595,
        3.129445387912617,
        3.1292758760576267,
        3.129103380068438,
        3.128924864025036,
        3.1287376587303695,
        3.128540155690665,
        3.1283295789433287,
        3.1281043365266497,
        3.1278629575408137,
        3.1276036075390103,
        3.1273237973293506,
        3.1270213280829484,
        3.1266934272872318,
        3.126336877525027,
        3.125947974294513,
        3.1255222652076977,
        3.1250548340820083,
        3.1245397313995853,
        3.1239700749887773,
        3.1233380541761266,
        3.122634718619171,
        3.121849483714411,
        3.120970668514998,
        3.119985159244634,
        3.1188781114649196,
        3.1176334113517745,
        3.116233435415199,
        3.114659510410079,
        3.1128921820223523,
        3.1109124586104224,
        3.108701716461397,
        3.1062427846236735,
        3.1035233208137005,
        3.1005348977479716,
        3.0972763323787635,
        3.0937537932724677,
        3.0899822001031674,
        3.0859886340451537,
        3.0818059693672026,
        3.07748161638445,
        3.073063889131191,
        3.0686068713432952,
        3.0641655104002194
    ],