{
    "config": {
        "Ideal gas constant [J.K-1.mol-1]": 6.637811218620865,
        "Faraday constant [C.mol-1]": 127658.56575705006,
        "Boltzmann constant [J.K-1]": 1.6569138433320927e-23,
        "Electron charge [C]": 1.3867322865040144e-19,
        "Ratio of lithium moles to SEI moles": 1.8759759300919332,
        "Inner SEI reaction proportion": 0.45056522216102246,
        "Inner SEI partial molar volume [m3.mol-1]": 0.00010130851689377125,
        "Outer SEI partial molar volume [m3.mol-1]": 0.0001301877852918112,
        "SEI reaction exchange current density [A.m-2]": 1.0017935810565951e-07,
        "SEI resistivity [Ohm.m]": 80597.23100393565,
        "Outer SEI solvent diffusivity [m2.s-1]": 3.0947468566660123e-22,
        "Bulk solvent concentration [mol.m-3]": 3083.768649766889,
        "Inner SEI open-circuit potential [V]": 0.07287680442806263,
        "Outer SEI open-circuit potential [V]": 0.6147639708897268,
        "Inner SEI electron conductivity [S.m-1]": 8.88084116148157e-14,
        "Inner SEI lithium interstitial diffusivity [m2.s-1]": 5.929774132161929e-21,
        "Lithium interstitial reference concentration [mol.m-3]": 17.49999048146804,
        "Initial inner SEI thickness [m]": 2.4169366860927653e-09,
        "Initial outer SEI thickness [m]": 3.0229064398679713e-09,
        "EC initial concentration in electrolyte [mol.m-3]": 3654.1705455040246,
        "EC diffusivity [m2.s-1]": 1.7457764271921743e-18,
        "SEI kinetic rate constant [m.s-1]": 9.26743643563334e-13,
        "SEI open-circuit potential [V]": 0.3995658931159617,
        "SEI growth activation energy [J.mol-1]": 0.0,
        "Negative electrode reaction-driven LAM factor [m3.mol-1]": 0.0,
        "Positive electrode reaction-driven LAM factor [m3.mol-1]": 0.0,
        "Negative current collector thickness [m]": 1.0274932634683125e-05,
        "Negative electrode thickness [m]": 8.96257897824799e-05,
        "Separator thickness [m]": 2.7238150622186746e-05,
        "Positive electrode thickness [m]": 4.7002282526750355e-05,
        "Positive current collector thickness [m]": 1.0351731845331034e-05,
        "Electrode height [m]": 0.17899474268961227,
        "Electrode width [m]": 0.2038167561550362,
        "Negative tab width [m]": 0.04584625373973667,
        "Negative tab centre y-coordinate [m]": 0.018819867709921695,
        "Negative tab centre z-coordinate [m]": 0.06429263161494167,
        "Positive tab width [m]": 0.05103810203847539,
        "Positive tab centre y-coordinate [m]": 0.1518895560712531,
        "Positive tab centre z-coordinate [m]": 0.13460896941939832,
        "Cell cooling surface area [m2]": 0.03748187919756939,
        "Cell volume [m3]": 2.846144320139994e-06,
        "Negative current collector conductivity [S.m-1]": 52194107.88239618,
        "Positive current collector conductivity [S.m-1]": 52567511.47537711,
        "Negative current collector density [kg.m-3]": 11392.088357800216,
        "Positive current collector density [kg.m-3]": 3041.527458681856,
        "Negative current collector specific heat capacity [J.kg-1.K-1]": 371.42412045616135,
        "Positive current collector specific heat capacity [J.kg-1.K-1]": 747.564797805533,
        "Negative current collector thermal conductivity [W.m-1.K-1]": 376.8282645959731,
        "Positive current collector thermal conductivity [W.m-1.K-1]": 154.74219523680475,
        "Nominal cell capacity [A.h]": 0.3484600073740147,
        "Current function [A]": 0.32435055589061834,
        "Contact resistance [Ohm]": 0,
        "Negative electrode conductivity [S.m-1]": 103.87428726682049,
        "Maximum concentration in negative electrode [mol.m-3]": 26674.070898500322,
        "Negative electrode porosity": 0.272855736748948,
        "Negative electrode active material volume fraction": 0.5511307247879081,
        "Negative particle radius [m]": 4.7388334424585567e-07,
        "Negative electrode Bruggeman coefficient (electrolyte)": 0.7140874140609335,
        "Negative electrode Bruggeman coefficient (electrode)": 2.202831371067165,
        "Negative electrode charge transfer coefficient": 0.4154838691200501,
        "Negative electrode double-layer capacity [F.m-2]": 0.21966154251468806,
        "Negative electrode density [kg.m-3]": 2402.5752745479354,
        "Negative electrode specific heat capacity [J.kg-1.K-1]": 674.3232087124557,
        "Negative electrode thermal conductivity [W.m-1.K-1]": 0.8310167599969167,
        "Negative electrode OCP entropic change [V.K-1]": 0.0,
        "Positive electrode conductivity [S.m-1]": 10.624629778171602,
        "Maximum concentration in positive electrode [mol.m-3]": 50189.7611032318,
        "Positive electrode porosity": 0.49437277183268724,
        "Positive electrode active material volume fraction": 0.2850803823114192,
        "Positive particle radius [m]": 8.592678681167229e-07,
        "Positive electrode Bruggeman coefficient (electrolyte)": 2.683929605607573,
        "Positive electrode Bruggeman coefficient (electrode)": 2.109937041006717,
        "Positive electrode charge transfer coefficient": 0.5504958643256348,
        "Positive electrode double-layer capacity [F.m-2]": 0.2383712241738635,
        "Positive electrode density [kg.m-3]": 4109.414868343061,
        "Positive electrode specific heat capacity [J.kg-1.K-1]": 714.9741167471801,
        "Positive electrode thermal conductivity [W.m-1.K-1]": 1.2136092155147638,
        "Positive electrode OCP entropic change [V.K-1]": 0.0,
        "Separator porosity": 0.3610871989450716,
        "Separator Bruggeman coefficient (electrolyte)": 3.0353108711176704,
        "Separator density [kg.m-3]": 510.1963745825279,
        "Separator specific heat capacity [J.kg-1.K-1]": 655.9270603359985,
        "Separator thermal conductivity [W.m-1.K-1]": 0.07258112190499923,
        "Initial concentration in electrolyte [mol.m-3]": 1113.7163705455628,
        "Cation transference number": 0.3072751158122985,
        "Thermodynamic factor": 0.7598565241316909,
        "Reference temperature [K]": 336.9874334645479,
        "Negative current collector surface heat transfer coefficient [W.m-2.K-1]": 0.0,
        "Positive current collector surface heat transfer coefficient [W.m-2.K-1]": 0.0,
        "Negative tab heat transfer coefficient [W.m-2.K-1]": 23.719221047247768,
        "Positive tab heat transfer coefficient [W.m-2.K-1]": 35.37791296093769,
        "Edge heat transfer coefficient [W.m-2.K-1]": 0.3236209636397909,
        "Total heat transfer coefficient [W.m-2.K-1]": 26.24646696895471,
        "Ambient temperature [K]": 277.7848235303881,
        "Number of electrodes connected in parallel to make a cell": 0.7027208551320774,
        "Number of cells connected in series to make a battery": 0.6477146824880938,
        "Lower voltage cut-off [V]": 2.1714299438870066,
        "Upper voltage cut-off [V]": 4.92257598336179,
        "Open-circuit voltage at 0% SOC [V]": 3.056833234799858,
        "Open-circuit voltage at 100% SOC [V]": 2.9877903345494223,
        "Initial concentration in negative electrode [mol.m-3]": 9670.945357611874,
        "Initial concentration in positive electrode [mol.m-3]": 13930.724265345641,
        "Initial temperature [K]": 307.355727099933
    },