{
    "config": {
        "Ideal gas constant [J.K-1.mol-1]": 10.259747697949976,
        "Faraday constant [C.mol-1]": 129628.07689889448,
        "Boltzmann constant [J.K-1]": 1.671525140533686e-23,
        "Electron charge [C]": 1.7321549237892485e-19,
        "Lithium metal partial molar volume [m3.mol-1]": 1.243743187647854e-05,
        "Lithium plating kinetic rate constant [m.s-1]": 7.544430938478737e-10,
        "Initial plated lithium concentration [mol.m-3]": 0.0,
        "Typical plated lithium concentration [mol.m-3]": 861.7707455144432,
        "Lithium plating transfer coefficient": 0.4426466459208425,
        "Dead lithium decay constant [s-1]": 8.557712356819368e-07,
        "Ratio of lithium moles to SEI moles": 1.0762055578745309,
        "Inner SEI reaction proportion": 0.0,
        "Inner SEI partial molar volume [m3.mol-1]": 0.00011023723314565161,
        "Outer SEI partial molar volume [m3.mol-1]": 5.3966675433505524e-05,
        "SEI reaction exchange current density [A.m-2]": 1.7717802882685344e-07,
        "SEI resistivity [Ohm.m]": 165884.01897315745,
        "Outer SEI solvent diffusivity [m2.s-1]": 2.3260738954751947e-22,
        "Bulk solvent concentration [mol.m-3]": 3406.8398405516205,
        "Inner SEI open-circuit potential [V]": 0.14858448560800036,
        "Outer SEI open-circuit potential [V]": 0.9046790334073956,
        "Inner SEI electron conductivity [S.m-1]": 8.774256945446321e-14,
        "Inner SEI lithium interstitial diffusivity [m2.s-1]": 1.0981123145067459e-20,
        "Lithium interstitial reference concentration [mol.m-3]": 12.122638812295108,
        "Initial inner SEI thickness [m]": 0.0,
        "Initial outer SEI thickness [m]": 5.2638780360879545e-09,
        "EC initial concentration in electrolyte [mol.m-3]": 4483.521018872551,
        "EC diffusivity [m2.s-1]": 1.7521142795576495e-18,
        "SEI kinetic rate constant [m.s-1]": 8.259060520188355e-13,
        "SEI open-circuit potential [V]": 0.4129848240395514,
        "SEI growth activation energy [J.mol-1]": 38185.84982827416,
        "Negative electrode reaction-driven LAM factor [m3.mol-1]": 0.0,
        "Positive electrode reaction-driven LAM factor [m3.mol-1]": 0.0,
        "Negative current collector thickness [m]": 1.1135222220008507e-05,
        "Negative electrode thickness [m]": 8.924448844377589e-05,
        "Separator thickness [m]": 1.2490072558109581e-05,
        "Positive electrode thickness [m]": 7.15376326335989e-05,
        "Positive current collector thickness [m]": 1.8398417983204108e-05,
        "Electrode height [m]": 0.060290454033441236,
        "Electrode width [m]": 2.2012847660338446,
        "Cell cooling surface area [m2]": 0.004376750468034952,
        "Cell volume [m3]": 2.3236514993084204e-05,
        "Cell thermal expansion coefficient [m.K-1]": 1.0031014665753516e-06,
        "Negative current collector conductivity [S.m-1]": 48987211.312126786,
        "Positive current collector conductivity [S.m-1]": 31674278.442554425,
        "Negative current collector density [kg.m-3]": 9907.459130669413,
        "Positive current collector density [kg.m-3]": 3078.908466860798,
        "Negative current collector specific heat capacity [J.kg-1.K-1]": 377.77536424287814,
        "Positive current collector specific heat capacity [J.kg-1.K-1]": 1280.942729560516,
        "Negative current collector thermal conductivity [W.m-1.K-1]": 485.46410434942584,
        "Positive current collector thermal conductivity [W.m-1.K-1]": 254.56997576670244,
        "Nominal cell capacity [A.h]": 5.648830501859729,
        "Current function [A]": 5.043279761606238,
        "Contact resistance [Ohm]": 0,
        "Negative electrode conductivity [S.m-1]": 235.14696320274905,
        "Maximum concentration in negative electrode [mol.m-3]": 25794.343239850743,
        "Negative electrode porosity": 0.28665518463528944,
        "Negative electrode active material volume fraction": 0.656588810032847,
        "Negative particle radius [m]": 7.230504848691743e-06,
        "Negative electrode Bruggeman coefficient (electrolyte)": 1.34995594474419,
        "Negative electrode Bruggeman coefficient (electrode)": 1.979916760898719,
        "Negative electrode charge transfer coefficient": 0.46315765527005004,
        "Negative electrode double-layer capacity [F.m-2]": 0.22514274784000735,
        "Negative electrode density [kg.m-3]": 1846.33628467949,
        "Negative electrode specific heat capacity [J.kg-1.K-1]": 461.5307881114833,
        "Negative electrode thermal conductivity [W.m-1.K-1]": 1.5504229061178378,
        "Negative electrode OCP entropic change [V.K-1]": 0.0,
        "Negative electrode Poisson's ratio": 0.3192028102315245,
        "Negative electrode Young's modulus [Pa]": 11410324174.295803,
        "Negative electrode reference concentration for free of deformation [mol.m-3]": 0.0,
        "Negative electrode partial molar volume [m3.mol-1]": 3.0239520019033674e-06,
        "Negative electrode initial crack length [m]": 1.6946371510156093e-08,
        "Negative electrode initial crack width [m]": 1.7372039013132198e-08,
        "Negative electrode number of cracks per unit area [m-2]": 2588926817434859.0,
        "Negative electrode Paris' law constant b": 1.3175019892132234,
        "Negative electrode Paris' law constant m": 1.6361720329373812,
        "Negative electrode LAM constant proportional term [s-1]": 4.0199753152588323e-07,
        "Negative electrode LAM constant exponential term": 3.2825723580227373,
        "Negative electrode critical stress [Pa]": 57464915.48614837,
        "Positive electrode conductivity [S.m-1]": 0.19351937547799938,
        "Maximum concentration in positive electrode [mol.m-3]": 66787.89536618025,
        "Positive electrode porosity": 0.2645169652759348,
        "Positive electrode active material volume fraction": 0.5716962139182623,
        "Positive particle radius [m]": 4.696022550232558e-06,
        "Positive electrode Bruggeman coefficient (electrolyte)": 1.4272591941880668,
        "Positive electrode Bruggeman coefficient (electrode)": 1.5909759731672548,
        "Positive electrode charge transfer coefficient": 0.5012791021523014,
        "Positive electrode double-layer capacity [F.m-2]": 0.11446301172287228,
        "Positive electrode density [kg.m-3]": 2935.9990545139,
        "Positive electrode specific heat capacity [J.kg-1.K-1]": 695.4104790944458,
        "Positive electrode thermal conductivity [W.m-1.K-1]": 2.111212898294952,
        "Positive electrode OCP entropic change [V.K-1]": 0.0,
        "Positive electrode Poisson's ratio": 0.15112571656043589,
        "Positive electrode Young's modulus [Pa]": 494567746889.78754,
        "Positive electrode reference concentration for free of deformation [mol.m-3]": 0.0,
        "Positive electrode partial molar volume [m3.mol-1]": 1.2836680646055936e-05,
        "Positive electrode initial crack length [m]": 2.2554182463446195e-08,
        "Positive electrode initial crack width [m]": 1.8607717851352527e-08,
        "Positive electrode number of cracks per unit area [m-2]": 5793275479743115.0,
        "Positive electrode Paris' law constant b": 1.3158206597503515,
        "Positive electrode Paris' law constant m": 3.3278290197630933,
        "Positive electrode LAM constant proportional term [s-1]": 2.0825069500806392e-07,
        "Positive electrode LAM constant exponential term": 1.7097533956821558,
        "Positive electrode critical stress [Pa]": 331416172.13987166,
        "Separator porosity": 0.5596882426852888,
        "Separator Bruggeman coefficient (electrolyte)": 1.4801138022076756,
        "Separator density [kg.m-3]": 439.2185868875249,
        "Separator specific heat capacity [J.kg-1.K-1]": 702.6624842608853,
        "Separator thermal conductivity [W.m-1.K-1]": 0.10896507415889195,
        "Initial concentration in electrolyte [mol.m-3]": 1038.579748396158,