{
    "config": {
        "Ideal gas constant [J.K-1.mol-1]": 7.045350739770175,
        "Faraday constant [C.mol-1]": 85090.09052286437,
        "Boltzmann constant [J.K-1]": 1.1202371804460204e-23,
        "Electron charge [C]": 1.8635570004328794e-19,
        "Ratio of lithium moles to SEI moles": 2.286165201202725,
        "Inner SEI reaction proportion": 0.47025677197684124,
        "Inner SEI partial molar volume [m3.mol-1]": 9.736213596531063e-05,
        "Outer SEI partial molar volume [m3.mol-1]": 7.617478014946934e-05,
        "SEI reaction exchange current density [A.m-2]": 1.4161591973252853e-07,
        "SEI resistivity [Ohm.m]": 216402.28411300058,
        "Outer SEI solvent diffusivity [m2.s-1]": 2.71664494809595e-22,
        "Bulk solvent concentration [mol.m-3]": 2344.751040888683,
        "Inner SEI open-circuit potential [V]": 0.09879568175153226,
        "Outer SEI open-circuit potential [V]": 0.6133187811392882,
        "Inner SEI electron conductivity [S.m-1]": 9.465058150680283e-14,
        "Inner SEI lithium interstitial diffusivity [m2.s-1]": 1.0783348347254747e-20,
        "Lithium interstitial reference concentration [mol.m-3]": 19.203713098116914,
        "Initial inner SEI thickness [m]": 2.6755192877406552e-09,
        "Initial outer SEI thickness [m]": 2.172003639980936e-09,
        "EC initial concentration in electrolyte [mol.m-3]": 5889.3737186891685,
        "EC diffusivity [m2.s-1]": 2.0876825728176946e-18,
        "SEI kinetic rate constant [m.s-1]": 9.368637505408251e-13,
        "SEI open-circuit potential [V]": 0.405019800248877,
        "SEI growth activation energy [J.mol-1]": 0.0,
        "Negative electrode reaction-driven LAM factor [m3.mol-1]": 0.0,
        "Positive electrode reaction-driven LAM factor [m3.mol-1]": 0.0,
        "Negative current collector thickness [m]": 9.573384757941587e-06,
        "Negative electrode thickness [m]": 8.72645895030296e-05,
        "Separator thickness [m]": 1.146001588202291e-05,
        "Positive electrode thickness [m]": 8.052529328785604e-05,
        "Positive current collector thickness [m]": 1.4319369380262891e-05,
        "Electrode height [m]": 0.05136757171729246,
        "Electrode width [m]": 1.690997608377113,
        "Cell cooling surface area [m2]": 0.005329805643935139,
        "Cell volume [m3]": 2.6201145518944153e-05,
        "Cell thermal expansion coefficient [m.K-1]": 1.0365899777555787e-06,
        "Negative current collector conductivity [S.m-1]": 61211191.04168644,
        "Positive current collector conductivity [S.m-1]": 37455692.427380085,
        "Negative current collector density [kg.m-3]": 10676.949349280172,
        "Positive current collector density [kg.m-3]": 2168.457884158451,
        "Negative current collector specific heat capacity [J.kg-1.K-1]": 386.32186441668335,
        "Positive current collector specific heat capacity [J.kg-1.K-1]": 922.0597618404042,
        "Negative current collector thermal conductivity [W.m-1.K-1]": 457.9844704008746,
        "Positive current collector thermal conductivity [W.m-1.K-1]": 259.3875544436438,
        "Nominal cell capacity [A.h]": 4.392265357774293,
        "Current function [A]": 4.048065589300961,
        "Contact resistance [Ohm]": 0,
        "Negative electrode conductivity [S.m-1]": 237.42314290745833,
        "Maximum concentration in negative electrode [mol.m-3]": 38790.89372645972,
        "Negative particle diffusivity [m2.s-1]": 3.331679823009588e-14,
        "Negative electrode porosity": 0.23216858480900546,
        "Negative electrode active material volume fraction": 0.6613817877051982,
        "Negative particle radius [m]": 6.741210134648784e-06,
        "Negative electrode Bruggeman coefficient (electrolyte)": 1.897187956973982,
        "Negative electrode Bruggeman coefficient (electrode)": 0,
        "Negative electrode charge transfer coefficient": 0.5349362334938245,
        "Negative electrode double-layer capacity [F.m-2]": 0.176567746242943,
        "Negative electrode density [kg.m-3]": 1999.458823943255,
        "Negative electrode specific heat capacity [J.kg-1.K-1]": 755.2287305325103,
        "Negative electrode thermal conductivity [W.m-1.K-1]": 2.001779795485639,
        "Negative electrode OCP entropic change [V.K-1]": 0.0,
        "Positive electrode conductivity [S.m-1]": 0.18850599725459305,
        "Maximum concentration in positive electrode [mol.m-3]": 77575.94543056014,
        "Positive particle diffusivity [m2.s-1]": 4.706215248728332e-15,
        "Positive electrode porosity": 0.342034709994184,
        "Positive electrode active material volume fraction": 0.7663990640561255,
        "Positive particle radius [m]": 5.200023425699542e-06,
        "Positive electrode Bruggeman coefficient (electrolyte)": 1.5653425484835357,
        "Positive electrode Bruggeman coefficient (electrode)": 0,
        "Positive electrode charge transfer coefficient": 0.4883303945199289,
        "Positive electrode double-layer capacity [F.m-2]": 0.25170411524473235,
        "Positive electrode density [kg.m-3]": 3796.5995435708423,
        "Positive electrode specific heat capacity [J.kg-1.K-1]": 682.3832758426319,
        "Positive electrode thermal conductivity [W.m-1.K-1]": 1.943740355624553,
        "Positive electrode OCP entropic change [V.K-1]": 0.0,
        "Separator porosity": 0.618107159675146,
        "Separator Bruggeman coefficient (electrolyte)": 1.265670292207086,
        "Separator density [kg.m-3]": 466.43586717481503,
        "Separator specific heat capacity [J.kg-1.K-1]": 704.746933418933,
        "Separator thermal conductivity [W.m-1.K-1]": 0.1590926553200414,
        "Initial concentration in electrolyte [mol.m-3]": 1045.7526981281637,
        "Cation transference number": 0.22360985473652173,
        "Thermodynamic factor": 1.147713124178976,
        "Reference temperature [K]": 380.4019146697052,
        "Total heat transfer coefficient [W.m-2.K-1]": 10.670949383865176,
        "Ambient temperature [K]": 283.0052602392863,
        "Number of electrodes connected in parallel to make a cell": 0.9929871452030602,
        "Number of cells connected in series to make a battery": 1.172658047902804,
        "Lower voltage cut-off [V]": 2.5328781921088805,
        "Upper voltage cut-off [V]": 4.708920140948313,
        "Open-circuit voltage at 0% SOC [V]": 2.559276357482158,
        "Open-circuit voltage at 100% SOC [V]": 5.327386590414525,
        "Initial concentration in negative electrode [mol.m-3]": 35768.21069003147,
        "Initial concentration in positive electrode [mol.m-3]": 20056.730276386348,
        "Initial temperature [K]": 300.0824280518738
    },