{
    "config": {
        "Ideal gas constant [J.K-1.mol-1]": 7.527556318551717,
        "Faraday constant [C.mol-1]": 75332.09018973887,
        "Boltzmann constant [J.K-1]": 1.5708436037127995e-23,
        "Electron charge [C]": 1.624378453370932e-19,
        "Negative current collector thickness [m]": 1.4839306728672306e-05,
        "Negative electrode thickness [m]": 8.566182260603999e-05,
        "Separator thickness [m]": 9.467502700773541e-06,
        "Positive electrode thickness [m]": 8.044491243253373e-05,
        "Positive current collector thickness [m]": 1.7330924779062435e-05,
        "Electrode height [m]": 0.08299242930702407,
        "Electrode width [m]": 2.32131069014422,
        "Cell cooling surface area [m2]": 0.0074802135980814415,
        "Cell volume [m3]": 3.579194412331979e-05,
        "Negative current collector conductivity [S.m-1]": 54618268.69401037,
        "Positive current collector conductivity [S.m-1]": 15425255.31777284,
        "Negative current collector density [kg.m-3]": 6630.804749447392,
        "Positive current collector density [kg.m-3]": 3466.7635799966156,
        "Positive current collector thermal conductivity [W.m-1.K-1]": 120.67404639078445,
        "Nominal cell capacity [A.h]": 4.9372230492928315,
        "Current function [A]": 6.727349651984136,
        "Contact resistance [Ohm]": 0,
        "Negative electrode conductivity [S.m-1]": 163.33503655566267,
        "Maximum concentration in negative electrode [mol.m-3]": 25158.851484877734,
        "Negative electrode porosity": 0.2293245258109952,
        "Negative electrode active material volume fraction": 0.6965919900952461,
        "Negative particle radius [m]": 7.814186012483764e-06,
        "Negative electrode Bruggeman coefficient (electrolyte)": 2.11192182207577,
        "Negative electrode Bruggeman coefficient (electrode)": 0.0,
        "Negative electrode charge transfer coefficient": 0.6685671836938777,
        "Negative electrode double-layer capacity [F.m-2]": 0.2711520000103918,
        "Negative electrode density [kg.m-3]": 2236.0912775024008,
        "Maximum concentration in positive electrode [mol.m-3]": 52731.81553012815,
        "Positive electrode porosity": 0.30059147974488726,
        "Positive electrode active material volume fraction": 0.4667912027562293,
        "Positive particle radius [m]": 4.997402528765229e-06,
        "Positive electrode Bruggeman coefficient (electrolyte)": 2.002044276326356,
        "Positive electrode Bruggeman coefficient (electrode)": 0.0,
        "Positive electrode charge transfer coefficient": 0.5148740282361263,
        "Positive electrode double-layer capacity [F.m-2]": 0.20401041653721919,
        "Positive electrode density [kg.m-3]": 4911.743119717661,
        "Separator porosity": 0.34394896997371843,
        "Separator Bruggeman coefficient (electrolyte)": 1.4580691112698814,
        "Separator Bruggeman coefficient (electrode)": 1.2927270664173305,
        "Separator density [kg.m-3]": 1255.5562254157462,
        "Separator thermal conductivity [W.m-1.K-1]": 0.34456197029848395,
        "Initial concentration in electrolyte [mol.m-3]": 558.2122301078975,
        "Reference temperature [K]": 355.73913448685227,
        "Total heat transfer coefficient [W.m-2.K-1]": 6.465861488826686,
        "Ambient temperature [K]": 397.88476270169895,
        "Number of electrodes connected in parallel to make a cell": 0.9951537862495488,
        "Number of cells connected in series to make a battery": 0.9785393902139674,
        "Lower voltage cut-off [V]": 1.9044150831288509,
        "Upper voltage cut-off [V]": 4.987510466848298,
        "Open-circuit voltage at 0% SOC [V]": 3.5770084637141313,
        "Open-circuit voltage at 100% SOC [V]": 2.703844594344937,
        "Initial concentration in negative electrode [mol.m-3]": 23827.34196439809,
        "Initial concentration in positive electrode [mol.m-3]": 11795.573179543357,
        "Initial temperature [K]": 373.5581341853317
    },
    "V": [
        4.313104391406071,
        4.164718083753527,
        4.10814422964423,
        4.06453031023183,
        4.027759417446851,
        3.988004784347692,
        3.9581684190578144,
        3.938176430737232,
        3.9203672893231083,
        3.917810359869968,
        3.8995299591522286,
        3.884450700904806,
        3.875721193407629,
        3.8687957910428814,
        3.8532846036953394,
        3.844278230267017,
        3.830143420434168,
        3.821481351497806,
        3.8063808878179257,
        3.7917736387642225,
        3.77869795409144,
        3.765252103002748,
        3.751205801756148,
        3.7375071547167744,
        3.7224239677536257,
        3.7081883506751527,
        3.693950089296638,
        3.680389379606964,
        3.6650954839525944,
        3.6487336352219932,
        3.6357515504843363,
        3.620965910447637,
        3.6050667208057847,
        3.5887677191655754,
        3.572280957920394,
        3.5563570157869786,
        3.539761167472892,
        3.5227785742277993,
        3.5054788910953634,
        3.488873414048931,
        3.4722027730714093,
        3.45582742383072,
        3.439179583962241,
        3.423630483334058,
        3.4082685276431697,
        3.3928639559101166,
        3.3777822325042175,
        3.3633907715867544,
        3.3490044143159325,
        3.334622983525122,
        3.320680482535371,
        3.3069076379076785,
        3.2930414984952137,
        3.279203117165121,
        3.2656965024785203,
        3.2522409110181885,
        3.238282457028322,
        3.2247398930751956,
        3.2111541306868494,
        3.1973453105542338,
        3.184110063799595,
        3.170402889934035,
        3.1565966336979985,
        3.1424994884777417,
        3.127969337303536,
        3.1131271922660786,
        3.097761094118995,
        3.0813931057794797,
        3.063760185938728,
        3.0431864480138184,
        3.0192404351840167,
        2.9934799263089813,
        2.968693718223384,
        2.937308780085459,
        2.8976509003726276,
        2.8483680576123125,
        2.7851421259314275,
        2.690325822756974,
        2.510355213607437,
        2.11513644934208,
        1.9044250831288578
    ],