{
    "config": {
        "Ideal gas constant [J.K-1.mol-1]": 10.247801449940315,
        "Faraday constant [C.mol-1]": 109490.64437080851,
        "Boltzmann constant [J.K-1]": 1.4290987887027847e-23,
        "Electron charge [C]": 1.4565454449800303e-19,
        "Lithium metal partial molar volume [m3.mol-1]": 1.4714262593025054e-05,
        "Lithium plating kinetic rate constant [m.s-1]": 1.182946076988785e-09,
        "Initial plated lithium concentration [mol.m-3]": 0.0,
        "Typical plated lithium concentration [mol.m-3]": 827.3940789514033,
        "Lithium plating transfer coefficient": 0.7884916961131447,
        "Dead lithium decay constant [s-1]": 5.977637508753086e-07,
        "Ratio of lithium moles to SEI moles": 1.1438366546052856,
        "Inner SEI reaction proportion": 0.0,
        "Inner SEI partial molar volume [m3.mol-1]": 9.294318902234302e-05,
        "Outer SEI partial molar volume [m3.mol-1]": 0.0001433313668453927,
        "SEI reaction exchange current density [A.m-2]": 1.3289926963869455e-07,
        "SEI resistivity [Ohm.m]": 68903.00452820261,
        "Outer SEI solvent diffusivity [m2.s-1]": 3.046254028582866e-22,
        "Bulk solvent concentration [mol.m-3]": 1574.7749142640278,
        "Inner SEI open-circuit potential [V]": 0.11058456537804232,
        "Outer SEI open-circuit potential [V]": 0.9110450693432649,
        "Inner SEI electron conductivity [S.m-1]": 7.842902695992067e-14,
        "Inner SEI lithium interstitial diffusivity [m2.s-1]": 1.156498948366493e-20,
        "Lithium interstitial reference concentration [mol.m-3]": 22.704730887502905,
        "Initial inner SEI thickness [m]": 0.0,
        "Initial outer SEI thickness [m]": 3.4754401969843776e-09,
        "EC initial concentration in electrolyte [mol.m-3]": 4517.835078356106,
        "EC diffusivity [m2.s-1]": 2.0000697613761747e-18,
        "SEI kinetic rate constant [m.s-1]": 9.091968081562905e-13,
        "SEI open-circuit potential [V]": 0.34020348540692097,
        "SEI growth activation energy [J.mol-1]": 37578.33899181104,
        "Negative electrode reaction-driven LAM factor [m3.mol-1]": 0.0,
        "Positive electrode reaction-driven LAM factor [m3.mol-1]": 0.0,
        "Negative current collector thickness [m]": 1.1340193563516515e-05,
        "Negative electrode thickness [m]": 0.0001131611146455332,
        "Separator thickness [m]": 1.375536517910858e-05,
        "Positive electrode thickness [m]": 0.00010609968193094926,
        "Positive current collector thickness [m]": 1.824170620628846e-05,
        "Electrode height [m]": 0.06553447010472689,
        "Electrode width [m]": 1.888072485904507,
        "Cell cooling surface area [m2]": 0.006859957935889582,
        "Cell volume [m3]": 2.1569243500087653e-05,
        "Cell thermal expansion coefficient [m.K-1]": 1.5573900596576437e-06,
        "Negative current collector conductivity [S.m-1]": 45307169.82539171,
        "Positive current collector conductivity [S.m-1]": 25401388.32788015,
        "Negative current collector density [kg.m-3]": 11091.63432451327,
        "Positive current collector density [kg.m-3]": 2100.1438768171674,
        "Negative current collector specific heat capacity [J.kg-1.K-1]": 238.47663815857481,
        "Positive current collector specific heat capacity [J.kg-1.K-1]": 905.9016900039752,
        "Negative current collector thermal conductivity [W.m-1.K-1]": 434.76310106338263,
        "Positive current collector thermal conductivity [W.m-1.K-1]": 305.2987920610231,
        "Nominal cell capacity [A.h]": 5.6385155512418255,
        "Current function [A]": 4.884302888072275,
        "Contact resistance [Ohm]": 0,
        "Negative electrode conductivity [S.m-1]": 171.063246887727,
        "Maximum concentration in negative electrode [mol.m-3]": 29090.20476293224,
        "Negative electrode porosity": 0.35145760745333776,
        "Negative electrode active material volume fraction": 0.8570159772801477,
        "Negative particle radius [m]": 7.626715700001127e-06,
        "Negative electrode Bruggeman coefficient (electrolyte)": 1.8136752976360806,
        "Negative electrode Bruggeman coefficient (electrode)": 1.1909071852234345,
        "Negative electrode charge transfer coefficient": 0.5068889820422893,
        "Negative electrode double-layer capacity [F.m-2]": 0.22861636324286855,
        "Negative electrode density [kg.m-3]": 1973.9088191244566,
        "Negative electrode specific heat capacity [J.kg-1.K-1]": 586.8679008429066,
        "Negative electrode thermal conductivity [W.m-1.K-1]": 1.3989744582373442,
        "Negative electrode OCP entropic change [V.K-1]": 0.0,
        "Negative electrode Poisson's ratio": 0.44368680084151,
        "Negative electrode Young's modulus [Pa]": 9427246374.695072,
        "Negative electrode reference concentration for free of deformation [mol.m-3]": 0.0,
        "Negative electrode partial molar volume [m3.mol-1]": 3.0334941249390873e-06,
        "Negative electrode initial crack length [m]": 2.485193488544313e-08,
        "Negative electrode initial crack width [m]": 1.736246472329259e-08,
        "Negative electrode number of cracks per unit area [m-2]": 4172368072890239.0,
        "Negative electrode Paris' law constant b": 0.7087401986194998,
        "Negative electrode Paris' law constant m": 2.027338333681697,
        "Negative electrode LAM constant proportional term [s-1]": 2.58731887311448e-07,
        "Negative electrode LAM constant exponential term": 1.4744936437508707,
        "Negative electrode critical stress [Pa]": 66911908.65659543,
        "Positive electrode conductivity [S.m-1]": 0.19411628596194624,
        "Maximum concentration in positive electrode [mol.m-3]": 78856.34997402136,
        "Positive electrode porosity": 0.4305920906178077,
        "Positive electrode active material volume fraction": 0.5639922171099074,
        "Positive particle radius [m]": 5.831947100157808e-06,
        "Positive electrode Bruggeman coefficient (electrolyte)": 1.0768430826577555,
        "Positive electrode Bruggeman coefficient (electrode)": 1.1309948454544165,
        "Positive electrode charge transfer coefficient": 0.5432457767469391,
        "Positive electrode double-layer capacity [F.m-2]": 0.28185100264536067,
        "Positive electrode density [kg.m-3]": 4077.4653865560504,
        "Positive electrode specific heat capacity [J.kg-1.K-1]": 665.5093000936955,
        "Positive electrode thermal conductivity [W.m-1.K-1]": 2.160052676093948,
        "Positive electrode OCP entropic change [V.K-1]": 0.0,
        "Positive electrode Poisson's ratio": 0.23252162918308844,
        "Positive electrode Young's modulus [Pa]": 449161497684.6583,
        "Positive electrode reference concentration for free of deformation [mol.m-3]": 0.0,
        "Positive electrode partial molar volume [m3.mol-1]": 1.724540484489092e-05,
        "Positive electrode initial crack length [m]": 1.7097551214402443e-08,
        "Positive electrode initial crack width [m]": 1.4344488965921323e-08,
        "Positive electrode number of cracks per unit area [m-2]": 1605899484143381.8,
        "Positive electrode Paris' law constant b": 0.6879480797224224,
        "Positive electrode Paris' law constant m": 1.6545544560319914,
        "Positive electrode LAM constant proportional term [s-1]": 4.728454965465727e-07,
        "Positive electrode LAM constant exponential term": 2.4895116440764022,
        "Positive electrode critical stress [Pa]": 202142710.57476643,
        "Separator porosity": 0.5507973217340616,
        "Separator Bruggeman coefficient (electrolyte)": 1.4627851924570061,
        "Separator density [kg.m-3]": 340.1634540515002,
        "Separator specific heat capacity [J.kg-1.K-1]": 611.5955497683591,
        "Separator thermal conductivity [W.m-1.K-1]": 0.19669473763575754,
        "Initial concentration in electrolyte [mol.m-3]": 1114.3669649778196,