{
    "config": {
        "Ideal gas constant [J.K-1.mol-1]": 8.129008551972069,
        "Faraday constant [C.mol-1]": 90310.09887491207,
        "Boltzmann constant [J.K-1]": 1.247934771997292e-23,
        "Electron charge [C]": 1.4203368333612787e-19,
        "Ratio of lithium moles to SEI moles": 1.8995097575205762,
        "Inner SEI reaction proportion": 0.3953023044269535,
        "Inner SEI partial molar volume [m3.mol-1]": 8.449775185732802e-05,
        "Outer SEI partial molar volume [m3.mol-1]": 0.00010068787326266547,
        "SEI growth transfer coefficient": 0.5116135366939718,
        "SEI reaction exchange current density [A.m-2]": 1.742602873297364e-07,
        "SEI resistivity [Ohm.m]": 232854.31333159684,
        "Outer SEI solvent diffusivity [m2.s-1]": 3.1402751007885423e-22,
        "Bulk solvent concentration [mol.m-3]": 3908.979930955992,
        "Inner SEI open-circuit potential [V]": 0.06912956247428065,
        "Outer SEI open-circuit potential [V]": 1.2049369244914052,
        "Inner SEI electron conductivity [S.m-1]": 1.0818856730504378e-13,
        "Inner SEI lithium interstitial diffusivity [m2.s-1]": 1.2285723890638744e-20,
        "Lithium interstitial reference concentration [mol.m-3]": 14.203797340311088,
        "Initial inner SEI thickness [m]": 1.9019596707368247e-09,
        "Initial outer SEI thickness [m]": 1.4214524272664398e-09,
        "EC initial concentration in electrolyte [mol.m-3]": 4029.4966561789633,
        "EC diffusivity [m2.s-1]": 1.9185320904284645e-18,
        "SEI kinetic rate constant [m.s-1]": 8.2956133237296e-13,
        "SEI open-circuit potential [V]": 0.43229588260775254,
        "SEI growth activation energy [J.mol-1]": 0.0,
        "Negative electrode reaction-driven LAM factor [m3.mol-1]": 0.0,
        "Positive electrode reaction-driven LAM factor [m3.mol-1]": 0.0,
        "Negative current collector thickness [m]": 3.432475134109521e-05,
        "Negative electrode thickness [m]": 0.00010325757741968983,
        "Separator thickness [m]": 2.199722119144992e-05,
        "Positive electrode thickness [m]": 0.00010265382809493154,
        "Positive current collector thickness [m]": 1.5679525551031158e-05,
        "Electrode height [m]": 0.10002089133438712,
        "Electrode width [m]": 0.2496615185219954,
        "Negative tab width [m]": 0.03540290112623881,
        "Negative tab centre y-coordinate [m]": 0.05764824949236466,
        "Negative tab centre z-coordinate [m]": 0.17030417943709542,
        "Positive tab width [m]": 0.04126198659914711,
        "Positive tab centre y-coordinate [m]": 0.18140489403988463,
        "Positive tab centre z-coordinate [m]": 0.1271126005099252,
        "Cell cooling surface area [m2]": 0.052262912532488326,
        "Cell volume [m3]": 1.1260407077140145e-05,
        "Negative current collector conductivity [S.m-1]": 60187511.29211434,
        "Positive current collector conductivity [S.m-1]": 54011761.90432877,
        "Negative current collector density [kg.m-3]": 6785.38169712508,
        "Positive current collector density [kg.m-3]": 1917.3593328129587,
        "Negative current collector specific heat capacity [J.kg-1.K-1]": 637.8074631873895,
        "Positive current collector specific heat capacity [J.kg-1.K-1]": 918.3445599730244,
        "Negative current collector thermal conductivity [W.m-1.K-1]": 327.5928540043794,
        "Positive current collector thermal conductivity [W.m-1.K-1]": 207.2841912996923,
        "Nominal cell capacity [A.h]": 0.5440419521277539,
        "Current function [A]": 0.7496085833703897,
        "Contact resistance [Ohm]": 0,
        "Negative electrode conductivity [S.m-1]": 98.63809991908941,
        "Maximum concentration in negative electrode [mol.m-3]": 25069.98866730958,
        "Negative electrode porosity": 0.2507170586398964,
        "Negative electrode active material volume fraction": 0.551889416628474,
        "Negative particle radius [m]": 1.0619590570240161e-05,
        "Negative electrode Bruggeman coefficient (electrolyte)": 1.7765356996725834,
        "Negative electrode Bruggeman coefficient (electrode)": 1.8286779575521575,
        "Negative electrode charge transfer coefficient": 0.518609115064434,
        "Negative electrode double-layer capacity [F.m-2]": 0.16870861988814873,
        "Negative electrode density [kg.m-3]": 1482.9869459205675,
        "Negative electrode specific heat capacity [J.kg-1.K-1]": 911.0814367415202,
        "Negative electrode thermal conductivity [W.m-1.K-1]": 1.6966084019694636,
        "Positive electrode conductivity [S.m-1]": 9.616710178411191,
        "Maximum concentration in positive electrode [mol.m-3]": 52487.690066133226,
        "Positive electrode porosity": 0.24007665606580458,
        "Positive electrode active material volume fraction": 0.5133028857514106,
        "Positive particle radius [m]": 8.996632925604396e-06,
        "Positive electrode Bruggeman coefficient (electrolyte)": 1.2415119709925952,
        "Positive electrode Bruggeman coefficient (electrode)": 1.6796327052286875,
        "Positive electrode charge transfer coefficient": 0.6079981861700035,
        "Positive electrode double-layer capacity [F.m-2]": 0.22354636952413806,
        "Positive electrode density [kg.m-3]": 3223.918377961676,
        "Positive electrode specific heat capacity [J.kg-1.K-1]": 404.9242753022599,
        "Positive electrode thermal conductivity [W.m-1.K-1]": 1.520350639105345,
        "Separator porosity": 0.7617346510547126,
        "Separator Bruggeman coefficient (electrolyte)": 1.5327349095682963,
        "Separator density [kg.m-3]": 476.16422848072443,
        "Separator specific heat capacity [J.kg-1.K-1]": 408.93840706090094,
        "Separator thermal conductivity [W.m-1.K-1]": 0.17479129409955588,
        "Initial concentration in electrolyte [mol.m-3]": 1024.1906350296515,
        "Cation transference number": 0.3609539720601629,
        "Thermodynamic factor": 0.8627001368058163,
        "Reference temperature [K]": 179.93235129088532,
        "Ambient temperature [K]": 364.8398139937675,
        "Negative current collector surface heat transfer coefficient [W.m-2.K-1]": 0.0,
        "Positive current collector surface heat transfer coefficient [W.m-2.K-1]": 0.0,
        "Negative tab heat transfer coefficient [W.m-2.K-1]": 8.971277346951455,
        "Positive tab heat transfer coefficient [W.m-2.K-1]": 7.37038342169342,
        "Edge heat transfer coefficient [W.m-2.K-1]": 0.29710686593987184,
        "Total heat transfer coefficient [W.m-2.K-1]": 8.646671395100801,
        "Number of electrodes connected in parallel to make a cell": 0.6749601126407927,
        "Number of cells connected in series to make a battery": 1.0594829771704415,
        "Lower voltage cut-off [V]": 2.45877411175008,
        "Upper voltage cut-off [V]": 5.368887778738297,
        "Open-circuit voltage at 0% SOC [V]": 3.5728668370670444,
        "Open-circuit voltage at 100% SOC [V]": 2.2957408856421067,
        "Initial concentration in negative electrode [mol.m-3]": 22429.615450037552,
        "Initial concentration in positive electrode [mol.m-3]": 34390.336894301334,
        "Initial temperature [K]": 346.1336371523429
    },