{
    "config": {
        "Ideal gas constant [J.K-1.mol-1]": 7.749569409147217,
        "Faraday constant [C.mol-1]": 134670.4926585399,
        "Boltzmann constant [J.K-1]": 7.026057316296916e-24,
        "Electron charge [C]": 1.4584624995731174e-19,
        "Ratio of lithium moles to SEI moles": 1.7605817263303096,
        "Inner SEI reaction proportion": 0.40696016601843504,
        "Inner SEI partial molar volume [m3.mol-1]": 0.00011361408147260266,
        "Outer SEI partial molar volume [m3.mol-1]": 2.4871947809344355e-05,
        "SEI reaction exchange current density [A.m-2]": 1.6610866218968447e-07,
        "SEI resistivity [Ohm.m]": 74458.39717181586,
        "Outer SEI solvent diffusivity [m2.s-1]": 3.237650693764976e-22,
        "Bulk solvent concentration [mol.m-3]": 2076.8463138133334,
        "Inner SEI open-circuit potential [V]": 0.13538419878618735,
        "Outer SEI open-circuit potential [V]": 1.0454997074862418,
        "Inner SEI electron conductivity [S.m-1]": 8.464590304750496e-14,
        "Inner SEI lithium interstitial diffusivity [m2.s-1]": 1.117458508808549e-20,
        "Lithium interstitial reference concentration [mol.m-3]": 18.15603043604819,
        "Initial inner SEI thickness [m]": 1.974845232857929e-09,
        "Initial outer SEI thickness [m]": 1.9106881518582583e-09,
        "EC initial concentration in electrolyte [mol.m-3]": 6285.772456510998,
        "EC diffusivity [m2.s-1]": 1.7016336199779917e-18,
        "SEI kinetic rate constant [m.s-1]": 6.545225539492006e-13,
        "SEI open-circuit potential [V]": 0.30493269046344484,
        "SEI growth activation energy [J.mol-1]": 0.0,
        "Negative electrode reaction-driven LAM factor [m3.mol-1]": 0.0,
        "Positive electrode reaction-driven LAM factor [m3.mol-1]": 0.0,
        "Negative current collector thickness [m]": 1.4729834775784245e-05,
        "Negative electrode thickness [m]": 6.124552285855482e-05,
        "Separator thickness [m]": 1.4440914127315995e-05,
        "Positive electrode thickness [m]": 7.050068617296708e-05,
        "Positive current collector thickness [m]": 1.517645182445257e-05,
        "Electrode height [m]": 0.08487659895305136,
        "Electrode width [m]": 0.07487520832067185,
        "Negative tab width [m]": 0.005612834071428672,
        "Negative tab centre y-coordinate [m]": 0.00755264370606557,
        "Negative tab centre z-coordinate [m]": 0.05663941029306824,
        "Positive tab width [m]": 0.004261704675984552,
        "Positive tab centre y-coordinate [m]": 0.019159803927770787,
        "Positive tab centre z-coordinate [m]": 0.1517060660832688,
        "Cell cooling surface area [m2]": 0.014939729978468097,
        "Cell volume [m3]": 9.685111037692733e-07,
        "Negative current collector conductivity [S.m-1]": 60555452.55395914,
        "Positive current collector conductivity [S.m-1]": 36393872.73238716,
        "Negative current collector density [kg.m-3]": 8199.131747772237,
        "Positive current collector density [kg.m-3]": 2707.254757473022,
        "Negative current collector specific heat capacity [J.kg-1.K-1]": 319.32755601590674,
        "Positive current collector specific heat capacity [J.kg-1.K-1]": 803.5320980025207,
        "Negative current collector thermal conductivity [W.m-1.K-1]": 177.98290946118018,
        "Positive current collector thermal conductivity [W.m-1.K-1]": 185.43717670139822,
        "Nominal cell capacity [A.h]": 0.150967213865794,
        "Current function [A]": 0.13656487598605338,
        "Contact resistance [Ohm]": 0,
        "Negative electrode conductivity [S.m-1]": 19.60206193896663,
        "Maximum concentration in negative electrode [mol.m-3]": 39997.891748523434,
        "Negative electrode porosity": 0.28793037013363054,
        "Negative electrode active material volume fraction": 0.3923785153735154,
        "Negative particle radius [m]": 1.2921004891208934e-05,
        "Negative electrode Bruggeman coefficient (electrolyte)": 1.2516442150033595,
        "Negative electrode Bruggeman coefficient (electrode)": 0.0,
        "Negative electrode density [kg.m-3]": 1517.9646917551052,
        "Negative electrode specific heat capacity [J.kg-1.K-1]": 1370.5877595816223,
        "Negative electrode thermal conductivity [W.m-1.K-1]": 1.8504005034334656,
        "Negative electrode OCP entropic change [V.K-1]": 0.0,
        "Positive electrode conductivity [S.m-1]": 49.81374205913388,
        "Maximum concentration in positive electrode [mol.m-3]": 51996.67726841287,
        "Positive electrode porosity": 0.3815202564404011,
        "Positive electrode active material volume fraction": 0.45263353111119997,
        "Positive particle radius [m]": 6.4573153384590185e-06,
        "Positive electrode Bruggeman coefficient (electrolyte)": 1.4716061198954675,
        "Positive electrode Bruggeman coefficient (electrode)": 0.0,
        "Positive electrode density [kg.m-3]": 3700.0510939106885,
        "Positive electrode specific heat capacity [J.kg-1.K-1]": 1394.8907374003386,
        "Positive electrode thermal conductivity [W.m-1.K-1]": 1.3074573782472616,
        "Positive electrode OCP entropic change [V.K-1]": 0.0,
        "Separator porosity": 0.22540350196545483,
        "Separator Bruggeman coefficient (electrolyte)": 1.6032367343582354,
        "Separator density [kg.m-3]": 649.7375437576222,
        "Separator specific heat capacity [J.kg-1.K-1]": 2822.1263817068725,
        "Separator thermal conductivity [W.m-1.K-1]": 0.32096549494754867,
        "Initial concentration in electrolyte [mol.m-3]": 1193.0005271905252,
        "Cation transference number": 0.34023425564356713,
        "Thermodynamic factor": 1.0548880723722374,
        "Reference temperature [K]": 262.16208544026233,
        "Negative current collector surface heat transfer coefficient [W.m-2.K-1]": 6.363825262978189,
        "Positive current collector surface heat transfer coefficient [W.m-2.K-1]": 11.436618707805392,
        "Negative tab heat transfer coefficient [W.m-2.K-1]": 9.624172319428215,
        "Positive tab heat transfer coefficient [W.m-2.K-1]": 8.213314548861906,
        "Edge heat transfer coefficient [W.m-2.K-1]": 15.691320083649632,
        "Total heat transfer coefficient [W.m-2.K-1]": 14.338260004588019,
        "Ambient temperature [K]": 323.9524513218756,
        "Number of electrodes connected in parallel to make a cell": 0.7302963171696628,
        "Number of cells connected in series to make a battery": 0.9256127506381786,
        "Lower voltage cut-off [V]": 2.33974059564958,
        "Upper voltage cut-off [V]": 5.417225086506548,
        "Open-circuit voltage at 0% SOC [V]": 2.9939907862686,
        "Open-circuit voltage at 100% SOC [V]": 0.6949611190558711,
        "Initial concentration in negative electrode [mol.m-3]": 37100.15994403348,
        "Initial concentration in positive electrode [mol.m-3]": 13299.912644330801,
        "Initial temperature [K]": 265.32450104851387
    },