{
    "config": {
        "Ideal gas constant [J.K-1.mol-1]": 6.676100730110134,
        "Faraday constant [C.mol-1]": 109571.23094998277,
        "Boltzmann constant [J.K-1]": 1.6208814833833417e-23,
        "Electron charge [C]": 1.1580459099343738e-19,
        "Negative current collector thickness [m]": 1.057785160155711e-05,
        "Negative electrode thickness [m]": 0.00011013629480404645,
        "Separator thickness [m]": 1.1226462037794516e-05,
        "Positive electrode thickness [m]": 7.9947885220059e-05,
        "Positive current collector thickness [m]": 1.3866165943819354e-05,
        "Electrode height [m]": 0.062296847014864286,
        "Electrode width [m]": 1.5399032880179855,
        "Cell cooling surface area [m2]": 0.005403282325326228,
        "Cell volume [m3]": 2.622891473391102e-05,
        "Negative current collector conductivity [S.m-1]": 72234253.78779797,
        "Positive current collector conductivity [S.m-1]": 33489397.70434892,
        "Negative current collector density [kg.m-3]": 8006.199742940963,
        "Positive current collector density [kg.m-3]": 1878.6187146923749,
        "Positive current collector thermal conductivity [W.m-1.K-1]": 223.3697786062795,
        "Nominal cell capacity [A.h]": 4.929734111293188,
        "Current function [A]": 5.51744567421905,
        "Contact resistance [Ohm]": 0,
        "Negative electrode conductivity [S.m-1]": 220.8901345782612,
        "Maximum concentration in negative electrode [mol.m-3]": 34091.65502747071,
        "Negative electrode porosity": 0.27406966787140874,
        "Negative electrode active material volume fraction": 0.56013938719869,
        "Negative particle radius [m]": 4.60270318535417e-06,
        "Negative electrode Bruggeman coefficient (electrolyte)": 1.3844010272672338,
        "Negative electrode Bruggeman coefficient (electrode)": 0.0,
        "Negative electrode charge transfer coefficient": 0.4517618349588772,
        "Negative electrode double-layer capacity [F.m-2]": 0.1518949341853746,
        "Negative electrode density [kg.m-3]": 1886.0903198143094,
        "Maximum concentration in positive electrode [mol.m-3]": 56748.21808983432,
        "Positive electrode porosity": 0.3202979433041904,
        "Positive electrode active material volume fraction": 0.751051391958809,
        "Positive particle radius [m]": 5.3042520884171e-06,
        "Positive electrode Bruggeman coefficient (electrolyte)": 1.4517471223178315,
        "Positive electrode Bruggeman coefficient (electrode)": 0.0,
        "Positive electrode charge transfer coefficient": 0.3732219821271702,
        "Positive electrode double-layer capacity [F.m-2]": 0.23439386553705352,
        "Positive electrode density [kg.m-3]": 4113.098812661455,
        "Separator porosity": 0.449001380548523,
        "Separator Bruggeman coefficient (electrolyte)": 1.2363443984401028,
        "Separator Bruggeman coefficient (electrode)": 1.4903253723018135,
        "Separator density [kg.m-3]": 1268.8398494818034,
        "Separator thermal conductivity [W.m-1.K-1]": 0.35226004208669337,
        "Initial concentration in electrolyte [mol.m-3]": 1051.5776138480664,
        "Reference temperature [K]": 269.88630462188587,
        "Total heat transfer coefficient [W.m-2.K-1]": 12.176026822921433,
        "Ambient temperature [K]": 286.66852535506007,
        "Number of electrodes connected in parallel to make a cell": 1.0783042198616848,
        "Number of cells connected in series to make a battery": 1.1423420358317742,
        "Lower voltage cut-off [V]": 2.3939885094517797,
        "Upper voltage cut-off [V]": 4.391149425591825,
        "Open-circuit voltage at 0% SOC [V]": 2.2648436972864285,
        "Open-circuit voltage at 100% SOC [V]": 5.030288126953615,
        "Initial concentration in negative electrode [mol.m-3]": 24334.93945027372,
        "Initial concentration in positive electrode [mol.m-3]": 17360.702571168924,
        "Initial temperature [K]": 259.8753610875413
    },
    "V": [
        4.0402451425357375,
        3.977649090237919,
        3.9359707183418413,
        3.91663560323121,
        3.905801466172804,
        3.8959971018784287,
        3.885611820741212,
        3.8726973049720996,
        3.8595341474901588,
        3.846672888578552,
        3.833371891760428,
        3.8203396014298256,
        3.8073134951360084,
        3.7946932293702136,
        3.78217863347799,
        3.7708329777557195,
        3.763858790886614,
        3.7609241502457555,
        3.7530360998865047,
        3.7441675800825047,
        3.736123380944586,
        3.7274143250698315,
        3.718296312066107,
        3.710520650368997,
        3.703610934330049,
        3.696029136053234,
        3.688886007105234,
        3.682369335010635,
        3.6749890845434163,
        3.667650393959846,
        3.6602122045642513,
        3.651800118377485,
        3.6434286656244783,
        3.6348509287747506,
        3.625849259530428,
        3.6170344795512417,
        3.6075868318740394,
        3.5976203794202637,
        3.5872034134228894,
        3.576026093761845,
        3.5647776944177085,
        3.5534574367119425,
        3.5420403106339675,
        3.530964078069252,
        3.519309373779045,
        3.50697873825019,
        3.494467012527954,
        3.4820044644398545,
        3.470346272371336,
        3.4597216363232235,
        3.4495830984539255,
        3.43900618211024,
        3.4279039463121723,
        3.4172088708032007,
        3.405783530177701,
        3.3939524827553784,
        3.381110765790087,
        3.366799119115983,
        3.3493067008029236,
        3.334468901703037,
        3.3163998057420603,
        3.2949119708366563,
        3.280430676120218,
        3.2692742718367622,
        3.2530007448393214,
        3.2330442689210854,
        3.2074638102327837,
        3.180375997528424,
        3.1513209990043736,
        3.119257472967757,
        3.0836370856386477,
        3.0430007809822097,
        2.993353902136071,
        2.925264634314546,
        2.818340456509117,
        2.629495413254072,
        2.39399850945178
    ],