{
    "config": {
        "Ideal gas constant [J.K-1.mol-1]": 6.049539512906707,
        "Faraday constant [C.mol-1]": 50696.418085971985,
        "Boltzmann constant [J.K-1]": 1.0687735275550438e-23,
        "Electron charge [C]": 1.324633656868011e-19,
        "Ratio of lithium moles to SEI moles": 2.129517240580549,
        "Inner SEI reaction proportion": 0.5466217677176348,
        "Inner SEI partial molar volume [m3.mol-1]": 0.00014259764460183155,
        "Outer SEI partial molar volume [m3.mol-1]": 0.00011049855028016766,
        "SEI growth transfer coefficient": 0.5978982899048872,
        "SEI reaction exchange current density [A.m-2]": 1.0222847681602608e-07,
        "SEI resistivity [Ohm.m]": 153239.26548831427,
        "Outer SEI solvent diffusivity [m2.s-1]": 1.317705678248963e-22,
        "Bulk solvent concentration [mol.m-3]": 2797.972965328013,
        "Inner SEI open-circuit potential [V]": 0.11020280235962522,
        "Outer SEI open-circuit potential [V]": 0.6022809769059354,
        "Inner SEI electron conductivity [S.m-1]": 9.201682490102536e-14,
        "Inner SEI lithium interstitial diffusivity [m2.s-1]": 7.078565144612e-21,
        "Lithium interstitial reference concentration [mol.m-3]": 14.80089064380861,
        "Initial inner SEI thickness [m]": 2.359585900365548e-09,
        "Initial outer SEI thickness [m]": 3.2348472501898113e-09,
        "EC initial concentration in electrolyte [mol.m-3]": 5983.176364447052,
        "EC diffusivity [m2.s-1]": 1.6806721736897363e-18,
        "SEI kinetic rate constant [m.s-1]": 1.0517625858857403e-12,
        "SEI open-circuit potential [V]": 0.40236845221268785,
        "SEI growth activation energy [J.mol-1]": 0.0,
        "Negative electrode reaction-driven LAM factor [m3.mol-1]": 0.0,
        "Positive electrode reaction-driven LAM factor [m3.mol-1]": 0.0,
        "Negative current collector thickness [m]": 2.7372787621798637e-05,
        "Negative electrode thickness [m]": 8.172735119871427e-05,
        "Separator thickness [m]": 2.0277973219260358e-05,
        "Positive electrode thickness [m]": 6.209255883315564e-05,
        "Positive current collector thickness [m]": 3.118590978223756e-05,
        "Electrode height [m]": 0.13192648560186895,
        "Electrode width [m]": 0.15555823830488935,
        "Negative tab width [m]": 0.03059713609850477,
        "Negative tab centre y-coordinate [m]": 0.07065113510140686,
        "Negative tab centre z-coordinate [m]": 0.04241945431912349,
        "Positive tab width [m]": 0.03427429200398742,
        "Positive tab centre y-coordinate [m]": 0.1842556069860612,
        "Positive tab centre z-coordinate [m]": 0.10351334216603666,
        "Cell cooling surface area [m2]": 0.06632740267817522,
        "Cell volume [m3]": 5.397134846085308e-06,
        "Negative current collector conductivity [S.m-1]": 46865642.53836259,
        "Positive current collector conductivity [S.m-1]": 27517961.399666935,
        "Negative current collector density [kg.m-3]": 12166.094802885775,
        "Positive current collector density [kg.m-3]": 2018.2893280324065,
        "Negative current collector specific heat capacity [J.kg-1.K-1]": 548.5075389157656,
        "Positive current collector specific heat capacity [J.kg-1.K-1]": 607.588076551725,
        "Negative current collector thermal conductivity [W.m-1.K-1]": 300.27495840328277,
        "Positive current collector thermal conductivity [W.m-1.K-1]": 242.40904542347636,
        "Nominal cell capacity [A.h]": 0.532111126645163,
        "Current function [A]": 0.8733875828499857,
        "Contact resistance [Ohm]": 0,
        "Negative electrode conductivity [S.m-1]": 97.4849455253354,
        "Maximum concentration in negative electrode [mol.m-3]": 36487.61139129069,
        "Negative electrode porosity": 0.29834703826526887,
        "Negative electrode active material volume fraction": 0.5481243525516896,
        "Negative particle radius [m]": 1.0384655233745397e-05,
        "Negative electrode Bruggeman coefficient (electrolyte)": 2.034172572801672,
        "Negative electrode Bruggeman coefficient (electrode)": 1.1596116511963714,
        "Negative electrode charge transfer coefficient": 0.8157737766494163,
        "Negative electrode double-layer capacity [F.m-2]": 0.2283532294287314,
        "Negative electrode density [kg.m-3]": 2262.648606166445,
        "Negative electrode specific heat capacity [J.kg-1.K-1]": 699.8627414661906,
        "Negative electrode thermal conductivity [W.m-1.K-1]": 1.4612112619926352,
        "Positive electrode conductivity [S.m-1]": 11.313671084269759,
        "Maximum concentration in positive electrode [mol.m-3]": 53054.718815583336,
        "Positive electrode porosity": 0.39474008609943034,
        "Positive electrode active material volume fraction": 0.5151705778064729,
        "Positive particle radius [m]": 7.126783545101005e-06,
        "Positive electrode Bruggeman coefficient (electrolyte)": 1.9160513697780372,
        "Positive electrode Bruggeman coefficient (electrode)": 1.5488431450018583,
        "Positive electrode charge transfer coefficient": 0.606616654382374,
        "Positive electrode double-layer capacity [F.m-2]": 0.1369764167350839,
        "Positive electrode density [kg.m-3]": 4077.0157578978487,
        "Positive electrode specific heat capacity [J.kg-1.K-1]": 734.2757265876555,
        "Positive electrode thermal conductivity [W.m-1.K-1]": 2.1137089228367962,
        "Separator porosity": 1.55573568219505,
        "Separator Bruggeman coefficient (electrolyte)": 1.8154736932887774,
        "Separator density [kg.m-3]": 246.35964393713797,
        "Separator specific heat capacity [J.kg-1.K-1]": 555.6774107066583,
        "Separator thermal conductivity [W.m-1.K-1]": 0.20460444665177493,
        "Initial concentration in electrolyte [mol.m-3]": 977.3515275562196,
        "Cation transference number": 0.5561636197385065,
        "Thermodynamic factor": 0.9184555882583139,
        "Reference temperature [K]": 380.3461281424768,
        "Ambient temperature [K]": 399.9100141725926,
        "Negative current collector surface heat transfer coefficient [W.m-2.K-1]": 0.0,
        "Positive current collector surface heat transfer coefficient [W.m-2.K-1]": 0.0,
        "Negative tab heat transfer coefficient [W.m-2.K-1]": 10.034976376810661,
        "Positive tab heat transfer coefficient [W.m-2.K-1]": 9.089298850254702,
        "Edge heat transfer coefficient [W.m-2.K-1]": 0.26737635613189215,
        "Total heat transfer coefficient [W.m-2.K-1]": 9.399049187665597,
        "Number of electrodes connected in parallel to make a cell": 1.0149434495347374,
        "Number of cells connected in series to make a battery": 1.1519029800233662,
        "Lower voltage cut-off [V]": 2.830122440320431,
        "Upper voltage cut-off [V]": 3.873713909136737,
        "Open-circuit voltage at 0% SOC [V]": 2.5622384390517894,
        "Open-circuit voltage at 100% SOC [V]": 3.9616068318483397,
        "Initial concentration in negative electrode [mol.m-3]": 17159.048021464638,
        "Initial concentration in positive electrode [mol.m-3]": 34949.15225824701,
        "Initial temperature [K]": 354.539208104484
    },
    "V": [
        3.7527349148659566,
        3.7336461723732137,
        3.7214513943911944,
        3.7120102310314893,
        3.7045975508505906,
        3.6988122010805027,
        3.6944340727666996,
        3.6912140807731104,
        3.6885139870913877,
        3.6862234196846426,
        3.684131193446274,
        3.6811739582953016,
        3.6761263354790605,
        3.6685651217331836,
        3.656999800758894,
        3.6312922019341016,
        3.5244571492877297,
        2.9756174713975825,
        2.830132440320434
    ],