{
    "config": {
        "Ideal gas constant [J.K-1.mol-1]": 6.316731905842808,
        "Faraday constant [C.mol-1]": 71841.61626432548,
        "Boltzmann constant [J.K-1]": 7.42974379380204e-24,
        "Electron charge [C]": 1.7886682768588305e-19,
        "Ratio of lithium moles to SEI moles": 1.6322357572227364,
        "Inner SEI reaction proportion": 0.5719126864683832,
        "Inner SEI partial molar volume [m3.mol-1]": 8.376457664593683e-05,
        "Outer SEI partial molar volume [m3.mol-1]": 0.00012748319092653992,
        "SEI reaction exchange current density [A.m-2]": 1.9490387846984146e-07,
        "SEI resistivity [Ohm.m]": 145208.89741348516,
        "Outer SEI solvent diffusivity [m2.s-1]": 3.1066896597339655e-22,
        "Bulk solvent concentration [mol.m-3]": 3156.7203042191813,
        "Inner SEI open-circuit potential [V]": 0.08822412309473951,
        "Outer SEI open-circuit potential [V]": 0.5716289083788224,
        "Inner SEI electron conductivity [S.m-1]": 1.0476717274678049e-13,
        "Inner SEI lithium interstitial diffusivity [m2.s-1]": 1.2670646285155803e-20,
        "Lithium interstitial reference concentration [mol.m-3]": 13.802787612884336,
        "Initial inner SEI thickness [m]": 3.2853897957377342e-09,
        "Initial outer SEI thickness [m]": 2.8489912429399594e-09,
        "EC initial concentration in electrolyte [mol.m-3]": 5031.371973306933,
        "EC diffusivity [m2.s-1]": 2.203876309741415e-18,
        "SEI kinetic rate constant [m.s-1]": 7.544395222509914e-13,
        "SEI open-circuit potential [V]": 0.44911539351106494,
        "SEI growth activation energy [J.mol-1]": 0.0,
        "Negative electrode reaction-driven LAM factor [m3.mol-1]": 0.0,
        "Positive electrode reaction-driven LAM factor [m3.mol-1]": 0.0,
        "Negative current collector thickness [m]": 1.1825412437549265e-05,
        "Negative electrode thickness [m]": 9.502097500578877e-05,
        "Separator thickness [m]": 9.372696736805758e-06,
        "Positive electrode thickness [m]": 9.082906607418701e-05,
        "Positive current collector thickness [m]": 1.4503201213070758e-05,
        "Electrode height [m]": 0.07930686594073574,
        "Electrode width [m]": 1.5400862404228555,
        "Cell cooling surface area [m2]": 0.005852201004263039,
        "Cell volume [m3]": 2.7244421655406265e-05,
        "Cell thermal expansion coefficient [m.K-1]": 1.1348788155124372e-06,
        "Negative current collector conductivity [S.m-1]": 66615692.12091718,
        "Positive current collector conductivity [S.m-1]": 42087262.25076884,
        "Negative current collector density [kg.m-3]": 11972.899814307706,
        "Positive current collector density [kg.m-3]": 2507.9162524477456,
        "Negative current collector specific heat capacity [J.kg-1.K-1]": 382.0938497792188,
        "Positive current collector specific heat capacity [J.kg-1.K-1]": 866.5175892689347,
        "Negative current collector thermal conductivity [W.m-1.K-1]": 390.1187579413964,
        "Positive current collector thermal conductivity [W.m-1.K-1]": 207.9949853817142,
        "Nominal cell capacity [A.h]": 2.8547187349871255,
        "Current function [A]": 5.56306121690743,
        "Contact resistance [Ohm]": 0,
        "Negative electrode conductivity [S.m-1]": 264.7185954405264,
        "Maximum concentration in negative electrode [mol.m-3]": 27134.358783989883,
        "Negative particle diffusivity [m2.s-1]": 3.758995444409382e-14,
        "Negative electrode porosity": 0.11396846241946598,
        "Negative electrode active material volume fraction": 0.6762296990792364,
        "Negative particle radius [m]": 5.661973244473612e-06,
        "Negative electrode Bruggeman coefficient (electrolyte)": 1.3831859425903563,
        "Negative electrode Bruggeman coefficient (electrode)": 0,
        "Negative electrode charge transfer coefficient": 0.4643137832982404,
        "Negative electrode double-layer capacity [F.m-2]": 0.15967169620624075,
        "Negative electrode density [kg.m-3]": 1744.096181179394,
        "Negative electrode specific heat capacity [J.kg-1.K-1]": 703.962107344464,
        "Negative electrode thermal conductivity [W.m-1.K-1]": 1.9260109144026167,
        "Negative electrode OCP entropic change [V.K-1]": 0.0,
        "Positive electrode conductivity [S.m-1]": 0.22385395981355474,
        "Maximum concentration in positive electrode [mol.m-3]": 72958.94634469588,
        "Positive particle diffusivity [m2.s-1]": 2.9324201633693866e-15,
        "Positive electrode porosity": 0.3448440263816935,
        "Positive electrode active material volume fraction": 0.5848651719199179,
        "Positive particle radius [m]": 5.9521527249292015e-06,
        "Positive electrode Bruggeman coefficient (electrolyte)": 1.0635752801903222,
        "Positive electrode Bruggeman coefficient (electrode)": 0,
        "Positive electrode charge transfer coefficient": 0.4018036593135532,
        "Positive electrode double-layer capacity [F.m-2]": 0.16714217429291797,
        "Positive electrode density [kg.m-3]": 2886.9404864996695,
        "Positive electrode specific heat capacity [J.kg-1.K-1]": 827.6690312446748,
        "Positive electrode thermal conductivity [W.m-1.K-1]": 1.6562347648888842,
        "Positive electrode OCP entropic change [V.K-1]": 0.0,
        "Separator porosity": 0.39336013381033164,
        "Separator Bruggeman coefficient (electrolyte)": 1.4726758810922749,
        "Separator density [kg.m-3]": 377.6922472899155,
        "Separator specific heat capacity [J.kg-1.K-1]": 837.378648855882,
        "Separator thermal conductivity [W.m-1.K-1]": 0.1357191927881734,
        "Initial concentration in electrolyte [mol.m-3]": 678.0195411101156,
        "Cation transference number": 0.23447210956196368,
        "Thermodynamic factor": 1.1164201197954102,
        "Reference temperature [K]": 257.0803370115015,
        "Total heat transfer coefficient [W.m-2.K-1]": 8.765080490111476,
        "Ambient temperature [K]": 246.67395857910435,
        "Number of electrodes connected in parallel to make a cell": 0.8667437554657147,
        "Number of cells connected in series to make a battery": 0.7612557145586517,
        "Lower voltage cut-off [V]": 2.2689743352458613,
        "Upper voltage cut-off [V]": 4.388796453969036,
        "Open-circuit voltage at 0% SOC [V]": 3.848800719227932,
        "Open-circuit voltage at 100% SOC [V]": 3.957140871202492,
        "Initial concentration in negative electrode [mol.m-3]": 23913.02279902571,
        "Initial concentration in positive electrode [mol.m-3]": 12837.593240003418,
        "Initial temperature [K]": 336.0333289822721
    },