{
    "config": {
        "Ideal gas constant [J.K-1.mol-1]": 4.755766762479944,
        "Faraday constant [C.mol-1]": 31303.83685968232,
        "Boltzmann constant [J.K-1]": 9.288665359815805e-24,
        "Electron charge [C]": 1.4852906321949722e-19,
        "Ratio of lithium moles to SEI moles": 1.5813211188925371,
        "Inner SEI reaction proportion": 0.42952891379340297,
        "Inner SEI partial molar volume [m3.mol-1]": 8.322200268340708e-05,
        "Outer SEI partial molar volume [m3.mol-1]": 0.00012509860922011639,
        "SEI reaction exchange current density [A.m-2]": 1.3566197201437853e-06,
        "SEI resistivity [Ohm.m]": 295502.910974957,
        "Outer SEI solvent diffusivity [m2.s-1]": 1.2113973858851122e-22,
        "Bulk solvent concentration [mol.m-3]": 1849.3706399968596,
        "Inner SEI open-circuit potential [V]": 0.11044287581858113,
        "Outer SEI open-circuit potential [V]": 0.7912341159201292,
        "Inner SEI electron conductivity [S.m-1]": 7.867820802491692e-14,
        "Inner SEI lithium interstitial diffusivity [m2.s-1]": 9.83252660535091e-21,
        "Lithium interstitial reference concentration [mol.m-3]": 14.426265866542138,
        "Initial inner SEI thickness [m]": 2.345882859337495e-09,
        "Initial outer SEI thickness [m]": 1.747051780554001e-09,
        "EC initial concentration in electrolyte [mol.m-3]": 2454.7916333661055,
        "EC diffusivity [m2.s-1]": 1.6431997811913664e-18,
        "SEI kinetic rate constant [m.s-1]": 9.999852731028796e-13,
        "SEI open-circuit potential [V]": 0.0,
        "SEI growth activation energy [J.mol-1]": 0.0,
        "Negative current collector thickness [m]": 8.514973272986171e-06,
        "Negative electrode thickness [m]": 8.724719560550105e-05,
        "Separator thickness [m]": 2.979617818817474e-05,
        "Positive electrode thickness [m]": 0.00012674431452116603,
        "Positive current collector thickness [m]": 2.1831826287503468e-05,
        "Electrode height [m]": 0.029449806638909167,
        "Electrode width [m]": 1.4256057576621182,
        "Negative tab width [m]": 0.042153543016470965,
        "Negative tab centre y-coordinate [m]": 0.023892780392428384,
        "Negative tab centre z-coordinate [m]": 0.1904740564344936,
        "Positive tab width [m]": 0.04568976891018389,
        "Positive tab centre y-coordinate [m]": 0.1445542623002616,
        "Positive tab centre z-coordinate [m]": 0.1773240610338372,
        "Negative current collector conductivity [S.m-1]": 72482899.97246626,
        "Positive current collector conductivity [S.m-1]": 52854711.638450965,
        "Negative current collector density [kg.m-3]": 7523.938744457211,
        "Positive current collector density [kg.m-3]": 2015.3822696313505,
        "Negative current collector specific heat capacity [J.kg-1.K-1]": 475.03780552920654,
        "Positive current collector specific heat capacity [J.kg-1.K-1]": 886.86057378843,
        "Negative current collector thermal conductivity [W.m-1.K-1]": 507.5078650852785,
        "Positive current collector thermal conductivity [W.m-1.K-1]": 321.537445435216,
        "Nominal cell capacity [A.h]": 1.0813258238088692,
        "Current function [A]": 0.8812616920178299,
        "Contact resistance [Ohm]": 0,
        "Negative electrode conductivity [S.m-1]": 126.60342283891347,
        "Maximum concentration in negative electrode [mol.m-3]": 46100.68082819817,
        "Negative electrode porosity": 0.47815362954807555,
        "Negative electrode active material volume fraction": 0.5351758629006881,
        "Negative particle radius [m]": 1.8985095578531866e-06,
        "Negative electrode Bruggeman coefficient (electrolyte)": 4.760903921981849,
        "Negative electrode Bruggeman coefficient (electrode)": 3.6304500891653877,
        "Negative electrode charge transfer coefficient": 0.468679410203529,
        "Negative electrode double-layer capacity [F.m-2]": 0.21965098049158135,
        "Negative electrode density [kg.m-3]": 1891.2535876039396,
        "Negative electrode specific heat capacity [J.kg-1.K-1]": 622.6447922004414,
        "Negative electrode thermal conductivity [W.m-1.K-1]": 1.8621908405790102,
        "Positive electrode conductivity [S.m-1]": 83.28748183874508,
        "Maximum concentration in positive electrode [mol.m-3]": 40115.79286006136,
        "Positive electrode porosity": 0.521651438114699,
        "Positive electrode active material volume fraction": 0.46995866351070503,
        "Positive particle radius [m]": 2.1766268446913534e-06,
        "Positive electrode Bruggeman coefficient (electrolyte)": 2.476019693835279,
        "Positive electrode Bruggeman coefficient (electrode)": 3.6599870476989094,
        "Positive electrode charge transfer coefficient": 0.2685026462894716,
        "Positive electrode double-layer capacity [F.m-2]": 0.25520455941779036,
        "Positive electrode density [kg.m-3]": 2980.084658478715,
        "Positive electrode specific heat capacity [J.kg-1.K-1]": 717.2880532420813,
        "Positive electrode thermal conductivity [W.m-1.K-1]": 1.5826493002772264,
        "Separator porosity": 0.3582095175546903,
        "Separator Bruggeman coefficient (electrolyte)": 2.352725334812785,
        "Separator density [kg.m-3]": 743.1347319135725,
        "Separator specific heat capacity [J.kg-1.K-1]": 1568.4912355022602,
        "Separator thermal conductivity [W.m-1.K-1]": 0.4297956176098403,
        "Initial concentration in electrolyte [mol.m-3]": 1462.717399163831,
        "Cation transference number": 0.395200807761507,
        "Thermodynamic factor": 1.2759062062233366,
        "Reference temperature [K]": 348.60352797815256,
        "Ambient temperature [K]": 373.04646500484836,
        "Negative current collector surface heat transfer coefficient [W.m-2.K-1]": 0.0,
        "Positive current collector surface heat transfer coefficient [W.m-2.K-1]": 0.0,
        "Negative tab heat transfer coefficient [W.m-2.K-1]": 14.497620478424954,
        "Positive tab heat transfer coefficient [W.m-2.K-1]": 12.59567363798784,
        "Edge heat transfer coefficient [W.m-2.K-1]": 0.346207913876863,
        "Number of electrodes connected in parallel to make a cell": 0.8174696836989801,
        "Number of cells connected in series to make a battery": 1.1655380131636641,
        "Lower voltage cut-off [V]": 3.182280341584767,
        "Upper voltage cut-off [V]": 4.432854207552264,
        "Open-circuit voltage at 0% SOC [V]": 3.7303374012371764,
        "Open-circuit voltage at 100% SOC [V]": 5.047469767890103,
        "Initial concentration in negative electrode [mol.m-3]": 21406.58567406359,
        "Initial concentration in positive electrode [mol.m-3]": 22042.023278493773,
        "Initial temperature [K]": 244.2715614737058
    },
    "V": [
        3.9305278574462137,
        3.9095624415024144,
        3.894097634634003,
        3.8794694643625354,
        3.8656104014301795,
        3.852454152637659,
        3.839941138142196,
        3.8280187829752057,
        3.816638081902821,
        3.8057495656211593,
        3.795298550187968,
        3.7852217379649598,
        3.775438844221596,
        3.7658528024502633,
        3.756326709868666,
        3.7466883171776075,
        3.736699634010497,
        3.726049875285776,
        3.7143241080717915,
        3.700950212829688,
        3.6851129958159294,
        3.6655554641116455,
        3.6401845046101533,
        3.6050640831836427,
        3.551375154449195,
        3.453317900394497,
        3.183383996416504,
        3.1822903415847676
    ],