{
    "config": {
        "Ideal gas constant [J.K-1.mol-1]": 9.459374806947084,
        "Faraday constant [C.mol-1]": 115909.42561779419,
        "Boltzmann constant [J.K-1]": 1.5469843911985723e-23,
        "Electron charge [C]": 1.4513651382454116e-19,
        "Ratio of lithium moles to SEI moles": 2.301270289389103,
        "Inner SEI reaction proportion": 0.4855963583416538,
        "Inner SEI partial molar volume [m3.mol-1]": 0.00010527709807620974,
        "Outer SEI partial molar volume [m3.mol-1]": 0.00013452827304931306,
        "SEI reaction exchange current density [A.m-2]": 1.702112941077691e-06,
        "SEI resistivity [Ohm.m]": 139061.88156498733,
        "Outer SEI solvent diffusivity [m2.s-1]": 2.373150641119668e-22,
        "Bulk solvent concentration [mol.m-3]": 2727.528710535879,
        "Inner SEI open-circuit potential [V]": 0.12294681484266512,
        "Outer SEI open-circuit potential [V]": 1.0151519472859158,
        "Inner SEI electron conductivity [S.m-1]": 1.020897438654883e-13,
        "Inner SEI lithium interstitial diffusivity [m2.s-1]": 7.945813410328938e-21,
        "Lithium interstitial reference concentration [mol.m-3]": 11.477222435747937,
        "Initial inner SEI thickness [m]": 1.5517619421854908e-09,
        "Initial outer SEI thickness [m]": 2.645710980487591e-09,
        "EC initial concentration in electrolyte [mol.m-3]": 4861.8806910301,
        "EC diffusivity [m2.s-1]": 2.3411341605155066e-18,
        "SEI kinetic rate constant [m.s-1]": 1.2535301762679581e-12,
        "SEI open-circuit potential [V]": 0.0,
        "SEI growth activation energy [J.mol-1]": 0.0,
        "Negative current collector thickness [m]": 2.125179765862544e-05,
        "Negative electrode thickness [m]": 6.935777685008581e-05,
        "Separator thickness [m]": 2.01768908759495e-05,
        "Positive electrode thickness [m]": 9.04787849964786e-05,
        "Positive current collector thickness [m]": 2.673926525769887e-05,
        "Electrode height [m]": 0.031559844418043964,
        "Electrode width [m]": 0.6980759296560433,
        "Negative tab width [m]": 0.04773485404983392,
        "Negative tab centre y-coordinate [m]": 0.069761598721835,
        "Negative tab centre z-coordinate [m]": 0.14005716333085486,
        "Positive tab width [m]": 0.0474225627442167,
        "Positive tab centre y-coordinate [m]": 0.17166769507095891,
        "Positive tab centre z-coordinate [m]": 0.10282737632464076,
        "Negative current collector conductivity [S.m-1]": 54602565.612250425,
        "Positive current collector conductivity [S.m-1]": 31975403.414448638,
        "Negative current collector density [kg.m-3]": 9689.397157608866,
        "Positive current collector density [kg.m-3]": 2368.5460962265606,
        "Negative current collector specific heat capacity [J.kg-1.K-1]": 467.6872443618467,
        "Positive current collector specific heat capacity [J.kg-1.K-1]": 994.3580380842975,
        "Negative current collector thermal conductivity [W.m-1.K-1]": 480.1937536284163,
        "Positive current collector thermal conductivity [W.m-1.K-1]": 299.0831211719775,
        "Nominal cell capacity [A.h]": 0.9970297462803699,
        "Current function [A]": 1.2906848531487713,
        "Contact resistance [Ohm]": 0,
        "Negative electrode conductivity [S.m-1]": 127.28090056910939,
        "Maximum concentration in negative electrode [mol.m-3]": 26480.282354502935,
        "Negative electrode porosity": 0.2500679146886068,
        "Negative electrode active material volume fraction": 0.5058605083296659,
        "Negative particle radius [m]": 1.7730013004280274e-06,
        "Negative electrode Bruggeman coefficient (electrolyte)": 3.001143273959595,
        "Negative electrode Bruggeman coefficient (electrode)": 4.782766959281438,
        "Negative electrode charge transfer coefficient": 0.6284224404875413,
        "Negative electrode double-layer capacity [F.m-2]": 0.170982449371055,
        "Negative electrode density [kg.m-3]": 1547.6700932368524,
        "Negative electrode specific heat capacity [J.kg-1.K-1]": 452.42568765052056,
        "Negative electrode thermal conductivity [W.m-1.K-1]": 1.6565692310557099,
        "Positive electrode conductivity [S.m-1]": 128.49771758589034,
        "Maximum concentration in positive electrode [mol.m-3]": 45810.342629885316,
        "Positive electrode porosity": 0.40475912297141914,
        "Positive electrode active material volume fraction": 0.5956819769950895,
        "Positive particle radius [m]": 1.98704517772031e-06,
        "Positive electrode Bruggeman coefficient (electrolyte)": 3.7417079495836925,
        "Positive electrode Bruggeman coefficient (electrode)": 3.7313145814877138,
        "Positive electrode charge transfer coefficient": 0.4127521671334575,
        "Positive electrode double-layer capacity [F.m-2]": 0.17072716513627573,
        "Positive electrode density [kg.m-3]": 2921.0946716070844,
        "Positive electrode specific heat capacity [J.kg-1.K-1]": 889.2845118590602,
        "Positive electrode thermal conductivity [W.m-1.K-1]": 1.7093835713727272,
        "Separator porosity": 0.4187063189000447,
        "Separator Bruggeman coefficient (electrolyte)": 2.531235667128389,
        "Separator density [kg.m-3]": 1077.100456038532,
        "Separator specific heat capacity [J.kg-1.K-1]": 2013.827351261047,
        "Separator thermal conductivity [W.m-1.K-1]": 0.4099411000463246,
        "Initial concentration in electrolyte [mol.m-3]": 982.487880322822,
        "Cation transference number": 0.28205252707903417,
        "Thermodynamic factor": 1.1832895603583677,
        "Reference temperature [K]": 357.03166237307954,
        "Ambient temperature [K]": 267.3652784939559,
        "Negative current collector surface heat transfer coefficient [W.m-2.K-1]": 0.0,
        "Positive current collector surface heat transfer coefficient [W.m-2.K-1]": 0.0,
        "Negative tab heat transfer coefficient [W.m-2.K-1]": 10.849560582727777,
        "Positive tab heat transfer coefficient [W.m-2.K-1]": 11.015924635414512,
        "Edge heat transfer coefficient [W.m-2.K-1]": 0.3124094955117979,
        "Number of electrodes connected in parallel to make a cell": 1.1209203491998063,
        "Number of cells connected in series to make a battery": 0.8981022661326833,
        "Lower voltage cut-off [V]": 2.7612647484506825,
        "Upper voltage cut-off [V]": 6.944437990845261,
        "Open-circuit voltage at 0% SOC [V]": 2.9809376540224832,
        "Open-circuit voltage at 100% SOC [V]": 5.733582852554849,
        "Initial concentration in negative electrode [mol.m-3]": 26148.37876621804,
        "Initial concentration in positive electrode [mol.m-3]": 29174.099215116097,
        "Initial temperature [K]": 351.0271959061703
    },
    "V": [
        3.6091569683584908,
        3.577816450029154,
        3.546929120821064,
        3.5187795665727397,
        3.4920575649247105,
        3.4656933098524405,
        3.4349712252181237,
        3.396964320210258,
        3.3521628554044702,
        3.2957589959389337,
        3.214043698357411,
        3.0512401531272033,
        2.7612747484506848
    ],
    "time": [
        0.0,
        36.36363636363637,
        72.72727272727273,
        109.0909090909091,
        145.45454545454547,
        181.81818181818184,
        218.1818181818182,
        254.54545454545456,
        290.90909090909093,
        327.2727272727273,
        363.6363636363637,
        400.00000000000006,
        418.4012446685425
    ]
}