{
    "config": {
        "Ideal gas constant [J.K-1.mol-1]": 7.325625417899988,
        "Faraday constant [C.mol-1]": 88402.74745265968,
        "Boltzmann constant [J.K-1]": 1.4010380618468136e-23,
        "Electron charge [C]": 9.322731766894237e-20,
        "Negative current collector thickness [m]": 1.3403835708523324e-05,
        "Negative electrode thickness [m]": 8.684354817943507e-05,
        "Separator thickness [m]": 1.0374363633786466e-05,
        "Positive electrode thickness [m]": 9.940531428488527e-05,
        "Positive current collector thickness [m]": 1.4488217319385726e-05,
        "Electrode height [m]": 0.062343752381978444,
        "Electrode width [m]": 1.0686461910485354,
        "Cell cooling surface area [m2]": 0.002935805233529719,
        "Cell volume [m3]": 3.05481825184714e-05,
        "Negative current collector conductivity [S.m-1]": 49319355.20882206,
        "Positive current collector conductivity [S.m-1]": 39169794.52607555,
        "Negative current collector density [kg.m-3]": 6474.893251825958,
        "Positive current collector density [kg.m-3]": 1784.79888501752,
        "Positive current collector thermal conductivity [W.m-1.K-1]": 304.014827888574,
        "Nominal cell capacity [A.h]": 5.553203754884811,
        "Current function [A]": 4.269237449894262,
        "Contact resistance [Ohm]": 0,
        "Negative electrode conductivity [S.m-1]": 141.78734670530946,
        "Maximum concentration in negative electrode [mol.m-3]": 30600.141201324066,
        "Negative electrode porosity": 0.35978094010642775,
        "Negative electrode active material volume fraction": 0.9565391557080904,
        "Negative particle radius [m]": 3.2319287475497575e-06,
        "Negative electrode Bruggeman coefficient (electrolyte)": 0.8912119656815579,
        "Negative electrode Bruggeman coefficient (electrode)": 0.0,
        "Negative electrode charge transfer coefficient": 0.4836705274690812,
        "Negative electrode double-layer capacity [F.m-2]": 0.19485797346897463,
        "Negative electrode density [kg.m-3]": 2625.8801073828577,
        "Maximum concentration in positive electrode [mol.m-3]": 64641.78911027346,
        "Positive electrode porosity": 0.4506783652469082,
        "Positive electrode active material volume fraction": 0.5929300522810519,
        "Positive particle radius [m]": 7.58507313114053e-06,
        "Positive electrode Bruggeman coefficient (electrolyte)": 1.537675559778194,
        "Positive electrode Bruggeman coefficient (electrode)": 0.0,
        "Positive electrode charge transfer coefficient": 0.4146035883640583,
        "Positive electrode double-layer capacity [F.m-2]": 0.17340912985263646,
        "Positive electrode density [kg.m-3]": 3940.766064318633,
        "Separator porosity": 0.46571384847985564,
        "Separator Bruggeman coefficient (electrolyte)": 0.7984275501258874,
        "Separator Bruggeman coefficient (electrode)": 1.7814245075042938,
        "Separator density [kg.m-3]": 1763.6471600964828,
        "Separator thermal conductivity [W.m-1.K-1]": 0.3891945736123621,
        "Initial concentration in electrolyte [mol.m-3]": 1352.2119357572444,
        "Reference temperature [K]": 368.4166292789426,
        "Total heat transfer coefficient [W.m-2.K-1]": 10.103270838509129,
        "Ambient temperature [K]": 361.280183927031,
        "Number of electrodes connected in parallel to make a cell": 1.05077923278278,
        "Number of cells connected in series to make a battery": 0.9538730820243899,
        "Lower voltage cut-off [V]": 3.0965758053825665,
        "Upper voltage cut-off [V]": 7.071198872328917,
        "Open-circuit voltage at 0% SOC [V]": 1.839937894530171,
        "Open-circuit voltage at 100% SOC [V]": 4.928159252670958,
        "Initial concentration in negative electrode [mol.m-3]": 27339.24407079354,
        "Initial concentration in positive electrode [mol.m-3]": 21896.75061099084,
        "Initial temperature [K]": 333.9093424929201
    },
    "V": [
        4.075822956426603,
        4.036656163559256,
        4.0197057666225655,
        4.00574106462992,
        3.9929253616716776,
        3.980701173295443,
        3.968788139085288,
        3.9570405973456806,
        3.9453972405207116,
        3.93385613638681,
        3.922458452664004,
        3.9112698113770707,
        3.900362790851141,
        3.8897912672849646,
        3.879538740581393,
        3.8694216715904255,
        3.8592798424293893,
        3.8492789886105347,
        3.839483713954973,
        3.8298247264217635,
        3.8201908616245053,
        3.8104570024099655,
        3.8004901572284684,
        3.790177486834253,
        3.779440631167641,
        3.768217080741417,
        3.7564592454267456,
        3.744307451141044,
        3.7318958825503623,
        3.719358093540116,
        3.7068392298258437,
        3.6946689687410066,
        3.6834030416242562,
        3.672699736349637,
        3.66266801872888,
        3.6532246916756828,
        3.6442412363420793,
        3.6356220785455853,
        3.627289770438833,
        3.6191779521680525,
        3.6112288072002494,
        3.6033918874073665,
        3.595623761545207,
        3.5878882705681185,
        3.5801560980320675,
        3.5724034770465076,
        3.5646100907518377,
        3.5567573006690987,
        3.5488263652666743,
        3.5407953536748344,
        3.532644522224214,
        3.5243650280102594,
        3.5159479782050562,
        3.5073777810594153,
        3.4986298873473816,
        3.4896691315361212,
        3.4804475051017194,
        3.470901282373813,
        3.460948081073691,
        3.45048588032345,
        3.439399778395885,
        3.4276052851427927,
        3.415249494945625,
        3.402680240374715,
        3.3902196490225682,
        3.378080295221567,
        3.3662461873593514,
        3.3542202321825796,
        3.3411618626390096,
        3.32851597593037,
        3.319098717176065,
        3.310337056426227,
        3.3011437025414727,
        3.290667645967116,
        3.2778070495115728,
        3.260130095043866,
        3.2349403944584356,
        3.20224101869828,
        3.1640495978977015,
        3.1238968408561467,
        3.096585805382566
    ],