{
    "config": {
        "Ideal gas constant [J.K-1.mol-1]": 7.318499536693662,
        "Faraday constant [C.mol-1]": 84253.73867320298,
        "Boltzmann constant [J.K-1]": 2.076225101062958e-23,
        "Electron charge [C]": 1.8143588856054606e-19,
        "Ratio of lithium moles to SEI moles": 1.8039671758430411,
        "Inner SEI reaction proportion": 0.3864763045198875,
        "Inner SEI partial molar volume [m3.mol-1]": 0.00011255944535568932,
        "Outer SEI partial molar volume [m3.mol-1]": 7.883532675422317e-05,
        "SEI reaction exchange current density [A.m-2]": 2.018609527213032e-06,
        "SEI resistivity [Ohm.m]": 306367.71265897836,
        "Outer SEI solvent diffusivity [m2.s-1]": 2.1641233157957495e-22,
        "Bulk solvent concentration [mol.m-3]": 3162.1139558186946,
        "Inner SEI open-circuit potential [V]": 0.09099971672520785,
        "Outer SEI open-circuit potential [V]": 0.5145575675085272,
        "Inner SEI electron conductivity [S.m-1]": 8.166873645085177e-14,
        "Inner SEI lithium interstitial diffusivity [m2.s-1]": 9.847322885164636e-21,
        "Lithium interstitial reference concentration [mol.m-3]": 11.694370535543046,
        "Initial inner SEI thickness [m]": 2.4735399617004314e-09,
        "Initial outer SEI thickness [m]": 1.7949317546233919e-09,
        "EC initial concentration in electrolyte [mol.m-3]": 2707.2263853474,
        "EC diffusivity [m2.s-1]": 1.7872970035016415e-18,
        "SEI kinetic rate constant [m.s-1]": 1.1149920892970207e-12,
        "SEI open-circuit potential [V]": 0.0,
        "SEI growth activation energy [J.mol-1]": 0.0,
        "Negative current collector thickness [m]": 1.4977750772051426e-05,
        "Negative electrode thickness [m]": 0.00010426438410305855,
        "Separator thickness [m]": 2.6207191200042176e-05,
        "Positive electrode thickness [m]": 9.497878540039236e-05,
        "Positive current collector thickness [m]": 2.8565057990126347e-05,
        "Electrode height [m]": 0.04382840585727332,
        "Electrode width [m]": 1.0139103201109112,
        "Negative tab width [m]": 0.0284972562473393,
        "Negative tab centre y-coordinate [m]": 0.08229559376947711,
        "Negative tab centre z-coordinate [m]": 0.15834141613325495,
        "Positive tab width [m]": 0.04567515809788386,
        "Positive tab centre y-coordinate [m]": 0.1725413888751073,
        "Positive tab centre z-coordinate [m]": 0.1485310599001365,
        "Negative current collector conductivity [S.m-1]": 57559834.27558335,
        "Positive current collector conductivity [S.m-1]": 39181272.80499535,
        "Negative current collector density [kg.m-3]": 10482.155424126377,
        "Positive current collector density [kg.m-3]": 3272.369702147728,
        "Negative current collector specific heat capacity [J.kg-1.K-1]": 519.0316211412741,
        "Positive current collector specific heat capacity [J.kg-1.K-1]": 1307.4157969393266,
        "Negative current collector thermal conductivity [W.m-1.K-1]": 455.3043286826183,
        "Positive current collector thermal conductivity [W.m-1.K-1]": 243.85117903070625,
        "Nominal cell capacity [A.h]": 0.6639732238342783,
        "Current function [A]": 1.109802954145042,
        "Contact resistance [Ohm]": 0,
        "Negative electrode conductivity [S.m-1]": 86.0791033757629,
        "Maximum concentration in negative electrode [mol.m-3]": 34479.716762967924,
        "Negative electrode porosity": 0.3983758261657128,
        "Negative electrode active material volume fraction": 0.5175471094798614,
        "Negative particle radius [m]": 1.815135425427332e-06,
        "Negative electrode Bruggeman coefficient (electrolyte)": 5.061471530807582,
        "Negative electrode Bruggeman coefficient (electrode)": 4.729340654218681,
        "Negative electrode charge transfer coefficient": 0.4701392059438168,
        "Negative electrode double-layer capacity [F.m-2]": 0.25311705279171415,
        "Negative electrode density [kg.m-3]": 1437.7363299617018,
        "Negative electrode specific heat capacity [J.kg-1.K-1]": 921.4645026426454,
        "Negative electrode thermal conductivity [W.m-1.K-1]": 1.552525332359576,
        "Positive electrode conductivity [S.m-1]": 106.33438011910289,
        "Maximum concentration in positive electrode [mol.m-3]": 48940.16212305859,
        "Positive electrode porosity": 0.47349234206000745,
        "Positive electrode active material volume fraction": 0.8635987572512351,
        "Positive particle radius [m]": 2.0869544475330977e-06,
        "Positive electrode Bruggeman coefficient (electrolyte)": 3.876422195603604,
        "Positive electrode Bruggeman coefficient (electrode)": 2.892385862348402,
        "Positive electrode charge transfer coefficient": 0.47579224093250366,
        "Positive electrode double-layer capacity [F.m-2]": 0.2605520123317938,
        "Positive electrode density [kg.m-3]": 3434.1488048076335,
        "Positive electrode specific heat capacity [J.kg-1.K-1]": 1016.2469152794054,
        "Positive electrode thermal conductivity [W.m-1.K-1]": 1.8922822340559193,
        "Separator porosity": 0.5086104505780868,
        "Separator Bruggeman coefficient (electrolyte)": 2.3796086679811395,
        "Separator density [kg.m-3]": 690.9471334798097,
        "Separator specific heat capacity [J.kg-1.K-1]": 1812.8059831683718,
        "Separator thermal conductivity [W.m-1.K-1]": 0.23586632038589989,
        "Initial concentration in electrolyte [mol.m-3]": 1180.1752468648294,
        "Cation transference number": 0.2178579156759884,
        "Thermodynamic factor": 1.3383839418534698,
        "Reference temperature [K]": 289.8247410173695,
        "Ambient temperature [K]": 316.67759224339204,
        "Negative current collector surface heat transfer coefficient [W.m-2.K-1]": 0.0,
        "Positive current collector surface heat transfer coefficient [W.m-2.K-1]": 0.0,
        "Negative tab heat transfer coefficient [W.m-2.K-1]": 9.269771164499865,
        "Positive tab heat transfer coefficient [W.m-2.K-1]": 10.828792131177817,
        "Edge heat transfer coefficient [W.m-2.K-1]": 0.1614645838474565,
        "Number of electrodes connected in parallel to make a cell": 1.0607921295745677,
        "Number of cells connected in series to make a battery": 1.1371008854798546,
        "Lower voltage cut-off [V]": 2.895667385839984,
        "Upper voltage cut-off [V]": 5.699615881261155,
        "Open-circuit voltage at 0% SOC [V]": 1.5517554418210517,
        "Open-circuit voltage at 100% SOC [V]": 5.198342980449786,
        "Initial concentration in negative electrode [mol.m-3]": 25562.996356494,
        "Initial concentration in positive electrode [mol.m-3]": 34524.6147114809,
        "Initial temperature [K]": 391.41007106108924
    },