{
    "config": {
        "Ideal gas constant [J.K-1.mol-1]": 10.513130717066673,
        "Faraday constant [C.mol-1]": 94212.83331071674,
        "Boltzmann constant [J.K-1]": 1.912249021943745e-23,
        "Electron charge [C]": 1.332323377968203e-19,
        "Ratio of lithium moles to SEI moles": 2.0927889432965556,
        "Inner SEI reaction proportion": 0.3426897064337162,
        "Inner SEI partial molar volume [m3.mol-1]": 0.00011491145309850838,
        "Outer SEI partial molar volume [m3.mol-1]": 5.3000705434072424e-05,
        "SEI reaction exchange current density [A.m-2]": 9.93230732408795e-07,
        "SEI resistivity [Ohm.m]": 201242.25688623037,
        "Outer SEI solvent diffusivity [m2.s-1]": 2.3921279390308946e-22,
        "Bulk solvent concentration [mol.m-3]": 2482.680751431374,
        "Inner SEI open-circuit potential [V]": 0.10822200005642664,
        "Outer SEI open-circuit potential [V]": 0.4660837976561276,
        "Inner SEI electron conductivity [S.m-1]": 9.228510768330776e-14,
        "Inner SEI lithium interstitial diffusivity [m2.s-1]": 8.097818096069695e-21,
        "Lithium interstitial reference concentration [mol.m-3]": 10.158333534662132,
        "Initial inner SEI thickness [m]": 2.972748880641009e-09,
        "Initial outer SEI thickness [m]": 3.0537302304496487e-09,
        "EC initial concentration in electrolyte [mol.m-3]": 3518.7845158163286,
        "EC diffusivity [m2.s-1]": 1.6607151788147346e-18,
        "SEI kinetic rate constant [m.s-1]": 1.071174255027593e-12,
        "SEI open-circuit potential [V]": 0.0,
        "SEI growth activation energy [J.mol-1]": 0.0,
        "Negative current collector thickness [m]": 1.0320779969779453e-05,
        "Negative electrode thickness [m]": 0.00011218694748268468,
        "Separator thickness [m]": 1.8264473500027666e-05,
        "Positive electrode thickness [m]": 7.866238092400782e-05,
        "Positive current collector thickness [m]": 1.8701656645882653e-05,
        "Electrode height [m]": 0.06786993617889012,
        "Electrode width [m]": 0.9185005407744646,
        "Negative tab width [m]": 0.04290991485307841,
        "Negative tab centre y-coordinate [m]": 0.06380356232505326,
        "Negative tab centre z-coordinate [m]": 0.15928004688083758,
        "Positive tab width [m]": 0.03006560727795314,
        "Positive tab centre y-coordinate [m]": 0.17817874957660598,
        "Positive tab centre z-coordinate [m]": 0.1797687199759858,
        "Negative current collector conductivity [S.m-1]": 38835205.59765071,
        "Positive current collector conductivity [S.m-1]": 28753340.029599115,
        "Negative current collector density [kg.m-3]": 8470.225452783474,
        "Positive current collector density [kg.m-3]": 2344.96136551623,
        "Negative current collector specific heat capacity [J.kg-1.K-1]": 484.8250106087032,
        "Positive current collector specific heat capacity [J.kg-1.K-1]": 1274.1247648237854,
        "Negative current collector thermal conductivity [W.m-1.K-1]": 430.5950869265812,
        "Positive current collector thermal conductivity [W.m-1.K-1]": 233.7371962532245,
        "Nominal cell capacity [A.h]": 0.6698255062845113,
        "Current function [A]": 0.9354262663353551,
        "Contact resistance [Ohm]": 0,
        "Negative electrode conductivity [S.m-1]": 88.23259421854812,
        "Maximum concentration in negative electrode [mol.m-3]": 22522.25502252672,
        "Negative electrode porosity": 0.4803525503705694,
        "Negative electrode active material volume fraction": 0.5581404363226986,
        "Negative particle radius [m]": 2.2623944959204417e-06,
        "Negative electrode Bruggeman coefficient (electrolyte)": 4.860166323775518,
        "Negative electrode Bruggeman coefficient (electrode)": 4.707271790926217,
        "Negative electrode charge transfer coefficient": 0.546981709045417,
        "Negative electrode double-layer capacity [F.m-2]": 0.1790084325574989,
        "Negative electrode density [kg.m-3]": 1352.1785039436727,
        "Negative electrode specific heat capacity [J.kg-1.K-1]": 608.5562618494187,
        "Negative electrode thermal conductivity [W.m-1.K-1]": 0.9293885414142924,
        "Positive electrode conductivity [S.m-1]": 100.04279557676394,
        "Maximum concentration in positive electrode [mol.m-3]": 42103.993821994685,
        "Positive electrode porosity": 0.47762265965174716,
        "Positive electrode active material volume fraction": 0.9169501682718824,
        "Positive particle radius [m]": 1.9252196249218194e-06,
        "Positive electrode Bruggeman coefficient (electrolyte)": 4.45852684956517,
        "Positive electrode Bruggeman coefficient (electrode)": 4.295801190445952,
        "Positive electrode charge transfer coefficient": 0.32563520430406284,
        "Positive electrode double-layer capacity [F.m-2]": 0.30380096364648945,
        "Positive electrode density [kg.m-3]": 2191.4088166404417,
        "Positive electrode specific heat capacity [J.kg-1.K-1]": 937.2350504355352,
        "Positive electrode thermal conductivity [W.m-1.K-1]": 2.8730143145019116,
        "Separator porosity": 0.5829756240077805,
        "Separator Bruggeman coefficient (electrolyte)": 1.6808479177110913,
        "Separator density [kg.m-3]": 990.9736461020777,
        "Separator specific heat capacity [J.kg-1.K-1]": 2720.2699002086038,
        "Separator thermal conductivity [W.m-1.K-1]": 0.3730606500559392,
        "Initial concentration in electrolyte [mol.m-3]": 733.2622496465758,
        "Cation transference number": 0.40325901955592347,
        "Thermodynamic factor": 0.6941456979490256,
        "Reference temperature [K]": 373.5450618852819,
        "Ambient temperature [K]": 345.86419700235945,
        "Negative current collector surface heat transfer coefficient [W.m-2.K-1]": 0.0,
        "Positive current collector surface heat transfer coefficient [W.m-2.K-1]": 0.0,
        "Negative tab heat transfer coefficient [W.m-2.K-1]": 8.393749416719167,
        "Positive tab heat transfer coefficient [W.m-2.K-1]": 8.396499524186433,
        "Edge heat transfer coefficient [W.m-2.K-1]": 0.26157122390715587,
        "Number of electrodes connected in parallel to make a cell": 0.9003980861658627,
        "Number of cells connected in series to make a battery": 1.1051835612938774,
        "Lower voltage cut-off [V]": 3.676608163685872,
        "Upper voltage cut-off [V]": 4.360435683878817,
        "Open-circuit voltage at 0% SOC [V]": 1.645887138290503,
        "Open-circuit voltage at 100% SOC [V]": 3.5914939843598113,
        "Initial concentration in negative electrode [mol.m-3]": 19498.115469064636,
        "Initial concentration in positive electrode [mol.m-3]": 32222.846279138317,
        "Initial temperature [K]": 225.99476758171502
    },
    "V": [
        3.8004732842615736,
        3.796550912869743,
        3.7941262384394756,
        3.791796021990244,
        3.789500035454635,
        3.787213550087758,
        3.7849223024407674,
        3.7826172746116073,
        3.7802921097051603,
        3.7779417314546873,
        3.7755619602845822,
        3.7731488531616693,
        3.770698511460628,
        3.768206933441109,
        3.765669891754418,
        3.763082880214677,
        3.760440944897743,
        3.757738062302363,
        3.754970026772112,
        3.7521288397888615,
        3.7492080068406954,
        3.7461988796063794,
        3.7430930808861795,
        3.7398812154579515,
        3.7365514740328782,
        3.733090877457424,
        3.729487959920094,
        3.7257248314191647,
        3.7217814191212955,
        3.717642546706181,
        3.713283224625742,
        3.7086759174920605,
        3.7037900874735747,
        3.698591019189804,
        3.693037379225796,
        3.687080478577397,
        3.680662697712333,
        3.676618163685872
    ],