{
    "config": {
        "Ideal gas constant [J.K-1.mol-1]": 7.071882833884326,
        "Faraday constant [C.mol-1]": 75395.47284543457,
        "Boltzmann constant [J.K-1]": 2.319627148087847e-23,
        "Electron charge [C]": 1.1406902193365888e-19,
        "Ratio of lithium moles to SEI moles": 2.2399442955757265,
        "Inner SEI reaction proportion": 0.3543857561955395,
        "Inner SEI partial molar volume [m3.mol-1]": 9.09151319706418e-05,
        "Outer SEI partial molar volume [m3.mol-1]": 8.020410397894017e-05,
        "SEI reaction exchange current density [A.m-2]": 1.58462922625808e-06,
        "SEI resistivity [Ohm.m]": 317285.0733804464,
        "Outer SEI solvent diffusivity [m2.s-1]": 2.2065614465920516e-22,
        "Bulk solvent concentration [mol.m-3]": 2596.5165697951034,
        "Inner SEI open-circuit potential [V]": 0.16125821602962118,
        "Outer SEI open-circuit potential [V]": 0.8954352269023249,
        "Inner SEI electron conductivity [S.m-1]": 8.020833746450877e-14,
        "Inner SEI lithium interstitial diffusivity [m2.s-1]": 1.0241846265315952e-20,
        "Lithium interstitial reference concentration [mol.m-3]": 8.192436905925893,
        "Initial inner SEI thickness [m]": 2.9724962843859715e-09,
        "Initial outer SEI thickness [m]": 2.015776579765109e-09,
        "EC initial concentration in electrolyte [mol.m-3]": 3666.3104235603178,
        "EC diffusivity [m2.s-1]": 2.2255995771589687e-18,
        "SEI kinetic rate constant [m.s-1]": 9.369578938520123e-13,
        "SEI open-circuit potential [V]": 0.0,
        "SEI growth activation energy [J.mol-1]": 0.0,
        "Negative current collector thickness [m]": 1.5008420123445059e-05,
        "Negative electrode thickness [m]": 0.00011789537325309112,
        "Separator thickness [m]": 2.6998932693000735e-05,
        "Positive electrode thickness [m]": 8.036534103698898e-05,
        "Positive current collector thickness [m]": 1.5418150877573822e-05,
        "Electrode height [m]": 0.060590522934654056,
        "Electrode width [m]": 1.090658681153254,
        "Negative tab width [m]": 0.04883906840882708,
        "Negative tab centre y-coordinate [m]": 0.053001783035345224,
        "Negative tab centre z-coordinate [m]": 0.16524084409420564,
        "Positive tab width [m]": 0.028160047005900544,
        "Positive tab centre y-coordinate [m]": 0.12718104852602086,
        "Positive tab centre z-coordinate [m]": 0.12893205060452445,
        "Negative current collector conductivity [S.m-1]": 56427011.284261,
        "Positive current collector conductivity [S.m-1]": 28974289.447795544,
        "Negative current collector density [kg.m-3]": 6197.778817049189,
        "Positive current collector density [kg.m-3]": 3407.3969986034876,
        "Negative current collector specific heat capacity [J.kg-1.K-1]": 163.18168711471588,
        "Positive current collector specific heat capacity [J.kg-1.K-1]": 604.2360940242579,
        "Negative current collector thermal conductivity [W.m-1.K-1]": 385.3404220028371,
        "Positive current collector thermal conductivity [W.m-1.K-1]": 152.23796304176946,
        "Nominal cell capacity [A.h]": 1.0038119028602446,
        "Current function [A]": 1.0294073578834861,
        "Contact resistance [Ohm]": 0,
        "Negative electrode conductivity [S.m-1]": 131.510051093755,
        "Maximum concentration in negative electrode [mol.m-3]": 24119.20265373664,
        "Negative electrode porosity": 0.4435951928687716,
        "Negative electrode active material volume fraction": 0.33777990553880843,
        "Negative particle radius [m]": 2.8669075914325087e-06,
        "Negative electrode Bruggeman coefficient (electrolyte)": 6.210065157901205,
        "Negative electrode Bruggeman coefficient (electrode)": 4.598622165993476,
        "Negative electrode charge transfer coefficient": 0.4456323449350552,
        "Negative electrode double-layer capacity [F.m-2]": 0.1500641487071843,
        "Negative electrode density [kg.m-3]": 664.6717336381345,
        "Negative electrode specific heat capacity [J.kg-1.K-1]": 820.823922923472,
        "Negative electrode thermal conductivity [W.m-1.K-1]": 1.7983545368897778,
        "Positive electrode conductivity [S.m-1]": 119.13509220408167,
        "Maximum concentration in positive electrode [mol.m-3]": 49117.86292305669,
        "Positive electrode porosity": 0.5229749562232364,
        "Positive electrode active material volume fraction": 0.5274976929998378,
        "Positive particle radius [m]": 2.460002598897725e-06,
        "Positive electrode Bruggeman coefficient (electrolyte)": 4.248141511878144,
        "Positive electrode Bruggeman coefficient (electrode)": 3.9873055898569905,
        "Positive electrode charge transfer coefficient": 0.5192163753835815,
        "Positive electrode double-layer capacity [F.m-2]": 0.23220079277443212,
        "Positive electrode density [kg.m-3]": 2949.9403588069436,
        "Positive electrode specific heat capacity [J.kg-1.K-1]": 694.8166431835444,
        "Positive electrode thermal conductivity [W.m-1.K-1]": 2.4345140394704874,
        "Separator porosity": 0.6214351806246136,
        "Separator Bruggeman coefficient (electrolyte)": 1.9216369589406483,
        "Separator density [kg.m-3]": 1386.9930641630142,
        "Separator specific heat capacity [J.kg-1.K-1]": 2224.1653349719645,
        "Separator thermal conductivity [W.m-1.K-1]": 0.30532172483617026,
        "Initial concentration in electrolyte [mol.m-3]": 887.8100021444866,
        "Cation transference number": 0.24062305214749313,
        "Thermodynamic factor": 0.9049661760925871,
        "Reference temperature [K]": 342.21831197174004,
        "Ambient temperature [K]": 273.82754722432554,
        "Negative current collector surface heat transfer coefficient [W.m-2.K-1]": 0.0,
        "Positive current collector surface heat transfer coefficient [W.m-2.K-1]": 0.0,
        "Negative tab heat transfer coefficient [W.m-2.K-1]": 6.942122712793852,
        "Positive tab heat transfer coefficient [W.m-2.K-1]": 12.193608972353104,
        "Edge heat transfer coefficient [W.m-2.K-1]": 0.2561395276432505,
        "Number of electrodes connected in parallel to make a cell": 1.2810971589207993,
        "Number of cells connected in series to make a battery": 1.5108838251341514,
        "Lower voltage cut-off [V]": 1.9273401486834079,
        "Upper voltage cut-off [V]": 4.442018019220452,
        "Open-circuit voltage at 0% SOC [V]": 3.3742441539513863,
        "Open-circuit voltage at 100% SOC [V]": 6.524250260697345,
        "Initial concentration in negative electrode [mol.m-3]": 21393.686288122146,
        "Initial concentration in positive electrode [mol.m-3]": 28183.622315767003,
        "Initial temperature [K]": 454.1753937157063
    },