{
    "config": {
        "Ideal gas constant [J.K-1.mol-1]": 8.291707817132625,
        "Faraday constant [C.mol-1]": 111124.75855189301,
        "Boltzmann constant [J.K-1]": 1.7879951454866065e-23,
        "Electron charge [C]": 1.0532509794048111e-19,
        "Ratio of lithium moles to SEI moles": 2.485852441565355,
        "Inner SEI reaction proportion": 0.6145330419015931,
        "Inner SEI partial molar volume [m3.mol-1]": 0.00010068113347418921,
        "Outer SEI partial molar volume [m3.mol-1]": 6.879848562806656e-05,
        "SEI growth transfer coefficient": 0.6102778096592982,
        "SEI reaction exchange current density [A.m-2]": 1.490236986629685e-07,
        "SEI resistivity [Ohm.m]": 119294.06338378532,
        "Outer SEI solvent diffusivity [m2.s-1]": 3.005050330582525e-22,
        "Bulk solvent concentration [mol.m-3]": 2967.590142474941,
        "Inner SEI open-circuit potential [V]": 0.10278178207328013,
        "Outer SEI open-circuit potential [V]": 0.7187842921583951,
        "Inner SEI electron conductivity [S.m-1]": 9.000330272432766e-14,
        "Inner SEI lithium interstitial diffusivity [m2.s-1]": 8.703456215115663e-21,
        "Lithium interstitial reference concentration [mol.m-3]": 17.01822889546573,
        "Initial inner SEI thickness [m]": 2.5201234603787448e-09,
        "Initial outer SEI thickness [m]": 3.046891689481159e-09,
        "EC initial concentration in electrolyte [mol.m-3]": 4765.929526311883,
        "EC diffusivity [m2.s-1]": 1.8361858689347062e-18,
        "SEI kinetic rate constant [m.s-1]": 9.84007492638318e-13,
        "SEI open-circuit potential [V]": 0.3083390440906405,
        "SEI growth activation energy [J.mol-1]": 0.0,
        "Negative electrode reaction-driven LAM factor [m3.mol-1]": 0.0,
        "Positive electrode reaction-driven LAM factor [m3.mol-1]": 0.0,
        "Negative current collector thickness [m]": 1.902553683370393e-05,
        "Negative electrode thickness [m]": 0.00010527176244447934,
        "Separator thickness [m]": 1.9561756484395313e-05,
        "Positive electrode thickness [m]": 0.00010646927751394315,
        "Positive current collector thickness [m]": 1.8743641645914976e-05,
        "Electrode height [m]": 0.08939451833670978,
        "Electrode width [m]": 0.1645882117154674,
        "Negative tab width [m]": 0.04717871676962561,
        "Negative tab centre y-coordinate [m]": 0.06596454352378574,
        "Negative tab centre z-coordinate [m]": 0.1134211279656342,
        "Positive tab width [m]": 0.035126079830105024,
        "Positive tab centre y-coordinate [m]": 0.1828378111802767,
        "Positive tab centre z-coordinate [m]": 0.11955797822266453,
        "Cell cooling surface area [m2]": 0.037428776031124766,
        "Cell volume [m3]": 6.960995328519956e-06,
        "Negative current collector conductivity [S.m-1]": 81668393.7070361,
        "Positive current collector conductivity [S.m-1]": 21767917.43712518,
        "Negative current collector density [kg.m-3]": 7291.399558001076,
        "Positive current collector density [kg.m-3]": 3392.625406555962,
        "Negative current collector specific heat capacity [J.kg-1.K-1]": 155.74208589634668,
        "Positive current collector specific heat capacity [J.kg-1.K-1]": 1284.779013698957,
        "Negative current collector thermal conductivity [W.m-1.K-1]": 355.1506689457343,
        "Positive current collector thermal conductivity [W.m-1.K-1]": 259.56094050919074,
        "Nominal cell capacity [A.h]": 0.6663931943683433,
        "Current function [A]": 0.8693036265956373,
        "Contact resistance [Ohm]": 0,
        "Negative electrode conductivity [S.m-1]": 157.76180495934588,
        "Maximum concentration in negative electrode [mol.m-3]": 28801.86831238203,
        "Negative electrode porosity": 0.35943646309059385,
        "Negative electrode active material volume fraction": 0.6128471056663083,
        "Negative particle radius [m]": 1.0181159613639678e-05,
        "Negative electrode Bruggeman coefficient (electrolyte)": 2.370230643294496,
        "Negative electrode Bruggeman coefficient (electrode)": 0.5506331946557492,
        "Negative electrode charge transfer coefficient": 0.690034855320511,
        "Negative electrode double-layer capacity [F.m-2]": 0.14527434221752877,
        "Negative electrode density [kg.m-3]": 1682.8116674860821,
        "Negative electrode specific heat capacity [J.kg-1.K-1]": 704.7210835653173,
        "Negative electrode thermal conductivity [W.m-1.K-1]": 1.8472679978934583,
        "Positive electrode conductivity [S.m-1]": 10.515254145430731,
        "Maximum concentration in positive electrode [mol.m-3]": 40264.7258511754,
        "Positive electrode porosity": 0.32818266230423143,
        "Positive electrode active material volume fraction": 0.4950117725859822,
        "Positive particle radius [m]": 9.37604536379291e-06,
        "Positive electrode Bruggeman coefficient (electrolyte)": 1.3105929546046688,
        "Positive electrode Bruggeman coefficient (electrode)": 1.8712408994087872,
        "Positive electrode charge transfer coefficient": 0.5657811360196447,
        "Positive electrode double-layer capacity [F.m-2]": 0.23330669112505725,
        "Positive electrode density [kg.m-3]": 2474.190158832903,
        "Positive electrode specific heat capacity [J.kg-1.K-1]": 706.4382876594835,
        "Positive electrode thermal conductivity [W.m-1.K-1]": 2.4584883337144725,
        "Separator porosity": 0.9400078629457621,
        "Separator Bruggeman coefficient (electrolyte)": 1.719412668486151,
        "Separator density [kg.m-3]": 351.33884235785604,
        "Separator specific heat capacity [J.kg-1.K-1]": 734.0863370811129,
        "Separator thermal conductivity [W.m-1.K-1]": 0.11764700586146346,
        "Initial concentration in electrolyte [mol.m-3]": 733.9489535605642,
        "Cation transference number": 0.35083652520861613,
        "Thermodynamic factor": 1.487013818254534,
        "Reference temperature [K]": 342.8263918635919,
        "Ambient temperature [K]": 289.7030080439517,
        "Negative current collector surface heat transfer coefficient [W.m-2.K-1]": 0.0,
        "Positive current collector surface heat transfer coefficient [W.m-2.K-1]": 0.0,
        "Negative tab heat transfer coefficient [W.m-2.K-1]": 7.688074200027154,
        "Positive tab heat transfer coefficient [W.m-2.K-1]": 6.86644976592921,
        "Edge heat transfer coefficient [W.m-2.K-1]": 0.3300466172949543,
        "Total heat transfer coefficient [W.m-2.K-1]": 9.58402589192025,
        "Number of electrodes connected in parallel to make a cell": 0.5649100543521237,
        "Number of cells connected in series to make a battery": 1.3762149927483596,
        "Lower voltage cut-off [V]": 1.944851524958004,
        "Upper voltage cut-off [V]": 5.235862312416094,
        "Open-circuit voltage at 0% SOC [V]": 2.5994262893480182,
        "Open-circuit voltage at 100% SOC [V]": 2.958689284839543,
        "Initial concentration in negative electrode [mol.m-3]": 14475.844772166221,
        "Initial concentration in positive electrode [mol.m-3]": 33907.38854097826,
        "Initial temperature [K]": 338.689594300621
    },
    "V": [
        3.470143460528737,
        3.4032953084138438,
        3.3493581949226097,
        3.27217315992832,
        3.132660131707629,
        2.5540216654561494,
        1.9448615249580024
    ],
    "time": [
        0.0,
        36.36363636363637,
        72.72727272727273,
        109.0909090909091,
        145.45454545454547,
        181.81818181818184,
        195.05346498803144
    ]
}