{
    "config": {
        "Ideal gas constant [J.K-1.mol-1]": 7.037459380927871,
        "Faraday constant [C.mol-1]": 131873.93953280675,
        "Boltzmann constant [J.K-1]": 9.947095841826994e-24,
        "Electron charge [C]": 2.0785406376899351e-19,
        "Ratio of lithium moles to SEI moles": 2.3330060801559394,
        "Inner SEI reaction proportion": 0.4985096624672985,
        "Inner SEI partial molar volume [m3.mol-1]": 3.993701014090959e-05,
        "Outer SEI partial molar volume [m3.mol-1]": 6.511681682022287e-05,
        "SEI reaction exchange current density [A.m-2]": 2.0805459842112262e-07,
        "SEI resistivity [Ohm.m]": 284248.972229616,
        "Outer SEI solvent diffusivity [m2.s-1]": 2.1814205336561964e-22,
        "Bulk solvent concentration [mol.m-3]": 3258.334062334987,
        "Inner SEI open-circuit potential [V]": 0.06062749002919758,
        "Outer SEI open-circuit potential [V]": 0.818476108751347,
        "Inner SEI electron conductivity [S.m-1]": 8.769591373800606e-14,
        "Inner SEI lithium interstitial diffusivity [m2.s-1]": 8.611655937331696e-21,
        "Lithium interstitial reference concentration [mol.m-3]": 12.098004286154955,
        "Initial inner SEI thickness [m]": 2.284654021896178e-09,
        "Initial outer SEI thickness [m]": 2.777365299025597e-09,
        "EC initial concentration in electrolyte [mol.m-3]": 3748.8371184403068,
        "EC diffusivity [m2.s-1]": 2.026644329667439e-18,
        "SEI kinetic rate constant [m.s-1]": 1.389310299518703e-12,
        "SEI open-circuit potential [V]": 0.4063154136828041,
        "SEI growth activation energy [J.mol-1]": 0.0,
        "Negative electrode reaction-driven LAM factor [m3.mol-1]": 0.0,
        "Positive electrode reaction-driven LAM factor [m3.mol-1]": 0.0,
        "Negative current collector thickness [m]": 1.1425837090309614e-05,
        "Negative electrode thickness [m]": 0.00013111437390259735,
        "Separator thickness [m]": 9.46577536094542e-06,
        "Positive electrode thickness [m]": 7.572610683579875e-05,
        "Positive current collector thickness [m]": 1.4639267481523157e-05,
        "Electrode height [m]": 0.09105008580774077,
        "Electrode width [m]": 1.7384799956105994,
        "Cell cooling surface area [m2]": 0.007656083706382077,
        "Cell volume [m3]": 1.947594911359664e-05,
        "Cell thermal expansion coefficient [m.K-1]": 1.6379450783549668e-06,
        "Negative current collector conductivity [S.m-1]": 54441756.38499708,
        "Positive current collector conductivity [S.m-1]": 44325248.52549359,
        "Negative current collector density [kg.m-3]": 11315.890374715966,
        "Positive current collector density [kg.m-3]": 3011.3364942534054,
        "Negative current collector specific heat capacity [J.kg-1.K-1]": 272.45758342504564,
        "Positive current collector specific heat capacity [J.kg-1.K-1]": 1215.83949056427,
        "Negative current collector thermal conductivity [W.m-1.K-1]": 291.5222096868041,
        "Positive current collector thermal conductivity [W.m-1.K-1]": 272.8782038933753,
        "Nominal cell capacity [A.h]": 3.5180771068594487,
        "Current function [A]": 2.725897169978691,
        "Contact resistance [Ohm]": 0,
        "Negative electrode conductivity [S.m-1]": 246.88775540753562,
        "Maximum concentration in negative electrode [mol.m-3]": 43633.073344637814,
        "Negative particle diffusivity [m2.s-1]": 3.4100353275671275e-14,
        "Negative electrode porosity": 0.24496152714439787,
        "Negative electrode active material volume fraction": 0.8135023691133842,
        "Negative particle radius [m]": 4.975980687992715e-06,
        "Negative electrode Bruggeman coefficient (electrolyte)": 1.6493807226374133,
        "Negative electrode Bruggeman coefficient (electrode)": 0,
        "Negative electrode charge transfer coefficient": 0.40894049642745844,
        "Negative electrode double-layer capacity [F.m-2]": 0.30278119422784705,
        "Negative electrode density [kg.m-3]": 1806.1747010403155,
        "Negative electrode specific heat capacity [J.kg-1.K-1]": 509.85331458333775,
        "Negative electrode thermal conductivity [W.m-1.K-1]": 1.99610410383628,
        "Negative electrode OCP entropic change [V.K-1]": 0.0,
        "Positive electrode conductivity [S.m-1]": 0.13415714213772179,
        "Maximum concentration in positive electrode [mol.m-3]": 63815.842553396105,
        "Positive particle diffusivity [m2.s-1]": 3.4424455308238833e-15,
        "Positive electrode porosity": 0.28469776732256363,
        "Positive electrode active material volume fraction": 0.44630436162119763,
        "Positive particle radius [m]": 4.847400377250085e-06,
        "Positive electrode Bruggeman coefficient (electrolyte)": 1.8242366137414872,
        "Positive electrode Bruggeman coefficient (electrode)": 0,
        "Positive electrode charge transfer coefficient": 0.4697079335337156,
        "Positive electrode double-layer capacity [F.m-2]": 0.16783848138452323,
        "Positive electrode density [kg.m-3]": 2602.8413965743484,
        "Positive electrode specific heat capacity [J.kg-1.K-1]": 963.8750135973116,
        "Positive electrode thermal conductivity [W.m-1.K-1]": 2.2085446157971895,
        "Positive electrode OCP entropic change [V.K-1]": 0.0,
        "Separator porosity": 0.5238526433071331,
        "Separator Bruggeman coefficient (electrolyte)": 1.9479580571692143,
        "Separator density [kg.m-3]": 378.14519411468126,
        "Separator specific heat capacity [J.kg-1.K-1]": 748.3487154683835,
        "Separator thermal conductivity [W.m-1.K-1]": 0.19483475510470194,
        "Initial concentration in electrolyte [mol.m-3]": 853.8361904927989,
        "Cation transference number": 0.2340893920604018,
        "Thermodynamic factor": 1.4723737237941887,
        "Reference temperature [K]": 340.91586438476816,
        "Total heat transfer coefficient [W.m-2.K-1]": 10.100375988942496,
        "Ambient temperature [K]": 277.0696250689043,
        "Number of electrodes connected in parallel to make a cell": 1.1241307966993082,
        "Number of cells connected in series to make a battery": 1.343306641116961,
        "Lower voltage cut-off [V]": 2.910001552516375,
        "Upper voltage cut-off [V]": 5.944126133993082,
        "Open-circuit voltage at 0% SOC [V]": 2.672151226685284,
        "Open-circuit voltage at 100% SOC [V]": 4.958061203108413,
        "Initial concentration in negative electrode [mol.m-3]": 29114.43444972357,
        "Initial concentration in positive electrode [mol.m-3]": 18788.86941543512,
        "Initial temperature [K]": 435.206215977243
    },