{
    "config": {
        "Ideal gas constant [J.K-1.mol-1]": 7.00693595256102,
        "Faraday constant [C.mol-1]": 98883.5816294258,
        "Boltzmann constant [J.K-1]": 1.4978173844862694e-23,
        "Electron charge [C]": 2.177668045034483e-19,
        "Ratio of lithium moles to SEI moles": 0.744774748277856,
        "Inner SEI reaction proportion": 0.49665317990066454,
        "Inner SEI partial molar volume [m3.mol-1]": 0.00010876176173631207,
        "Outer SEI partial molar volume [m3.mol-1]": 0.00010784895166976251,
        "SEI reaction exchange current density [A.m-2]": 1.784559734918628e-07,
        "SEI resistivity [Ohm.m]": 259293.06527462046,
        "Outer SEI solvent diffusivity [m2.s-1]": 2.585168480152871e-22,
        "Bulk solvent concentration [mol.m-3]": 3467.914288334207,
        "Inner SEI open-circuit potential [V]": 0.11923576699885918,
        "Outer SEI open-circuit potential [V]": 0.873477631534467,
        "Inner SEI electron conductivity [S.m-1]": 8.10204258452595e-14,
        "Inner SEI lithium interstitial diffusivity [m2.s-1]": 1.312637133392099e-20,
        "Lithium interstitial reference concentration [mol.m-3]": 20.61587092716415,
        "Initial inner SEI thickness [m]": 2.778111725680629e-09,
        "Initial outer SEI thickness [m]": 2.546659688837484e-09,
        "EC initial concentration in electrolyte [mol.m-3]": 5189.382413259398,
        "EC diffusivity [m2.s-1]": 2.626589112701962e-18,
        "SEI kinetic rate constant [m.s-1]": 1.2965619984769337e-12,
        "SEI open-circuit potential [V]": 0.41359751145772333,
        "SEI growth activation energy [J.mol-1]": 0.0,
        "Negative electrode reaction-driven LAM factor [m3.mol-1]": 0.0,
        "Positive electrode reaction-driven LAM factor [m3.mol-1]": 0.0,
        "Negative current collector thickness [m]": 8.926208215940855e-06,
        "Negative electrode thickness [m]": 8.548593344093728e-05,
        "Separator thickness [m]": 2.4242464784157626e-05,
        "Positive electrode thickness [m]": 6.233625604514965e-05,
        "Positive current collector thickness [m]": 1.147698416625305e-05,
        "Electrode height [m]": 0.19029660861544362,
        "Electrode width [m]": 0.1395729038271112,
        "Negative tab width [m]": 0.048869941116560706,
        "Negative tab centre y-coordinate [m]": 0.012443526979382946,
        "Negative tab centre z-coordinate [m]": 0.20447366485445653,
        "Positive tab width [m]": 0.0564965598305857,
        "Positive tab centre y-coordinate [m]": 0.14097116756563474,
        "Positive tab centre z-coordinate [m]": 0.20718400599824482,
        "Cell cooling surface area [m2]": 0.028088376219088607,
        "Cell volume [m3]": 4.291439671334735e-06,
        "Negative current collector conductivity [S.m-1]": 73044853.06750536,
        "Positive current collector conductivity [S.m-1]": 62003961.946585834,
        "Negative current collector density [kg.m-3]": 8451.212110280821,
        "Positive current collector density [kg.m-3]": 4434.98130015005,
        "Negative current collector specific heat capacity [J.kg-1.K-1]": 425.5943092990724,
        "Positive current collector specific heat capacity [J.kg-1.K-1]": 559.6210049483311,
        "Negative current collector thermal conductivity [W.m-1.K-1]": 306.0584556146161,
        "Positive current collector thermal conductivity [W.m-1.K-1]": 172.56137431149062,
        "Nominal cell capacity [A.h]": 0.4103169563959762,
        "Current function [A]": 0.36994582480994315,
        "Contact resistance [Ohm]": 0,
        "Negative electrode conductivity [S.m-1]": 66.20133131781841,
        "Maximum concentration in negative electrode [mol.m-3]": 21873.023584529805,
        "Negative electrode porosity": 0.3197197012627724,
        "Negative electrode active material volume fraction": 0.5144880447247162,
        "Negative particle radius [m]": 3.9002246253360294e-07,
        "Negative electrode Bruggeman coefficient (electrolyte)": 2.004875877798782,
        "Negative electrode Bruggeman coefficient (electrode)": 0.6130244451822597,
        "Negative electrode charge transfer coefficient": 0.5416078822464213,
        "Negative electrode double-layer capacity [F.m-2]": 0.1286772614257221,
        "Negative electrode density [kg.m-3]": 2109.8284175119998,
        "Negative electrode specific heat capacity [J.kg-1.K-1]": 694.1344828827091,
        "Negative electrode thermal conductivity [W.m-1.K-1]": 1.5945685418487106,
        "Negative electrode OCP entropic change [V.K-1]": 0.0,
        "Positive electrode conductivity [S.m-1]": 10.822958159197622,
        "Maximum concentration in positive electrode [mol.m-3]": 56306.580267029974,
        "Positive electrode porosity": 0.3631683335600296,
        "Positive electrode active material volume fraction": 0.48849339292578536,
        "Positive particle radius [m]": 1.7433596225656327e-06,
        "Positive electrode Bruggeman coefficient (electrolyte)": 1.9063224697498502,
        "Positive electrode Bruggeman coefficient (electrode)": 1.9252386698412773,
        "Positive electrode charge transfer coefficient": 0.3685906643133763,
        "Positive electrode double-layer capacity [F.m-2]": 0.23609799947054536,
        "Positive electrode density [kg.m-3]": 5166.40192888165,
        "Positive electrode specific heat capacity [J.kg-1.K-1]": 796.519049740069,
        "Positive electrode thermal conductivity [W.m-1.K-1]": 1.8890677240902647,
        "Positive electrode OCP entropic change [V.K-1]": 0.0,
        "Separator porosity": 0.6131492027147916,
        "Separator Bruggeman coefficient (electrolyte)": 2.0648941750608163,
        "Separator density [kg.m-3]": 516.0894547152812,
        "Separator specific heat capacity [J.kg-1.K-1]": 773.3034231739417,
        "Separator thermal conductivity [W.m-1.K-1]": 0.07859693762131481,
        "Initial concentration in electrolyte [mol.m-3]": 505.80788362008104,
        "Cation transference number": 0.34591358306501235,
        "Thermodynamic factor": 1.0749137468411645,
        "Reference temperature [K]": 306.95379345425454,
        "Negative current collector surface heat transfer coefficient [W.m-2.K-1]": 0.0,
        "Positive current collector surface heat transfer coefficient [W.m-2.K-1]": 0.0,
        "Negative tab heat transfer coefficient [W.m-2.K-1]": 23.684512100435704,
        "Positive tab heat transfer coefficient [W.m-2.K-1]": 32.79148811723249,
        "Edge heat transfer coefficient [W.m-2.K-1]": 0.30544682245325416,
        "Total heat transfer coefficient [W.m-2.K-1]": 18.268444750052417,
        "Ambient temperature [K]": 377.36543187025916,
        "Number of electrodes connected in parallel to make a cell": 1.2792235093798254,
        "Number of cells connected in series to make a battery": 0.8548936463769379,
        "Lower voltage cut-off [V]": 2.7740644088658954,
        "Upper voltage cut-off [V]": 4.3172169510460545,
        "Open-circuit voltage at 0% SOC [V]": 2.5852821773648214,
        "Open-circuit voltage at 100% SOC [V]": 4.77845424147964,
        "Initial concentration in negative electrode [mol.m-3]": 19486.247341051607,
        "Initial concentration in positive electrode [mol.m-3]": 19849.747060317823,
        "Initial temperature [K]": 275.63689728850113
    },