{
    "config": {
        "Ideal gas constant [J.K-1.mol-1]": 7.603959786066798,
        "Faraday constant [C.mol-1]": 95954.61228748746,
        "Boltzmann constant [J.K-1]": 1.3489942055284524e-23,
        "Electron charge [C]": 1.3874406205299844e-19,
        "Ratio of lithium moles to SEI moles": 0.9910338365479261,
        "Inner SEI reaction proportion": 0.45634930735359175,
        "Inner SEI partial molar volume [m3.mol-1]": 7.161355498194252e-05,
        "Outer SEI partial molar volume [m3.mol-1]": 9.809602028281982e-05,
        "SEI reaction exchange current density [A.m-2]": 2.0715517926363434e-07,
        "SEI resistivity [Ohm.m]": 140050.9183556385,
        "Outer SEI solvent diffusivity [m2.s-1]": 2.586761644371296e-22,
        "Bulk solvent concentration [mol.m-3]": 3015.607071839857,
        "Inner SEI open-circuit potential [V]": 0.12765824791638924,
        "Outer SEI open-circuit potential [V]": 0.8035620847361465,
        "Inner SEI electron conductivity [S.m-1]": 9.247029946727085e-14,
        "Inner SEI lithium interstitial diffusivity [m2.s-1]": 7.864564516379602e-21,
        "Lithium interstitial reference concentration [mol.m-3]": 16.705865826912426,
        "Initial inner SEI thickness [m]": 3.618630314295545e-09,
        "Initial outer SEI thickness [m]": 2.6422150326440696e-09,
        "EC initial concentration in electrolyte [mol.m-3]": 3150.5525228493925,
        "EC diffusivity [m2.s-1]": 1.9527080229525798e-18,
        "SEI kinetic rate constant [m.s-1]": 1.1686291367623043e-12,
        "SEI open-circuit potential [V]": 0.3484521293683419,
        "SEI growth activation energy [J.mol-1]": 0.0,
        "Negative electrode reaction-driven LAM factor [m3.mol-1]": 0.0,
        "Positive electrode reaction-driven LAM factor [m3.mol-1]": 0.0,
        "Negative current collector thickness [m]": 1.7800585616231488e-05,
        "Negative electrode thickness [m]": 9.806019000676055e-05,
        "Separator thickness [m]": 1.0248139509974715e-05,
        "Positive electrode thickness [m]": 7.128254511800197e-05,
        "Positive current collector thickness [m]": 1.7127528400095807e-05,
        "Electrode height [m]": 0.10912369763818577,
        "Electrode width [m]": 1.4136481254447146,
        "Cell cooling surface area [m2]": 0.003500462889377285,
        "Cell volume [m3]": 2.6830916815033392e-05,
        "Cell thermal expansion coefficient [m.K-1]": 7.170625093333296e-07,
        "Negative current collector conductivity [S.m-1]": 31053869.360144727,
        "Positive current collector conductivity [S.m-1]": 39378055.57659958,
        "Negative current collector density [kg.m-3]": 5496.21865784773,
        "Positive current collector density [kg.m-3]": 1529.8487407933035,
        "Negative current collector specific heat capacity [J.kg-1.K-1]": 236.15844115389478,
        "Positive current collector specific heat capacity [J.kg-1.K-1]": 987.1435961005049,
        "Negative current collector thermal conductivity [W.m-1.K-1]": 469.6172068270632,
        "Positive current collector thermal conductivity [W.m-1.K-1]": 144.89944548221337,
        "Nominal cell capacity [A.h]": 3.4086011705042196,
        "Current function [A]": 3.574166778365071,
        "Contact resistance [Ohm]": 0,
        "Negative electrode conductivity [S.m-1]": 191.98053868911572,
        "Maximum concentration in negative electrode [mol.m-3]": 29870.21826835069,
        "Negative particle diffusivity [m2.s-1]": 4.443333313042422e-14,
        "Negative electrode porosity": 0.3594773375831809,
        "Negative electrode active material volume fraction": 0.5784177502938236,
        "Negative particle radius [m]": 6.539278028821704e-06,
        "Negative electrode Bruggeman coefficient (electrolyte)": 1.2824651723766143,
        "Negative electrode Bruggeman coefficient (electrode)": 0,
        "Negative electrode charge transfer coefficient": 0.6039775365095644,
        "Negative electrode double-layer capacity [F.m-2]": 0.14007183849644003,
        "Negative electrode density [kg.m-3]": 2071.8765361461387,
        "Negative electrode specific heat capacity [J.kg-1.K-1]": 446.1958014935949,
        "Negative electrode thermal conductivity [W.m-1.K-1]": 2.009535824216173,
        "Negative electrode OCP entropic change [V.K-1]": 0.0,
        "Positive electrode conductivity [S.m-1]": 0.17112654355188398,
        "Maximum concentration in positive electrode [mol.m-3]": 52097.79753224394,
        "Positive particle diffusivity [m2.s-1]": 3.647066810796444e-15,
        "Positive electrode porosity": 0.2778413501479915,
        "Positive electrode active material volume fraction": 0.5387140931658906,
        "Positive particle radius [m]": 4.699541184868624e-06,
        "Positive electrode Bruggeman coefficient (electrolyte)": 1.016184632122355,
        "Positive electrode Bruggeman coefficient (electrode)": 0,
        "Positive electrode charge transfer coefficient": 0.3617496276040608,
        "Positive electrode double-layer capacity [F.m-2]": 0.10455102255047138,
        "Positive electrode density [kg.m-3]": 2549.2558670955236,
        "Positive electrode specific heat capacity [J.kg-1.K-1]": 564.9115828611264,
        "Positive electrode thermal conductivity [W.m-1.K-1]": 2.4446195269224003,
        "Positive electrode OCP entropic change [V.K-1]": 0.0,
        "Separator porosity": 0.29494088656417616,
        "Separator Bruggeman coefficient (electrolyte)": 1.4657627182372581,
        "Separator density [kg.m-3]": 414.59236084199745,
        "Separator specific heat capacity [J.kg-1.K-1]": 961.3772699650647,
        "Separator thermal conductivity [W.m-1.K-1]": 0.20344196080284932,
        "Initial concentration in electrolyte [mol.m-3]": 993.4787402783596,
        "Cation transference number": 0.16420056174224015,
        "Thermodynamic factor": 1.5033358292164896,
        "Reference temperature [K]": 381.63932078532565,
        "Total heat transfer coefficient [W.m-2.K-1]": 11.236803355090736,
        "Ambient temperature [K]": 290.92376717482375,
        "Number of electrodes connected in parallel to make a cell": 0.8458432079602705,
        "Number of cells connected in series to make a battery": 1.1636979048514144,
        "Lower voltage cut-off [V]": 3.1125076799022473,
        "Upper voltage cut-off [V]": 4.6844394743201825,
        "Open-circuit voltage at 0% SOC [V]": 2.117563744877683,
        "Open-circuit voltage at 100% SOC [V]": 4.679004913712987,
        "Initial concentration in negative electrode [mol.m-3]": 26601.35797368013,
        "Initial concentration in positive electrode [mol.m-3]": 26229.13370452794,
        "Initial temperature [K]": 406.3041031435648
    },