{
    "config": {
        "Ideal gas constant [J.K-1.mol-1]": 7.600578673485635,
        "Faraday constant [C.mol-1]": 118110.59200293076,
        "Boltzmann constant [J.K-1]": 1.1348059779190864e-23,
        "Electron charge [C]": 1.9588526002407517e-19,
        "Ratio of lithium moles to SEI moles": 0.6161666067972058,
        "Inner SEI reaction proportion": 0.3715003592611629,
        "Inner SEI partial molar volume [m3.mol-1]": 9.168853200277891e-05,
        "Outer SEI partial molar volume [m3.mol-1]": 5.965068817859745e-05,
        "SEI reaction exchange current density [A.m-2]": 1.2476432992747137e-06,
        "SEI resistivity [Ohm.m]": 165071.13642746338,
        "Outer SEI solvent diffusivity [m2.s-1]": 2.0892438053227853e-22,
        "Bulk solvent concentration [mol.m-3]": 2859.985949951354,
        "Inner SEI open-circuit potential [V]": 0.11700870980321679,
        "Outer SEI open-circuit potential [V]": 0.38622696054329775,
        "Inner SEI electron conductivity [S.m-1]": 7.95337310209885e-14,
        "Inner SEI lithium interstitial diffusivity [m2.s-1]": 9.80145221783143e-21,
        "Lithium interstitial reference concentration [mol.m-3]": 14.621961583733594,
        "Initial inner SEI thickness [m]": 2.1358323617469887e-09,
        "Initial outer SEI thickness [m]": 3.1066009237881497e-09,
        "EC initial concentration in electrolyte [mol.m-3]": 4772.988350898977,
        "EC diffusivity [m2.s-1]": 7.547928485008699e-19,
        "SEI kinetic rate constant [m.s-1]": 7.790509927771591e-13,
        "SEI open-circuit potential [V]": 0.0,
        "SEI growth activation energy [J.mol-1]": 0.0,
        "Negative current collector thickness [m]": 1.7723212623516612e-05,
        "Negative electrode thickness [m]": 6.996233036232855e-05,
        "Separator thickness [m]": 2.7179233051190144e-05,
        "Positive electrode thickness [m]": 9.19948235596929e-05,
        "Positive current collector thickness [m]": 2.744633896079526e-05,
        "Electrode height [m]": 0.03416245687847453,
        "Electrode width [m]": 1.1127812058123663,
        "Negative tab width [m]": 0.04130659250381924,
        "Negative tab centre y-coordinate [m]": 0.06937055630489729,
        "Negative tab centre z-coordinate [m]": 0.15652898411267857,
        "Positive tab width [m]": 0.05258584228525512,
        "Positive tab centre y-coordinate [m]": 0.1098583625159748,
        "Positive tab centre z-coordinate [m]": 0.09561258276986226,
        "Negative current collector conductivity [S.m-1]": 74195823.41551138,
        "Positive current collector conductivity [S.m-1]": 32771585.476706184,
        "Negative current collector density [kg.m-3]": 8604.908479799606,
        "Positive current collector density [kg.m-3]": 3938.9064069601436,
        "Negative current collector specific heat capacity [J.kg-1.K-1]": 334.0422676678362,
        "Positive current collector specific heat capacity [J.kg-1.K-1]": 655.1949584973148,
        "Negative current collector thermal conductivity [W.m-1.K-1]": 441.6560155860358,
        "Positive current collector thermal conductivity [W.m-1.K-1]": 214.4938417908519,
        "Nominal cell capacity [A.h]": 0.7822969644078785,
        "Current function [A]": 0.897325278621971,
        "Contact resistance [Ohm]": 0,
        "Negative electrode conductivity [S.m-1]": 83.70825755034733,
        "Maximum concentration in negative electrode [mol.m-3]": 30557.616276387067,
        "Negative electrode porosity": 0.2837813579051428,
        "Negative electrode active material volume fraction": 0.7083275881202403,
        "Negative particle radius [m]": 2.21523282065422e-06,
        "Negative electrode Bruggeman coefficient (electrolyte)": 4.386428992854316,
        "Negative electrode Bruggeman coefficient (electrode)": 4.899688551624017,
        "Negative electrode charge transfer coefficient": 0.37386434175441763,
        "Negative electrode double-layer capacity [F.m-2]": 0.10283844708407874,
        "Negative electrode density [kg.m-3]": 1802.17411344792,
        "Negative electrode specific heat capacity [J.kg-1.K-1]": 705.7186664298868,
        "Negative electrode thermal conductivity [W.m-1.K-1]": 2.2624004730847167,
        "Positive electrode conductivity [S.m-1]": 99.94664567118552,
        "Maximum concentration in positive electrode [mol.m-3]": 57756.10059916475,
        "Positive electrode porosity": 0.38837877487456063,
        "Positive electrode active material volume fraction": 0.49022691573321886,
        "Positive particle radius [m]": 2.264216449588919e-06,
        "Positive electrode Bruggeman coefficient (electrolyte)": 3.334200680968607,
        "Positive electrode Bruggeman coefficient (electrode)": 3.529841079693151,
        "Positive electrode charge transfer coefficient": 0.5224707855251779,
        "Positive electrode double-layer capacity [F.m-2]": 0.10111454128898277,
        "Positive electrode density [kg.m-3]": 3578.676689907694,
        "Positive electrode specific heat capacity [J.kg-1.K-1]": 757.7581027452426,
        "Positive electrode thermal conductivity [W.m-1.K-1]": 3.117870235773318,
        "Separator porosity": 0.2953767308652494,
        "Separator Bruggeman coefficient (electrolyte)": 2.0967524066364356,
        "Separator density [kg.m-3]": 1487.891376965012,
        "Separator specific heat capacity [J.kg-1.K-1]": 2143.2617741279355,
        "Separator thermal conductivity [W.m-1.K-1]": 0.246105941685465,
        "Initial concentration in electrolyte [mol.m-3]": 1353.6213896947409,
        "Cation transference number": 0.41788822721380625,
        "Thermodynamic factor": 0.9421518467257476,
        "Reference temperature [K]": 314.9936574322983,
        "Ambient temperature [K]": 256.66189313674545,
        "Negative current collector surface heat transfer coefficient [W.m-2.K-1]": 0.0,
        "Positive current collector surface heat transfer coefficient [W.m-2.K-1]": 0.0,
        "Negative tab heat transfer coefficient [W.m-2.K-1]": 9.687092802380034,
        "Positive tab heat transfer coefficient [W.m-2.K-1]": 9.311045978571622,
        "Edge heat transfer coefficient [W.m-2.K-1]": 0.3877427915543368,
        "Number of electrodes connected in parallel to make a cell": 0.9384157560920605,
        "Number of cells connected in series to make a battery": 0.8660841293004937,
        "Lower voltage cut-off [V]": 3.4496309529111127,
        "Upper voltage cut-off [V]": 6.147599196678918,
        "Open-circuit voltage at 0% SOC [V]": 3.3739773755775984,
        "Open-circuit voltage at 100% SOC [V]": 4.6602172477906505,
        "Initial concentration in negative electrode [mol.m-3]": 27943.592540627295,
        "Initial concentration in positive electrode [mol.m-3]": 25348.64311549689,
        "Initial temperature [K]": 151.24376323565457
    },
    "V": [
        3.9231368191015448,
        3.8579420864148926,
        3.825455321860357,
        3.800046737283637,
        3.7800396275540082,
        3.761691046481685,
        3.739433544980373,
        3.707820153738474,
        3.6652200534342505,
        3.621954711892867,
        3.584281539733063,
        3.5529712557288775,
        3.526828360408713,
        3.5037282713759,
        3.4821261218474198,
        3.4598482422202004,
        3.449640952911113
    ],
    "time": [
        0.0,
        36.36363636363637,
        72.72727272727273,
        109.0909090909091,
        145.45454545454547,
        181.81818181818184,
        218.1818181818182,
        254.54545454545456,
        290.90909090909093,
        327.2727272727273,
        363.6363636363637,
        400.00000000000006,
        436.3636363636364,
        472.72727272727275,
        509.0909090909091,
        545.4545454545455,
        560.4500617532669
    ]
}