{
    "config": {
        "Ideal gas constant [J.K-1.mol-1]": 9.323013669870782,
        "Faraday constant [C.mol-1]": 96013.71149822098,
        "Boltzmann constant [J.K-1]": 1.8401190514069345e-23,
        "Electron charge [C]": 1.7031238593288689e-19,
        "Ratio of lithium moles to SEI moles": 1.9621052575369362,
        "Inner SEI reaction proportion": 0.5568861395167944,
        "Inner SEI partial molar volume [m3.mol-1]": 8.035755459840385e-05,
        "Outer SEI partial molar volume [m3.mol-1]": 9.490625688847622e-05,
        "SEI growth transfer coefficient": 0.41110013334447393,
        "SEI reaction exchange current density [A.m-2]": 1.6477604934592933e-07,
        "SEI resistivity [Ohm.m]": 219156.17992051557,
        "Outer SEI solvent diffusivity [m2.s-1]": 3.4636088223724984e-22,
        "Bulk solvent concentration [mol.m-3]": 1574.1421338462203,
        "Inner SEI open-circuit potential [V]": 0.10132693708198054,
        "Outer SEI open-circuit potential [V]": 1.0959854332707584,
        "Inner SEI electron conductivity [S.m-1]": 1.0140908730039655e-13,
        "Inner SEI lithium interstitial diffusivity [m2.s-1]": 1.0326511285101293e-20,
        "Lithium interstitial reference concentration [mol.m-3]": 19.292917367989887,
        "Initial inner SEI thickness [m]": 2.4699369308014748e-09,
        "Initial outer SEI thickness [m]": 3.2530249504116348e-09,
        "EC initial concentration in electrolyte [mol.m-3]": 6040.665633972029,
        "EC diffusivity [m2.s-1]": 1.0089231024762708e-18,
        "SEI kinetic rate constant [m.s-1]": 3.9233861133470126e-13,
        "SEI open-circuit potential [V]": 0.39352425046578526,
        "SEI growth activation energy [J.mol-1]": 0.0,
        "Negative electrode reaction-driven LAM factor [m3.mol-1]": 0.0,
        "Positive electrode reaction-driven LAM factor [m3.mol-1]": 0.0,
        "Negative current collector thickness [m]": 2.4654477589383722e-05,
        "Negative electrode thickness [m]": 0.00012301566761799406,
        "Separator thickness [m]": 2.4516460311876137e-05,
        "Positive electrode thickness [m]": 4.4464062850822765e-05,
        "Positive current collector thickness [m]": 2.8221956324332945e-05,
        "Electrode height [m]": 0.1411874086597615,
        "Electrode width [m]": 0.2101438479812393,
        "Negative tab width [m]": 0.028179446912351594,
        "Negative tab centre y-coordinate [m]": 0.059745010134365124,
        "Negative tab centre z-coordinate [m]": 0.09742437605925247,
        "Positive tab width [m]": 0.03886427873346144,
        "Positive tab centre y-coordinate [m]": 0.2080521430095065,
        "Positive tab centre z-coordinate [m]": 0.11076528302516833,
        "Cell cooling surface area [m2]": 0.03646047402415939,
        "Cell volume [m3]": 1.034107230556718e-05,
        "Negative current collector conductivity [S.m-1]": 36609616.56742929,
        "Positive current collector conductivity [S.m-1]": 38060729.13954323,
        "Negative current collector density [kg.m-3]": 10699.280046932789,
        "Positive current collector density [kg.m-3]": 4120.811160373927,
        "Negative current collector specific heat capacity [J.kg-1.K-1]": 431.76995396613455,
        "Positive current collector specific heat capacity [J.kg-1.K-1]": 760.9048653676011,
        "Negative current collector thermal conductivity [W.m-1.K-1]": 372.9740603383719,
        "Positive current collector thermal conductivity [W.m-1.K-1]": 163.86309532409012,
        "Nominal cell capacity [A.h]": 0.5446922122621832,
        "Current function [A]": 0.3823611100697416,
        "Contact resistance [Ohm]": 0,
        "Negative electrode conductivity [S.m-1]": 59.39435208946037,
        "Maximum concentration in negative electrode [mol.m-3]": 26301.181376989454,
        "Negative electrode porosity": 0.30768230875597863,
        "Negative electrode active material volume fraction": 0.5788949763169509,
        "Negative particle radius [m]": 1.4883130778156628e-05,
        "Negative electrode Bruggeman coefficient (electrolyte)": 1.3379495716597118,
        "Negative electrode Bruggeman coefficient (electrode)": 1.6245995747473168,
        "Negative electrode charge transfer coefficient": 0.6029478276185644,
        "Negative electrode double-layer capacity [F.m-2]": 0.25906010269944574,
        "Negative electrode density [kg.m-3]": 2048.1271830250475,
        "Negative electrode specific heat capacity [J.kg-1.K-1]": 899.4832302580859,
        "Negative electrode thermal conductivity [W.m-1.K-1]": 1.441461439245035,
        "Positive electrode conductivity [S.m-1]": 9.023141500311198,
        "Maximum concentration in positive electrode [mol.m-3]": 40875.201349606315,
        "Positive electrode porosity": 0.2910096618313301,
        "Positive electrode active material volume fraction": 0.5209575863426326,
        "Positive particle radius [m]": 1.277808002117869e-05,
        "Positive electrode Bruggeman coefficient (electrolyte)": 1.0261312211902802,
        "Positive electrode Bruggeman coefficient (electrode)": 2.124957859957435,
        "Positive electrode charge transfer coefficient": 0.5196682438783367,
        "Positive electrode double-layer capacity [F.m-2]": 0.20614632329559548,
        "Positive electrode density [kg.m-3]": 3165.1562330486995,
        "Positive electrode specific heat capacity [J.kg-1.K-1]": 971.9501734145797,
        "Positive electrode thermal conductivity [W.m-1.K-1]": 1.2522009386267114,
        "Separator porosity": 0.796940428936832,
        "Separator Bruggeman coefficient (electrolyte)": 1.751582407827683,
        "Separator density [kg.m-3]": 561.4109664535013,
        "Separator specific heat capacity [J.kg-1.K-1]": 841.1333280499268,
        "Separator thermal conductivity [W.m-1.K-1]": 0.15455414448550076,
        "Initial concentration in electrolyte [mol.m-3]": 1155.4972865605937,
        "Cation transference number": 0.405647678430171,
        "Thermodynamic factor": 1.0330304286835565,
        "Reference temperature [K]": 348.24053575487875,
        "Ambient temperature [K]": 337.1878932345257,
        "Negative current collector surface heat transfer coefficient [W.m-2.K-1]": 0.0,
        "Positive current collector surface heat transfer coefficient [W.m-2.K-1]": 0.0,
        "Negative tab heat transfer coefficient [W.m-2.K-1]": 10.328758053134848,
        "Positive tab heat transfer coefficient [W.m-2.K-1]": 8.750499178771866,
        "Edge heat transfer coefficient [W.m-2.K-1]": 0.2960417695173127,
        "Total heat transfer coefficient [W.m-2.K-1]": 12.09503941370545,
        "Number of electrodes connected in parallel to make a cell": 0.7578186676904901,
        "Number of cells connected in series to make a battery": 1.117737461040087,
        "Lower voltage cut-off [V]": 3.681187607217491,
        "Upper voltage cut-off [V]": 4.494593224666139,
        "Open-circuit voltage at 0% SOC [V]": 2.2192510294362178,
        "Open-circuit voltage at 100% SOC [V]": 3.0085342286208534,
        "Initial concentration in negative electrode [mol.m-3]": 25966.47404908757,
        "Initial concentration in positive electrode [mol.m-3]": 32118.80881229054,
        "Initial temperature [K]": 278.2346067281283
    },
    "V": [
        3.805363315834324,
        3.8007354825807504,
        3.798395939420211,
        3.7961558154189143,
        3.7938827038543885,
        3.7915225309357146,
        3.789048423396233,
        3.7864418130105553,
        3.7836873674708773,
        3.7807717935801266,
        3.777681496869471,
        3.7743996716616532,
        3.770903316068086,
        3.7671551230543407,
        3.7630900649848087,
        3.7585880132937755,
        3.753421573943098,
        3.7471563284426153,
        3.7389468205527643,
        3.7271313368058996,
        3.7084383837582564,
        3.6811976072174906
    ],