{
    "config": {
        "Ideal gas constant [J.K-1.mol-1]": 8.988780857936446,
        "Faraday constant [C.mol-1]": 54072.59050191209,
        "Boltzmann constant [J.K-1]": 1.4475840791073815e-23,
        "Electron charge [C]": 1.5763543034287962e-19,
        "Lithium metal partial molar volume [m3.mol-1]": 8.711925859017124e-06,
        "Lithium plating kinetic rate constant [m.s-1]": 9.480469707233194e-10,
        "Initial plated lithium concentration [mol.m-3]": 0.0,
        "Typical plated lithium concentration [mol.m-3]": 1009.4755325655779,
        "Lithium plating transfer coefficient": 0.7736562169149495,
        "Dead lithium decay constant [s-1]": 8.382394489184958e-07,
        "Ratio of lithium moles to SEI moles": 1.0554709458458653,
        "Inner SEI reaction proportion": 0.0,
        "Inner SEI partial molar volume [m3.mol-1]": 9.161030290818943e-05,
        "Outer SEI partial molar volume [m3.mol-1]": 8.204603257043774e-05,
        "SEI reaction exchange current density [A.m-2]": 1.3896006076279563e-07,
        "SEI resistivity [Ohm.m]": 247591.0386031105,
        "Outer SEI solvent diffusivity [m2.s-1]": 2.8685082843222208e-22,
        "Bulk solvent concentration [mol.m-3]": 4049.447681900195,
        "Inner SEI open-circuit potential [V]": 0.12058923574461144,
        "Outer SEI open-circuit potential [V]": 0.7719568198104285,
        "Inner SEI electron conductivity [S.m-1]": 3.932200339737205e-14,
        "Inner SEI lithium interstitial diffusivity [m2.s-1]": 1.1293238644072494e-20,
        "Lithium interstitial reference concentration [mol.m-3]": 18.490287509043526,
        "Initial inner SEI thickness [m]": 0.0,
        "Initial outer SEI thickness [m]": 6.878838273704697e-09,
        "EC initial concentration in electrolyte [mol.m-3]": 3360.7236974250372,
        "EC diffusivity [m2.s-1]": 1.8187563001317713e-18,
        "SEI kinetic rate constant [m.s-1]": 1.0420103275526599e-12,
        "SEI open-circuit potential [V]": 0.5466493802403329,
        "SEI growth activation energy [J.mol-1]": 53852.60743834682,
        "Negative electrode reaction-driven LAM factor [m3.mol-1]": 0.0,
        "Positive electrode reaction-driven LAM factor [m3.mol-1]": 0.0,
        "Negative current collector thickness [m]": 8.344748921729367e-06,
        "Negative electrode thickness [m]": 7.820230606189441e-05,
        "Separator thickness [m]": 1.326864537352531e-05,
        "Positive electrode thickness [m]": 6.13722614139655e-05,
        "Positive current collector thickness [m]": 1.751895314961575e-05,
        "Electrode height [m]": 0.05771887826261724,
        "Electrode width [m]": 1.2989095212828983,
        "Cell cooling surface area [m2]": 0.0063316788210372715,
        "Cell volume [m3]": 1.5062941004513833e-05,
        "Cell thermal expansion coefficient [m.K-1]": 1.2098491023289582e-06,
        "Negative current collector conductivity [S.m-1]": 65570779.01458651,
        "Positive current collector conductivity [S.m-1]": 42408039.28244425,
        "Negative current collector density [kg.m-3]": 6319.499257977019,
        "Positive current collector density [kg.m-3]": 2555.5121803163115,
        "Negative current collector specific heat capacity [J.kg-1.K-1]": 411.05160133625094,
        "Positive current collector specific heat capacity [J.kg-1.K-1]": 895.7506037489716,
        "Negative current collector thermal conductivity [W.m-1.K-1]": 334.005995793688,
        "Positive current collector thermal conductivity [W.m-1.K-1]": 141.4126854062775,
        "Nominal cell capacity [A.h]": 5.537103137229884,
        "Current function [A]": 5.939801189736873,
        "Contact resistance [Ohm]": 0,
        "Negative electrode conductivity [S.m-1]": 168.9068762213931,
        "Maximum concentration in negative electrode [mol.m-3]": 38101.69138582049,
        "Negative electrode porosity": 0.20343502023784094,
        "Negative electrode active material volume fraction": 0.5682933613483793,
        "Negative particle radius [m]": 3.5472920533442674e-06,
        "Negative electrode Bruggeman coefficient (electrolyte)": 1.331360068216476,
        "Negative electrode Bruggeman coefficient (electrode)": 1.4384850147360153,
        "Negative electrode charge transfer coefficient": 0.523465853732181,
        "Negative electrode double-layer capacity [F.m-2]": 0.21007283529032922,
        "Negative electrode density [kg.m-3]": 1881.4352741659716,
        "Negative electrode specific heat capacity [J.kg-1.K-1]": 840.3563548660096,
        "Negative electrode thermal conductivity [W.m-1.K-1]": 2.2406764841035973,
        "Negative electrode OCP entropic change [V.K-1]": 0.0,
        "Negative electrode Poisson's ratio": 0.262540317730996,
        "Negative electrode Young's modulus [Pa]": 15470449847.862698,
        "Negative electrode reference concentration for free of deformation [mol.m-3]": 0.0,
        "Negative electrode partial molar volume [m3.mol-1]": 2.351401621467974e-06,
        "Negative electrode initial crack length [m]": 2.2223757715971145e-08,
        "Negative electrode initial crack width [m]": 1.225429987133029e-08,
        "Negative electrode number of cracks per unit area [m-2]": 3395659020694553.5,
        "Negative electrode Paris' law constant b": 0.9426073370644088,
        "Negative electrode Paris' law constant m": 2.55408410782843,
        "Negative electrode LAM constant proportional term [s-1]": 3.458628951814022e-07,
        "Negative electrode LAM constant exponential term": 2.4549235987026536,
        "Negative electrode critical stress [Pa]": 58039277.348734505,
        "Positive electrode conductivity [S.m-1]": 0.1847313025379916,
        "Maximum concentration in positive electrode [mol.m-3]": 60071.86604109773,
        "Positive electrode porosity": 0.3471362790467132,
        "Positive electrode active material volume fraction": 0.684267478432625,
        "Positive particle radius [m]": 6.766724911504459e-06,
        "Positive electrode Bruggeman coefficient (electrolyte)": 2.2154219673151236,
        "Positive electrode Bruggeman coefficient (electrode)": 1.258638151923495,
        "Positive electrode charge transfer coefficient": 0.5403818025490976,
        "Positive electrode double-layer capacity [F.m-2]": 0.17607373643744473,
        "Positive electrode density [kg.m-3]": 3355.167762138453,
        "Positive electrode specific heat capacity [J.kg-1.K-1]": 752.7093646153002,
        "Positive electrode thermal conductivity [W.m-1.K-1]": 2.210708534367928,
        "Positive electrode OCP entropic change [V.K-1]": 0.0,
        "Positive electrode Poisson's ratio": 0.1273571588533765,
        "Positive electrode Young's modulus [Pa]": 372945195446.5743,
        "Positive electrode reference concentration for free of deformation [mol.m-3]": 0.0,
        "Positive electrode partial molar volume [m3.mol-1]": 1.085321831552643e-05,
        "Positive electrode initial crack length [m]": 1.7777816543947502e-08,
        "Positive electrode initial crack width [m]": 1.8291689199370813e-08,
        "Positive electrode number of cracks per unit area [m-2]": 3746066802043394.0,
        "Positive electrode Paris' law constant b": 0.9400479472568919,
        "Positive electrode Paris' law constant m": 2.310289867721467,
        "Positive electrode LAM constant proportional term [s-1]": 3.408737743314267e-07,
        "Positive electrode LAM constant exponential term": 2.0294840523937454,
        "Positive electrode critical stress [Pa]": 397899736.7672715,
        "Separator porosity": 0.41245899264299496,
        "Separator Bruggeman coefficient (electrolyte)": 1.4983187022252418,
        "Separator density [kg.m-3]": 463.9799583279816,
        "Separator specific heat capacity [J.kg-1.K-1]": 440.7390698996847,
        "Separator thermal conductivity [W.m-1.K-1]": 0.19220723783114108,
        "Initial concentration in electrolyte [mol.m-3]": 934.5450727188548,
        "Cation transference number": 0.21784712021025196,