{
    "config": {
        "Ideal gas constant [J.K-1.mol-1]": 7.578271128760337,
        "Faraday constant [C.mol-1]": 116714.4248383317,
        "Boltzmann constant [J.K-1]": 1.72871426837359e-23,
        "Electron charge [C]": 1.7781079150522616e-19,
        "Ratio of lithium moles to SEI moles": 2.5767824333064198,
        "Inner SEI reaction proportion": 0.5423616915999054,
        "Inner SEI partial molar volume [m3.mol-1]": 4.960121078555203e-05,
        "Outer SEI partial molar volume [m3.mol-1]": 7.631355999912043e-05,
        "SEI reaction exchange current density [A.m-2]": 1.6577004878923306e-07,
        "SEI resistivity [Ohm.m]": 207453.95813857962,
        "Outer SEI solvent diffusivity [m2.s-1]": 2.917663022965727e-22,
        "Bulk solvent concentration [mol.m-3]": 2845.7671433605474,
        "Inner SEI open-circuit potential [V]": 0.11694036484311911,
        "Outer SEI open-circuit potential [V]": 0.8820136760759176,
        "Inner SEI electron conductivity [S.m-1]": 7.653376598071154e-14,
        "Inner SEI lithium interstitial diffusivity [m2.s-1]": 7.9552483021518e-21,
        "Lithium interstitial reference concentration [mol.m-3]": 9.953233065282618,
        "Initial inner SEI thickness [m]": 2.1843974978288408e-09,
        "Initial outer SEI thickness [m]": 4.1981966207867555e-09,
        "EC initial concentration in electrolyte [mol.m-3]": 3722.1283882297466,
        "EC diffusivity [m2.s-1]": 2.561725860351815e-18,
        "SEI kinetic rate constant [m.s-1]": 1.2757539033432113e-12,
        "SEI open-circuit potential [V]": 0.3761737882527323,
        "SEI growth activation energy [J.mol-1]": 0.0,
        "Negative electrode reaction-driven LAM factor [m3.mol-1]": 0.0,
        "Positive electrode reaction-driven LAM factor [m3.mol-1]": 0.0,
        "Negative current collector thickness [m]": 8.704310715669231e-06,
        "Negative electrode thickness [m]": 4.356726663711298e-05,
        "Separator thickness [m]": 2.2433427881939387e-05,
        "Positive electrode thickness [m]": 4.9237781724407594e-05,
        "Positive current collector thickness [m]": 1.559207674673331e-05,
        "Electrode height [m]": 0.28541215990481017,
        "Electrode width [m]": 0.11035060195467988,
        "Negative tab width [m]": 0.027453233879402968,
        "Negative tab centre y-coordinate [m]": 0.009766327998961268,
        "Negative tab centre z-coordinate [m]": 0.20849269772276072,
        "Positive tab width [m]": 0.04129431483792592,
        "Positive tab centre y-coordinate [m]": 0.12815058540098329,
        "Positive tab centre z-coordinate [m]": 0.15887969803493032,
        "Cell cooling surface area [m2]": 0.06942836787712392,
        "Cell volume [m3]": 5.777894801386618e-06,
        "Negative current collector conductivity [S.m-1]": 54584964.0707691,
        "Positive current collector conductivity [S.m-1]": 33831633.83456319,
        "Negative current collector density [kg.m-3]": 8442.000394061188,
        "Positive current collector density [kg.m-3]": 2859.4210577940594,
        "Negative current collector specific heat capacity [J.kg-1.K-1]": 463.45115964431767,
        "Positive current collector specific heat capacity [J.kg-1.K-1]": 649.0472593220184,
        "Negative current collector thermal conductivity [W.m-1.K-1]": 184.04844261219478,
        "Positive current collector thermal conductivity [W.m-1.K-1]": 215.12883127654572,
        "Nominal cell capacity [A.h]": 0.4049059206044012,
        "Current function [A]": 0.5309515291625124,
        "Contact resistance [Ohm]": 0,
        "Negative electrode conductivity [S.m-1]": 104.0525361568725,
        "Maximum concentration in negative electrode [mol.m-3]": 16892.451596768617,
        "Negative electrode porosity": 0.5750912653523079,
        "Negative electrode active material volume fraction": 0.40118522945080304,
        "Negative particle radius [m]": 7.217353913578835e-07,
        "Negative electrode Bruggeman coefficient (electrolyte)": 2.6052272698898755,
        "Negative electrode Bruggeman coefficient (electrode)": 1.989939394969845,
        "Negative electrode charge transfer coefficient": 0.5119857744210187,
        "Negative electrode double-layer capacity [F.m-2]": 0.09473416128325554,
        "Negative electrode density [kg.m-3]": 2552.868401710661,
        "Negative electrode specific heat capacity [J.kg-1.K-1]": 763.7120362743877,
        "Negative electrode thermal conductivity [W.m-1.K-1]": 1.277018785327501,
        "Negative electrode OCP entropic change [V.K-1]": 0.0,
        "Positive electrode conductivity [S.m-1]": 9.391011060948284,
        "Maximum concentration in positive electrode [mol.m-3]": 51768.47051728402,
        "Positive electrode porosity": 0.4917347468561735,
        "Positive electrode active material volume fraction": 0.25526884396004157,
        "Positive particle radius [m]": 1.733397672674158e-06,
        "Positive electrode Bruggeman coefficient (electrolyte)": 1.9176479615933633,
        "Positive electrode Bruggeman coefficient (electrode)": 1.436258189802267,
        "Positive electrode charge transfer coefficient": 0.5171850019636842,
        "Positive electrode double-layer capacity [F.m-2]": 0.20805276347402646,
        "Positive electrode density [kg.m-3]": 5385.917335987306,
        "Positive electrode specific heat capacity [J.kg-1.K-1]": 471.08632574453657,
        "Positive electrode thermal conductivity [W.m-1.K-1]": 1.8243002856686907,
        "Positive electrode OCP entropic change [V.K-1]": 0.0,
        "Separator porosity": 0.40890316564543516,
        "Separator Bruggeman coefficient (electrolyte)": 1.116067707095847,
        "Separator density [kg.m-3]": 446.6070938710882,
        "Separator specific heat capacity [J.kg-1.K-1]": 842.7499576545955,
        "Separator thermal conductivity [W.m-1.K-1]": 0.11102019729439241,
        "Initial concentration in electrolyte [mol.m-3]": 667.3732943889462,
        "Cation transference number": 0.4705805736408854,
        "Thermodynamic factor": 1.0279166239772528,
        "Reference temperature [K]": 264.4911851515243,
        "Negative current collector surface heat transfer coefficient [W.m-2.K-1]": 0.0,
        "Positive current collector surface heat transfer coefficient [W.m-2.K-1]": 0.0,
        "Negative tab heat transfer coefficient [W.m-2.K-1]": 19.181512818853115,
        "Positive tab heat transfer coefficient [W.m-2.K-1]": 31.74351798904706,
        "Edge heat transfer coefficient [W.m-2.K-1]": 0.33163493482730894,
        "Total heat transfer coefficient [W.m-2.K-1]": 21.93926317893971,
        "Ambient temperature [K]": 246.9008162426647,
        "Number of electrodes connected in parallel to make a cell": 0.7803741212665236,
        "Number of cells connected in series to make a battery": 1.176231674168104,
        "Lower voltage cut-off [V]": 2.9796363831682204,
        "Upper voltage cut-off [V]": 4.420091457272579,
        "Open-circuit voltage at 0% SOC [V]": 2.889658889370143,
        "Open-circuit voltage at 100% SOC [V]": 5.123340002886056,
        "Initial concentration in negative electrode [mol.m-3]": 13389.098004239993,
        "Initial concentration in positive electrode [mol.m-3]": 21976.845585738774,
        "Initial temperature [K]": 293.00150896139945
    },