{
    "config": {
        "Ideal gas constant [J.K-1.mol-1]": 8.586513958181946,
        "Faraday constant [C.mol-1]": 139263.7615550289,
        "Boltzmann constant [J.K-1]": 1.336641046789338e-23,
        "Electron charge [C]": 1.0645198945233452e-19,
        "Ratio of lithium moles to SEI moles": 1.9741561532438372,
        "Inner SEI reaction proportion": 0.34741842694311903,
        "Inner SEI partial molar volume [m3.mol-1]": 7.345288009441323e-05,
        "Outer SEI partial molar volume [m3.mol-1]": 6.925480043593792e-05,
        "SEI reaction exchange current density [A.m-2]": 1.220565431459339e-07,
        "SEI resistivity [Ohm.m]": 201929.0398924203,
        "Outer SEI solvent diffusivity [m2.s-1]": 2.7308488219056423e-22,
        "Bulk solvent concentration [mol.m-3]": 1995.026781111551,
        "Inner SEI open-circuit potential [V]": 0.16492140056193438,
        "Outer SEI open-circuit potential [V]": 0.7773563834196222,
        "Inner SEI electron conductivity [S.m-1]": 5.0628930039644386e-14,
        "Inner SEI lithium interstitial diffusivity [m2.s-1]": 8.639529639440158e-21,
        "Lithium interstitial reference concentration [mol.m-3]": 13.859325196475929,
        "Initial inner SEI thickness [m]": 2.59553486321117e-09,
        "Initial outer SEI thickness [m]": 2.388180386535777e-09,
        "EC initial concentration in electrolyte [mol.m-3]": 3603.9465092502287,
        "EC diffusivity [m2.s-1]": 2.0421688484585616e-18,
        "SEI kinetic rate constant [m.s-1]": 8.200530851976921e-13,
        "SEI open-circuit potential [V]": 0.27844297987934535,
        "SEI growth activation energy [J.mol-1]": 0.0,
        "Negative electrode reaction-driven LAM factor [m3.mol-1]": 0.0,
        "Positive electrode reaction-driven LAM factor [m3.mol-1]": 0.0,
        "Negative current collector thickness [m]": 1.5119950024702844e-05,
        "Negative electrode thickness [m]": 9.537284038963667e-05,
        "Separator thickness [m]": 2.4752432642118796e-05,
        "Positive electrode thickness [m]": 6.441020826800515e-05,
        "Positive current collector thickness [m]": 1.722083652489276e-05,
        "Electrode height [m]": 0.03639440455693731,
        "Electrode width [m]": 0.06650112715436701,
        "Cell cooling surface area [m2]": 0.005173546422225978,
        "Cell volume [m3]": 2.1462531479931275e-05,
        "Cell emissivity": 1.471233985314405,
        "Cell thermal expansion coefficient [m.K-1]": 1.343050640858407e-06,
        "Negative current collector conductivity [S.m-1]": 55938281.41354999,
        "Positive current collector conductivity [S.m-1]": 36923674.730508275,
        "Negative current collector density [kg.m-3]": 6940.340206692651,
        "Positive current collector density [kg.m-3]": 2076.158023299758,
        "Negative current collector specific heat capacity [J.kg-1.K-1]": 227.3248192042152,
        "Positive current collector specific heat capacity [J.kg-1.K-1]": 1183.98814462487,
        "Negative current collector thermal conductivity [W.m-1.K-1]": 501.18251382882454,
        "Positive current collector thermal conductivity [W.m-1.K-1]": 299.9278615733151,
        "Nominal cell capacity [A.h]": 2.768585832813126,
        "Current function [A]": 2.8459143447969693,
        "Contact resistance [Ohm]": 0,
        "Negative electrode conductivity [S.m-1]": 134.6796948602048,
        "Maximum concentration in negative electrode [mol.m-3]": 28743.634451672562,
        "Negative electrode porosity": 0.4525504887143906,
        "Negative electrode active material volume fraction": 0.6262898449224851,
        "Negative particle radius [m]": 4.299214257224585e-06,
        "Negative electrode Bruggeman coefficient (electrolyte)": 3.9843707247148408,
        "Negative electrode Bruggeman coefficient (electrode)": 0.0,
        "Negative electrode charge transfer coefficient": 0.3450883025534145,
        "Negative electrode double-layer capacity [F.m-2]": 0.1923796368600845,
        "Negative electrode density [kg.m-3]": 2475.095613726988,
        "Negative electrode specific heat capacity [J.kg-1.K-1]": 1012.1705464839406,
        "Negative electrode thermal conductivity [W.m-1.K-1]": 1.088533509954673,
        "Negative electrode Poisson's ratio": 0.2462340094602265,
        "Negative electrode Young's modulus [Pa]": 15280299640.70397,
        "Negative electrode reference concentration for free of deformation [mol.m-3]": 0.0,
        "Negative electrode partial molar volume [m3.mol-1]": 4.019548694364681e-06,
        "Negative electrode initial crack length [m]": 1.9575246158400423e-08,
        "Negative electrode initial crack width [m]": 1.9494213323204083e-08,
        "Negative electrode number of cracks per unit area [m-2]": 3605411096148032.5,
        "Negative electrode Paris' law constant b": 0.636703354210652,
        "Negative electrode Paris' law constant m": 1.51273051398684,
        "Negative electrode activation energy for cracking rate [J.mol-1]": 0.0,
        "Negative electrode LAM constant proportional term [s-1]": 0.0,
        "Negative electrode LAM constant exponential term": 1.8444697624012119,
        "Negative electrode critical stress [Pa]": 44441522.330332324,
        "Positive electrode conductivity [S.m-1]": 14.728355233176169,
        "Maximum concentration in positive electrode [mol.m-3]": 43304.994022853396,
        "Positive electrode porosity": 0.3930741889162222,
        "Positive electrode active material volume fraction": 0.7811265367518891,
        "Positive particle radius [m]": 3.7775131103198847e-06,
        "Positive electrode surface area to volume ratio [m-1]": 626890.7908477033,
        "Positive electrode Bruggeman coefficient (electrolyte)": 1.774077751465607,
        "Positive electrode Bruggeman coefficient (electrode)": 0.0,
        "Positive electrode charge transfer coefficient": 0.4672610889501858,
        "Positive electrode double-layer capacity [F.m-2]": 0.2596514095104518,
        "Positive electrode density [kg.m-3]": 3008.409026784094,
        "Positive electrode specific heat capacity [J.kg-1.K-1]": 1190.7442601201299,
        "Positive electrode thermal conductivity [W.m-1.K-1]": 1.2145006320524048,
        "Positive electrode Poisson's ratio": 0.1080247304449814,
        "Positive electrode Young's modulus [Pa]": 438800993500.56885,
        "Positive electrode reference concentration for free of deformation [mol.m-3]": 0.0,
        "Positive electrode partial molar volume [m3.mol-1]": 6.3587176641798e-08,
        "Positive electrode initial crack length [m]": 2.719655111945375e-08,
        "Positive electrode initial crack width [m]": 1.7462954578298722e-08,
        "Positive electrode number of cracks per unit area [m-2]": 1961411957425901.8,
        "Positive electrode Paris' law constant b": 0.8173732897320739,
        "Positive electrode Paris' law constant m": 1.9229802159603973,
        "Positive electrode activation energy for cracking rate [J.mol-1]": 0.0,
        "Positive electrode LAM constant proportional term [s-1]": 2.5144597675126455e-13,
        "Positive electrode LAM constant exponential term": 2.2617547410155576,
        "Positive electrode critical stress [Pa]": 348501606.9746945,
        "Separator porosity": 0.4393546594492866,
        "Separator Bruggeman coefficient (electrolyte)": 0.870305982552178,
        "Separator density [kg.m-3]": 1962.3893725788093,
        "Separator specific heat capacity [J.kg-1.K-1]": 1024.4641523388161,
        "Separator thermal conductivity [W.m-1.K-1]": 0.15986770680390033,
        "Initial concentration in electrolyte [mol.m-3]": 715.0216346252005,
        "Cation transference number": 0.5684735885795709,
        "Reference temperature [K]": 149.6565398996022,
        "Total heat transfer coefficient [W.m-2.K-1]": 22.63180854788856,
        "Ambient temperature [K]": 461.61087801378045,
        "Number of electrodes connected in parallel to make a cell": 48.69172921419243,