{
    "config": {
        "Ideal gas constant [J.K-1.mol-1]": 6.499558174036387,
        "Faraday constant [C.mol-1]": 108150.18755362448,
        "Boltzmann constant [J.K-1]": 2.324707998954778e-23,
        "Electron charge [C]": 2.199356455008301e-19,
        "Lithium metal partial molar volume [m3.mol-1]": 2.0317208214356484e-05,
        "Lithium plating kinetic rate constant [m.s-1]": 1.0727290137081547e-09,
        "Initial plated lithium concentration [mol.m-3]": 0.0,
        "Typical plated lithium concentration [mol.m-3]": 961.6034137892133,
        "Lithium plating transfer coefficient": 0.625988300060045,
        "Dead lithium decay constant [s-1]": 9.416108585411998e-07,
        "Ratio of lithium moles to SEI moles": 1.0804927440043008,
        "Inner SEI reaction proportion": 0.0,
        "Inner SEI partial molar volume [m3.mol-1]": 0.00011805202136308025,
        "Outer SEI partial molar volume [m3.mol-1]": 0.0001007896966368793,
        "SEI reaction exchange current density [A.m-2]": 8.271720087514082e-08,
        "SEI resistivity [Ohm.m]": 309011.5242063906,
        "Outer SEI solvent diffusivity [m2.s-1]": 1.903287044490216e-22,
        "Bulk solvent concentration [mol.m-3]": 2793.8716124295993,
        "Inner SEI open-circuit potential [V]": 0.12004609080743149,
        "Outer SEI open-circuit potential [V]": 0.8587932846097239,
        "Inner SEI electron conductivity [S.m-1]": 8.881091431217006e-14,
        "Inner SEI lithium interstitial diffusivity [m2.s-1]": 7.13514267025126e-21,
        "Lithium interstitial reference concentration [mol.m-3]": 18.453194481852815,
        "Initial inner SEI thickness [m]": 0.0,
        "Initial outer SEI thickness [m]": 5.149300049370664e-09,
        "EC initial concentration in electrolyte [mol.m-3]": 4656.378354093369,
        "EC diffusivity [m2.s-1]": 2.485532271142464e-18,
        "SEI kinetic rate constant [m.s-1]": 5.22283774153846e-13,
        "SEI open-circuit potential [V]": 0.5259056874658457,
        "SEI growth activation energy [J.mol-1]": 40532.719329931664,
        "Negative electrode reaction-driven LAM factor [m3.mol-1]": 0.0,
        "Positive electrode reaction-driven LAM factor [m3.mol-1]": 0.0,
        "Negative current collector thickness [m]": 1.1223536467036454e-05,
        "Negative electrode thickness [m]": 7.340733828384938e-05,
        "Separator thickness [m]": 1.7444861721767806e-05,
        "Positive electrode thickness [m]": 7.646614913058918e-05,
        "Positive current collector thickness [m]": 1.627725704155153e-05,
        "Electrode height [m]": 0.07737987761824851,
        "Electrode width [m]": 1.9066126474671898,
        "Cell cooling surface area [m2]": 0.0037753678139973617,
        "Cell volume [m3]": 3.5046886379330695e-05,
        "Cell thermal expansion coefficient [m.K-1]": 1.2917232555007613e-06,
        "Negative current collector conductivity [S.m-1]": 59399340.62735011,
        "Positive current collector conductivity [S.m-1]": 13167488.412753966,
        "Negative current collector density [kg.m-3]": 11361.512719168764,
        "Positive current collector density [kg.m-3]": 3987.4138018670055,
        "Negative current collector specific heat capacity [J.kg-1.K-1]": 468.24938260693307,
        "Positive current collector specific heat capacity [J.kg-1.K-1]": 790.3205375416637,
        "Negative current collector thermal conductivity [W.m-1.K-1]": 274.4111618790615,
        "Positive current collector thermal conductivity [W.m-1.K-1]": 216.00553488819259,
        "Nominal cell capacity [A.h]": 5.302339089681686,
        "Current function [A]": 4.631646465985375,
        "Contact resistance [Ohm]": 0,
        "Negative electrode conductivity [S.m-1]": 214.44947347052985,
        "Maximum concentration in negative electrode [mol.m-3]": 20064.559674518176,
        "Negative electrode porosity": 0.22389435924717963,
        "Negative electrode active material volume fraction": 0.9481353112105908,
        "Negative particle radius [m]": 7.84612908293067e-06,
        "Negative electrode Bruggeman coefficient (electrolyte)": 1.4010078003853486,
        "Negative electrode Bruggeman coefficient (electrode)": 1.5559179015510234,
        "Negative electrode charge transfer coefficient": 0.4871758156179692,
        "Negative electrode double-layer capacity [F.m-2]": 0.231372570652716,
        "Negative electrode density [kg.m-3]": 2027.7104982042138,
        "Negative electrode specific heat capacity [J.kg-1.K-1]": 336.6728035973309,
        "Negative electrode thermal conductivity [W.m-1.K-1]": 1.3177593382346697,
        "Negative electrode OCP entropic change [V.K-1]": 0.0,
        "Negative electrode Poisson's ratio": 0.4359354837731206,
        "Negative electrode Young's modulus [Pa]": 11226236317.198652,
        "Negative electrode reference concentration for free of deformation [mol.m-3]": 0.0,
        "Negative electrode partial molar volume [m3.mol-1]": 2.8724429591675515e-06,
        "Negative electrode initial crack length [m]": 1.9363329718558082e-08,
        "Negative electrode initial crack width [m]": 1.7480360779637144e-08,
        "Negative electrode number of cracks per unit area [m-2]": 2723712270168272.5,
        "Negative electrode Paris' law constant b": 1.6573980569614426,
        "Negative electrode Paris' law constant m": 1.6344820710360393,
        "Negative electrode LAM constant proportional term [s-1]": 3.0908523931307927e-07,
        "Negative electrode LAM constant exponential term": 1.7100751212654273,
        "Negative electrode critical stress [Pa]": 59834535.38994807,
        "Positive electrode conductivity [S.m-1]": 0.1769698904497167,
        "Maximum concentration in positive electrode [mol.m-3]": 52178.49271823292,
        "Positive electrode porosity": 0.5463595835129689,
        "Positive electrode active material volume fraction": 0.7677319146097762,
        "Positive particle radius [m]": 4.219908756169614e-06,
        "Positive electrode Bruggeman coefficient (electrolyte)": 0.8175367834585229,
        "Positive electrode Bruggeman coefficient (electrode)": 1.3259935823353688,
        "Positive electrode charge transfer coefficient": 0.5868043506202181,
        "Positive electrode double-layer capacity [F.m-2]": 0.2241585483300883,
        "Positive electrode density [kg.m-3]": 2328.644295327345,
        "Positive electrode specific heat capacity [J.kg-1.K-1]": 1002.6415461067118,
        "Positive electrode thermal conductivity [W.m-1.K-1]": 2.581687904310092,
        "Positive electrode OCP entropic change [V.K-1]": 0.0,
        "Positive electrode Poisson's ratio": 0.19993570097480542,
        "Positive electrode Young's modulus [Pa]": 396669186232.5627,
        "Positive electrode reference concentration for free of deformation [mol.m-3]": 0.0,
        "Positive electrode partial molar volume [m3.mol-1]": 1.1761565008383004e-05,
        "Positive electrode initial crack length [m]": 2.0375713887632955e-08,
        "Positive electrode initial crack width [m]": 1.5695967886217856e-08,
        "Positive electrode number of cracks per unit area [m-2]": 3562755063393638.0,
        "Positive electrode Paris' law constant b": 0.9777113823533323,
        "Positive electrode Paris' law constant m": 2.322861682771283,
        "Positive electrode LAM constant proportional term [s-1]": 2.6938005824491216e-07,
        "Positive electrode LAM constant exponential term": 1.515250196025922,
        "Positive electrode critical stress [Pa]": 324751945.340374,
        "Separator porosity": 0.5477270329690749,
        "Separator Bruggeman coefficient (electrolyte)": 1.440280887287634,
        "Separator density [kg.m-3]": 371.2515690091389,
        "Separator specific heat capacity [J.kg-1.K-1]": 1133.083833339123,
        "Separator thermal conductivity [W.m-1.K-1]": 0.18562584553760514,
        "Initial concentration in electrolyte [mol.m-3]": 939.394248881138,
        "Cation transference number": 0.3723227681703878,