{
    "config": {
        "Ideal gas constant [J.K-1.mol-1]": 5.055286867877825,
        "Faraday constant [C.mol-1]": 100927.72041144117,
        "Boltzmann constant [J.K-1]": 1.3933256882565598e-23,
        "Electron charge [C]": 1.2176311047913224e-19,
        "Negative electrode thickness [m]": 3.495043624329436e-05,
        "Separator thickness [m]": 3.010295110123586e-05,
        "Positive electrode thickness [m]": 4.2404527600290994e-05,
        "Electrode height [m]": 0.4624830403430924,
        "Electrode width [m]": 0.24104226134292506,
        "Nominal cell capacity [A.h]": 2.5903190565161487,
        "Current function [A]": 2.0629684010864326,
        "Contact resistance [Ohm]": 0,
        "Negative electrode conductivity [S.m-1]": 238.1085731348955,
        "Maximum concentration in negative electrode [mol.m-3]": 28781.09730256278,
        "Negative electrode diffusivity [m2.s-1]": 3.1707747904943337e-15,
        "Negative electrode porosity": 0.3114701847821765,
        "Negative electrode active material volume fraction": 0.5414065325052627,
        "Negative particle radius [m]": 5.647763840431194e-06,
        "Negative electrode Bruggeman coefficient (electrolyte)": 1.5086104690921494,
        "Negative electrode Bruggeman coefficient (electrode)": 1.4661160460278846,
        "Negative electrode charge transfer coefficient": 0.6589958012159289,
        "Negative electrode double-layer capacity [F.m-2]": 0.22406511160373263,
        "Negative electrode OCP entropic change [V.K-1]": 0,
        "Positive electrode conductivity [S.m-1]": 0.27053717974454755,
        "Maximum concentration in positive electrode [mol.m-3]": 24571.86377781046,
        "Positive electrode diffusivity [m2.s-1]": 7.182152830735943e-18,
        "Positive electrode porosity": 0.3366529335003585,
        "Positive electrode active material volume fraction": 0.2683527693154696,
        "Positive particle radius [m]": 4.248932368573692e-08,
        "Positive electrode Bruggeman coefficient (electrode)": 1.5610230798510791,
        "Positive electrode Bruggeman coefficient (electrolyte)": 0.42110646404468643,
        "Positive electrode charge transfer coefficient": 0.41876204250447296,
        "Positive electrode double-layer capacity [F.m-2]": 0.22558438728571123,
        "Positive electrode OCP entropic change [V.K-1]": 0,
        "Separator porosity": 0.2781638394842211,
        "Separator Bruggeman coefficient (electrolyte)": 1.5502101718131538,
        "Initial concentration in electrolyte [mol.m-3]": 1254.175288071916,
        "Cation transference number": 0.239015798391075,
        "Thermodynamic factor": 0.7125227532519536,
        "Electrolyte diffusivity [m2.s-1]": 1.774669902738251e-10,
        "Reference temperature [K]": 274.3784536707291,
        "Ambient temperature [K]": 418.8369585317682,
        "Number of electrodes connected in parallel to make a cell": 1.2699870028877247,
        "Number of cells connected in series to make a battery": 0.862545192813241,
        "Lower voltage cut-off [V]": 2.0810434810996075,
        "Upper voltage cut-off [V]": 4.5889816904701926,
        "Open-circuit voltage at 0% SOC [V]": 2.6172674630076616,
        "Open-circuit voltage at 100% SOC [V]": 4.410572622911622,
        "Initial concentration in negative electrode [mol.m-3]": 22072.71946837191,
        "Initial concentration in positive electrode [mol.m-3]": 93.44090724538327,
        "Initial temperature [K]": 239.37150657836946
    },
    "V": [
        3.5926571501381144,
        3.3077645458693348,
        3.303811592418653,
        3.3008251795997308,
        3.2950783197481965,
        3.285257468097743,
        3.2742862565048396,
        3.266367932137604,
        3.2620216994139573,
        3.2598202090937516,
        3.258616315518916,
        3.257820127120193,
        3.257171936303577,
        3.2565733700151496,
        3.2559882846826618,
        3.2554028153231185,
        3.2548084628053453,
        3.2541960262969774,
        3.2535520800124593,
        3.2528571131314203,
        3.252081787067211,
        3.2511839379663554,
        3.2501087406714384,
        3.2487878116212876,
        3.247143268723138,
        3.2450819403156075,
        3.2425005555153597,
        3.2392902092052047,
        3.23534902308352,
        3.2306021857791767,
        3.2250274522220344,
        3.218680509244793,
        3.211709900134201,
        3.204351554769962,
        3.196895763277487,
        3.1896359067034794,
        3.182813350011461,
        3.1765765289604957,
        3.1709618068749315,
        3.165890459800605,
        3.161168165551651,
        3.156468142206564,
        3.151270810496083,
        3.144691119762716,
        3.1351033947520515,
        3.119825062003051,
        3.0952186445538183,
        3.0568104050826035,
        2.999264643531746,
        2.9153301642306264,
        2.79171747198225,
        2.6011751937362746,
        2.2913680934318865,
        2.0810534810996084
    ],
    "time": [
        0.0,
        36.36363636363637,
        72.72727272727273,
        109.0909090909091,
        145.45454545454547,
        181.81818181818184,
        218.1818181818182,
        254.54545454545456,
        290.90909090909093,
        327.2727272727273,
        363.6363636363637,
        400.00000000000006,
        436.3636363636364,
        472.72727272727275,
        509.0909090909091,
        545.4545454545455,
        581.8181818181819,
        618.1818181818182,
        654.5454545454546,
        690.909090909091,
        727.2727272727274,
        763.6363636363637,
        800.0000000000001,
        836.3636363636365,
        872.7272727272727,
        909.0909090909091,
        945.4545454545455,
        981.8181818181819,
        1018.1818181818182,
        1054.5454545454547,
        1090.909090909091,
        1127.2727272727275,
        1163.6363636363637,
        1200.0,
        1236.3636363636365,
        1272.7272727272727,
        1309.0909090909092,
        1345.4545454545455,
        1381.818181818182,
        1418.1818181818182,
        1454.5454545454547,
        1490.909090909091,
        1527.2727272727275,
        1563.6363636363637,
        1600.0000000000002,
        1636.3636363636365,
        1672.727272727273,
        1709.0909090909092,
        1745.4545454545455,
        1781.818181818182,
        1818.1818181818182,
        1854.5454545454547,
        1890.909090909091,
        1907.9065755540855
    ]
}