{
    "config": {
        "Ideal gas constant [J.K-1.mol-1]": 9.103561493659008,
        "Faraday constant [C.mol-1]": 127899.65056909074,
        "Boltzmann constant [J.K-1]": 1.4568151794412273e-23,
        "Electron charge [C]": 1.7698169570071588e-19,
        "Lithium metal partial molar volume [m3.mol-1]": 1.3547102363522477e-05,
        "Lithium plating kinetic rate constant [m.s-1]": 1.1308101648775168e-09,
        "Initial plated lithium concentration [mol.m-3]": 0.0,
        "Typical plated lithium concentration [mol.m-3]": 806.5483551468299,
        "Lithium plating transfer coefficient": 0.8369008956538022,
        "Dead lithium decay constant [s-1]": 9.203893698429588e-07,
        "Ratio of lithium moles to SEI moles": 1.1219647117260207,
        "Inner SEI reaction proportion": 0.0,
        "Inner SEI partial molar volume [m3.mol-1]": 0.00010879007049909747,
        "Outer SEI partial molar volume [m3.mol-1]": 9.812271609213851e-05,
        "SEI reaction exchange current density [A.m-2]": 1.2430334776905317e-07,
        "SEI resistivity [Ohm.m]": 197375.82299384137,
        "Outer SEI solvent diffusivity [m2.s-1]": 2.757704605113967e-22,
        "Bulk solvent concentration [mol.m-3]": 2470.4692324014786,
        "Inner SEI open-circuit potential [V]": 0.09783518015416459,
        "Outer SEI open-circuit potential [V]": 0.6421288962111873,
        "Inner SEI electron conductivity [S.m-1]": 9.303294288687394e-14,
        "Inner SEI lithium interstitial diffusivity [m2.s-1]": 8.323489236232655e-21,
        "Lithium interstitial reference concentration [mol.m-3]": 12.758370529774727,
        "Initial inner SEI thickness [m]": 0.0,
        "Initial outer SEI thickness [m]": 5.143956921694356e-09,
        "EC initial concentration in electrolyte [mol.m-3]": 6377.653134153734,
        "EC diffusivity [m2.s-1]": 2.4285567321862876e-18,
        "SEI kinetic rate constant [m.s-1]": 9.51320083208892e-13,
        "SEI open-circuit potential [V]": 0.4220185314392789,
        "SEI growth activation energy [J.mol-1]": 38011.386665098835,
        "Negative electrode reaction-driven LAM factor [m3.mol-1]": 0.0,
        "Positive electrode reaction-driven LAM factor [m3.mol-1]": 0.0,
        "Negative current collector thickness [m]": 1.5174516728407664e-05,
        "Negative electrode thickness [m]": 9.106590621173752e-05,
        "Separator thickness [m]": 1.1266518241839137e-05,
        "Positive electrode thickness [m]": 8.427714442011539e-05,
        "Positive current collector thickness [m]": 1.5169453508712883e-05,
        "Electrode height [m]": 0.07292767774748432,
        "Electrode width [m]": 1.4765040020699551,
        "Cell cooling surface area [m2]": 0.004597697036394203,
        "Cell volume [m3]": 2.037647550228711e-05,
        "Cell thermal expansion coefficient [m.K-1]": 9.048498949372294e-07,
        "Negative current collector conductivity [S.m-1]": 70437996.3499776,
        "Positive current collector conductivity [S.m-1]": 34005997.75286114,
        "Negative current collector density [kg.m-3]": 9024.62580742757,
        "Positive current collector density [kg.m-3]": 2521.957412892766,
        "Negative current collector specific heat capacity [J.kg-1.K-1]": 452.1682763635282,
        "Positive current collector specific heat capacity [J.kg-1.K-1]": 915.4476518946248,
        "Negative current collector thermal conductivity [W.m-1.K-1]": 428.98502757975683,
        "Positive current collector thermal conductivity [W.m-1.K-1]": 225.48419025635835,
        "Nominal cell capacity [A.h]": 6.010143112743805,
        "Current function [A]": 5.713610902582715,
        "Contact resistance [Ohm]": 0,
        "Negative electrode conductivity [S.m-1]": 230.68727184657016,
        "Maximum concentration in negative electrode [mol.m-3]": 40523.88771543354,
        "Negative electrode porosity": 0.17981404659574302,
        "Negative electrode active material volume fraction": 0.7802360791989719,
        "Negative particle radius [m]": 6.415722464537232e-06,
        "Negative electrode Bruggeman coefficient (electrolyte)": 1.4109022451217281,
        "Negative electrode Bruggeman coefficient (electrode)": 1.2137111984155031,
        "Negative electrode charge transfer coefficient": 0.42067088322458634,
        "Negative electrode double-layer capacity [F.m-2]": 0.20787772940759924,
        "Negative electrode density [kg.m-3]": 1891.4135778097195,
        "Negative electrode specific heat capacity [J.kg-1.K-1]": 754.5157706699064,
        "Negative electrode thermal conductivity [W.m-1.K-1]": 1.7104102613898686,
        "Negative electrode OCP entropic change [V.K-1]": 0.0,
        "Negative electrode Poisson's ratio": 0.2829327230270952,
        "Negative electrode Young's modulus [Pa]": 14622252506.327929,
        "Negative electrode reference concentration for free of deformation [mol.m-3]": 0.0,
        "Negative electrode partial molar volume [m3.mol-1]": 3.76160175915203e-06,
        "Negative electrode initial crack length [m]": 1.930019810141819e-08,
        "Negative electrode initial crack width [m]": 1.3372811434975442e-08,
        "Negative electrode number of cracks per unit area [m-2]": 2643410679179180.5,
        "Negative electrode Paris' law constant b": 1.1362090154266913,
        "Negative electrode Paris' law constant m": 1.6646566092926922,
        "Negative electrode LAM constant proportional term [s-1]": 3.140301128916393e-07,
        "Negative electrode LAM constant exponential term": 2.1740379945487027,
        "Negative electrode critical stress [Pa]": 57694496.177666724,
        "Positive electrode conductivity [S.m-1]": 0.20272459698183176,
        "Maximum concentration in positive electrode [mol.m-3]": 64170.84060282219,
        "Positive electrode porosity": 0.2691042462744785,
        "Positive electrode active material volume fraction": 0.5956156816635888,
        "Positive particle radius [m]": 6.407334009017713e-06,
        "Positive electrode Bruggeman coefficient (electrolyte)": 1.2988015653713432,
        "Positive electrode Bruggeman coefficient (electrode)": 1.6714576125474627,
        "Positive electrode charge transfer coefficient": 0.6359150923274176,
        "Positive electrode double-layer capacity [F.m-2]": 0.16834632450466241,
        "Positive electrode density [kg.m-3]": 3290.6673342623335,
        "Positive electrode specific heat capacity [J.kg-1.K-1]": 745.3477552452952,
        "Positive electrode thermal conductivity [W.m-1.K-1]": 1.6710086609680865,
        "Positive electrode OCP entropic change [V.K-1]": 0.0,
        "Positive electrode Poisson's ratio": 0.19144945105665118,
        "Positive electrode Young's modulus [Pa]": 402948501316.9381,
        "Positive electrode reference concentration for free of deformation [mol.m-3]": 0.0,
        "Positive electrode partial molar volume [m3.mol-1]": 1.3278494628253656e-05,
        "Positive electrode initial crack length [m]": 1.588943609768674e-08,
        "Positive electrode initial crack width [m]": 1.3286066526602212e-08,
        "Positive electrode number of cracks per unit area [m-2]": 2706733630069824.0,
        "Positive electrode Paris' law constant b": 1.0670854535239664,
        "Positive electrode Paris' law constant m": 2.6126424047399586,
        "Positive electrode LAM constant proportional term [s-1]": 2.2214978214252668e-07,
        "Positive electrode LAM constant exponential term": 1.9296484947761479,
        "Positive electrode critical stress [Pa]": 374508426.0732625,
        "Separator porosity": 0.41599785643507015,
        "Separator Bruggeman coefficient (electrolyte)": 1.9319227271313217,
        "Separator density [kg.m-3]": 448.59362178671074,
        "Separator specific heat capacity [J.kg-1.K-1]": 728.6905033647248,
        "Separator thermal conductivity [W.m-1.K-1]": 0.19686409569764846,
        "Initial concentration in electrolyte [mol.m-3]": 1009.9952736694476,