{
    "config": {
        "Ideal gas constant [J.K-1.mol-1]": 9.942136952260721,
        "Faraday constant [C.mol-1]": 89357.67393536751,
        "Boltzmann constant [J.K-1]": 1.0594256657826213e-23,
        "Electron charge [C]": 1.7115266968775078e-19,
        "Ratio of lithium moles to SEI moles": 1.2399396481015694,
        "Inner SEI reaction proportion": 0.4655429977718717,
        "Inner SEI partial molar volume [m3.mol-1]": 9.975363831970241e-05,
        "Outer SEI partial molar volume [m3.mol-1]": 0.00011966582911495559,
        "SEI reaction exchange current density [A.m-2]": 1.332677108934715e-07,
        "SEI resistivity [Ohm.m]": 140373.47062305274,
        "Outer SEI solvent diffusivity [m2.s-1]": 2.2875738534714426e-22,
        "Bulk solvent concentration [mol.m-3]": 4310.928420276725,
        "Inner SEI open-circuit potential [V]": 0.12046449227791028,
        "Outer SEI open-circuit potential [V]": 0.9658771637039865,
        "Inner SEI electron conductivity [S.m-1]": 9.403524548502901e-14,
        "Inner SEI lithium interstitial diffusivity [m2.s-1]": 9.450467769929427e-21,
        "Lithium interstitial reference concentration [mol.m-3]": 11.245020779021795,
        "Initial inner SEI thickness [m]": 1.6874891377053537e-09,
        "Initial outer SEI thickness [m]": 3.017975526022154e-09,
        "EC initial concentration in electrolyte [mol.m-3]": 5423.39642831405,
        "EC diffusivity [m2.s-1]": 1.5453554331495222e-18,
        "SEI kinetic rate constant [m.s-1]": 5.419219099536495e-13,
        "SEI open-circuit potential [V]": 0.5186399359987891,
        "SEI growth activation energy [J.mol-1]": 0.0,
        "Negative electrode reaction-driven LAM factor [m3.mol-1]": 0.0,
        "Positive electrode reaction-driven LAM factor [m3.mol-1]": 0.0,
        "Negative current collector thickness [m]": 1.5709288334697896e-05,
        "Negative electrode thickness [m]": 8.026472914589742e-05,
        "Separator thickness [m]": 2.4072526122461043e-05,
        "Positive electrode thickness [m]": 3.466438023219471e-05,
        "Positive current collector thickness [m]": 1.4916579080136625e-05,
        "Electrode height [m]": 0.11419926198894793,
        "Electrode width [m]": 0.07982207859118462,
        "Negative tab width [m]": 0.0042121263072433125,
        "Negative tab centre y-coordinate [m]": 0.004151843663052511,
        "Negative tab centre z-coordinate [m]": 0.07300436052077167,
        "Positive tab width [m]": 0.004711815449357037,
        "Positive tab centre y-coordinate [m]": 0.03280953354472424,
        "Positive tab centre z-coordinate [m]": 0.07535227540849859,
        "Cell cooling surface area [m2]": 0.019675267096243374,
        "Cell volume [m3]": 1.0116861072710142e-06,
        "Negative current collector conductivity [S.m-1]": 64015076.94168068,
        "Positive current collector conductivity [S.m-1]": 53194425.2991723,
        "Negative current collector density [kg.m-3]": 11397.772396825472,
        "Positive current collector density [kg.m-3]": 2298.4947079590097,
        "Negative current collector specific heat capacity [J.kg-1.K-1]": 493.0620473454012,
        "Positive current collector specific heat capacity [J.kg-1.K-1]": 974.7865928793108,
        "Negative current collector thermal conductivity [W.m-1.K-1]": 493.0887121742713,
        "Positive current collector thermal conductivity [W.m-1.K-1]": 185.5428886695571,
        "Nominal cell capacity [A.h]": 0.13132923977570493,
        "Current function [A]": 0.20358712640679383,
        "Contact resistance [Ohm]": 0,
        "Negative electrode conductivity [S.m-1]": 16.481191706628138,
        "Maximum concentration in negative electrode [mol.m-3]": 27086.674511256886,
        "Negative electrode porosity": 0.3680989972439555,
        "Negative electrode active material volume fraction": 0.3534795396245789,
        "Negative particle radius [m]": 1.218582421931734e-05,
        "Negative electrode Bruggeman coefficient (electrolyte)": 1.2425301283302317,
        "Negative electrode Bruggeman coefficient (electrode)": 0.0,
        "Negative electrode density [kg.m-3]": 1517.0753607704012,
        "Negative electrode specific heat capacity [J.kg-1.K-1]": 852.9042492636664,
        "Negative electrode thermal conductivity [W.m-1.K-1]": 1.6530676184089976,
        "Negative electrode OCP entropic change [V.K-1]": 0.0,
        "Positive electrode conductivity [S.m-1]": 61.19583884483693,
        "Maximum concentration in positive electrode [mol.m-3]": 47601.25980749302,
        "Positive electrode porosity": 0.37736494081482896,
        "Positive electrode active material volume fraction": 0.5226196090402491,
        "Positive particle radius [m]": 9.782812333386591e-06,
        "Positive electrode Bruggeman coefficient (electrolyte)": 1.1294743052545695,
        "Positive electrode Bruggeman coefficient (electrode)": 0.0,
        "Positive electrode density [kg.m-3]": 3133.3045359393623,
        "Positive electrode specific heat capacity [J.kg-1.K-1]": 1835.0977851152472,
        "Positive electrode thermal conductivity [W.m-1.K-1]": 1.2338450264806804,
        "Positive electrode OCP entropic change [V.K-1]": 0.0,
        "Separator porosity": 0.5060279403056515,
        "Separator Bruggeman coefficient (electrolyte)": 2.5312699458126104,
        "Separator density [kg.m-3]": 1090.292876722541,
        "Separator specific heat capacity [J.kg-1.K-1]": 2484.750775302659,
        "Separator thermal conductivity [W.m-1.K-1]": 0.36791712448074354,
        "Initial concentration in electrolyte [mol.m-3]": 1090.5732381775476,
        "Cation transference number": 0.34062416024361286,
        "Thermodynamic factor": 0.946574656213746,
        "Reference temperature [K]": 296.4591371249858,
        "Negative current collector surface heat transfer coefficient [W.m-2.K-1]": 12.798189388205387,
        "Positive current collector surface heat transfer coefficient [W.m-2.K-1]": 5.28149505804873,
        "Negative tab heat transfer coefficient [W.m-2.K-1]": 11.45999035295643,
        "Positive tab heat transfer coefficient [W.m-2.K-1]": 5.644029927549216,
        "Edge heat transfer coefficient [W.m-2.K-1]": 9.104749599749153,
        "Total heat transfer coefficient [W.m-2.K-1]": 4.747337470503239,
        "Ambient temperature [K]": 260.81852193133454,
        "Number of electrodes connected in parallel to make a cell": 1.238439918172551,
        "Number of cells connected in series to make a battery": 1.1010767714554843,
        "Lower voltage cut-off [V]": 1.0562396194996506,
        "Upper voltage cut-off [V]": 4.332326532309111,
        "Open-circuit voltage at 0% SOC [V]": 3.1944007260380145,
        "Open-circuit voltage at 100% SOC [V]": 3.8367688828294146,
        "Initial concentration in negative electrode [mol.m-3]": 26384.629944594613,
        "Initial concentration in positive electrode [mol.m-3]": 11164.708070797189,
        "Initial temperature [K]": 243.44832137158832
    },
    "V": [
        3.8266083055686098,
        3.73499791144653,
        3.681579321338571,
        3.641600617952354,
        3.6050654680204826,
        3.5591221034219678,
        3.5105373766709214,
        3.4843057531031003,
        3.467807719108157,
        3.4573248472332,
        3.4464184437902405,
        3.414197471757112,
        3.3348801399235874,
        3.2647711437953055,
        3.2192699728746694,
        3.186876522468303,
        3.161803801168346,
        3.1373618965870183,
        3.10783208422275,
        3.0685179069084825,
        3.0141331036751775,
        2.9276411510149316,
        2.8803385290738683,
        2.854878685841287,
        2.82939697702919,
        2.8000333591844973,
        2.7506568794903212,
        2.673964100637897,
        2.4321759115738413,
        2.141325386287523,
        1.467766369561478,
        1.0562496195669433
    ],