{
    "config": {
        "Ideal gas constant [J.K-1.mol-1]": 9.296224337736644,
        "Faraday constant [C.mol-1]": 110656.95753177113,
        "Boltzmann constant [J.K-1]": 1.9843655550198673e-23,
        "Electron charge [C]": 1.6687278426605064e-19,
        "Lithium metal partial molar volume [m3.mol-1]": 1.4556267906160602e-05,
        "Lithium plating kinetic rate constant [m.s-1]": 1.087169750161263e-09,
        "Initial plated lithium concentration [mol.m-3]": 0.0,
        "Typical plated lithium concentration [mol.m-3]": 1599.1142351023918,
        "Lithium plating transfer coefficient": 0.8159274675222017,
        "Dead lithium decay constant [s-1]": 7.065126846172416e-07,
        "Ratio of lithium moles to SEI moles": 1.4573243785778505,
        "Inner SEI reaction proportion": 0.0,
        "Inner SEI partial molar volume [m3.mol-1]": 0.000126391918345697,
        "Outer SEI partial molar volume [m3.mol-1]": 7.3051633106062e-05,
        "SEI reaction exchange current density [A.m-2]": 8.613438373765595e-08,
        "SEI resistivity [Ohm.m]": 189480.06387050383,
        "Outer SEI solvent diffusivity [m2.s-1]": 2.3976382321554095e-22,
        "Bulk solvent concentration [mol.m-3]": 2216.1874393678513,
        "Inner SEI open-circuit potential [V]": 0.06379517918592162,
        "Outer SEI open-circuit potential [V]": 0.7003490021291953,
        "Inner SEI electron conductivity [S.m-1]": 9.234998171522261e-14,
        "Inner SEI lithium interstitial diffusivity [m2.s-1]": 1.4602148189967388e-20,
        "Lithium interstitial reference concentration [mol.m-3]": 12.69185307742299,
        "Initial inner SEI thickness [m]": 0.0,
        "Initial outer SEI thickness [m]": 4.0504969826013935e-09,
        "EC initial concentration in electrolyte [mol.m-3]": 3097.4800401213915,
        "EC diffusivity [m2.s-1]": 1.594686750051955e-18,
        "SEI kinetic rate constant [m.s-1]": 6.897787754330921e-13,
        "SEI open-circuit potential [V]": 0.5301463755430369,
        "SEI growth activation energy [J.mol-1]": 29901.87481438609,
        "Negative electrode reaction-driven LAM factor [m3.mol-1]": 0.0,
        "Positive electrode reaction-driven LAM factor [m3.mol-1]": 0.0,
        "Negative current collector thickness [m]": 1.385799218722206e-05,
        "Negative electrode thickness [m]": 7.680076816551619e-05,
        "Separator thickness [m]": 7.939123733058619e-07,
        "Positive electrode thickness [m]": 4.3835256910574204e-05,
        "Positive current collector thickness [m]": 1.962917989041641e-05,
        "Electrode height [m]": 0.0766666644523388,
        "Electrode width [m]": 1.470566339096182,
        "Cell cooling surface area [m2]": 0.0036768825598035974,
        "Cell volume [m3]": 2.417598288805848e-05,
        "Cell thermal expansion coefficient [m.K-1]": 8.816942676433489e-07,
        "Negative current collector conductivity [S.m-1]": 50396449.240164995,
        "Positive current collector conductivity [S.m-1]": 34046028.96448699,
        "Negative current collector density [kg.m-3]": 3485.6678200064107,
        "Positive current collector density [kg.m-3]": 3020.289690844038,
        "Negative current collector specific heat capacity [J.kg-1.K-1]": 372.5822011247575,
        "Positive current collector specific heat capacity [J.kg-1.K-1]": 996.0389837731024,
        "Negative current collector thermal conductivity [W.m-1.K-1]": 284.9225311012467,
        "Positive current collector thermal conductivity [W.m-1.K-1]": 267.81032863427765,
        "Nominal cell capacity [A.h]": 6.1588005257009915,
        "Current function [A]": 4.954751454436246,
        "Contact resistance [Ohm]": 0,
        "Negative electrode conductivity [S.m-1]": 141.54703132380084,
        "Maximum concentration in negative electrode [mol.m-3]": 51797.55525675382,
        "Negative electrode porosity": 0.23866977716440332,
        "Negative electrode active material volume fraction": 0.7003200345895149,
        "Negative particle radius [m]": 4.6970190074181345e-06,
        "Negative electrode Bruggeman coefficient (electrolyte)": 1.9566418165991735,
        "Negative electrode Bruggeman coefficient (electrode)": 1.4020888856648706,
        "Negative electrode charge transfer coefficient": 0.7045356884421929,
        "Negative electrode double-layer capacity [F.m-2]": 0.25892248013837266,
        "Negative electrode density [kg.m-3]": 1441.163662497139,
        "Negative electrode specific heat capacity [J.kg-1.K-1]": 480.9466364966782,
        "Negative electrode thermal conductivity [W.m-1.K-1]": 1.9787420304563383,
        "Negative electrode OCP entropic change [V.K-1]": 0.0,
        "Negative electrode Poisson's ratio": 0.3497986069511787,
        "Negative electrode Young's modulus [Pa]": 13651042777.976969,
        "Negative electrode reference concentration for free of deformation [mol.m-3]": 0.0,
        "Negative electrode partial molar volume [m3.mol-1]": 2.6706165033010107e-06,
        "Negative electrode initial crack length [m]": 2.50556187037246e-08,
        "Negative electrode initial crack width [m]": 1.751813790217999e-08,
        "Negative electrode number of cracks per unit area [m-2]": 3432168027757892.5,
        "Negative electrode Paris' law constant b": 1.4054785409000456,
        "Negative electrode Paris' law constant m": 2.569717603965011,
        "Negative electrode LAM constant proportional term [s-1]": 3.364378624275489e-07,
        "Negative electrode LAM constant exponential term": 1.7478666582776612,
        "Negative electrode critical stress [Pa]": 67330754.44694096,
        "Positive electrode conductivity [S.m-1]": 0.2578137314689734,
        "Maximum concentration in positive electrode [mol.m-3]": 42489.17446144036,
        "Positive electrode porosity": 0.30129574915075447,
        "Positive electrode active material volume fraction": 0.9161662158573118,
        "Positive particle radius [m]": 2.4842987858294915e-06,
        "Positive electrode Bruggeman coefficient (electrolyte)": 1.0131773432475344,
        "Positive electrode Bruggeman coefficient (electrode)": 1.3839480706712717,
        "Positive electrode charge transfer coefficient": 0.332595027099844,
        "Positive electrode double-layer capacity [F.m-2]": 0.2066492770561966,
        "Positive electrode density [kg.m-3]": 1832.2036300677946,
        "Positive electrode specific heat capacity [J.kg-1.K-1]": 1006.1103399062358,
        "Positive electrode thermal conductivity [W.m-1.K-1]": 2.1686934510812654,
        "Positive electrode OCP entropic change [V.K-1]": 0.0,
        "Positive electrode Poisson's ratio": 0.1831986450462323,
        "Positive electrode Young's modulus [Pa]": 456924571748.4854,
        "Positive electrode reference concentration for free of deformation [mol.m-3]": 0.0,
        "Positive electrode partial molar volume [m3.mol-1]": 1.3813307654637138e-05,
        "Positive electrode initial crack length [m]": 1.9510061981204564e-08,
        "Positive electrode initial crack width [m]": 1.8607656280799717e-08,
        "Positive electrode number of cracks per unit area [m-2]": 3608980624808066.5,
        "Positive electrode Paris' law constant b": 1.2720769668574794,
        "Positive electrode Paris' law constant m": 2.7354163905439433,
        "Positive electrode LAM constant proportional term [s-1]": 3.1765575480485553e-07,
        "Positive electrode LAM constant exponential term": 2.2084090385682367,
        "Positive electrode critical stress [Pa]": 217509042.4208584,
        "Separator porosity": 0.5158720367806121,
        "Separator Bruggeman coefficient (electrolyte)": 1.6130307621282525,
        "Separator density [kg.m-3]": 456.07456424465755,
        "Separator specific heat capacity [J.kg-1.K-1]": 345.97053028913047,
        "Separator thermal conductivity [W.m-1.K-1]": 0.17882334122151922,
        "Initial concentration in electrolyte [mol.m-3]": 914.0757272341393,