{
    "config": {
        "Ideal gas constant [J.K-1.mol-1]": 7.0985970858821235,
        "Faraday constant [C.mol-1]": 70214.68722031024,
        "Boltzmann constant [J.K-1]": 2.2084210610203586e-23,
        "Electron charge [C]": 1.7160672388582975e-19,
        "Ratio of lithium moles to SEI moles": 1.972754829080077,
        "Inner SEI reaction proportion": 0.5432701399685453,
        "Inner SEI partial molar volume [m3.mol-1]": 8.364347240367752e-05,
        "Outer SEI partial molar volume [m3.mol-1]": 9.142492536686421e-05,
        "SEI reaction exchange current density [A.m-2]": 1.8469783560738405e-07,
        "SEI resistivity [Ohm.m]": 132294.49822757207,
        "Outer SEI solvent diffusivity [m2.s-1]": 1.3568341649602355e-22,
        "Bulk solvent concentration [mol.m-3]": 1878.69134003421,
        "Inner SEI open-circuit potential [V]": 0.07947960500944332,
        "Outer SEI open-circuit potential [V]": 0.49943459218977115,
        "Inner SEI electron conductivity [S.m-1]": 6.892138689174197e-14,
        "Inner SEI lithium interstitial diffusivity [m2.s-1]": 9.956967106435105e-21,
        "Lithium interstitial reference concentration [mol.m-3]": 17.621821608662152,
        "Initial inner SEI thickness [m]": 2.4784491202442115e-09,
        "Initial outer SEI thickness [m]": 3.3921856782773528e-09,
        "EC initial concentration in electrolyte [mol.m-3]": 4401.867161595255,
        "EC diffusivity [m2.s-1]": 2.1750133430971016e-18,
        "SEI kinetic rate constant [m.s-1]": 8.265348931807702e-13,
        "SEI open-circuit potential [V]": 0.5046097256728165,
        "SEI growth activation energy [J.mol-1]": 0.0,
        "Negative electrode reaction-driven LAM factor [m3.mol-1]": 0.0,
        "Positive electrode reaction-driven LAM factor [m3.mol-1]": 0.0,
        "Negative current collector thickness [m]": 1.0857304424511615e-05,
        "Negative electrode thickness [m]": 8.003984805714539e-05,
        "Separator thickness [m]": 2.1198847914877067e-05,
        "Positive electrode thickness [m]": 3.556376783073728e-05,
        "Positive current collector thickness [m]": 1.1215348843764785e-05,
        "Electrode height [m]": 0.1924113546056434,
        "Electrode width [m]": 0.11056150375501497,
        "Negative tab width [m]": 0.03246271104553778,
        "Negative tab centre y-coordinate [m]": 0.014511254471676824,
        "Negative tab centre z-coordinate [m]": 0.22650880227071124,
        "Positive tab width [m]": 0.03081492304724706,
        "Positive tab centre y-coordinate [m]": 0.14690599892268016,
        "Positive tab centre z-coordinate [m]": 0.2581486983345334,
        "Cell cooling surface area [m2]": 0.07536141639515148,
        "Cell volume [m3]": 5.651497828487259e-06,
        "Negative current collector conductivity [S.m-1]": 48842203.110766605,
        "Positive current collector conductivity [S.m-1]": 31430973.25906087,
        "Negative current collector density [kg.m-3]": 11968.483793706771,
        "Positive current collector density [kg.m-3]": 3951.955411894714,
        "Negative current collector specific heat capacity [J.kg-1.K-1]": 348.05960930194146,
        "Positive current collector specific heat capacity [J.kg-1.K-1]": 1005.1799379959429,
        "Negative current collector thermal conductivity [W.m-1.K-1]": 233.99903840476597,
        "Positive current collector thermal conductivity [W.m-1.K-1]": 197.8145620603555,
        "Nominal cell capacity [A.h]": 0.4974667783429758,
        "Current function [A]": 0.4627005610627222,
        "Contact resistance [Ohm]": 0,
        "Negative electrode conductivity [S.m-1]": 80.01768617264517,
        "Maximum concentration in negative electrode [mol.m-3]": 33452.820791566,
        "Negative electrode porosity": 0.3610142835073207,
        "Negative electrode active material volume fraction": 0.7102748368153482,
        "Negative particle radius [m]": 5.782289563962458e-07,
        "Negative electrode Bruggeman coefficient (electrolyte)": 1.4703860847771395,
        "Negative electrode Bruggeman coefficient (electrode)": 2.70586475113923,
        "Negative electrode charge transfer coefficient": 0.38300356009355846,
        "Negative electrode double-layer capacity [F.m-2]": 0.2225222614059196,
        "Negative electrode density [kg.m-3]": 1969.4930734826428,
        "Negative electrode specific heat capacity [J.kg-1.K-1]": 947.3664429153313,
        "Negative electrode thermal conductivity [W.m-1.K-1]": 1.1242438955058518,
        "Negative electrode OCP entropic change [V.K-1]": 0.0,
        "Positive electrode conductivity [S.m-1]": 13.88689601430357,
        "Maximum concentration in positive electrode [mol.m-3]": 38865.93943782097,
        "Positive electrode porosity": 0.6021414385513433,
        "Positive electrode active material volume fraction": 0.6381614659753487,
        "Positive particle radius [m]": 1.9619670953309982e-06,
        "Positive electrode Bruggeman coefficient (electrolyte)": 2.3307098945743827,
        "Positive electrode Bruggeman coefficient (electrode)": 2.21430770115979,
        "Positive electrode charge transfer coefficient": 0.4789976194248647,
        "Positive electrode double-layer capacity [F.m-2]": 0.20537689665027634,
        "Positive electrode density [kg.m-3]": 2668.4842977809813,
        "Positive electrode specific heat capacity [J.kg-1.K-1]": 746.296764365603,
        "Positive electrode thermal conductivity [W.m-1.K-1]": 1.9534026457763116,
        "Positive electrode OCP entropic change [V.K-1]": 0.0,
        "Separator porosity": 0.29357665482619916,
        "Separator Bruggeman coefficient (electrolyte)": 1.9232355156767555,
        "Separator density [kg.m-3]": 509.7115772674428,
        "Separator specific heat capacity [J.kg-1.K-1]": 598.4222285868459,
        "Separator thermal conductivity [W.m-1.K-1]": 0.04882173732877503,
        "Initial concentration in electrolyte [mol.m-3]": 721.7265701949589,
        "Cation transference number": 0.5026624840261062,
        "Thermodynamic factor": 0.7573372905680484,
        "Reference temperature [K]": 199.24448078316377,
        "Negative current collector surface heat transfer coefficient [W.m-2.K-1]": 0.0,
        "Positive current collector surface heat transfer coefficient [W.m-2.K-1]": 0.0,
        "Negative tab heat transfer coefficient [W.m-2.K-1]": 38.91825828549582,
        "Positive tab heat transfer coefficient [W.m-2.K-1]": 15.96643008172173,
        "Edge heat transfer coefficient [W.m-2.K-1]": 0.2599503437690406,
        "Total heat transfer coefficient [W.m-2.K-1]": 34.47058925848064,
        "Ambient temperature [K]": 273.4133394831504,
        "Number of electrodes connected in parallel to make a cell": 0.8577001080787119,
        "Number of cells connected in series to make a battery": 0.9280536700012422,
        "Lower voltage cut-off [V]": 3.056087869168696,
        "Upper voltage cut-off [V]": 5.573622838857698,
        "Open-circuit voltage at 0% SOC [V]": 3.514048612637703,
        "Open-circuit voltage at 100% SOC [V]": 3.264070356633238,
        "Initial concentration in negative electrode [mol.m-3]": 17644.057350278363,
        "Initial concentration in positive electrode [mol.m-3]": 23116.19330962387,
        "Initial temperature [K]": 306.4835065143657
    },
    "V": [
        3.7705173516700228,
        3.691310793519907,
        3.6503048888269167,
        3.617258809972271,
        3.58901410915748,
        3.564436372438298,
        3.542834878930974,
        3.5234320060017597,
        3.5052984368012625,
        3.4875635553552966,
        3.469556174368596,
        3.4508135958766246,
        3.4310485654004825,
        3.410121095270082,
        3.388024780162664,
        3.3648849679224453,
        3.3409569785988538,
        3.316558063448343,
        3.2914989513240833,
        3.2621974433341663,
        3.211535841428109,
        3.056097869168697
    ],