{
    "config": {
        "Ideal gas constant [J.K-1.mol-1]": 7.849023040831926,
        "Faraday constant [C.mol-1]": 93172.03769852853,
        "Boltzmann constant [J.K-1]": 1.6870079007341128e-23,
        "Electron charge [C]": 1.7324676688291567e-19,
        "Ratio of lithium moles to SEI moles": 1.75335735262212,
        "Inner SEI reaction proportion": 0.5647145632123545,
        "Inner SEI partial molar volume [m3.mol-1]": 0.00011368609250479549,
        "Outer SEI partial molar volume [m3.mol-1]": 0.00010622462006189925,
        "SEI reaction exchange current density [A.m-2]": 1.0288641446710465e-07,
        "SEI resistivity [Ohm.m]": 253368.30640134556,
        "Outer SEI solvent diffusivity [m2.s-1]": 1.5498542578349897e-22,
        "Bulk solvent concentration [mol.m-3]": 1389.8063608469988,
        "Inner SEI open-circuit potential [V]": 0.05469814523698124,
        "Outer SEI open-circuit potential [V]": 1.1721367108789331,
        "Inner SEI electron conductivity [S.m-1]": 5.902720892805439e-14,
        "Inner SEI lithium interstitial diffusivity [m2.s-1]": 1.0917400595875424e-20,
        "Lithium interstitial reference concentration [mol.m-3]": 13.774237954496089,
        "Initial inner SEI thickness [m]": 1.8003048874562667e-09,
        "Initial outer SEI thickness [m]": 2.490608548484669e-09,
        "EC initial concentration in electrolyte [mol.m-3]": 4941.742799811274,
        "EC diffusivity [m2.s-1]": 2.2651355057678694e-18,
        "SEI kinetic rate constant [m.s-1]": 8.719929425562688e-13,
        "SEI open-circuit potential [V]": 0.4191654195534118,
        "SEI growth activation energy [J.mol-1]": 0.0,
        "Negative electrode reaction-driven LAM factor [m3.mol-1]": 0.0,
        "Positive electrode reaction-driven LAM factor [m3.mol-1]": 0.0,
        "Negative current collector thickness [m]": 1.7057467882708332e-05,
        "Negative electrode thickness [m]": 0.00010424216647969701,
        "Separator thickness [m]": 2.0644442989967592e-05,
        "Positive electrode thickness [m]": 5.806026524644801e-05,
        "Positive current collector thickness [m]": 1.296143478340683e-05,
        "Electrode height [m]": 0.11656050402782628,
        "Electrode width [m]": 0.10998305172248515,
        "Negative tab width [m]": 0.004774296210028368,
        "Negative tab centre y-coordinate [m]": 0.004279346278932362,
        "Negative tab centre z-coordinate [m]": 0.13134262270768482,
        "Positive tab width [m]": 0.006270076972820407,
        "Positive tab centre y-coordinate [m]": 0.03481356732769022,
        "Positive tab centre z-coordinate [m]": 0.1152481883027315,
        "Cell cooling surface area [m2]": 0.018375933882410277,
        "Cell volume [m3]": 1.1765875396929425e-06,
        "Negative current collector conductivity [S.m-1]": 55013162.98003952,
        "Positive current collector conductivity [S.m-1]": 46823694.28454028,
        "Negative current collector density [kg.m-3]": 5224.514787407587,
        "Positive current collector density [kg.m-3]": 3014.7647267105185,
        "Negative current collector specific heat capacity [J.kg-1.K-1]": 304.8382739195342,
        "Positive current collector specific heat capacity [J.kg-1.K-1]": 1218.3556931315056,
        "Negative current collector thermal conductivity [W.m-1.K-1]": 481.6009547015259,
        "Positive current collector thermal conductivity [W.m-1.K-1]": 218.56634505123037,
        "Nominal cell capacity [A.h]": 0.11941789645989884,
        "Current function [A]": 0.10345813589392228,
        "Contact resistance [Ohm]": 0,
        "Negative electrode conductivity [S.m-1]": 13.161586399127634,
        "Maximum concentration in negative electrode [mol.m-3]": 26174.43387353423,
        "Negative electrode porosity": 0.41236461435566973,
        "Negative electrode active material volume fraction": 0.4444032560292209,
        "Negative particle radius [m]": 1.0356609322606799e-05,
        "Negative electrode Bruggeman coefficient (electrolyte)": 1.3407093834227697,
        "Negative electrode Bruggeman coefficient (electrode)": 0.0,
        "Negative electrode density [kg.m-3]": 1237.12613875365,
        "Negative electrode specific heat capacity [J.kg-1.K-1]": 1554.9767608701795,
        "Negative electrode thermal conductivity [W.m-1.K-1]": 1.6184500103190111,
        "Negative electrode OCP entropic change [V.K-1]": 0.0,
        "Positive electrode conductivity [S.m-1]": 71.12485098547155,
        "Maximum concentration in positive electrode [mol.m-3]": 34287.81644605498,
        "Positive electrode porosity": 0.41079660767706133,
        "Positive electrode active material volume fraction": 0.5822577537527909,
        "Positive particle radius [m]": 8.387205541432754e-06,
        "Positive electrode Bruggeman coefficient (electrolyte)": 1.6603644527155328,
        "Positive electrode Bruggeman coefficient (electrode)": 0.0,
        "Positive electrode density [kg.m-3]": 3332.013088369858,
        "Positive electrode specific heat capacity [J.kg-1.K-1]": 1665.6057187539982,
        "Positive electrode thermal conductivity [W.m-1.K-1]": 0.6791712722193277,
        "Positive electrode OCP entropic change [V.K-1]": 0.0,
        "Separator porosity": 0.715830766681563,
        "Separator Bruggeman coefficient (electrolyte)": 1.3852574285572756,
        "Separator density [kg.m-3]": 1087.4788637677939,
        "Separator specific heat capacity [J.kg-1.K-1]": 2147.4369180980148,
        "Separator thermal conductivity [W.m-1.K-1]": 0.17445555067848587,
        "Initial concentration in electrolyte [mol.m-3]": 971.7717494432021,
        "Cation transference number": 0.1950651545104537,
        "Thermodynamic factor": 0.8715582529283019,
        "Reference temperature [K]": 280.9811427601878,
        "Negative current collector surface heat transfer coefficient [W.m-2.K-1]": 8.005065929727168,
        "Positive current collector surface heat transfer coefficient [W.m-2.K-1]": 6.957501925459791,
        "Negative tab heat transfer coefficient [W.m-2.K-1]": 7.793743917796414,
        "Positive tab heat transfer coefficient [W.m-2.K-1]": 8.982384646530708,
        "Edge heat transfer coefficient [W.m-2.K-1]": 12.771171251987614,
        "Total heat transfer coefficient [W.m-2.K-1]": 12.094201863222272,
        "Ambient temperature [K]": 272.4834771449745,
        "Number of electrodes connected in parallel to make a cell": 0.7501274163582482,
        "Number of cells connected in series to make a battery": 1.3190441273917894,
        "Lower voltage cut-off [V]": 1.510422214983702,
        "Upper voltage cut-off [V]": 5.217047502634583,
        "Open-circuit voltage at 0% SOC [V]": 2.061664973598796,
        "Open-circuit voltage at 100% SOC [V]": 4.493330562019569,
        "Initial concentration in negative electrode [mol.m-3]": 13662.138755171894,
        "Initial concentration in positive electrode [mol.m-3]": 17408.628171694825,
        "Initial temperature [K]": 353.16439192518305
    },