{
    "config": {
        "Ideal gas constant [J.K-1.mol-1]": 10.301199690284763,
        "Faraday constant [C.mol-1]": 120799.48030943846,
        "Boltzmann constant [J.K-1]": 1.6559104950694587e-23,
        "Electron charge [C]": 1.835906464981738e-19,
        "Ratio of lithium moles to SEI moles": 2.019217834064534,
        "Inner SEI reaction proportion": 0.3558855001195491,
        "Inner SEI partial molar volume [m3.mol-1]": 0.00014050984000295986,
        "Outer SEI partial molar volume [m3.mol-1]": 0.00011633919044284617,
        "SEI growth transfer coefficient": 0.43820371949757686,
        "SEI reaction exchange current density [A.m-2]": 1.2634572492507572e-07,
        "SEI resistivity [Ohm.m]": 197424.69000017777,
        "Outer SEI solvent diffusivity [m2.s-1]": 2.7965344535795527e-22,
        "Bulk solvent concentration [mol.m-3]": 2472.951106825066,
        "Inner SEI open-circuit potential [V]": 0.10097701231350469,
        "Outer SEI open-circuit potential [V]": 0.790851028518129,
        "Inner SEI electron conductivity [S.m-1]": 1.0396485671316959e-13,
        "Inner SEI lithium interstitial diffusivity [m2.s-1]": 1.3557455151138563e-20,
        "Lithium interstitial reference concentration [mol.m-3]": 12.30608122414014,
        "Initial inner SEI thickness [m]": 3.5678924891411585e-09,
        "Initial outer SEI thickness [m]": 3.1601979254552422e-09,
        "EC initial concentration in electrolyte [mol.m-3]": 2978.8921655404015,
        "EC diffusivity [m2.s-1]": 1.6316434930332134e-18,
        "SEI kinetic rate constant [m.s-1]": 1.264243455641152e-12,
        "SEI open-circuit potential [V]": 0.3727769227008169,
        "SEI growth activation energy [J.mol-1]": 0.0,
        "Negative electrode reaction-driven LAM factor [m3.mol-1]": 0.0,
        "Positive electrode reaction-driven LAM factor [m3.mol-1]": 0.0,
        "Negative current collector thickness [m]": 2.520503228639835e-05,
        "Negative electrode thickness [m]": 9.467982537040519e-05,
        "Separator thickness [m]": 2.857632995721381e-05,
        "Positive electrode thickness [m]": 0.00010366192601166873,
        "Positive current collector thickness [m]": 2.6278642172608663e-05,
        "Electrode height [m]": 0.07163192840750986,
        "Electrode width [m]": 0.1562382227674716,
        "Negative tab width [m]": 0.04127374861947534,
        "Negative tab centre y-coordinate [m]": 0.04149083939915583,
        "Negative tab centre z-coordinate [m]": 0.07058751266851579,
        "Positive tab width [m]": 0.04041545529268109,
        "Positive tab centre y-coordinate [m]": 0.12081293706359356,
        "Positive tab centre z-coordinate [m]": 0.14602441398868882,
        "Cell cooling surface area [m2]": 0.052055934334195295,
        "Cell volume [m3]": 1.0183558369670471e-05,
        "Negative current collector conductivity [S.m-1]": 73701130.13876387,
        "Positive current collector conductivity [S.m-1]": 43092903.57236295,
        "Negative current collector density [kg.m-3]": 5721.365948080464,
        "Positive current collector density [kg.m-3]": 2817.7900189871557,
        "Negative current collector specific heat capacity [J.kg-1.K-1]": 367.51272659448796,
        "Positive current collector specific heat capacity [J.kg-1.K-1]": 1122.7432771277047,
        "Negative current collector thermal conductivity [W.m-1.K-1]": 236.161890174198,
        "Positive current collector thermal conductivity [W.m-1.K-1]": 329.30265300635415,
        "Nominal cell capacity [A.h]": 0.5446868215809437,
        "Current function [A]": 1.0897957649998098,
        "Contact resistance [Ohm]": 0,
        "Negative electrode conductivity [S.m-1]": 46.02982919957115,
        "Maximum concentration in negative electrode [mol.m-3]": 25584.916526009158,
        "Negative electrode porosity": 0.2251708921064644,
        "Negative electrode active material volume fraction": 0.6028891075980668,
        "Negative particle radius [m]": 5.009221472744392e-06,
        "Negative electrode Bruggeman coefficient (electrolyte)": 1.5778898547271831,
        "Negative electrode Bruggeman coefficient (electrode)": 1.2039263044441832,
        "Negative electrode charge transfer coefficient": 0.5858913194988806,
        "Negative electrode double-layer capacity [F.m-2]": 0.28010883417344895,
        "Negative electrode density [kg.m-3]": 1703.364259547325,
        "Negative electrode specific heat capacity [J.kg-1.K-1]": 716.6334902845573,
        "Negative electrode thermal conductivity [W.m-1.K-1]": 1.107903001041879,
        "Positive electrode conductivity [S.m-1]": 12.613302460352564,
        "Maximum concentration in positive electrode [mol.m-3]": 47580.46148686728,
        "Positive electrode porosity": 0.38779402243215355,
        "Positive electrode active material volume fraction": 0.42645786369727007,
        "Positive particle radius [m]": 1.0773390433598222e-05,
        "Positive electrode Bruggeman coefficient (electrolyte)": 1.7565374315625064,
        "Positive electrode Bruggeman coefficient (electrode)": 1.4364580932869662,
        "Positive electrode charge transfer coefficient": 0.5271287082356697,
        "Positive electrode double-layer capacity [F.m-2]": 0.17385855287849783,
        "Positive electrode density [kg.m-3]": 4143.550215878905,
        "Positive electrode specific heat capacity [J.kg-1.K-1]": 1118.1021805688463,
        "Positive electrode thermal conductivity [W.m-1.K-1]": 1.7360773772301081,
        "Separator porosity": 0.4503409104552025,
        "Separator Bruggeman coefficient (electrolyte)": 1.003446442734937,
        "Separator density [kg.m-3]": 562.4922335683733,
        "Separator specific heat capacity [J.kg-1.K-1]": 649.6961963822613,
        "Separator thermal conductivity [W.m-1.K-1]": 0.18362160477458928,
        "Initial concentration in electrolyte [mol.m-3]": 1179.1934438647259,
        "Cation transference number": 0.4043125914213822,
        "Thermodynamic factor": 1.3402859990737261,
        "Reference temperature [K]": 324.1396210913101,
        "Ambient temperature [K]": 347.42815558439895,
        "Negative current collector surface heat transfer coefficient [W.m-2.K-1]": 0.0,
        "Positive current collector surface heat transfer coefficient [W.m-2.K-1]": 0.0,
        "Negative tab heat transfer coefficient [W.m-2.K-1]": 11.304717583144155,
        "Positive tab heat transfer coefficient [W.m-2.K-1]": 7.925855922360926,
        "Edge heat transfer coefficient [W.m-2.K-1]": 0.26758680289389963,
        "Total heat transfer coefficient [W.m-2.K-1]": 10.994663913410694,
        "Number of electrodes connected in parallel to make a cell": 0.8581881975637069,
        "Number of cells connected in series to make a battery": 0.9898049954838897,
        "Lower voltage cut-off [V]": 1.7709227398466616,
        "Upper voltage cut-off [V]": 4.107638165874413,
        "Open-circuit voltage at 0% SOC [V]": 3.728234183467144,
        "Open-circuit voltage at 100% SOC [V]": 3.398832832969892,
        "Initial concentration in negative electrode [mol.m-3]": 20781.932315306713,
        "Initial concentration in positive electrode [mol.m-3]": 20031.403465146926,
        "Initial temperature [K]": 304.586397095412
    },