{
    "config": {
        "Ideal gas constant [J.K-1.mol-1]": 9.946323605142025,
        "Faraday constant [C.mol-1]": 86033.17338357792,
        "Boltzmann constant [J.K-1]": 1.5674548042789337e-23,
        "Electron charge [C]": 1.131645366541763e-19,
        "Negative current collector thickness [m]": 1.0922407661265666e-05,
        "Negative electrode thickness [m]": 8.049823773809057e-05,
        "Separator thickness [m]": 9.59627107987633e-06,
        "Positive electrode thickness [m]": 0.00011032366600721637,
        "Positive current collector thickness [m]": 1.4171539712972397e-05,
        "Electrode height [m]": 0.08266870914273204,
        "Electrode width [m]": 1.852862197150883,
        "Cell cooling surface area [m2]": 0.00601474129718809,
        "Cell volume [m3]": 2.8870295595414922e-05,
        "Negative current collector conductivity [S.m-1]": 72715995.18866102,
        "Positive current collector conductivity [S.m-1]": 26458324.701424222,
        "Negative current collector density [kg.m-3]": 7355.400762948275,
        "Positive current collector density [kg.m-3]": 3039.575839842888,
        "Positive current collector thermal conductivity [W.m-1.K-1]": 213.19844264796325,
        "Nominal cell capacity [A.h]": 5.38941009963878,
        "Current function [A]": 3.4510743161709527,
        "Contact resistance [Ohm]": 0,
        "Negative electrode conductivity [S.m-1]": 198.935125808453,
        "Maximum concentration in negative electrode [mol.m-3]": 36009.35213762658,
        "Negative electrode porosity": 0.17783702449703334,
        "Negative electrode active material volume fraction": 0.5821666737717732,
        "Negative particle radius [m]": 6.441352672388978e-06,
        "Negative electrode Bruggeman coefficient (electrolyte)": 1.0179661575809236,
        "Negative electrode Bruggeman coefficient (electrode)": 0.0,
        "Negative electrode charge transfer coefficient": 0.49685811105124117,
        "Negative electrode double-layer capacity [F.m-2]": 0.22481439959172606,
        "Negative electrode density [kg.m-3]": 1905.804491131757,
        "Maximum concentration in positive electrode [mol.m-3]": 47074.737958280406,
        "Positive electrode porosity": 0.37863477682466057,
        "Positive electrode active material volume fraction": 0.6887129076612423,
        "Positive particle radius [m]": 6.382484268459879e-06,
        "Positive electrode Bruggeman coefficient (electrolyte)": 0.9653538901909162,
        "Positive electrode Bruggeman coefficient (electrode)": 0.0,
        "Positive electrode charge transfer coefficient": 0.4213882587128859,
        "Positive electrode double-layer capacity [F.m-2]": 0.20048157822657656,
        "Positive electrode density [kg.m-3]": 4247.50522337261,
        "Separator porosity": 0.33171571693584084,
        "Separator Bruggeman coefficient (electrolyte)": 1.463560878960324,
        "Separator Bruggeman coefficient (electrode)": 2.4060028593937792,
        "Separator density [kg.m-3]": 1374.019043375762,
        "Separator thermal conductivity [W.m-1.K-1]": 0.32929068055555544,
        "Initial concentration in electrolyte [mol.m-3]": 1158.7477881883449,
        "Reference temperature [K]": 324.8777490564306,
        "Total heat transfer coefficient [W.m-2.K-1]": 10.026786116980947,
        "Ambient temperature [K]": 259.4602539147155,
        "Number of electrodes connected in parallel to make a cell": 1.1509032926025002,
        "Number of cells connected in series to make a battery": 1.0504575833300702,
        "Lower voltage cut-off [V]": 2.1517140552135117,
        "Upper voltage cut-off [V]": 4.52830630051484,
        "Open-circuit voltage at 0% SOC [V]": 2.234548479659623,
        "Open-circuit voltage at 100% SOC [V]": 6.540715200244121,
        "Initial concentration in negative electrode [mol.m-3]": 27850.85975943838,
        "Initial concentration in positive electrode [mol.m-3]": 7152.108227646982,
        "Initial temperature [K]": 463.45782531729617
    },
    "V": [
        4.284957569716202,
        4.2134781268428725,
        4.175116191516334,
        4.139864774626404,
        4.118154876887515,
        4.101292274873066,
        4.081556684822646,
        4.060727553497614,
        4.041177367919178,
        4.023648070129887,
        4.011749436790279,
        4.011824087531,
        4.004145529727797,
        3.9920362157686,
        3.9760402886009034,
        3.9571038472173723,
        3.9358919235407406,
        3.913141703666538,
        3.88977336512061,
        3.867149917273899,
        3.846934119960901,
        3.829284283072977,
        3.8109103274363347,
        3.789215072386871,
        3.761473080454015,
        3.7275937992913106,
        3.688983257652543,
        3.649599384814575,
        3.6226586067089896,
        3.6546815723260067,
        3.6866847955286306,
        3.6833959892742847,
        3.671369909387391,
        3.692279974715227,
        3.720785380874457,
        3.748852536701925,
        3.7472813250080845,
        3.723372870810038,
        3.705626474980646,
        3.6781859493104117,
        3.6449913946000474,
        3.6078255357410014,
        3.5689086136301063,
        3.546908046980338,
        3.5311437458939254,
        3.5299924771271485,
        3.529342562220199,
        3.5282963082709458,
        3.5200467015820127,
        3.4947832527787526,
        3.478916667592521,
        3.4826006540066365,
        3.4502862869809183,
        3.432428982419304,
        3.427863915463231,
        3.432296783725843,
        3.4216240583744786,
        3.4086964848240875,
        3.3842903531338786,
        3.359381874813317,
        3.3542456093628976,
        3.333274047558287,
        3.3356432148819435,
        3.314406029074238,
        3.292543550226978,
        3.2582597099869677,
        3.2658008271256893,
        3.2471596059693906,
        3.2247919251848534,
        3.2068700559663856,
        3.192274922038526,
        3.1856041011946123,
        3.1863488879205297,
        3.2008505543623356,
        3.16978330628975,
        3.174108604122604,
        3.17878297658451,
        3.1740079433783617,
        3.1625280214251275,
        3.1351098668526456,
        3.139867774141963,
        3.1559255175845746,
        3.133524914252375,
        3.1069465798272757,
        3.07958717078834,
        3.041148685222968,
        3.002438430492668,
        2.954472315760821,
        2.8771001621483863,
        2.7927803313112856,
        2.729400369251996,
        2.6682015939110686,
        2.519568196883438,
        2.280562642994425,
        2.1517240552135144
    ],