{
    "config": {
        "Ideal gas constant [J.K-1.mol-1]": 9.907620199684507,
        "Faraday constant [C.mol-1]": 101158.36492660675,
        "Boltzmann constant [J.K-1]": 1.493724880896713e-23,
        "Electron charge [C]": 1.1467642590761235e-19,
        "Ratio of lithium moles to SEI moles": 2.9439141201265815,
        "Inner SEI reaction proportion": 0.41508836058593873,
        "Inner SEI partial molar volume [m3.mol-1]": 0.00010886189669768607,
        "Outer SEI partial molar volume [m3.mol-1]": 7.547821228369908e-05,
        "SEI reaction exchange current density [A.m-2]": 2.2491494583208283e-07,
        "SEI resistivity [Ohm.m]": 205936.02465371919,
        "Outer SEI solvent diffusivity [m2.s-1]": 3.4416613322576724e-22,
        "Bulk solvent concentration [mol.m-3]": 2462.883624273667,
        "Inner SEI open-circuit potential [V]": 0.11394033272001763,
        "Outer SEI open-circuit potential [V]": 0.8680242510010342,
        "Inner SEI electron conductivity [S.m-1]": 9.690720212753625e-14,
        "Inner SEI lithium interstitial diffusivity [m2.s-1]": 7.94606317651933e-21,
        "Lithium interstitial reference concentration [mol.m-3]": 15.91322717402556,
        "Initial inner SEI thickness [m]": 2.9435664156607435e-09,
        "Initial outer SEI thickness [m]": 3.0918606415730776e-09,
        "EC initial concentration in electrolyte [mol.m-3]": 4783.192569397633,
        "EC diffusivity [m2.s-1]": 1.912694356067848e-18,
        "SEI kinetic rate constant [m.s-1]": 1.1690199049289541e-12,
        "SEI open-circuit potential [V]": 0.26159457201421743,
        "SEI growth activation energy [J.mol-1]": 0.0,
        "Negative electrode reaction-driven LAM factor [m3.mol-1]": 0.0,
        "Positive electrode reaction-driven LAM factor [m3.mol-1]": 0.0,
        "Negative current collector thickness [m]": 9.76016044289044e-06,
        "Negative electrode thickness [m]": 8.248033263918864e-05,
        "Separator thickness [m]": 9.082401579162394e-06,
        "Positive electrode thickness [m]": 9.138032960530785e-05,
        "Positive current collector thickness [m]": 1.9647534080421188e-05,
        "Electrode height [m]": 0.06191723626451725,
        "Electrode width [m]": 1.0882111874040872,
        "Cell cooling surface area [m2]": 0.004841807213273439,
        "Cell volume [m3]": 1.77653181764261e-05,
        "Cell thermal expansion coefficient [m.K-1]": 8.371158424382375e-07,
        "Negative current collector conductivity [S.m-1]": 41740094.70890867,
        "Positive current collector conductivity [S.m-1]": 24414222.537162006,
        "Negative current collector density [kg.m-3]": 9888.798901245827,
        "Positive current collector density [kg.m-3]": 3217.4171595525563,
        "Negative current collector specific heat capacity [J.kg-1.K-1]": 445.9572361741188,
        "Positive current collector specific heat capacity [J.kg-1.K-1]": 879.1993022213894,
        "Negative current collector thermal conductivity [W.m-1.K-1]": 415.59231837009855,
        "Positive current collector thermal conductivity [W.m-1.K-1]": 298.20483187028555,
        "Nominal cell capacity [A.h]": 4.976436563112803,
        "Current function [A]": 5.8443498426100975,
        "Contact resistance [Ohm]": 0,
        "Negative electrode conductivity [S.m-1]": 181.3062655824303,
        "Maximum concentration in negative electrode [mol.m-3]": 43750.96959817037,
        "Negative particle diffusivity [m2.s-1]": 3.947890294028443e-14,
        "Negative electrode porosity": 0.25093710781181744,
        "Negative electrode active material volume fraction": 0.45675397048425775,
        "Negative particle radius [m]": 6.400559189182685e-06,
        "Negative electrode Bruggeman coefficient (electrolyte)": 1.2487260692952447,
        "Negative electrode Bruggeman coefficient (electrode)": 0,
        "Negative electrode charge transfer coefficient": 0.5630900158809935,
        "Negative electrode double-layer capacity [F.m-2]": 0.14591307066500958,
        "Negative electrode density [kg.m-3]": 1263.6464407441583,
        "Negative electrode specific heat capacity [J.kg-1.K-1]": 830.5522072354348,
        "Negative electrode thermal conductivity [W.m-1.K-1]": 0.6402267387047533,
        "Negative electrode OCP entropic change [V.K-1]": 0.0,
        "Positive electrode conductivity [S.m-1]": 0.13256098043323108,
        "Maximum concentration in positive electrode [mol.m-3]": 74062.16165048277,
        "Positive particle diffusivity [m2.s-1]": 3.820905887905842e-15,
        "Positive electrode porosity": 0.2913910442777876,
        "Positive electrode active material volume fraction": 0.5711704977172787,
        "Positive particle radius [m]": 5.133262811639773e-06,
        "Positive electrode Bruggeman coefficient (electrolyte)": 1.583966465536698,
        "Positive electrode Bruggeman coefficient (electrode)": 0,
        "Positive electrode charge transfer coefficient": 0.6173160606732102,
        "Positive electrode double-layer capacity [F.m-2]": 0.2049781790909456,
        "Positive electrode density [kg.m-3]": 2742.063202450803,
        "Positive electrode specific heat capacity [J.kg-1.K-1]": 574.0987417816978,
        "Positive electrode thermal conductivity [W.m-1.K-1]": 0.7710669070615197,
        "Positive electrode OCP entropic change [V.K-1]": 0.0,
        "Separator porosity": 0.48441870670547177,
        "Separator Bruggeman coefficient (electrolyte)": 1.9214812361539897,
        "Separator density [kg.m-3]": 393.87620207560434,
        "Separator specific heat capacity [J.kg-1.K-1]": 468.432185816579,
        "Separator thermal conductivity [W.m-1.K-1]": 0.11559914423698026,
        "Initial concentration in electrolyte [mol.m-3]": 951.1760628743398,
        "Cation transference number": 0.2749808215430625,
        "Thermodynamic factor": 1.3220104038128686,
        "Reference temperature [K]": 337.2751900841375,
        "Total heat transfer coefficient [W.m-2.K-1]": 12.98615308307872,
        "Ambient temperature [K]": 444.0668397648805,
        "Number of electrodes connected in parallel to make a cell": 1.2364032482054779,
        "Number of cells connected in series to make a battery": 0.7807486039812437,
        "Lower voltage cut-off [V]": 1.0978542709067174,
        "Upper voltage cut-off [V]": 5.153857072613468,
        "Open-circuit voltage at 0% SOC [V]": 2.5920412245187916,
        "Open-circuit voltage at 100% SOC [V]": 5.005745226366973,
        "Initial concentration in negative electrode [mol.m-3]": 24664.312931770328,
        "Initial concentration in positive electrode [mol.m-3]": 17494.999226478063,
        "Initial temperature [K]": 270.55510927809394
    },
    "V": [
        4.202578890393534,
        4.038261530977298,
        3.9814265447744033,
        3.9557745580213797,
        3.9359686918427226,
        3.918288411296274,
        3.901718364972295,
        3.8857653953593116,
        3.870062358696448,
        3.8541997541098,
        3.837702322639175,
        3.820491474169957,
        3.802945765580863,
        3.785428982674327,
        3.768080396488351,
        3.7509066809386553,
        3.7338886031598792,
        3.716952610246093,
        3.69984712552239,
        3.682005915586459,
        3.663108284949577,
        3.643162153329679,
        3.621998449121454,
        3.5993409296746495,
        3.5748811332073513,
        3.5479785937958312,
        3.514209283588368,
        3.4655180879052394,
        3.409097981326411,
        3.3499130437202327,
        3.281115412640567,
        3.183101508984042,
        3.019980343888696,
        2.732050820449402,
        2.213196097688169,
        1.795132886344569,
        1.5257816329670126,
        1.3523388006318824,
        1.2693738912830663,
        1.2109080231875256,
        1.09786427090659
    ],