{
    "config": {
        "Ideal gas constant [J.K-1.mol-1]": 8.089671598751128,
        "Faraday constant [C.mol-1]": 74890.74312489535,
        "Boltzmann constant [J.K-1]": 1.7599032438381198e-23,
        "Electron charge [C]": 1.988348115637371e-19,
        "Lithium metal partial molar volume [m3.mol-1]": 1.3692133406430085e-05,
        "Lithium plating kinetic rate constant [m.s-1]": 8.84145975039133e-10,
        "Initial plated lithium concentration [mol.m-3]": 0.0,
        "Typical plated lithium concentration [mol.m-3]": 932.5541013318017,
        "Lithium plating transfer coefficient": 0.6761603589188651,
        "Dead lithium decay constant [s-1]": 9.858758129877455e-07,
        "Ratio of lithium moles to SEI moles": 0.7586004376995445,
        "Inner SEI reaction proportion": 0.0,
        "Inner SEI partial molar volume [m3.mol-1]": 0.00011182676192774591,
        "Outer SEI partial molar volume [m3.mol-1]": 0.00010886948412614894,
        "SEI reaction exchange current density [A.m-2]": 1.228511842563483e-07,
        "SEI resistivity [Ohm.m]": 183429.83558654587,
        "Outer SEI solvent diffusivity [m2.s-1]": 2.856371200551438e-22,
        "Bulk solvent concentration [mol.m-3]": 2315.5283083989225,
        "Inner SEI open-circuit potential [V]": 0.08776671973919982,
        "Outer SEI open-circuit potential [V]": 0.7710506104981951,
        "Inner SEI electron conductivity [S.m-1]": 7.672705989545233e-14,
        "Inner SEI lithium interstitial diffusivity [m2.s-1]": 1.1249687240801866e-20,
        "Lithium interstitial reference concentration [mol.m-3]": 14.38487264138236,
        "Initial inner SEI thickness [m]": 0.0,
        "Initial outer SEI thickness [m]": 6.016445659341947e-09,
        "EC initial concentration in electrolyte [mol.m-3]": 1136.995642752895,
        "EC diffusivity [m2.s-1]": 1.9335815080010087e-18,
        "SEI kinetic rate constant [m.s-1]": 8.299959822945778e-13,
        "SEI open-circuit potential [V]": 0.4503850861297075,
        "SEI growth activation energy [J.mol-1]": 28549.91892934701,
        "Negative electrode reaction-driven LAM factor [m3.mol-1]": 0.0,
        "Positive electrode reaction-driven LAM factor [m3.mol-1]": 0.0,
        "Negative current collector thickness [m]": 1.3361523068593401e-05,
        "Negative electrode thickness [m]": 6.190122567694781e-05,
        "Separator thickness [m]": 4.8723108760047485e-06,
        "Positive electrode thickness [m]": 7.214752575226644e-05,
        "Positive current collector thickness [m]": 1.4494162910525897e-05,
        "Electrode height [m]": 0.08212846445431327,
        "Electrode width [m]": 1.4475979021280179,
        "Cell cooling surface area [m2]": 0.00634932701857645,
        "Cell volume [m3]": 1.9046912598627703e-05,
        "Cell thermal expansion coefficient [m.K-1]": 1.4659240518338691e-06,
        "Negative current collector conductivity [S.m-1]": 52678846.19012827,
        "Positive current collector conductivity [S.m-1]": 30104327.15501869,
        "Negative current collector density [kg.m-3]": 7693.759515762387,
        "Positive current collector density [kg.m-3]": 4265.394292677495,
        "Negative current collector specific heat capacity [J.kg-1.K-1]": 336.32347418499126,
        "Positive current collector specific heat capacity [J.kg-1.K-1]": 672.4389218699743,
        "Negative current collector thermal conductivity [W.m-1.K-1]": 389.7232711724654,
        "Positive current collector thermal conductivity [W.m-1.K-1]": 225.30793387220874,
        "Nominal cell capacity [A.h]": 6.8137288841169,
        "Current function [A]": 4.920032790348686,
        "Contact resistance [Ohm]": 0,
        "Negative electrode conductivity [S.m-1]": 213.6069741745582,
        "Maximum concentration in negative electrode [mol.m-3]": 39583.782314268334,
        "Negative electrode porosity": 0.2751554314228262,
        "Negative electrode active material volume fraction": 0.8344730433482372,
        "Negative particle radius [m]": 6.6008373684613335e-06,
        "Negative electrode Bruggeman coefficient (electrolyte)": 1.145499861465158,
        "Negative electrode Bruggeman coefficient (electrode)": 1.5511886692777315,
        "Negative electrode charge transfer coefficient": 0.4060457544378151,
        "Negative electrode double-layer capacity [F.m-2]": 0.23615659603768893,
        "Negative electrode density [kg.m-3]": 1817.769321875254,
        "Negative electrode specific heat capacity [J.kg-1.K-1]": 445.4200442972083,
        "Negative electrode thermal conductivity [W.m-1.K-1]": 2.008840774922154,
        "Negative electrode OCP entropic change [V.K-1]": 0.0,
        "Negative electrode Poisson's ratio": 0.407334995372328,
        "Negative electrode Young's modulus [Pa]": 13114165109.908545,
        "Negative electrode reference concentration for free of deformation [mol.m-3]": 0.0,
        "Negative electrode partial molar volume [m3.mol-1]": 1.9503528693891367e-06,
        "Negative electrode initial crack length [m]": 1.983279582433819e-08,
        "Negative electrode initial crack width [m]": 1.0776857388044655e-08,
        "Negative electrode number of cracks per unit area [m-2]": 4096759325519925.0,
        "Negative electrode Paris' law constant b": 1.3087389291343379,
        "Negative electrode Paris' law constant m": 2.307234321438925,
        "Negative electrode LAM constant proportional term [s-1]": 3.678605921866169e-07,
        "Negative electrode LAM constant exponential term": 3.1307019798595594,
        "Negative electrode critical stress [Pa]": 57135440.9917014,
        "Positive electrode conductivity [S.m-1]": 0.03457706639603686,
        "Maximum concentration in positive electrode [mol.m-3]": 60284.71627867076,
        "Positive electrode porosity": 0.28831728437496884,
        "Positive electrode active material volume fraction": 0.46004866219651613,
        "Positive particle radius [m]": 7.926942571302812e-06,
        "Positive electrode Bruggeman coefficient (electrolyte)": 1.1771254409866292,
        "Positive electrode Bruggeman coefficient (electrode)": 0.960108445174636,
        "Positive electrode charge transfer coefficient": 0.504175292732789,
        "Positive electrode double-layer capacity [F.m-2]": 0.20557727752826255,
        "Positive electrode density [kg.m-3]": 4187.890033895217,
        "Positive electrode specific heat capacity [J.kg-1.K-1]": 894.3664835799466,
        "Positive electrode thermal conductivity [W.m-1.K-1]": 1.9193552134570546,
        "Positive electrode OCP entropic change [V.K-1]": 0.0,
        "Positive electrode Poisson's ratio": 0.24055899192646907,
        "Positive electrode Young's modulus [Pa]": 402970590582.4678,
        "Positive electrode reference concentration for free of deformation [mol.m-3]": 0.0,
        "Positive electrode partial molar volume [m3.mol-1]": 1.2168252450654453e-05,
        "Positive electrode initial crack length [m]": 8.955735280538496e-09,
        "Positive electrode initial crack width [m]": 1.4008375703011183e-08,
        "Positive electrode number of cracks per unit area [m-2]": 3200521793365061.0,
        "Positive electrode Paris' law constant b": 0.9864534503892732,
        "Positive electrode Paris' law constant m": 2.7893223009369637,
        "Positive electrode LAM constant proportional term [s-1]": 3.7864053324463935e-07,
        "Positive electrode LAM constant exponential term": 2.5210436352971204,
        "Positive electrode critical stress [Pa]": 472492148.7577203,
        "Separator porosity": 0.7098685811978998,
        "Separator Bruggeman coefficient (electrolyte)": 0.5369316754140732,
        "Separator density [kg.m-3]": 495.49867455340427,
        "Separator specific heat capacity [J.kg-1.K-1]": 572.5084377583177,
        "Separator thermal conductivity [W.m-1.K-1]": 0.16840784278261026,
        "Initial concentration in electrolyte [mol.m-3]": 1112.4137072333976,
        "Cation transference number": 0.3622995059281282,