{
    "config": {
        "Ideal gas constant [J.K-1.mol-1]": 7.48727234719274,
        "Faraday constant [C.mol-1]": 61324.123824194925,
        "Boltzmann constant [J.K-1]": 1.242360877040536e-23,
        "Electron charge [C]": 1.3528232991836597e-19,
        "Lithium metal partial molar volume [m3.mol-1]": 5.5554579857277105e-06,
        "Lithium plating kinetic rate constant [m.s-1]": 9.810303101980723e-10,
        "Initial plated lithium concentration [mol.m-3]": 0.0,
        "Typical plated lithium concentration [mol.m-3]": 984.2780525762698,
        "Lithium plating transfer coefficient": 0.5036112560917814,
        "Dead lithium decay constant [s-1]": 1.104820381481112e-06,
        "Ratio of lithium moles to SEI moles": 1.1344236899062532,
        "Inner SEI reaction proportion": 0.0,
        "Inner SEI partial molar volume [m3.mol-1]": 7.425655977946799e-05,
        "Outer SEI partial molar volume [m3.mol-1]": 9.711080092816285e-05,
        "SEI reaction exchange current density [A.m-2]": 1.491709216929776e-07,
        "SEI resistivity [Ohm.m]": 241745.99392472254,
        "Outer SEI solvent diffusivity [m2.s-1]": 2.1666951698739225e-22,
        "Bulk solvent concentration [mol.m-3]": 2035.2319936428744,
        "Inner SEI open-circuit potential [V]": 0.11149930756862715,
        "Outer SEI open-circuit potential [V]": 0.9832405216727252,
        "Inner SEI electron conductivity [S.m-1]": 6.72116993978427e-14,
        "Inner SEI lithium interstitial diffusivity [m2.s-1]": 1.4351993904907876e-20,
        "Lithium interstitial reference concentration [mol.m-3]": 14.601007330921343,
        "Initial inner SEI thickness [m]": 0.0,
        "Initial outer SEI thickness [m]": 6.938570631124047e-09,
        "EC initial concentration in electrolyte [mol.m-3]": 4737.9563975478595,
        "EC diffusivity [m2.s-1]": 1.6916453524252182e-18,
        "SEI kinetic rate constant [m.s-1]": 8.794923585165299e-13,
        "SEI open-circuit potential [V]": 0.4482128490273931,
        "SEI growth activation energy [J.mol-1]": 18140.771309798496,
        "Negative electrode reaction-driven LAM factor [m3.mol-1]": 0.0,
        "Positive electrode reaction-driven LAM factor [m3.mol-1]": 0.0,
        "Negative current collector thickness [m]": 1.4828567691305966e-05,
        "Negative electrode thickness [m]": 0.00010296715464087596,
        "Separator thickness [m]": 1.1581409204061969e-05,
        "Positive electrode thickness [m]": 9.422224501058163e-05,
        "Positive current collector thickness [m]": 1.7201831560137928e-05,
        "Electrode height [m]": 0.0713958900645547,
        "Electrode width [m]": 0.992671208237589,
        "Cell cooling surface area [m2]": 0.004513426924132106,
        "Cell volume [m3]": 2.8060511086570223e-05,
        "Cell thermal expansion coefficient [m.K-1]": 1.3008781607605878e-06,
        "Negative current collector conductivity [S.m-1]": 98299719.48051135,
        "Positive current collector conductivity [S.m-1]": 37402347.261179306,
        "Negative current collector density [kg.m-3]": 7917.536675419758,
        "Positive current collector density [kg.m-3]": 2278.170501686195,
        "Negative current collector specific heat capacity [J.kg-1.K-1]": 458.72129162209944,
        "Positive current collector specific heat capacity [J.kg-1.K-1]": 528.4930223060487,
        "Negative current collector thermal conductivity [W.m-1.K-1]": 641.4793794954568,
        "Positive current collector thermal conductivity [W.m-1.K-1]": 243.18426745009612,
        "Nominal cell capacity [A.h]": 5.745611303394336,
        "Current function [A]": 3.717020044467791,
        "Contact resistance [Ohm]": 0,
        "Negative electrode conductivity [S.m-1]": 284.1898041724422,
        "Maximum concentration in negative electrode [mol.m-3]": 34377.64840462961,
        "Negative electrode porosity": 0.2774858762513361,
        "Negative electrode active material volume fraction": 0.6963967265201523,
        "Negative particle radius [m]": 5.542590713727473e-06,
        "Negative electrode Bruggeman coefficient (electrolyte)": 1.7455639256827742,
        "Negative electrode Bruggeman coefficient (electrode)": 1.5662354053574128,
        "Negative electrode charge transfer coefficient": 0.29747713615330773,
        "Negative electrode double-layer capacity [F.m-2]": 0.13711014010194222,
        "Negative electrode density [kg.m-3]": 1874.4017150576929,
        "Negative electrode specific heat capacity [J.kg-1.K-1]": 743.4444230091423,
        "Negative electrode thermal conductivity [W.m-1.K-1]": 1.7039140047453458,
        "Negative electrode OCP entropic change [V.K-1]": 0.0,
        "Negative electrode Poisson's ratio": 0.2501297945953934,
        "Negative electrode Young's modulus [Pa]": 4410755765.925465,
        "Negative electrode reference concentration for free of deformation [mol.m-3]": 0.0,
        "Negative electrode partial molar volume [m3.mol-1]": 2.756631628618987e-06,
        "Negative electrode initial crack length [m]": 2.881510855544671e-08,
        "Negative electrode initial crack width [m]": 1.5051791004191947e-08,
        "Negative electrode number of cracks per unit area [m-2]": 3006797030455304.0,
        "Negative electrode Paris' law constant b": 0.88264294403353,
        "Negative electrode Paris' law constant m": 2.19406936367436,
        "Negative electrode LAM constant proportional term [s-1]": 3.4497958149315775e-07,
        "Negative electrode LAM constant exponential term": 1.5646231509548416,
        "Negative electrode critical stress [Pa]": 45669004.06112814,
        "Positive electrode conductivity [S.m-1]": 0.21144071929474623,
        "Maximum concentration in positive electrode [mol.m-3]": 69171.42218762552,
        "Positive electrode porosity": 0.31322551556960454,
        "Positive electrode active material volume fraction": 0.7990331121019101,
        "Positive particle radius [m]": 4.2322738410376375e-06,
        "Positive electrode Bruggeman coefficient (electrolyte)": 1.8284149838330297,
        "Positive electrode Bruggeman coefficient (electrode)": 2.0360771983271766,
        "Positive electrode charge transfer coefficient": 0.42842533274894773,
        "Positive electrode double-layer capacity [F.m-2]": 0.21347284916971632,
        "Positive electrode density [kg.m-3]": 3457.2364749250314,
        "Positive electrode specific heat capacity [J.kg-1.K-1]": 961.1687620903704,
        "Positive electrode thermal conductivity [W.m-1.K-1]": 2.981508119025107,
        "Positive electrode OCP entropic change [V.K-1]": 0.0,
        "Positive electrode Poisson's ratio": 0.180964516350484,
        "Positive electrode Young's modulus [Pa]": 463847484900.1888,
        "Positive electrode reference concentration for free of deformation [mol.m-3]": 0.0,
        "Positive electrode partial molar volume [m3.mol-1]": 1.6309731434640522e-05,
        "Positive electrode initial crack length [m]": 2.1911892516438165e-08,
        "Positive electrode initial crack width [m]": 2.2055710915905364e-08,
        "Positive electrode number of cracks per unit area [m-2]": 1886758554410914.5,
        "Positive electrode Paris' law constant b": 0.884540501087222,
        "Positive electrode Paris' law constant m": 1.896617712338139,
        "Positive electrode LAM constant proportional term [s-1]": 3.0144232183339024e-07,
        "Positive electrode LAM constant exponential term": 1.986325648906781,
        "Positive electrode critical stress [Pa]": 345234542.32823205,
        "Separator porosity": 0.4737725300699373,
        "Separator Bruggeman coefficient (electrolyte)": 1.6186605634852527,
        "Separator density [kg.m-3]": 512.8568811922817,
        "Separator specific heat capacity [J.kg-1.K-1]": 640.8112480359482,
        "Separator thermal conductivity [W.m-1.K-1]": 0.17164788638279782,
        "Initial concentration in electrolyte [mol.m-3]": 1031.547610619939,