{
    "config": {
        "Ideal gas constant [J.K-1.mol-1]": 7.813393747527642,
        "Faraday constant [C.mol-1]": 139928.97131841313,
        "Boltzmann constant [J.K-1]": 1.514452847705098e-23,
        "Electron charge [C]": 1.3772771133061168e-19,
        "Ratio of lithium moles to SEI moles": 2.1172615419976295,
        "Inner SEI reaction proportion": 0.5512295927839272,
        "Inner SEI partial molar volume [m3.mol-1]": 0.00013023883603994834,
        "Outer SEI partial molar volume [m3.mol-1]": 0.0001136432952918527,
        "SEI reaction exchange current density [A.m-2]": 2.1397962469539544e-07,
        "SEI resistivity [Ohm.m]": 171224.6925051811,
        "Outer SEI solvent diffusivity [m2.s-1]": 2.634842961118277e-22,
        "Bulk solvent concentration [mol.m-3]": 2336.542249886145,
        "Inner SEI open-circuit potential [V]": 0.07048796143586045,
        "Outer SEI open-circuit potential [V]": 0.9157118172739211,
        "Inner SEI electron conductivity [S.m-1]": 1.0862151689304977e-13,
        "Inner SEI lithium interstitial diffusivity [m2.s-1]": 1.1303091108385389e-20,
        "Lithium interstitial reference concentration [mol.m-3]": 14.8839581339236,
        "Initial inner SEI thickness [m]": 3.409755148767542e-09,
        "Initial outer SEI thickness [m]": 2.136812503739079e-09,
        "EC initial concentration in electrolyte [mol.m-3]": 4788.417539969206,
        "EC diffusivity [m2.s-1]": 1.9035007336166613e-18,
        "SEI kinetic rate constant [m.s-1]": 1.5305025160905091e-12,
        "SEI open-circuit potential [V]": 0.5738827464047727,
        "SEI growth activation energy [J.mol-1]": 0.0,
        "Negative electrode reaction-driven LAM factor [m3.mol-1]": 0.0,
        "Positive electrode reaction-driven LAM factor [m3.mol-1]": 0.0,
        "Negative current collector thickness [m]": 2.4346852056963275e-05,
        "Negative electrode thickness [m]": 8.369543011329229e-05,
        "Separator thickness [m]": 1.874844715745962e-05,
        "Positive electrode thickness [m]": 4.388999798754855e-05,
        "Positive current collector thickness [m]": 1.7847748617629974e-05,
        "Electrode height [m]": 0.08616733031352579,
        "Electrode width [m]": 0.11134651619128966,
        "Negative tab width [m]": 0.008421522076459005,
        "Negative tab centre y-coordinate [m]": 0.006278326494942112,
        "Negative tab centre z-coordinate [m]": 0.07403348299555539,
        "Positive tab width [m]": 0.003678442396196048,
        "Positive tab centre y-coordinate [m]": 0.01990588911660411,
        "Positive tab centre z-coordinate [m]": 0.09946452085842543,
        "Cell cooling surface area [m2]": 0.02278983484823263,
        "Cell volume [m3]": 1.9201161508675917e-06,
        "Negative current collector conductivity [S.m-1]": 36236681.627314255,
        "Positive current collector conductivity [S.m-1]": 27223648.786144163,
        "Negative current collector density [kg.m-3]": 10288.031943735024,
        "Positive current collector density [kg.m-3]": 3396.3497375614643,
        "Negative current collector specific heat capacity [J.kg-1.K-1]": 401.43558591203714,
        "Positive current collector specific heat capacity [J.kg-1.K-1]": 587.3643531408896,
        "Negative current collector thermal conductivity [W.m-1.K-1]": 460.1006885275375,
        "Positive current collector thermal conductivity [W.m-1.K-1]": 218.08312337473708,
        "Nominal cell capacity [A.h]": 0.1704060106892051,
        "Current function [A]": 0.19658408777600805,
        "Contact resistance [Ohm]": 0,
        "Negative electrode conductivity [S.m-1]": 14.061476175216164,
        "Maximum concentration in negative electrode [mol.m-3]": 41130.463914202875,
        "Negative electrode porosity": 0.2233159334927561,
        "Negative electrode active material volume fraction": 0.39418430134726146,
        "Negative particle radius [m]": 1.742897827023078e-05,
        "Negative electrode Bruggeman coefficient (electrolyte)": 1.4429819098967738,
        "Negative electrode Bruggeman coefficient (electrode)": 0.0,
        "Negative electrode density [kg.m-3]": 2005.850699508526,
        "Negative electrode specific heat capacity [J.kg-1.K-1]": 1605.9768021490595,
        "Negative electrode thermal conductivity [W.m-1.K-1]": 1.8144231739153718,
        "Negative electrode OCP entropic change [V.K-1]": 0.0,
        "Positive electrode conductivity [S.m-1]": 41.74708467767687,
        "Maximum concentration in positive electrode [mol.m-3]": 41199.46889576177,
        "Positive electrode porosity": 0.23412305871873731,
        "Positive electrode active material volume fraction": 0.40452989723830507,
        "Positive particle radius [m]": 6.610691245277416e-06,
        "Positive electrode Bruggeman coefficient (electrolyte)": 1.8740423457858708,
        "Positive electrode Bruggeman coefficient (electrode)": 0.0,
        "Positive electrode density [kg.m-3]": 3049.0217098055336,
        "Positive electrode specific heat capacity [J.kg-1.K-1]": 943.8438668876236,
        "Positive electrode thermal conductivity [W.m-1.K-1]": 1.3638185872627053,
        "Positive electrode OCP entropic change [V.K-1]": 0.0,
        "Separator porosity": 0.7856890650970543,
        "Separator Bruggeman coefficient (electrolyte)": 2.938303479095649,
        "Separator density [kg.m-3]": 804.6784739624384,
        "Separator specific heat capacity [J.kg-1.K-1]": 1636.8720435432333,
        "Separator thermal conductivity [W.m-1.K-1]": 0.35127566973696106,
        "Initial concentration in electrolyte [mol.m-3]": 485.3030424575039,
        "Cation transference number": 0.22428192462255928,
        "Thermodynamic factor": 0.7512600554678635,
        "Reference temperature [K]": 289.8129798861656,
        "Negative current collector surface heat transfer coefficient [W.m-2.K-1]": 10.576244706157345,
        "Positive current collector surface heat transfer coefficient [W.m-2.K-1]": 8.116943100716112,
        "Negative tab heat transfer coefficient [W.m-2.K-1]": 11.982530583726774,
        "Positive tab heat transfer coefficient [W.m-2.K-1]": 5.689238257123101,
        "Edge heat transfer coefficient [W.m-2.K-1]": 7.509483150640785,
        "Total heat transfer coefficient [W.m-2.K-1]": 11.699557512998496,
        "Ambient temperature [K]": 283.77068240862036,
        "Number of electrodes connected in parallel to make a cell": 1.2298668101947103,
        "Number of cells connected in series to make a battery": 0.8740663158981223,
        "Lower voltage cut-off [V]": 1.5500350335706337,
        "Upper voltage cut-off [V]": 4.8177979502389965,
        "Open-circuit voltage at 0% SOC [V]": 1.3426839280569882,
        "Open-circuit voltage at 100% SOC [V]": 5.079492346777549,
        "Initial concentration in negative electrode [mol.m-3]": 37288.14039601509,
        "Initial concentration in positive electrode [mol.m-3]": 18392.24866598649,
        "Initial temperature [K]": 360.6307776120472
    },