{
    "config": {
        "Ideal gas constant [J.K-1.mol-1]": 8.931189518805573,
        "Faraday constant [C.mol-1]": 78844.85981009097,
        "Boltzmann constant [J.K-1]": 1.9724216092953544e-23,
        "Electron charge [C]": 1.2312315020342142e-19,
        "Ratio of lithium moles to SEI moles": 2.0323844377347546,
        "Inner SEI reaction proportion": 0.7019253776085649,
        "Inner SEI partial molar volume [m3.mol-1]": 0.0001193100733899474,
        "Outer SEI partial molar volume [m3.mol-1]": 6.708423815345778e-05,
        "SEI reaction exchange current density [A.m-2]": 1.0610650836520447e-06,
        "SEI resistivity [Ohm.m]": 163138.89894609258,
        "Outer SEI solvent diffusivity [m2.s-1]": 2.8901106472276315e-22,
        "Bulk solvent concentration [mol.m-3]": 3351.7193967396597,
        "Inner SEI open-circuit potential [V]": 0.08085077109949351,
        "Outer SEI open-circuit potential [V]": 0.5142635901034265,
        "Inner SEI electron conductivity [S.m-1]": 1.1429097613696174e-13,
        "Inner SEI lithium interstitial diffusivity [m2.s-1]": 1.3738065415743934e-20,
        "Lithium interstitial reference concentration [mol.m-3]": 14.26511449427468,
        "Initial inner SEI thickness [m]": 3.36967839842848e-09,
        "Initial outer SEI thickness [m]": 1.7595874524571397e-09,
        "EC initial concentration in electrolyte [mol.m-3]": 7779.320229524346,
        "EC diffusivity [m2.s-1]": 2.5835714585811115e-18,
        "SEI kinetic rate constant [m.s-1]": 1.109965415784731e-12,
        "SEI open-circuit potential [V]": 0.0,
        "SEI growth activation energy [J.mol-1]": 0.0,
        "Negative current collector thickness [m]": 2.248522001383405e-05,
        "Negative electrode thickness [m]": 6.752459688879245e-05,
        "Separator thickness [m]": 2.7441966086645243e-05,
        "Positive electrode thickness [m]": 8.958919702576965e-05,
        "Positive current collector thickness [m]": 6.919401600828618e-06,
        "Electrode height [m]": 0.06399807852928324,
        "Electrode width [m]": 0.6674377081515263,
        "Negative tab width [m]": 0.026411966647971553,
        "Negative tab centre y-coordinate [m]": 0.042743496674691794,
        "Negative tab centre z-coordinate [m]": 0.12287698904963375,
        "Positive tab width [m]": 0.046343982269066046,
        "Positive tab centre y-coordinate [m]": 0.16626890299917668,
        "Positive tab centre z-coordinate [m]": 0.11061711262278912,
        "Negative current collector conductivity [S.m-1]": 20932825.461326644,
        "Positive current collector conductivity [S.m-1]": 42440127.93266492,
        "Negative current collector density [kg.m-3]": 7214.519522307342,
        "Positive current collector density [kg.m-3]": 2349.009513455255,
        "Negative current collector specific heat capacity [J.kg-1.K-1]": 429.58509194782926,
        "Positive current collector specific heat capacity [J.kg-1.K-1]": 1002.8187433727611,
        "Negative current collector thermal conductivity [W.m-1.K-1]": 297.9959963815985,
        "Positive current collector thermal conductivity [W.m-1.K-1]": 203.53373802417462,
        "Nominal cell capacity [A.h]": 1.1690970731807142,
        "Current function [A]": 1.0872069785779856,
        "Contact resistance [Ohm]": 0,
        "Negative electrode conductivity [S.m-1]": 115.86463729851717,
        "Maximum concentration in negative electrode [mol.m-3]": 22298.518923225318,
        "Negative electrode porosity": 0.5356615680534754,
        "Negative electrode active material volume fraction": 0.6512192203959523,
        "Negative particle radius [m]": 1.4023152591652615e-06,
        "Negative electrode Bruggeman coefficient (electrolyte)": 3.9626322451460094,
        "Negative electrode Bruggeman coefficient (electrode)": 3.248428685303777,
        "Negative electrode charge transfer coefficient": 0.4463691122003691,
        "Negative electrode double-layer capacity [F.m-2]": 0.1698161247948432,
        "Negative electrode density [kg.m-3]": 1883.9343624523515,
        "Negative electrode specific heat capacity [J.kg-1.K-1]": 848.4685575808627,
        "Negative electrode thermal conductivity [W.m-1.K-1]": 1.3885258767963797,
        "Positive electrode conductivity [S.m-1]": 114.06920941514838,
        "Maximum concentration in positive electrode [mol.m-3]": 54106.97693779203,
        "Positive electrode porosity": 0.2755489759336103,
        "Positive electrode active material volume fraction": 0.5596615172917578,
        "Positive particle radius [m]": 1.1751350262183272e-06,
        "Positive electrode Bruggeman coefficient (electrolyte)": 3.34611167662763,
        "Positive electrode Bruggeman coefficient (electrode)": 2.167392556337604,
        "Positive electrode charge transfer coefficient": 0.6277220510789354,
        "Positive electrode double-layer capacity [F.m-2]": 0.23723790233498807,
        "Positive electrode density [kg.m-3]": 3857.7199415540586,
        "Positive electrode specific heat capacity [J.kg-1.K-1]": 632.779783446857,
        "Positive electrode thermal conductivity [W.m-1.K-1]": 2.3280057578338407,
        "Separator porosity": 0.5166737066177878,
        "Separator Bruggeman coefficient (electrolyte)": 2.6008243533883393,
        "Separator density [kg.m-3]": 1098.4899480591048,
        "Separator specific heat capacity [J.kg-1.K-1]": 2358.7421165604396,
        "Separator thermal conductivity [W.m-1.K-1]": 0.40283644850333944,
        "Initial concentration in electrolyte [mol.m-3]": 927.1375259641936,
        "Cation transference number": 0.39762215804656265,
        "Thermodynamic factor": 0.735161578552419,
        "Reference temperature [K]": 332.9643054165856,
        "Ambient temperature [K]": 244.50912865097655,
        "Negative current collector surface heat transfer coefficient [W.m-2.K-1]": 0.0,
        "Positive current collector surface heat transfer coefficient [W.m-2.K-1]": 0.0,
        "Negative tab heat transfer coefficient [W.m-2.K-1]": 6.06911507071454,
        "Positive tab heat transfer coefficient [W.m-2.K-1]": 9.264501880480726,
        "Edge heat transfer coefficient [W.m-2.K-1]": 0.3141170113347387,
        "Number of electrodes connected in parallel to make a cell": 1.1931188359640559,
        "Number of cells connected in series to make a battery": 0.7904361757054997,
        "Lower voltage cut-off [V]": 1.464425232796237,
        "Upper voltage cut-off [V]": 4.823787485456753,
        "Open-circuit voltage at 0% SOC [V]": 3.4384444117053614,
        "Open-circuit voltage at 100% SOC [V]": 3.5467488242318277,
        "Initial concentration in negative electrode [mol.m-3]": 17771.44782978592,
        "Initial concentration in positive electrode [mol.m-3]": 27821.896118510376,
        "Initial temperature [K]": 278.2096096793866
    },
    "V": [
        3.673073956696299,
        3.572579601255557,
        3.4673363823185284,
        3.2338365083472196,
        2.901940839459348,
        2.692314935716702,
        2.6056072197141598,
        2.5895850499772655,
        2.5732620945218425,
        2.552663242136483,
        2.5264750165882965,
        2.4798231941973725,
        2.331681207996366,
        1.4644352327962213
    ],
    "time": [
        0.0,
        36.36363636363637,
        72.72727272727273,
        109.0909090909091,
        145.45454545454547,
        164.20454545454547,
        181.81818181818184,
        200.56818181818184,
        218.1818181818182,
        236.9318181818182,
        254.54545454545456,
        273.29545454545456,
        290.90909090909093,
        303.4847739046322
    ]
}