{
    "config": {
        "Ideal gas constant [J.K-1.mol-1]": 9.707938091494515,
        "Faraday constant [C.mol-1]": 83422.82564985007,
        "Boltzmann constant [J.K-1]": 8.315354236741379e-24,
        "Electron charge [C]": 1.659546118879239e-19,
        "Negative electrode thickness [m]": 2.4452151700922158e-05,
        "Separator thickness [m]": 2.835289627075573e-05,
        "Positive electrode thickness [m]": 8.21898685657433e-05,
        "Electrode height [m]": 0.43003829389144377,
        "Electrode width [m]": 0.34264930207035416,
        "Nominal cell capacity [A.h]": 1.5155044307656746,
        "Current function [A]": 2.5851067106635996,
        "Contact resistance [Ohm]": 0,
        "Negative electrode conductivity [S.m-1]": 328.11874996644667,
        "Maximum concentration in negative electrode [mol.m-3]": 20198.365691324485,
        "Negative electrode diffusivity [m2.s-1]": 3.506216734042171e-15,
        "Negative electrode porosity": 0.25340501166116597,
        "Negative electrode active material volume fraction": 0.8615491551066514,
        "Negative particle radius [m]": 4.423296319704104e-06,
        "Negative electrode Bruggeman coefficient (electrolyte)": 1.306911654610532,
        "Negative electrode Bruggeman coefficient (electrode)": 1.451981100213018,
        "Negative electrode charge transfer coefficient": 0.3337086034001773,
        "Negative electrode double-layer capacity [F.m-2]": 0.1990093870529448,
        "Negative electrode OCP entropic change [V.K-1]": 0,
        "Positive electrode conductivity [S.m-1]": 0.368013009959116,
        "Maximum concentration in positive electrode [mol.m-3]": 26249.73433307652,
        "Positive electrode diffusivity [m2.s-1]": 4.8011701501876235e-18,
        "Positive electrode porosity": 0.473855097814722,
        "Positive electrode active material volume fraction": 0.38200250670962194,
        "Positive particle radius [m]": 4.3031411417614115e-08,
        "Positive electrode Bruggeman coefficient (electrode)": 1.4459553181906577,
        "Positive electrode Bruggeman coefficient (electrolyte)": 0.8485859793182265,
        "Positive electrode charge transfer coefficient": 0.49710574300983035,
        "Positive electrode double-layer capacity [F.m-2]": 0.24720785401984668,
        "Positive electrode OCP entropic change [V.K-1]": 0,
        "Separator porosity": 0.5076529488949046,
        "Separator Bruggeman coefficient (electrolyte)": 1.3612258947584643,
        "Initial concentration in electrolyte [mol.m-3]": 876.8567889802888,
        "Cation transference number": 0.47006693491077967,
        "Thermodynamic factor": 0.84789136059401,
        "Electrolyte diffusivity [m2.s-1]": 2.7811081772512243e-10,
        "Reference temperature [K]": 209.18019167457422,
        "Ambient temperature [K]": 248.97710263031246,
        "Number of electrodes connected in parallel to make a cell": 1.260415735881974,
        "Number of cells connected in series to make a battery": 1.219077506528873,
        "Lower voltage cut-off [V]": 1.8101498164013674,
        "Upper voltage cut-off [V]": 3.5036644564440835,
        "Open-circuit voltage at 0% SOC [V]": 2.3173007881710515,
        "Open-circuit voltage at 100% SOC [V]": 2.7957006785596215,
        "Initial concentration in negative electrode [mol.m-3]": 19888.233545403324,
        "Initial concentration in positive electrode [mol.m-3]": 52.890304659100096,
        "Initial temperature [K]": 130.37874178984922
    },
    "V": [
        3.2292970601669557,
        3.015418578792814,
        2.992851639855604,
        2.991143052724099,
        2.994688211246955,
        2.9991502701017874,
        3.0033232956958473,
        3.006954414920232,
        3.010056252005567,
        3.0127020953047507,
        3.014954659037998,
        3.0168276196967954,
        3.018257022294867,
        3.01899598120993,
        3.018436852794724,
        3.015468859703045,
        3.009126794763846,
        3.0006155819559366,
        2.993347370439722,
        2.9891468828043797,
        2.9873430212745573,
        2.9867754034954226,
        2.98671890578566,
        2.986823417674885,
        2.9869401480415894,
        2.987007433656776,
        2.9869860352056237,
        2.9868496380995317,
        2.986569715287161,
        2.9861041952365577,
        2.9853906262453647,
        2.984338553462452,
        2.9828178839573853,
        2.980648544293352,
        2.9775962948559607,
        2.973382965878703,
        2.96773350393102,
        2.9604673569658178,
        2.951635359553544,
        2.9416189855302144,
        2.931114011163952,
        2.920924734069641,
        2.911681885534102,
        2.9036382676323975,
        2.896597227735125,
        2.8898955295715973,
        2.882241038452132,
        2.871280893439633,
        2.8530462087663007,
        2.8225918461274375,
        2.7783761886337066,
        2.727021872496649,
        2.6762481111013505,
        2.6230922188792922,
        2.5535952607804377,
        2.4453639294556764,
        2.263505870540161,
        1.9494646994246612,
        1.8101598164013635
    ],
    "time": [
        0.0,
        36.36363636363637,
        72.72727272727273,
        109.0909090909091,
        145.45454545454547,
        181.81818181818184,
        218.1818181818182,
        254.54545454545456,
        290.90909090909093,
        327.2727272727273,
        363.6363636363637,
        400.00000000000006,
        436.3636363636364,
        472.72727272727275,
        509.0909090909091,
        545.4545454545455,
        581.8181818181819,
        618.1818181818182,
        654.5454545454546,
        690.909090909091,
        727.2727272727274,
        763.6363636363637,
        800.0000000000001,
        836.3636363636365,
        872.7272727272727,
        909.0909090909091,
        945.4545454545455,
        981.8181818181819,
        1018.1818181818182,
        1054.5454545454547,
        1090.909090909091,
        1127.2727272727275,
        1163.6363636363637,
        1200.0,
        1236.3636363636365,
        1272.7272727272727,
        1309.0909090909092,
        1345.4545454545455,
        1381.818181818182,
        1418.1818181818182,
        1454.5454545454547,
        1490.909090909091,
        1527.2727272727275,
        1563.6363636363637,
        1600.0000000000002,
        1636.3636363636365,
        1672.727272727273,
        1709.0909090909092,
        1745.4545454545455,
        1781.818181818182,
        1818.1818181818182,
        1854.5454545454547,
        1890.909090909091,
        1927.2727272727275,
        1963.6363636363637,
        2000.0000000000002,
        2036.3636363636365,
        2072.727272727273,
        2084.0536302342193
    ]
}