{
    "config": {
        "Ideal gas constant [J.K-1.mol-1]": 9.060144986321728,
        "Faraday constant [C.mol-1]": 72916.3659503433,
        "Boltzmann constant [J.K-1]": 1.161949341021181e-23,
        "Electron charge [C]": 1.846866912022267e-19,
        "Ratio of lithium moles to SEI moles": 1.8106067391426302,
        "Inner SEI reaction proportion": 0.5300960536632485,
        "Inner SEI partial molar volume [m3.mol-1]": 8.784238079879955e-05,
        "Outer SEI partial molar volume [m3.mol-1]": 0.00010170860006504733,
        "SEI reaction exchange current density [A.m-2]": 1.3329242226246368e-06,
        "SEI resistivity [Ohm.m]": 231527.36577288466,
        "Outer SEI solvent diffusivity [m2.s-1]": 2.240805079553055e-22,
        "Bulk solvent concentration [mol.m-3]": 2631.312030740467,
        "Inner SEI open-circuit potential [V]": 0.11736818625278629,
        "Outer SEI open-circuit potential [V]": 0.7146289560824999,
        "Inner SEI electron conductivity [S.m-1]": 8.185908489586555e-14,
        "Inner SEI lithium interstitial diffusivity [m2.s-1]": 1.0322241914251208e-20,
        "Lithium interstitial reference concentration [mol.m-3]": 13.936802226744902,
        "Initial inner SEI thickness [m]": 2.34905999017158e-09,
        "Initial outer SEI thickness [m]": 2.3509516255060146e-09,
        "EC initial concentration in electrolyte [mol.m-3]": 5806.808497944013,
        "EC diffusivity [m2.s-1]": 2.264743655940633e-18,
        "SEI kinetic rate constant [m.s-1]": 1.0643530653170667e-12,
        "SEI open-circuit potential [V]": 0.0,
        "SEI growth activation energy [J.mol-1]": 0.0,
        "Negative current collector thickness [m]": 1.410667278625819e-05,
        "Negative electrode thickness [m]": 8.68628632692792e-05,
        "Separator thickness [m]": 3.179526439059334e-05,
        "Positive electrode thickness [m]": 0.00011206843046872294,
        "Positive current collector thickness [m]": 2.7725426477720045e-05,
        "Electrode height [m]": 0.03993439772220021,
        "Electrode width [m]": 1.0274571782681445,
        "Negative tab width [m]": 0.03685179036782328,
        "Negative tab centre y-coordinate [m]": 0.06275396653270841,
        "Negative tab centre z-coordinate [m]": 0.14246920208529076,
        "Positive tab width [m]": 0.039818693726801586,
        "Positive tab centre y-coordinate [m]": 0.15150908444704608,
        "Positive tab centre z-coordinate [m]": 0.12721741302580003,
        "Negative current collector conductivity [S.m-1]": 65276319.4492296,
        "Positive current collector conductivity [S.m-1]": 41126802.974457085,
        "Negative current collector density [kg.m-3]": 10283.018905290628,
        "Positive current collector density [kg.m-3]": 2300.857139405534,
        "Negative current collector specific heat capacity [J.kg-1.K-1]": 372.0343834594324,
        "Positive current collector specific heat capacity [J.kg-1.K-1]": 1044.9080279840648,
        "Negative current collector thermal conductivity [W.m-1.K-1]": 377.20197396305315,
        "Positive current collector thermal conductivity [W.m-1.K-1]": 187.80875808470455,
        "Nominal cell capacity [A.h]": 0.8141019775802673,
        "Current function [A]": 0.9887513026332646,
        "Contact resistance [Ohm]": 0,
        "Negative electrode conductivity [S.m-1]": 106.13183157555058,
        "Maximum concentration in negative electrode [mol.m-3]": 32015.21337371436,
        "Negative electrode porosity": 0.4374440048386426,
        "Negative electrode active material volume fraction": 0.38861676998454314,
        "Negative particle radius [m]": 2.1449141464293617e-06,
        "Negative electrode Bruggeman coefficient (electrolyte)": 4.0348261696677366,
        "Negative electrode Bruggeman coefficient (electrode)": 3.9353909911376053,
        "Negative electrode charge transfer coefficient": 0.5278120919355348,
        "Negative electrode double-layer capacity [F.m-2]": 0.23159933348106448,
        "Negative electrode density [kg.m-3]": 1358.7634662336043,
        "Negative electrode specific heat capacity [J.kg-1.K-1]": 809.2102113288103,
        "Negative electrode thermal conductivity [W.m-1.K-1]": 1.6963611521048365,
        "Positive electrode conductivity [S.m-1]": 115.91676076887275,
        "Maximum concentration in positive electrode [mol.m-3]": 54595.91198086742,
        "Positive electrode porosity": 0.31176348376192725,
        "Positive electrode active material volume fraction": 0.5228874199609058,
        "Positive particle radius [m]": 1.8356574790485423e-06,
        "Positive electrode Bruggeman coefficient (electrolyte)": 5.038291534348016,
        "Positive electrode Bruggeman coefficient (electrode)": 4.450673189474522,
        "Positive electrode charge transfer coefficient": 0.5471192852636251,
        "Positive electrode double-layer capacity [F.m-2]": 0.23153993352318208,
        "Positive electrode density [kg.m-3]": 3503.935972737889,
        "Positive electrode specific heat capacity [J.kg-1.K-1]": 563.9627548447042,
        "Positive electrode thermal conductivity [W.m-1.K-1]": 2.344277634574286,
        "Separator porosity": 0.5185710373584951,
        "Separator Bruggeman coefficient (electrolyte)": 2.119992991368512,
        "Separator density [kg.m-3]": 1164.8994335470757,
        "Separator specific heat capacity [J.kg-1.K-1]": 2355.1092805574444,
        "Separator thermal conductivity [W.m-1.K-1]": 0.3102810314757853,
        "Initial concentration in electrolyte [mol.m-3]": 656.9972138349999,
        "Cation transference number": 0.26006829932149245,
        "Thermodynamic factor": 1.2106443807974285,
        "Reference temperature [K]": 362.9499477122459,
        "Ambient temperature [K]": 320.6436180128794,
        "Negative current collector surface heat transfer coefficient [W.m-2.K-1]": 0.0,
        "Positive current collector surface heat transfer coefficient [W.m-2.K-1]": 0.0,
        "Negative tab heat transfer coefficient [W.m-2.K-1]": 10.843445210779299,
        "Positive tab heat transfer coefficient [W.m-2.K-1]": 10.764560845515811,
        "Edge heat transfer coefficient [W.m-2.K-1]": 0.3768557584275515,
        "Number of electrodes connected in parallel to make a cell": 1.084251567090951,
        "Number of cells connected in series to make a battery": 0.9950006094601554,
        "Lower voltage cut-off [V]": 2.7812788948843337,
        "Upper voltage cut-off [V]": 4.2143217884403406,
        "Open-circuit voltage at 0% SOC [V]": 2.696920837950563,
        "Open-circuit voltage at 100% SOC [V]": 4.85557181558297,
        "Initial concentration in negative electrode [mol.m-3]": 23312.429719881547,
        "Initial concentration in positive electrode [mol.m-3]": 27318.017903956028,
        "Initial temperature [K]": 273.897314890121
    },