{
    "config": {
        "Ideal gas constant [J.K-1.mol-1]": 8.772326896823433,
        "Faraday constant [C.mol-1]": 50219.30981287415,
        "Boltzmann constant [J.K-1]": 1.871579211717127e-23,
        "Electron charge [C]": 2.0244664553625406e-19,
        "Ratio of lithium moles to SEI moles": 1.2020157143376369,
        "Inner SEI reaction proportion": 0.7499315189030711,
        "Inner SEI partial molar volume [m3.mol-1]": 0.00015617578743197194,
        "Outer SEI partial molar volume [m3.mol-1]": 8.146394494531598e-05,
        "SEI reaction exchange current density [A.m-2]": 1.2436658971202868e-06,
        "SEI resistivity [Ohm.m]": 211526.91507428171,
        "Outer SEI solvent diffusivity [m2.s-1]": 3.2420854528855197e-22,
        "Bulk solvent concentration [mol.m-3]": 966.4313995962823,
        "Inner SEI open-circuit potential [V]": 0.12227429430507988,
        "Outer SEI open-circuit potential [V]": 0.7309134221862582,
        "Inner SEI electron conductivity [S.m-1]": 5.828694607440978e-14,
        "Inner SEI lithium interstitial diffusivity [m2.s-1]": 1.073916664818967e-20,
        "Lithium interstitial reference concentration [mol.m-3]": 22.443497043895704,
        "Initial inner SEI thickness [m]": 2.446305406055933e-09,
        "Initial outer SEI thickness [m]": 2.0418560768812703e-09,
        "EC initial concentration in electrolyte [mol.m-3]": 5088.295751285336,
        "EC diffusivity [m2.s-1]": 2.068373911660452e-18,
        "SEI kinetic rate constant [m.s-1]": 1.0539239583261697e-12,
        "SEI open-circuit potential [V]": 0.0,
        "SEI growth activation energy [J.mol-1]": 0.0,
        "Negative current collector thickness [m]": 1.744373455474896e-05,
        "Negative electrode thickness [m]": 9.375757809157574e-05,
        "Separator thickness [m]": 2.8496632508849597e-05,
        "Positive electrode thickness [m]": 6.572200822973462e-05,
        "Positive current collector thickness [m]": 2.5272291337224786e-05,
        "Electrode height [m]": 0.07859070316749281,
        "Electrode width [m]": 1.0099518790230158,
        "Negative tab width [m]": 0.04227385176453872,
        "Negative tab centre y-coordinate [m]": 0.07823049524707532,
        "Negative tab centre z-coordinate [m]": 0.1500770998716713,
        "Positive tab width [m]": 0.04700736757069149,
        "Positive tab centre y-coordinate [m]": 0.09121217733668044,
        "Positive tab centre z-coordinate [m]": 0.20727422813103863,
        "Negative current collector conductivity [S.m-1]": 53241227.356291726,
        "Positive current collector conductivity [S.m-1]": 50594961.50548224,
        "Negative current collector density [kg.m-3]": 10457.006708257533,
        "Positive current collector density [kg.m-3]": 2763.6126893753467,
        "Negative current collector specific heat capacity [J.kg-1.K-1]": 431.1935050900174,
        "Positive current collector specific heat capacity [J.kg-1.K-1]": 680.7080677109047,
        "Negative current collector thermal conductivity [W.m-1.K-1]": 408.38124730891576,
        "Positive current collector thermal conductivity [W.m-1.K-1]": 280.7901394938385,
        "Nominal cell capacity [A.h]": 0.965929704667031,
        "Current function [A]": 1.0518138453422423,
        "Contact resistance [Ohm]": 0,
        "Negative electrode conductivity [S.m-1]": 142.5134630216627,
        "Maximum concentration in negative electrode [mol.m-3]": 27925.454100701565,
        "Negative electrode porosity": 0.5830701340938674,
        "Negative electrode active material volume fraction": 0.48172471138796735,
        "Negative particle radius [m]": 2.483199414265029e-06,
        "Negative electrode Bruggeman coefficient (electrolyte)": 3.52124322561598,
        "Negative electrode Bruggeman coefficient (electrode)": 4.32409131973233,
        "Negative electrode charge transfer coefficient": 0.46086961721281844,
        "Negative electrode double-layer capacity [F.m-2]": 0.20076863361631717,
        "Negative electrode density [kg.m-3]": 1992.9198243452702,
        "Negative electrode specific heat capacity [J.kg-1.K-1]": 746.1870912413003,
        "Negative electrode thermal conductivity [W.m-1.K-1]": 2.5349190721311246,
        "Positive electrode conductivity [S.m-1]": 112.08021851851527,
        "Maximum concentration in positive electrode [mol.m-3]": 45765.565401977765,
        "Positive electrode porosity": 0.29289420061221827,
        "Positive electrode active material volume fraction": 0.3892646828805157,
        "Positive particle radius [m]": 2.079926640327018e-06,
        "Positive electrode Bruggeman coefficient (electrolyte)": 5.002047619103286,
        "Positive electrode Bruggeman coefficient (electrode)": 3.24009769893597,
        "Positive electrode charge transfer coefficient": 0.468074908582919,
        "Positive electrode double-layer capacity [F.m-2]": 0.19600481750089227,
        "Positive electrode density [kg.m-3]": 3683.9701184819924,
        "Positive electrode specific heat capacity [J.kg-1.K-1]": 751.9874090337368,
        "Positive electrode thermal conductivity [W.m-1.K-1]": 1.2635748123452406,
        "Separator porosity": 0.39781399127810885,
        "Separator Bruggeman coefficient (electrolyte)": 1.8360669725845558,
        "Separator density [kg.m-3]": 972.2257198033611,
        "Separator specific heat capacity [J.kg-1.K-1]": 1717.772845011219,
        "Separator thermal conductivity [W.m-1.K-1]": 0.23821738163620593,
        "Initial concentration in electrolyte [mol.m-3]": 1387.2898473409005,
        "Cation transference number": 0.42835864838958615,
        "Thermodynamic factor": 1.4650088985980587,
        "Reference temperature [K]": 251.37349388071718,
        "Ambient temperature [K]": 296.0732947952693,
        "Negative current collector surface heat transfer coefficient [W.m-2.K-1]": 0.0,
        "Positive current collector surface heat transfer coefficient [W.m-2.K-1]": 0.0,
        "Negative tab heat transfer coefficient [W.m-2.K-1]": 10.700095424616753,
        "Positive tab heat transfer coefficient [W.m-2.K-1]": 10.26021464089586,
        "Edge heat transfer coefficient [W.m-2.K-1]": 0.4065159207862825,
        "Number of electrodes connected in parallel to make a cell": 1.3341379760499457,
        "Number of cells connected in series to make a battery": 0.8968273745646805,
        "Lower voltage cut-off [V]": 3.1024427184247445,
        "Upper voltage cut-off [V]": 4.907228853465317,
        "Open-circuit voltage at 0% SOC [V]": 3.6081410237306173,
        "Open-circuit voltage at 100% SOC [V]": 5.758170380822213,
        "Initial concentration in negative electrode [mol.m-3]": 24563.621204479216,
        "Initial concentration in positive electrode [mol.m-3]": 19515.573272750593,
        "Initial temperature [K]": 325.64351837859704
    },