{
    "config": {
        "Ideal gas constant [J.K-1.mol-1]": 5.29915099629738,
        "Faraday constant [C.mol-1]": 110832.98111734413,
        "Boltzmann constant [J.K-1]": 1.1988478119228867e-23,
        "Electron charge [C]": 1.7239186147263175e-19,
        "Ratio of lithium moles to SEI moles": 2.9704971243304814,
        "Inner SEI reaction proportion": 0.53521625605498,
        "Inner SEI partial molar volume [m3.mol-1]": 0.0001063822799947248,
        "Outer SEI partial molar volume [m3.mol-1]": 8.586514074618954e-05,
        "SEI growth transfer coefficient": 0.4387402699554233,
        "SEI reaction exchange current density [A.m-2]": 1.6504319300330832e-07,
        "SEI resistivity [Ohm.m]": 195586.38420171282,
        "Outer SEI solvent diffusivity [m2.s-1]": 2.1308728259562553e-22,
        "Bulk solvent concentration [mol.m-3]": 1533.6326114223837,
        "Inner SEI open-circuit potential [V]": 0.08897871090578746,
        "Outer SEI open-circuit potential [V]": 0.8969619669212533,
        "Inner SEI electron conductivity [S.m-1]": 1.1459500755377239e-13,
        "Inner SEI lithium interstitial diffusivity [m2.s-1]": 1.3678006610165227e-20,
        "Lithium interstitial reference concentration [mol.m-3]": 11.263917505153847,
        "Initial inner SEI thickness [m]": 2.3595401736358654e-09,
        "Initial outer SEI thickness [m]": 2.5198018717322475e-09,
        "EC initial concentration in electrolyte [mol.m-3]": 5036.805207474923,
        "EC diffusivity [m2.s-1]": 1.6778667413324083e-18,
        "SEI kinetic rate constant [m.s-1]": 1.3662952552102257e-12,
        "SEI open-circuit potential [V]": 0.4201624147282442,
        "SEI growth activation energy [J.mol-1]": 0.0,
        "Negative electrode reaction-driven LAM factor [m3.mol-1]": 0.0,
        "Positive electrode reaction-driven LAM factor [m3.mol-1]": 0.0,
        "Negative current collector thickness [m]": 3.21315217327015e-05,
        "Negative electrode thickness [m]": 0.00011760619753614995,
        "Separator thickness [m]": 2.759700379063874e-05,
        "Positive electrode thickness [m]": 0.00015983604312763542,
        "Positive current collector thickness [m]": 1.4001896892747764e-05,
        "Electrode height [m]": 0.1460613842343346,
        "Electrode width [m]": 0.25089183426776235,
        "Negative tab width [m]": 0.0367782825614247,
        "Negative tab centre y-coordinate [m]": 0.05199740423370043,
        "Negative tab centre z-coordinate [m]": 0.13957099397461112,
        "Positive tab width [m]": 0.036878403167297936,
        "Positive tab centre y-coordinate [m]": 0.14394596189684125,
        "Positive tab centre z-coordinate [m]": 0.11413587521415598,
        "Cell cooling surface area [m2]": 0.06304420772361694,
        "Cell volume [m3]": 7.736304822048747e-06,
        "Negative current collector conductivity [S.m-1]": 60899799.3970996,
        "Positive current collector conductivity [S.m-1]": 54939289.37970231,
        "Negative current collector density [kg.m-3]": 9460.885946706736,
        "Positive current collector density [kg.m-3]": 3005.7317363990533,
        "Negative current collector specific heat capacity [J.kg-1.K-1]": 374.09842003755875,
        "Positive current collector specific heat capacity [J.kg-1.K-1]": 599.8263989615452,
        "Negative current collector thermal conductivity [W.m-1.K-1]": 642.1810072583271,
        "Positive current collector thermal conductivity [W.m-1.K-1]": 148.2449324799501,
        "Nominal cell capacity [A.h]": 0.5011030557144505,
        "Current function [A]": 0.959124991195476,
        "Contact resistance [Ohm]": 0,
        "Negative electrode conductivity [S.m-1]": 117.02769217665556,
        "Maximum concentration in negative electrode [mol.m-3]": 24989.185161611782,
        "Negative electrode porosity": 0.37590024398813826,
        "Negative electrode active material volume fraction": 0.7272434047661289,
        "Negative particle radius [m]": 5.239373127165635e-06,
        "Negative electrode Bruggeman coefficient (electrolyte)": 1.572406128925229,
        "Negative electrode Bruggeman coefficient (electrode)": 1.40228505479799,
        "Negative electrode charge transfer coefficient": 0.4016350374385042,
        "Negative electrode double-layer capacity [F.m-2]": 0.15628932621889996,
        "Negative electrode density [kg.m-3]": 2012.0206841743434,
        "Negative electrode specific heat capacity [J.kg-1.K-1]": 619.533836011158,
        "Negative electrode thermal conductivity [W.m-1.K-1]": 1.6436942670291668,
        "Positive electrode conductivity [S.m-1]": 10.553971096272306,
        "Maximum concentration in positive electrode [mol.m-3]": 54712.37343261723,
        "Positive electrode porosity": 0.27622216820485623,
        "Positive electrode active material volume fraction": 0.6220304412979946,
        "Positive particle radius [m]": 7.553207591822269e-06,
        "Positive electrode Bruggeman coefficient (electrolyte)": 2.405614171099238,
        "Positive electrode Bruggeman coefficient (electrode)": 1.6373105977847804,
        "Positive electrode charge transfer coefficient": 0.34865554439391777,
        "Positive electrode double-layer capacity [F.m-2]": 0.19824010113663287,
        "Positive electrode density [kg.m-3]": 3959.2356231321546,
        "Positive electrode specific heat capacity [J.kg-1.K-1]": 448.107186218906,
        "Positive electrode thermal conductivity [W.m-1.K-1]": 1.792081803336829,
        "Separator porosity": 0.8176726220370276,
        "Separator Bruggeman coefficient (electrolyte)": 1.8260728116149367,
        "Separator density [kg.m-3]": 225.06367016619862,
        "Separator specific heat capacity [J.kg-1.K-1]": 948.468113029541,
        "Separator thermal conductivity [W.m-1.K-1]": 0.2041232641074276,
        "Initial concentration in electrolyte [mol.m-3]": 1154.6762454645905,
        "Cation transference number": 0.5727908424441337,
        "Thermodynamic factor": 1.2807065249924459,
        "Reference temperature [K]": 305.03622282070586,
        "Ambient temperature [K]": 406.1234737132495,
        "Negative current collector surface heat transfer coefficient [W.m-2.K-1]": 0.0,
        "Positive current collector surface heat transfer coefficient [W.m-2.K-1]": 0.0,
        "Negative tab heat transfer coefficient [W.m-2.K-1]": 13.67889203279598,
        "Positive tab heat transfer coefficient [W.m-2.K-1]": 9.143779330434416,
        "Edge heat transfer coefficient [W.m-2.K-1]": 0.1817302972636868,
        "Total heat transfer coefficient [W.m-2.K-1]": 7.074280511573162,
        "Number of electrodes connected in parallel to make a cell": 1.0632397779825864,
        "Number of cells connected in series to make a battery": 1.1591756785137073,
        "Lower voltage cut-off [V]": 2.2102718633753176,
        "Upper voltage cut-off [V]": 5.064515445895034,
        "Open-circuit voltage at 0% SOC [V]": 2.9135492085573285,
        "Open-circuit voltage at 100% SOC [V]": 2.9079600180101277,
        "Initial concentration in negative electrode [mol.m-3]": 16978.979472794843,
        "Initial concentration in positive electrode [mol.m-3]": 37094.215574268856,
        "Initial temperature [K]": 401.1627072517663
    },