{
    "config": {
        "Ideal gas constant [J.K-1.mol-1]": 9.453273625078586,
        "Faraday constant [C.mol-1]": 103407.86111749867,
        "Boltzmann constant [J.K-1]": 5.1770721820608494e-24,
        "Electron charge [C]": 1.0713716896359927e-19,
        "Ratio of lithium moles to SEI moles": 1.6009537614915883,
        "Inner SEI reaction proportion": 0.4589329134036024,
        "Inner SEI partial molar volume [m3.mol-1]": 0.0001028002848519432,
        "Outer SEI partial molar volume [m3.mol-1]": 8.241018485666659e-05,
        "SEI reaction exchange current density [A.m-2]": 1.3383084312087617e-07,
        "SEI resistivity [Ohm.m]": 178093.9529226308,
        "Outer SEI solvent diffusivity [m2.s-1]": 2.3864258242019606e-22,
        "Bulk solvent concentration [mol.m-3]": 3913.1780596456847,
        "Inner SEI open-circuit potential [V]": 0.038361940499203155,
        "Outer SEI open-circuit potential [V]": 0.7026082732363187,
        "Inner SEI electron conductivity [S.m-1]": 6.210906748817696e-14,
        "Inner SEI lithium interstitial diffusivity [m2.s-1]": 8.507206945823083e-21,
        "Lithium interstitial reference concentration [mol.m-3]": 16.6160604331914,
        "Initial inner SEI thickness [m]": 2.058323026131187e-09,
        "Initial outer SEI thickness [m]": 2.8117386873818437e-09,
        "EC initial concentration in electrolyte [mol.m-3]": 6350.315714621582,
        "EC diffusivity [m2.s-1]": 1.146134415860732e-18,
        "SEI kinetic rate constant [m.s-1]": 1.0692505344510248e-12,
        "SEI open-circuit potential [V]": 0.21909951547851786,
        "SEI growth activation energy [J.mol-1]": 0.0,
        "Negative electrode reaction-driven LAM factor [m3.mol-1]": 0.0,
        "Positive electrode reaction-driven LAM factor [m3.mol-1]": 0.0,
        "Negative current collector thickness [m]": 1.0514952696886185e-05,
        "Negative electrode thickness [m]": 7.536696573576284e-05,
        "Separator thickness [m]": 2.6834069308776313e-05,
        "Positive electrode thickness [m]": 9.309182081032058e-05,
        "Positive current collector thickness [m]": 1.2827444777706245e-05,
        "Electrode height [m]": 0.06259329227549336,
        "Electrode width [m]": 0.03737426305611176,
        "Cell cooling surface area [m2]": 0.006423579307806533,
        "Cell volume [m3]": 1.0952878254237967e-05,
        "Cell emissivity": 1.0257622618464968,
        "Cell thermal expansion coefficient [m.K-1]": 9.56931918353607e-07,
        "Negative current collector conductivity [S.m-1]": 63809287.25117153,
        "Positive current collector conductivity [S.m-1]": 20229708.17820227,
        "Negative current collector density [kg.m-3]": 8093.745764449738,
        "Positive current collector density [kg.m-3]": 1803.0113346895728,
        "Negative current collector specific heat capacity [J.kg-1.K-1]": 336.26544089482707,
        "Positive current collector specific heat capacity [J.kg-1.K-1]": 755.6474868133984,
        "Negative current collector thermal conductivity [W.m-1.K-1]": 450.4807377549022,
        "Positive current collector thermal conductivity [W.m-1.K-1]": 276.5690371769346,
        "Nominal cell capacity [A.h]": 2.2876849207634535,
        "Current function [A]": 2.678922951114311,
        "Contact resistance [Ohm]": 0,
        "Negative electrode conductivity [S.m-1]": 70.75120098162921,
        "Maximum concentration in negative electrode [mol.m-3]": 36728.17741067482,
        "Negative electrode porosity": 0.5401463831583093,
        "Negative electrode active material volume fraction": 0.8089414497684848,
        "Negative particle radius [m]": 5.491775989340326e-06,
        "Negative electrode Bruggeman coefficient (electrolyte)": 3.4237289485265165,
        "Negative electrode Bruggeman coefficient (electrode)": 0.0,
        "Negative electrode charge transfer coefficient": 0.25197052649426654,
        "Negative electrode double-layer capacity [F.m-2]": 0.21499910121746038,
        "Negative electrode density [kg.m-3]": 2295.6591426211085,
        "Negative electrode specific heat capacity [J.kg-1.K-1]": 1362.4158393870175,
        "Negative electrode thermal conductivity [W.m-1.K-1]": 1.2028373797167915,
        "Negative electrode Poisson's ratio": 0.13214281759175045,
        "Negative electrode Young's modulus [Pa]": 16547412946.500515,
        "Negative electrode reference concentration for free of deformation [mol.m-3]": 0.0,
        "Negative electrode partial molar volume [m3.mol-1]": 3.8085375125555873e-06,
        "Negative electrode initial crack length [m]": 1.9951061162487406e-08,
        "Negative electrode initial crack width [m]": 8.445793861679406e-09,
        "Negative electrode number of cracks per unit area [m-2]": 4097176869926681.5,
        "Negative electrode Paris' law constant b": 1.3218212249106256,
        "Negative electrode Paris' law constant m": 3.122564373135224,
        "Negative electrode activation energy for cracking rate [J.mol-1]": 0.0,
        "Negative electrode LAM constant proportional term [s-1]": 0.0,
        "Negative electrode LAM constant exponential term": 2.129672918993781,
        "Negative electrode critical stress [Pa]": 40855738.39532745,
        "Positive electrode conductivity [S.m-1]": 10.547297727375408,
        "Maximum concentration in positive electrode [mol.m-3]": 42374.14309447714,
        "Positive electrode porosity": 0.2652275557056986,
        "Positive electrode active material volume fraction": 0.6251448657733969,
        "Positive particle radius [m]": 2.8179797717568065e-06,
        "Positive electrode surface area to volume ratio [m-1]": 583642.2603375741,
        "Positive electrode Bruggeman coefficient (electrolyte)": 1.6899127147207018,
        "Positive electrode Bruggeman coefficient (electrode)": 0.0,
        "Positive electrode charge transfer coefficient": 0.6168080211378703,
        "Positive electrode double-layer capacity [F.m-2]": 0.15371566530958067,
        "Positive electrode density [kg.m-3]": 2636.926270430968,
        "Positive electrode specific heat capacity [J.kg-1.K-1]": 1023.8135022273922,
        "Positive electrode thermal conductivity [W.m-1.K-1]": 2.0627851311084573,
        "Positive electrode Poisson's ratio": 0.12786242702068096,
        "Positive electrode Young's modulus [Pa]": 368617060331.0922,
        "Positive electrode reference concentration for free of deformation [mol.m-3]": 0.0,
        "Positive electrode partial molar volume [m3.mol-1]": 6.438012021722367e-08,
        "Positive electrode initial crack length [m]": 1.4704922542477344e-08,
        "Positive electrode initial crack width [m]": 1.9161372448959892e-08,
        "Positive electrode number of cracks per unit area [m-2]": 4037446830663765.0,
        "Positive electrode Paris' law constant b": 1.0976697459256457,
        "Positive electrode Paris' law constant m": 2.188482508600239,
        "Positive electrode activation energy for cracking rate [J.mol-1]": 0.0,
        "Positive electrode LAM constant proportional term [s-1]": 2.4930629913591166e-13,
        "Positive electrode LAM constant exponential term": 1.8554997276705418,
        "Positive electrode critical stress [Pa]": 347974584.63817513,
        "Separator porosity": 0.4674080597725382,
        "Separator Bruggeman coefficient (electrolyte)": 1.9808509439045916,
        "Separator density [kg.m-3]": 2000.3628744751288,
        "Separator specific heat capacity [J.kg-1.K-1]": 1241.7343384422118,
        "Separator thermal conductivity [W.m-1.K-1]": 0.3982495459485629,
        "Initial concentration in electrolyte [mol.m-3]": 1728.1015568518965,
        "Cation transference number": 0.28938375127003446,
        "Reference temperature [K]": 331.0529438477417,
        "Total heat transfer coefficient [W.m-2.K-1]": 38.72113784481555,
        "Ambient temperature [K]": 309.567572042744,
        "Number of electrodes connected in parallel to make a cell": 38.64671064502503,