{
    "config": {
        "Ideal gas constant [J.K-1.mol-1]": 9.615336393968194,
        "Faraday constant [C.mol-1]": 115242.30467714113,
        "Boltzmann constant [J.K-1]": 1.2620165282947587e-23,
        "Electron charge [C]": 1.870877221504928e-19,
        "Ratio of lithium moles to SEI moles": 1.8495562250848063,
        "Inner SEI reaction proportion": 0.563329585175764,
        "Inner SEI partial molar volume [m3.mol-1]": 6.966042737274327e-05,
        "Outer SEI partial molar volume [m3.mol-1]": 9.421174306063482e-05,
        "SEI growth transfer coefficient": 0.4490732454281531,
        "SEI reaction exchange current density [A.m-2]": 1.3364283201705893e-07,
        "SEI resistivity [Ohm.m]": 246490.13626194908,
        "Outer SEI solvent diffusivity [m2.s-1]": 1.90534605644829e-22,
        "Bulk solvent concentration [mol.m-3]": 1666.278142516096,
        "Inner SEI open-circuit potential [V]": 0.06974994036913328,
        "Outer SEI open-circuit potential [V]": 0.7844094851504012,
        "Inner SEI electron conductivity [S.m-1]": 5.898384198632285e-14,
        "Inner SEI lithium interstitial diffusivity [m2.s-1]": 7.364256268791826e-21,
        "Lithium interstitial reference concentration [mol.m-3]": 18.696500567537647,
        "Initial inner SEI thickness [m]": 2.3605550751960977e-09,
        "Initial outer SEI thickness [m]": 2.1584194912509143e-09,
        "EC initial concentration in electrolyte [mol.m-3]": 4167.7553068110365,
        "EC diffusivity [m2.s-1]": 2.3340458548226766e-18,
        "SEI kinetic rate constant [m.s-1]": 9.783752730413421e-13,
        "SEI open-circuit potential [V]": 0.30768073444371785,
        "SEI growth activation energy [J.mol-1]": 0.0,
        "Negative electrode reaction-driven LAM factor [m3.mol-1]": 0.0,
        "Positive electrode reaction-driven LAM factor [m3.mol-1]": 0.0,
        "Negative current collector thickness [m]": 2.780474377885711e-05,
        "Negative electrode thickness [m]": 9.330076514443959e-05,
        "Separator thickness [m]": 2.0775148751854716e-05,
        "Positive electrode thickness [m]": 0.00011731870027826951,
        "Positive current collector thickness [m]": 3.405273057316167e-05,
        "Electrode height [m]": 0.0990227744621695,
        "Electrode width [m]": 0.2177756151659022,
        "Negative tab width [m]": 0.03744203525787273,
        "Negative tab centre y-coordinate [m]": 0.08179629739184137,
        "Negative tab centre z-coordinate [m]": 0.10150606825875425,
        "Positive tab width [m]": 0.043617533458944646,
        "Positive tab centre y-coordinate [m]": 0.14918531045697464,
        "Positive tab centre z-coordinate [m]": 0.13665164467406096,
        "Cell cooling surface area [m2]": 0.07373735331110234,
        "Cell volume [m3]": 5.915256913372377e-06,
        "Negative current collector conductivity [S.m-1]": 22283221.90527156,
        "Positive current collector conductivity [S.m-1]": 29471997.498743873,
        "Negative current collector density [kg.m-3]": 7083.665555179438,
        "Positive current collector density [kg.m-3]": 2598.3256820101815,
        "Negative current collector specific heat capacity [J.kg-1.K-1]": 491.39672809407125,
        "Positive current collector specific heat capacity [J.kg-1.K-1]": 853.6852740114849,
        "Negative current collector thermal conductivity [W.m-1.K-1]": 385.336643640302,
        "Positive current collector thermal conductivity [W.m-1.K-1]": 302.6932127352909,
        "Nominal cell capacity [A.h]": 0.6351606863407299,
        "Current function [A]": 0.7347201720956151,
        "Contact resistance [Ohm]": 0,
        "Negative electrode conductivity [S.m-1]": 130.68521259935483,
        "Maximum concentration in negative electrode [mol.m-3]": 29189.280871641513,
        "Negative electrode porosity": 0.32047526015400224,
        "Negative electrode active material volume fraction": 0.7472490714343104,
        "Negative particle radius [m]": 9.680352083746707e-06,
        "Negative electrode Bruggeman coefficient (electrolyte)": 0.81170780756014,
        "Negative electrode Bruggeman coefficient (electrode)": 1.9020217500902885,
        "Negative electrode charge transfer coefficient": 0.5456139124463163,
        "Negative electrode double-layer capacity [F.m-2]": 0.13153667570240762,
        "Negative electrode density [kg.m-3]": 1768.9754041392298,
        "Negative electrode specific heat capacity [J.kg-1.K-1]": 707.1772280009924,
        "Negative electrode thermal conductivity [W.m-1.K-1]": 1.512367390878233,
        "Positive electrode conductivity [S.m-1]": 11.024385738491898,
        "Maximum concentration in positive electrode [mol.m-3]": 67935.2578160442,
        "Positive electrode porosity": 0.33624973986600454,
        "Positive electrode active material volume fraction": 0.6398764914610611,
        "Positive particle radius [m]": 9.150561636767747e-06,
        "Positive electrode Bruggeman coefficient (electrolyte)": 0.7058087383214617,
        "Positive electrode Bruggeman coefficient (electrode)": 0.9850283912480784,
        "Positive electrode charge transfer coefficient": 0.6730680538475604,
        "Positive electrode double-layer capacity [F.m-2]": 0.23053082461850363,
        "Positive electrode density [kg.m-3]": 2836.376961923977,
        "Positive electrode specific heat capacity [J.kg-1.K-1]": 573.6853606794981,
        "Positive electrode thermal conductivity [W.m-1.K-1]": 1.7490709706228147,
        "Separator porosity": 0.9857045861518475,
        "Separator Bruggeman coefficient (electrolyte)": 1.73682978092423,
        "Separator density [kg.m-3]": 220.62549426545934,
        "Separator specific heat capacity [J.kg-1.K-1]": 716.0056530466481,
        "Separator thermal conductivity [W.m-1.K-1]": 0.16337312676039473,
        "Initial concentration in electrolyte [mol.m-3]": 1460.6572121764898,
        "Cation transference number": 0.34451561070427994,
        "Thermodynamic factor": 0.9779071521226365,
        "Reference temperature [K]": 245.20940172651,
        "Ambient temperature [K]": 240.94274757122497,
        "Negative current collector surface heat transfer coefficient [W.m-2.K-1]": 0.0,
        "Positive current collector surface heat transfer coefficient [W.m-2.K-1]": 0.0,
        "Negative tab heat transfer coefficient [W.m-2.K-1]": 10.029008243859895,
        "Positive tab heat transfer coefficient [W.m-2.K-1]": 12.259088525173233,
        "Edge heat transfer coefficient [W.m-2.K-1]": 0.40104518054849553,
        "Total heat transfer coefficient [W.m-2.K-1]": 6.174978728479811,
        "Number of electrodes connected in parallel to make a cell": 1.36715205623366,
        "Number of cells connected in series to make a battery": 1.4670751976523069,
        "Lower voltage cut-off [V]": 2.9472686945171143,
        "Upper voltage cut-off [V]": 4.123845218801394,
        "Open-circuit voltage at 0% SOC [V]": 4.688552149924595,
        "Open-circuit voltage at 100% SOC [V]": 4.810212921571145,
        "Initial concentration in negative electrode [mol.m-3]": 21622.365858909034,
        "Initial concentration in positive electrode [mol.m-3]": 31576.35900625439,
        "Initial temperature [K]": 247.737662747863
    },