{
    "config": {
        "Ideal gas constant [J.K-1.mol-1]": 8.20126427518693,
        "Faraday constant [C.mol-1]": 81189.52076854176,
        "Boltzmann constant [J.K-1]": 1.254788620549183e-23,
        "Electron charge [C]": 1.8665880882707765e-19,
        "Negative electrode thickness [m]": 2.5493133044913893e-05,
        "Separator thickness [m]": 1.8693890263322025e-05,
        "Positive electrode thickness [m]": 6.558414903901405e-05,
        "Electrode height [m]": 0.622662956021937,
        "Electrode width [m]": 0.3611160801273948,
        "Nominal cell capacity [A.h]": 2.4094342781243254,
        "Current function [A]": 2.3190129552501237,
        "Contact resistance [Ohm]": 0,
        "Negative electrode conductivity [S.m-1]": 174.71955209160137,
        "Maximum concentration in negative electrode [mol.m-3]": 40871.94963002541,
        "Negative electrode diffusivity [m2.s-1]": 3.922394592849623e-15,
        "Negative electrode porosity": 0.408373799465479,
        "Negative electrode active material volume fraction": 0.5999515183568369,
        "Negative particle radius [m]": 3.581085889880718e-06,
        "Negative electrode Bruggeman coefficient (electrolyte)": 1.7567719382877804,
        "Negative electrode Bruggeman coefficient (electrode)": 1.423279296567073,
        "Negative electrode charge transfer coefficient": 0.4614000440702089,
        "Negative electrode double-layer capacity [F.m-2]": 0.20330315472732544,
        "Negative electrode OCP entropic change [V.K-1]": 0,
        "Positive electrode conductivity [S.m-1]": 0.443467486731841,
        "Maximum concentration in positive electrode [mol.m-3]": 23126.227585381206,
        "Positive electrode diffusivity [m2.s-1]": 4.650560980758107e-18,
        "Positive electrode porosity": 0.49842687346799097,
        "Positive electrode active material volume fraction": 0.3395664429834154,
        "Positive particle radius [m]": 3.2003097828326516e-08,
        "Positive electrode Bruggeman coefficient (electrode)": 1.7170571397915262,
        "Positive electrode Bruggeman coefficient (electrolyte)": 1.3008215419199933,
        "Positive electrode charge transfer coefficient": 0.2940189981286472,
        "Positive electrode double-layer capacity [F.m-2]": 0.27645189574082085,
        "Positive electrode OCP entropic change [V.K-1]": 0,
        "Separator porosity": 0.49266054963618505,
        "Separator Bruggeman coefficient (electrolyte)": 1.656229029160808,
        "Initial concentration in electrolyte [mol.m-3]": 1295.4627787182899,
        "Cation transference number": 0.5143984149764421,
        "Thermodynamic factor": 0.7849688911279047,
        "Electrolyte diffusivity [m2.s-1]": 2.4658577262011796e-10,
        "Reference temperature [K]": 349.12960407808276,
        "Ambient temperature [K]": 417.08529054271014,
        "Number of electrodes connected in parallel to make a cell": 1.1098086056027634,
        "Number of cells connected in series to make a battery": 1.0227608984491383,
        "Lower voltage cut-off [V]": 1.7654065348396804,
        "Upper voltage cut-off [V]": 4.779888188530554,
        "Open-circuit voltage at 0% SOC [V]": 1.6215146219535677,
        "Open-circuit voltage at 100% SOC [V]": 3.0292316919602538,
        "Initial concentration in negative electrode [mol.m-3]": 32056.60140587738,
        "Initial concentration in positive electrode [mol.m-3]": 94.53295354592504,
        "Initial temperature [K]": 337.42933882580127
    },
    "V": [
        3.583404076564273,
        3.359428982514996,
        3.324158447261263,
        3.313849100318199,
        3.311050306667729,
        3.3102210368905713,
        3.3096845515063986,
        3.3092366097231727,
        3.3088170205012526,
        3.308391336574787,
        3.3079289149770252,
        3.3073917165953537,
        3.3067261348591814,
        3.30586039161283,
        3.304701953944166,
        3.3031434768643377,
        3.301070098208909,
        3.298385508009765,
        3.295054067301913,
        3.2911482890051467,
        3.2868766938933307,
        3.2825497195948,
        3.2784950388731073,
        3.27496173599331,
        3.2720640677937394,
        3.269798882304501,
        3.2680845982559927,
        3.266813055092138,
        3.265873469968948,
        3.265174410372118,
        3.2646442115743874,
        3.264229988989806,
        3.2638938379799614,
        3.2636090777116085,
        3.2633574410599335,
        3.2631264705812812,
        3.2629075083754504,
        3.2626943912545894,
        3.262483200618806,
        3.262269203663558,
        3.262050733344701,
        3.261825641959965,
        3.2615908029735996,
        3.261344000395643,
        3.261084151757154,
        3.2608041975638824,
        3.2605032927129725,
        3.2601766204503857,
        3.259817796428507,
        3.259419239057019,
        3.258972557779143,
        3.2584673734762615,
        3.2578913246339267,
        3.257229931167682,
        3.25646684897853,
        3.2555832469916943,
        3.2545569589423855,
        3.253364004475253,
        3.2519780545254693,
        3.250370715020636,
        3.248513123908838,
        3.2463766533578973,
        3.2439354889508785,
        3.2411687348988947,
        3.238063881568276,
        3.234619872621212,
        3.230849976357298,
        3.226783594217836,
        3.2224680742440723,
        3.2179666067200134,
        3.213354958453271,
        3.208716595298366,
        3.2041356381253414,
        3.1996919988476407,
        3.195448816482509,
        3.191456872255448,
        3.1877450821483597,
        3.1843215195641257,
        3.1811730503798907,
        3.178264914255908,
        3.17554226289916,
        3.1729260056671755,
        3.1703097607555772,
        3.167551304605966,
        3.164462823029953,
        3.160794556298697,
        3.1562197656335624,
        3.1503231216350605,
        3.1426040143635463,
        3.1325202402163947,
        3.119578530892791,
        3.103506453808774,
        3.0844289631924613,
        3.062970016875841,
        3.0401388316762588,
        3.0169900723729737,
        2.994206998675037,
        2.9718476249032193,
        2.9493038797292224,
        2.9254107832017855
    ],