{
    "config": {
        "Ideal gas constant [J.K-1.mol-1]": 5.87336209609705,
        "Faraday constant [C.mol-1]": 93372.69833176055,
        "Boltzmann constant [J.K-1]": 5.8189323703423435e-24,
        "Electron charge [C]": 1.3239623109250863e-19,
        "Ratio of lithium moles to SEI moles": 2.5207290837764345,
        "Inner SEI reaction proportion": 0.46260598593284374,
        "Inner SEI partial molar volume [m3.mol-1]": 3.8601732972589055e-05,
        "Outer SEI partial molar volume [m3.mol-1]": 7.710480664480692e-05,
        "SEI growth transfer coefficient": 0.45463473511712477,
        "SEI reaction exchange current density [A.m-2]": 1.5337987877334756e-07,
        "SEI resistivity [Ohm.m]": 74951.60668120626,
        "Outer SEI solvent diffusivity [m2.s-1]": 2.7067660650906573e-22,
        "Bulk solvent concentration [mol.m-3]": 2539.334834354553,
        "Inner SEI open-circuit potential [V]": 0.10577003764241082,
        "Outer SEI open-circuit potential [V]": 0.7901899686651032,
        "Inner SEI electron conductivity [S.m-1]": 1.0559428980685608e-13,
        "Inner SEI lithium interstitial diffusivity [m2.s-1]": 1.0920718207864542e-20,
        "Lithium interstitial reference concentration [mol.m-3]": 12.947994712954559,
        "Initial inner SEI thickness [m]": 3.038620590677069e-09,
        "Initial outer SEI thickness [m]": 1.976595302923313e-09,
        "EC initial concentration in electrolyte [mol.m-3]": 1869.592209915496,
        "EC diffusivity [m2.s-1]": 1.490544388033709e-18,
        "SEI kinetic rate constant [m.s-1]": 7.759353075602922e-13,
        "SEI open-circuit potential [V]": 0.4134885284477198,
        "SEI growth activation energy [J.mol-1]": 0.0,
        "Negative electrode reaction-driven LAM factor [m3.mol-1]": 0.0,
        "Positive electrode reaction-driven LAM factor [m3.mol-1]": 0.0,
        "Negative current collector thickness [m]": 2.278357882272736e-05,
        "Negative electrode thickness [m]": 0.00012601610257371047,
        "Separator thickness [m]": 2.1012635375803587e-05,
        "Positive electrode thickness [m]": 8.825807901365352e-05,
        "Positive current collector thickness [m]": 4.154105478840652e-05,
        "Electrode height [m]": 0.18869058618696044,
        "Electrode width [m]": 0.23292929704224447,
        "Negative tab width [m]": 0.04703849011938803,
        "Negative tab centre y-coordinate [m]": 0.04696632953359858,
        "Negative tab centre z-coordinate [m]": 0.14606610727809335,
        "Positive tab width [m]": 0.06004187775389154,
        "Positive tab centre y-coordinate [m]": 0.1639796795407985,
        "Positive tab centre z-coordinate [m]": 0.14150695705715546,
        "Cell cooling surface area [m2]": 0.05730772458813746,
        "Cell volume [m3]": 7.220509592211507e-06,
        "Negative current collector conductivity [S.m-1]": 61469766.54032329,
        "Positive current collector conductivity [S.m-1]": 35573638.01313467,
        "Negative current collector density [kg.m-3]": 8321.749993277166,
        "Positive current collector density [kg.m-3]": 3583.974063303917,
        "Negative current collector specific heat capacity [J.kg-1.K-1]": 395.51204403919553,
        "Positive current collector specific heat capacity [J.kg-1.K-1]": 596.0725861966001,
        "Negative current collector thermal conductivity [W.m-1.K-1]": 271.31469797592183,
        "Positive current collector thermal conductivity [W.m-1.K-1]": 203.059881529778,
        "Nominal cell capacity [A.h]": 0.6374742190191776,
        "Current function [A]": 0.7857977282740395,
        "Contact resistance [Ohm]": 0,
        "Negative electrode conductivity [S.m-1]": 101.34036056338077,
        "Maximum concentration in negative electrode [mol.m-3]": 36682.96938849169,
        "Negative electrode porosity": 0.3256982271775415,
        "Negative electrode active material volume fraction": 0.6902447275108076,
        "Negative particle radius [m]": 6.458116320118612e-06,
        "Negative electrode Bruggeman coefficient (electrolyte)": 1.2728227777750512,
        "Negative electrode Bruggeman coefficient (electrode)": 1.6943117964001995,
        "Negative electrode charge transfer coefficient": 0.31510171567529643,
        "Negative electrode double-layer capacity [F.m-2]": 0.2770066278993261,
        "Negative electrode density [kg.m-3]": 2197.804221674653,
        "Negative electrode specific heat capacity [J.kg-1.K-1]": 458.53181226504546,
        "Negative electrode thermal conductivity [W.m-1.K-1]": 1.6336846500119662,
        "Positive electrode conductivity [S.m-1]": 10.204055085856327,
        "Maximum concentration in positive electrode [mol.m-3]": 40799.91951515151,
        "Positive electrode porosity": 0.3279843004251006,
        "Positive electrode active material volume fraction": 0.39744436566734415,
        "Positive particle radius [m]": 1.1607332949536403e-05,
        "Positive electrode Bruggeman coefficient (electrolyte)": 1.9021650196518751,
        "Positive electrode Bruggeman coefficient (electrode)": 1.0910133043194565,
        "Positive electrode charge transfer coefficient": 0.588866908774343,
        "Positive electrode double-layer capacity [F.m-2]": 0.19559896888420844,
        "Positive electrode density [kg.m-3]": 2818.83721963272,
        "Positive electrode specific heat capacity [J.kg-1.K-1]": 646.4077948038612,
        "Positive electrode thermal conductivity [W.m-1.K-1]": 2.4007801688134327,
        "Separator porosity": 0.7864278561507057,
        "Separator Bruggeman coefficient (electrolyte)": 0.6770116443826883,
        "Separator density [kg.m-3]": 514.6544231892713,
        "Separator specific heat capacity [J.kg-1.K-1]": 980.241233607714,
        "Separator thermal conductivity [W.m-1.K-1]": 0.1640380563310093,
        "Initial concentration in electrolyte [mol.m-3]": 1013.921393851212,
        "Cation transference number": 0.2976421069422257,
        "Thermodynamic factor": 0.7095613430613484,
        "Reference temperature [K]": 360.2682218013267,
        "Ambient temperature [K]": 274.65253356895346,
        "Negative current collector surface heat transfer coefficient [W.m-2.K-1]": 0.0,
        "Positive current collector surface heat transfer coefficient [W.m-2.K-1]": 0.0,
        "Negative tab heat transfer coefficient [W.m-2.K-1]": 9.083294461530565,
        "Positive tab heat transfer coefficient [W.m-2.K-1]": 11.400900171903034,
        "Edge heat transfer coefficient [W.m-2.K-1]": 0.3280834021328134,
        "Total heat transfer coefficient [W.m-2.K-1]": 9.73967411107877,
        "Number of electrodes connected in parallel to make a cell": 1.3504505339112378,
        "Number of cells connected in series to make a battery": 1.156176032024069,
        "Lower voltage cut-off [V]": 2.0712247858997523,
        "Upper voltage cut-off [V]": 4.242802838075871,
        "Open-circuit voltage at 0% SOC [V]": 1.6729077596805297,
        "Open-circuit voltage at 100% SOC [V]": 5.42590261559454,
        "Initial concentration in negative electrode [mol.m-3]": 17298.1984039211,
        "Initial concentration in positive electrode [mol.m-3]": 32005.378590458633,
        "Initial temperature [K]": 230.97074757101453
    },