{
    "config": {
        "Ideal gas constant [J.K-1.mol-1]": 10.227761382916379,
        "Faraday constant [C.mol-1]": 52554.550694642814,
        "Boltzmann constant [J.K-1]": 1.2552666040698686e-23,
        "Electron charge [C]": 1.2452349816695696e-19,
        "Ratio of lithium moles to SEI moles": 2.089208841909236,
        "Inner SEI reaction proportion": 0.6769638958920552,
        "Inner SEI partial molar volume [m3.mol-1]": 9.403981619246728e-05,
        "Outer SEI partial molar volume [m3.mol-1]": 0.00011607437756266509,
        "SEI reaction exchange current density [A.m-2]": 1.412827211872265e-07,
        "SEI resistivity [Ohm.m]": 198072.1452217662,
        "Outer SEI solvent diffusivity [m2.s-1]": 2.8893116156669414e-22,
        "Bulk solvent concentration [mol.m-3]": 2731.3484479163108,
        "Inner SEI open-circuit potential [V]": 0.08394577982824197,
        "Outer SEI open-circuit potential [V]": 1.007925692170947,
        "Inner SEI electron conductivity [S.m-1]": 1.1273286320929021e-13,
        "Inner SEI lithium interstitial diffusivity [m2.s-1]": 1.371978225272083e-20,
        "Lithium interstitial reference concentration [mol.m-3]": 15.18789622766195,
        "Initial inner SEI thickness [m]": 1.9572461796083407e-09,
        "Initial outer SEI thickness [m]": 3.191025743160723e-09,
        "EC initial concentration in electrolyte [mol.m-3]": 3714.1830619957627,
        "EC diffusivity [m2.s-1]": 2.2894855629482065e-18,
        "SEI kinetic rate constant [m.s-1]": 7.825250395750896e-13,
        "SEI open-circuit potential [V]": 0.31854262300510555,
        "SEI growth activation energy [J.mol-1]": 0.0,
        "Negative electrode reaction-driven LAM factor [m3.mol-1]": 0.0,
        "Positive electrode reaction-driven LAM factor [m3.mol-1]": 0.0,
        "Negative current collector thickness [m]": 1.6202219808470716e-05,
        "Negative electrode thickness [m]": 7.619977391193399e-05,
        "Separator thickness [m]": 2.1081962831092175e-05,
        "Positive electrode thickness [m]": 4.253478419451724e-05,
        "Positive current collector thickness [m]": 1.406965746117848e-05,
        "Electrode height [m]": 0.1651683217907287,
        "Electrode width [m]": 0.15644243598442018,
        "Negative tab width [m]": 0.048156030251691115,
        "Negative tab centre y-coordinate [m]": 0.008403519604646904,
        "Negative tab centre z-coordinate [m]": 0.2349504184971092,
        "Positive tab width [m]": 0.02317223952194729,
        "Positive tab centre y-coordinate [m]": 0.11149163261189954,
        "Positive tab centre z-coordinate [m]": 0.1430680590477958,
        "Cell cooling surface area [m2]": 0.08027255125063763,
        "Cell volume [m3]": 3.4907156987455943e-06,
        "Negative current collector conductivity [S.m-1]": 58196749.83385601,
        "Positive current collector conductivity [S.m-1]": 43766857.4895716,
        "Negative current collector density [kg.m-3]": 11696.406709678813,
        "Positive current collector density [kg.m-3]": 3244.089637009079,
        "Negative current collector specific heat capacity [J.kg-1.K-1]": 557.1366102471579,
        "Positive current collector specific heat capacity [J.kg-1.K-1]": 1069.1584518721434,
        "Negative current collector thermal conductivity [W.m-1.K-1]": 321.8311254654672,
        "Positive current collector thermal conductivity [W.m-1.K-1]": 110.71127736536945,
        "Nominal cell capacity [A.h]": 0.47951272387551086,
        "Current function [A]": 0.47811382782601497,
        "Contact resistance [Ohm]": 0,
        "Negative electrode conductivity [S.m-1]": 66.54350961369457,
        "Maximum concentration in negative electrode [mol.m-3]": 41776.18217443075,
        "Negative electrode porosity": 0.4782313438834722,
        "Negative electrode active material volume fraction": 0.36160252626607403,
        "Negative particle radius [m]": 7.219289894829661e-07,
        "Negative electrode Bruggeman coefficient (electrolyte)": 1.1486120633071115,
        "Negative electrode Bruggeman coefficient (electrode)": 1.6919657326628328,
        "Negative electrode charge transfer coefficient": 0.44163689691456476,
        "Negative electrode double-layer capacity [F.m-2]": 0.11414486460600333,
        "Negative electrode density [kg.m-3]": 2287.4325705837173,
        "Negative electrode specific heat capacity [J.kg-1.K-1]": 508.12005285525333,
        "Negative electrode thermal conductivity [W.m-1.K-1]": 1.2684998491729562,
        "Negative electrode OCP entropic change [V.K-1]": 0.0,
        "Positive electrode conductivity [S.m-1]": 10.842059039185884,
        "Maximum concentration in positive electrode [mol.m-3]": 52989.17147348971,
        "Positive electrode porosity": 0.4489707753029192,
        "Positive electrode active material volume fraction": 0.1610874681820381,
        "Positive particle radius [m]": 2.087464183928342e-06,
        "Positive electrode Bruggeman coefficient (electrolyte)": 1.4064792059382172,
        "Positive electrode Bruggeman coefficient (electrode)": 1.6267005635026646,
        "Positive electrode charge transfer coefficient": 0.5269327041507947,
        "Positive electrode double-layer capacity [F.m-2]": 0.30138534604421774,
        "Positive electrode density [kg.m-3]": 4946.636229564406,
        "Positive electrode specific heat capacity [J.kg-1.K-1]": 974.1602951446374,
        "Positive electrode thermal conductivity [W.m-1.K-1]": 2.0375219477377366,
        "Positive electrode OCP entropic change [V.K-1]": 0.0,
        "Separator porosity": 0.539783141122373,
        "Separator Bruggeman coefficient (electrolyte)": 1.2982382539660688,
        "Separator density [kg.m-3]": 403.7648250687671,
        "Separator specific heat capacity [J.kg-1.K-1]": 1043.0588842590905,
        "Separator thermal conductivity [W.m-1.K-1]": 0.12409127551271676,
        "Initial concentration in electrolyte [mol.m-3]": 1491.1947396700075,
        "Cation transference number": 0.36001237646464523,
        "Thermodynamic factor": 1.2874806812135189,
        "Reference temperature [K]": 346.64940308452265,
        "Negative current collector surface heat transfer coefficient [W.m-2.K-1]": 0.0,
        "Positive current collector surface heat transfer coefficient [W.m-2.K-1]": 0.0,
        "Negative tab heat transfer coefficient [W.m-2.K-1]": 32.376147019709954,
        "Positive tab heat transfer coefficient [W.m-2.K-1]": 32.58197161420386,
        "Edge heat transfer coefficient [W.m-2.K-1]": 0.302454476457993,
        "Total heat transfer coefficient [W.m-2.K-1]": 25.773466489625054,
        "Ambient temperature [K]": 272.83308347691866,
        "Number of electrodes connected in parallel to make a cell": 0.9161587983788282,
        "Number of cells connected in series to make a battery": 1.3551022565456554,
        "Lower voltage cut-off [V]": 2.0309441058285813,
        "Upper voltage cut-off [V]": 4.807803298400138,
        "Open-circuit voltage at 0% SOC [V]": 2.5428055555751863,
        "Open-circuit voltage at 100% SOC [V]": 6.562089520748555,
        "Initial concentration in negative electrode [mol.m-3]": 20103.69358767176,
        "Initial concentration in positive electrode [mol.m-3]": 12823.71826743142,
        "Initial temperature [K]": 161.4786537612978
    },
    "V": [
        4.456058399870672,
        3.9630087759630053,
        3.8267461664369584,
        3.7252822973601467,
        3.640775476012395,
        3.5699530912281485,
        3.5109432642669027,
        3.460627447555429,
        3.4144761387648725,
        3.3673339502272417,
        3.3144371455554644,
        3.2526193613644274,
        3.1817968903811304,
        3.0956535010874617,
        2.030954105828598
    ],