{
    "config": {
        "Ideal gas constant [J.K-1.mol-1]": 9.065080824543443,
        "Faraday constant [C.mol-1]": 121218.0924553613,
        "Boltzmann constant [J.K-1]": 9.859614691159646e-24,
        "Electron charge [C]": 1.954923746143295e-19,
        "Ratio of lithium moles to SEI moles": 1.6684308855441898,
        "Inner SEI reaction proportion": 0.5490954045258614,
        "Inner SEI partial molar volume [m3.mol-1]": 0.00013123281275346604,
        "Outer SEI partial molar volume [m3.mol-1]": 0.00011824153083524948,
        "SEI reaction exchange current density [A.m-2]": 1.67660771911725e-07,
        "SEI resistivity [Ohm.m]": 169916.5060643528,
        "Outer SEI solvent diffusivity [m2.s-1]": 3.501524763469815e-22,
        "Bulk solvent concentration [mol.m-3]": 2395.570562378355,
        "Inner SEI open-circuit potential [V]": 0.07013482933722355,
        "Outer SEI open-circuit potential [V]": 0.7314161119386031,
        "Inner SEI electron conductivity [S.m-1]": 1.369124612586938e-13,
        "Inner SEI lithium interstitial diffusivity [m2.s-1]": 1.1804536603731416e-20,
        "Lithium interstitial reference concentration [mol.m-3]": 16.69413800677196,
        "Initial inner SEI thickness [m]": 2.4291205291337695e-09,
        "Initial outer SEI thickness [m]": 2.493264045176811e-09,
        "EC initial concentration in electrolyte [mol.m-3]": 5919.796983257015,
        "EC diffusivity [m2.s-1]": 1.2450237113923287e-18,
        "SEI kinetic rate constant [m.s-1]": 1.4634030391406355e-12,
        "SEI open-circuit potential [V]": 0.4386885143531414,
        "SEI growth activation energy [J.mol-1]": 0.0,
        "Negative electrode reaction-driven LAM factor [m3.mol-1]": 0.0,
        "Positive electrode reaction-driven LAM factor [m3.mol-1]": 0.0,
        "Negative current collector thickness [m]": 6.0258700391159694e-06,
        "Negative electrode thickness [m]": 4.748065226338292e-05,
        "Separator thickness [m]": 9.736424177982215e-06,
        "Positive electrode thickness [m]": 6.857850303372618e-05,
        "Positive current collector thickness [m]": 2.076410496708448e-05,
        "Electrode height [m]": 0.06194557270593179,
        "Electrode width [m]": 0.04021051581489514,
        "Cell cooling surface area [m2]": 0.003661394312082012,
        "Cell volume [m3]": 1.5114087493236995e-05,
        "Cell emissivity": 0.953837037533349,
        "Cell thermal expansion coefficient [m.K-1]": 1.0271172246534545e-06,
        "Negative current collector conductivity [S.m-1]": 84492521.73041451,
        "Positive current collector conductivity [S.m-1]": 41618423.05718143,
        "Negative current collector density [kg.m-3]": 6032.7805351179995,
        "Positive current collector density [kg.m-3]": 2321.340004592874,
        "Negative current collector specific heat capacity [J.kg-1.K-1]": 420.87623881759947,
        "Positive current collector specific heat capacity [J.kg-1.K-1]": 1051.0633740723285,
        "Negative current collector thermal conductivity [W.m-1.K-1]": 444.3960222618681,
        "Positive current collector thermal conductivity [W.m-1.K-1]": 237.21154745691516,
        "Nominal cell capacity [A.h]": 2.2855313519948806,
        "Current function [A]": 1.9448199038277552,
        "Contact resistance [Ohm]": 0,
        "Negative electrode conductivity [S.m-1]": 95.43535445524435,
        "Maximum concentration in negative electrode [mol.m-3]": 24774.645337011458,
        "Negative electrode porosity": 0.23047392541911887,
        "Negative electrode active material volume fraction": 0.7505976329401857,
        "Negative particle radius [m]": 3.517857409020477e-06,
        "Negative electrode Bruggeman coefficient (electrolyte)": 2.465829732520129,
        "Negative electrode Bruggeman coefficient (electrode)": 0.0,
        "Negative electrode charge transfer coefficient": 0.5132311972706188,
        "Negative electrode double-layer capacity [F.m-2]": 0.2152277226762589,
        "Negative electrode density [kg.m-3]": 3079.8059444344563,
        "Negative electrode specific heat capacity [J.kg-1.K-1]": 643.1223265351288,
        "Negative electrode thermal conductivity [W.m-1.K-1]": 1.021925614892677,
        "Negative electrode Poisson's ratio": 0.28917425319455164,
        "Negative electrode Young's modulus [Pa]": 8651764312.456692,
        "Negative electrode reference concentration for free of deformation [mol.m-3]": 0.0,
        "Negative electrode partial molar volume [m3.mol-1]": 3.230159964645252e-06,
        "Negative electrode initial crack length [m]": 1.5783118615834372e-08,
        "Negative electrode initial crack width [m]": 9.088075676559277e-09,
        "Negative electrode number of cracks per unit area [m-2]": 2359491450881059.5,
        "Negative electrode Paris' law constant b": 1.2285286532703519,
        "Negative electrode Paris' law constant m": 2.1561988221713118,
        "Negative electrode activation energy for cracking rate [J.mol-1]": 0.0,
        "Negative electrode LAM constant proportional term [s-1]": 0.0,
        "Negative electrode LAM constant exponential term": 1.7300977487298577,
        "Negative electrode critical stress [Pa]": 57104202.80775157,
        "Positive electrode conductivity [S.m-1]": 12.23705126256808,
        "Maximum concentration in positive electrode [mol.m-3]": 40856.33437442298,
        "Positive electrode porosity": 0.35056238149470204,
        "Positive electrode active material volume fraction": 0.7251161333106622,
        "Positive particle radius [m]": 3.97006402098749e-06,
        "Positive electrode surface area to volume ratio [m-1]": 431024.68729541346,
        "Positive electrode Bruggeman coefficient (electrolyte)": 2.1308935580638004,
        "Positive electrode Bruggeman coefficient (electrode)": 0.0,
        "Positive electrode charge transfer coefficient": 0.5451338988488733,
        "Positive electrode double-layer capacity [F.m-2]": 0.18450527560017904,
        "Positive electrode density [kg.m-3]": 1513.7830731958452,
        "Positive electrode specific heat capacity [J.kg-1.K-1]": 995.9793226035542,
        "Positive electrode thermal conductivity [W.m-1.K-1]": 1.0993335180942931,
        "Positive electrode Poisson's ratio": 0.09393844062554753,
        "Positive electrode Young's modulus [Pa]": 317286606650.1165,
        "Positive electrode reference concentration for free of deformation [mol.m-3]": 0.0,
        "Positive electrode partial molar volume [m3.mol-1]": 5.7421367396405784e-08,
        "Positive electrode initial crack length [m]": 1.7761656473534997e-08,
        "Positive electrode initial crack width [m]": 1.536850281863842e-08,
        "Positive electrode number of cracks per unit area [m-2]": 2656764045489667.0,
        "Positive electrode Paris' law constant b": 1.3157885223031835,
        "Positive electrode Paris' law constant m": 2.1712165987792016,
        "Positive electrode activation energy for cracking rate [J.mol-1]": 0.0,
        "Positive electrode LAM constant proportional term [s-1]": 2.92943519916712e-13,
        "Positive electrode LAM constant exponential term": 1.8554854346698937,
        "Positive electrode critical stress [Pa]": 296990259.4421215,
        "Separator porosity": 0.19628072903975452,
        "Separator Bruggeman coefficient (electrolyte)": 1.2539955729801109,
        "Separator density [kg.m-3]": 3115.4131257470076,
        "Separator specific heat capacity [J.kg-1.K-1]": 1414.8881661707005,
        "Separator thermal conductivity [W.m-1.K-1]": 0.27425271200508516,
        "Initial concentration in electrolyte [mol.m-3]": 892.3146987218718,
        "Cation transference number": 0.4039864602835166,
        "Reference temperature [K]": 334.79211486805224,
        "Total heat transfer coefficient [W.m-2.K-1]": 40.32742495356957,
        "Ambient temperature [K]": 229.54194735536788,
        "Number of electrodes connected in parallel to make a cell": 20.029332754825052,