{
    "config": {
        "Ideal gas constant [J.K-1.mol-1]": 9.988847479166523,
        "Faraday constant [C.mol-1]": 108182.8330781558,
        "Boltzmann constant [J.K-1]": 5.946554065385156e-24,
        "Electron charge [C]": 1.867968696653e-19,
        "Negative current collector thickness [m]": 7.207107095820339e-06,
        "Negative electrode thickness [m]": 0.00011825477611446822,
        "Separator thickness [m]": 1.299767834744029e-05,
        "Positive electrode thickness [m]": 8.332134015942084e-05,
        "Positive current collector thickness [m]": 1.7295386496242125e-05,
        "Electrode height [m]": 0.06645887640145827,
        "Electrode width [m]": 1.3431754940312226,
        "Cell cooling surface area [m2]": 0.007360997611074634,
        "Cell volume [m3]": 2.3786028717306296e-05,
        "Negative current collector conductivity [S.m-1]": 54245583.812920496,
        "Positive current collector conductivity [S.m-1]": 33335348.690006614,
        "Negative current collector density [kg.m-3]": 6199.797816687882,
        "Positive current collector density [kg.m-3]": 3305.8980913884225,
        "Positive current collector thermal conductivity [W.m-1.K-1]": 269.8666787015656,
        "Nominal cell capacity [A.h]": 4.726908118364804,
        "Current function [A]": 5.154848299917246,
        "Contact resistance [Ohm]": 0,
        "Negative electrode conductivity [S.m-1]": 186.49576076754954,
        "Maximum concentration in negative electrode [mol.m-3]": 29256.888766353408,
        "Negative electrode porosity": 0.23784125152579705,
        "Negative electrode active material volume fraction": 1.1906015359262614,
        "Negative particle radius [m]": 7.018975520779385e-06,
        "Negative electrode Bruggeman coefficient (electrolyte)": 1.2007434401945394,
        "Negative electrode Bruggeman coefficient (electrode)": 0.0,
        "Negative electrode charge transfer coefficient": 0.4399422487475483,
        "Negative electrode double-layer capacity [F.m-2]": 0.18802473345525011,
        "Negative electrode density [kg.m-3]": 1131.3216124491103,
        "Maximum concentration in positive electrode [mol.m-3]": 73681.79721236872,
        "Positive electrode porosity": 0.46655768130203873,
        "Positive electrode active material volume fraction": 0.6628738857278603,
        "Positive particle radius [m]": 4.6046973543949025e-06,
        "Positive electrode Bruggeman coefficient (electrolyte)": 1.73024440924282,
        "Positive electrode Bruggeman coefficient (electrode)": 0.0,
        "Positive electrode charge transfer coefficient": 0.4750883260996994,
        "Positive electrode double-layer capacity [F.m-2]": 0.271378315089699,
        "Positive electrode density [kg.m-3]": 3655.86551391525,
        "Separator porosity": 0.7299139234808582,
        "Separator Bruggeman coefficient (electrolyte)": 0.9501973546052489,
        "Separator Bruggeman coefficient (electrode)": 1.658933800729403,
        "Separator density [kg.m-3]": 1724.0906975887083,
        "Separator thermal conductivity [W.m-1.K-1]": 0.34464455228984564,
        "Initial concentration in electrolyte [mol.m-3]": 1020.4799307047306,
        "Reference temperature [K]": 341.1374775725633,
        "Total heat transfer coefficient [W.m-2.K-1]": 11.800535407369212,
        "Ambient temperature [K]": 367.7308618799018,
        "Number of electrodes connected in parallel to make a cell": 1.057302113175568,
        "Number of cells connected in series to make a battery": 0.4859749470420279,
        "Lower voltage cut-off [V]": 3.0464450611869416,
        "Upper voltage cut-off [V]": 6.5417457233584875,
        "Open-circuit voltage at 0% SOC [V]": 3.2008539880843676,
        "Open-circuit voltage at 100% SOC [V]": 3.0678997455180097,
        "Initial concentration in negative electrode [mol.m-3]": 29029.748159493287,
        "Initial concentration in positive electrode [mol.m-3]": 9611.752345628693,
        "Initial temperature [K]": 423.8302977051345
    },
    "V": [
        4.461905329963012,
        4.445180537304876,
        4.440209092011459,
        4.434314571604721,
        4.4276469188551175,
        4.420638838025359,
        4.413750440106303,
        4.406866680647767,
        4.39961816257515,
        4.392490828264117,
        4.3849160701802,
        4.377236247737141,
        4.369048346379829,
        4.360633664058908,
        4.351610831259272,
        4.342281450482631,
        4.332336809424104,
        4.32190215615822,
        4.310950227445428,
        4.299321776999914,
        4.287198336909915,
        4.27447935786067,
        4.26118171730933,
        4.247511941695725,
        4.233509075253105,
        4.218590945485145,
        4.2032276367097365,
        4.187879809250424,
        4.172060538588854,
        4.155966601061838,
        4.140309181279392,
        4.125176254747135,
        4.110454851180357,
        4.096744425659151,
        4.084781513493501,
        4.074856804903447,
        4.066969935199275,
        4.061306294263826,
        4.057465886761802,
        4.054413680117069,
        4.051486849236507,
        4.048635511464356,
        4.045790218866058,
        4.042676658950995,
        4.039254955130685,
        4.035581414364387,
        4.031619674657133,
        4.027483291006523,
        4.0231242253341915,
        4.018450421210229,
        4.013585561098146,
        4.008408840084456,
        4.002950293204541,
        3.99711672977404,
        3.9907959961219057,
        3.984197565913087,
        3.977162826458419,
        3.9698750301694883,
        3.962219232846911,
        3.954420721604313,
        3.946487654011862,
        3.9384833494504257,
        3.930506257602633,
        3.9226109648943392,
        3.9148136137869223,
        3.907176160035714,
        3.899794068481084,
        3.892646965301409,
        3.8857381475509034,
        3.8790156966252356,
        3.8723855487335674,
        3.865941142218725,
        3.859738954254932,
        3.8537400043362733,
        3.8478656630610653,
        3.842061355120859,
        3.8362842480697044,
        3.830582291222336,
        3.824908224973937,
        3.819182149051935,
        3.8133714879818887,
        3.807422967965133,
        3.8013541715269543,
        3.795165191216359,
        3.788782296548749,
        3.7821768378367677,
        3.7753428062512144,
        3.7682980158273116,
        3.7610650435337463,
        3.753615495713639,
        3.745977228737853,
        3.7382027164279794,
        3.730340748939582,
        3.722441718946656,
        3.7145251144127345,
        3.7066698833849423,
        3.698928944930829,
        3.691336521488226,
        3.683912403713494,
        3.6767012140075224
    ],