{
    "config": {
        "Ideal gas constant [J.K-1.mol-1]": 8.622505311979381,
        "Faraday constant [C.mol-1]": 99984.13905208324,
        "Boltzmann constant [J.K-1]": 1.1246798937330975e-23,
        "Electron charge [C]": 1.0649130164454295e-19,
        "Ratio of lithium moles to SEI moles": 2.1396858320917884,
        "Inner SEI reaction proportion": 0.3982727010331332,
        "Inner SEI partial molar volume [m3.mol-1]": 0.000112385036606559,
        "Outer SEI partial molar volume [m3.mol-1]": 9.237705823088786e-05,
        "SEI reaction exchange current density [A.m-2]": 1.3366937447265964e-07,
        "SEI resistivity [Ohm.m]": 238348.6657877305,
        "Outer SEI solvent diffusivity [m2.s-1]": 1.8597094714921617e-22,
        "Bulk solvent concentration [mol.m-3]": 2878.1871328272146,
        "Inner SEI open-circuit potential [V]": 0.11392179971844854,
        "Outer SEI open-circuit potential [V]": 0.8892777435414116,
        "Inner SEI electron conductivity [S.m-1]": 1.3257147494804946e-13,
        "Inner SEI lithium interstitial diffusivity [m2.s-1]": 1.267067093176474e-20,
        "Lithium interstitial reference concentration [mol.m-3]": 16.77053386464288,
        "Initial inner SEI thickness [m]": 1.9234528682010854e-09,
        "Initial outer SEI thickness [m]": 2.5874099045773952e-09,
        "EC initial concentration in electrolyte [mol.m-3]": 5798.113938102746,
        "EC diffusivity [m2.s-1]": 1.2383499478852059e-18,
        "SEI kinetic rate constant [m.s-1]": 1.3056664539746667e-12,
        "SEI open-circuit potential [V]": 0.32184248029832585,
        "SEI growth activation energy [J.mol-1]": 0.0,
        "Negative electrode reaction-driven LAM factor [m3.mol-1]": 0.0,
        "Positive electrode reaction-driven LAM factor [m3.mol-1]": 0.0,
        "Negative current collector thickness [m]": 1.252751844022052e-05,
        "Negative electrode thickness [m]": 5.784111204883463e-05,
        "Separator thickness [m]": 1.4192778692605155e-05,
        "Positive electrode thickness [m]": 5.9755885200001095e-05,
        "Positive current collector thickness [m]": 1.600894215312714e-05,
        "Electrode height [m]": 0.09268387512050266,
        "Electrode width [m]": 1.5230313496673913,
        "Cell cooling surface area [m2]": 0.004732311289957944,
        "Cell volume [m3]": 2.8880345820873593e-05,
        "Cell thermal expansion coefficient [m.K-1]": 1.252635097246048e-06,
        "Negative current collector conductivity [S.m-1]": 47469909.792569086,
        "Positive current collector conductivity [S.m-1]": 37573453.62034357,
        "Negative current collector density [kg.m-3]": 8960.412897013379,
        "Positive current collector density [kg.m-3]": 2650.671706251733,
        "Negative current collector specific heat capacity [J.kg-1.K-1]": 311.28004721793866,
        "Positive current collector specific heat capacity [J.kg-1.K-1]": 1032.4422702351865,
        "Negative current collector thermal conductivity [W.m-1.K-1]": 465.61773403554787,
        "Positive current collector thermal conductivity [W.m-1.K-1]": 291.6956287018908,
        "Nominal cell capacity [A.h]": 5.286066866486195,
        "Current function [A]": 5.645617275485517,
        "Contact resistance [Ohm]": 0,
        "Negative electrode conductivity [S.m-1]": 188.15154459454106,
        "Maximum concentration in negative electrode [mol.m-3]": 32394.914456984283,
        "Negative particle diffusivity [m2.s-1]": 3.600131824350844e-14,
        "Negative electrode porosity": 0.21460156969510144,
        "Negative electrode active material volume fraction": 0.7872965813189878,
        "Negative particle radius [m]": 4.916671959579382e-06,
        "Negative electrode Bruggeman coefficient (electrolyte)": 1.3411824102312013,
        "Negative electrode Bruggeman coefficient (electrode)": 0,
        "Negative electrode charge transfer coefficient": 0.4774358303880267,
        "Negative electrode double-layer capacity [F.m-2]": 0.19341006598849017,
        "Negative electrode density [kg.m-3]": 1020.4508675707614,
        "Negative electrode specific heat capacity [J.kg-1.K-1]": 664.8270419397555,
        "Negative electrode thermal conductivity [W.m-1.K-1]": 1.7508627234050382,
        "Negative electrode OCP entropic change [V.K-1]": 0.0,
        "Positive electrode conductivity [S.m-1]": 0.21471521846800995,
        "Maximum concentration in positive electrode [mol.m-3]": 60944.386043874394,
        "Positive particle diffusivity [m2.s-1]": 3.422061720713327e-15,
        "Positive electrode porosity": 0.3231845588393542,
        "Positive electrode active material volume fraction": 0.7906260924711741,
        "Positive particle radius [m]": 6.524937369371409e-06,
        "Positive electrode Bruggeman coefficient (electrolyte)": 1.3472466351571897,
        "Positive electrode Bruggeman coefficient (electrode)": 0,
        "Positive electrode charge transfer coefficient": 0.49312013508757685,
        "Positive electrode double-layer capacity [F.m-2]": 0.15310780573136798,
        "Positive electrode density [kg.m-3]": 2629.4485140644297,
        "Positive electrode specific heat capacity [J.kg-1.K-1]": 616.8067704753298,
        "Positive electrode thermal conductivity [W.m-1.K-1]": 2.3791960878853944,
        "Positive electrode OCP entropic change [V.K-1]": 0.0,
        "Separator porosity": 0.6905261064685926,
        "Separator Bruggeman coefficient (electrolyte)": 1.495608791371066,
        "Separator density [kg.m-3]": 367.8528433485952,
        "Separator specific heat capacity [J.kg-1.K-1]": 668.7615652290473,
        "Separator thermal conductivity [W.m-1.K-1]": 0.17718037259488625,
        "Initial concentration in electrolyte [mol.m-3]": 1346.6074089822814,
        "Cation transference number": 0.27610013865377697,
        "Thermodynamic factor": 1.0733063039782604,
        "Reference temperature [K]": 398.5033215056101,
        "Total heat transfer coefficient [W.m-2.K-1]": 14.395602727558117,
        "Ambient temperature [K]": 298.2466179091651,
        "Number of electrodes connected in parallel to make a cell": 1.0978880260420798,
        "Number of cells connected in series to make a battery": 1.4955338518489478,
        "Lower voltage cut-off [V]": 1.7382348193143276,
        "Upper voltage cut-off [V]": 4.799809460818795,
        "Open-circuit voltage at 0% SOC [V]": 2.6909391079199456,
        "Open-circuit voltage at 100% SOC [V]": 3.244682085978187,
        "Initial concentration in negative electrode [mol.m-3]": 24485.27080708437,
        "Initial concentration in positive electrode [mol.m-3]": 16660.011122562282,
        "Initial temperature [K]": 266.32109405982453
    },