{
    "config": {
        "Ideal gas constant [J.K-1.mol-1]": 9.829945312149471,
        "Faraday constant [C.mol-1]": 142760.1806896635,
        "Boltzmann constant [J.K-1]": 5.228552239893867e-24,
        "Electron charge [C]": 1.6974421646531286e-19,
        "Ratio of lithium moles to SEI moles": 1.230143248294298,
        "Inner SEI reaction proportion": 0.4591551126967708,
        "Inner SEI partial molar volume [m3.mol-1]": 0.00010482763514087481,
        "Outer SEI partial molar volume [m3.mol-1]": 8.883958505383167e-05,
        "SEI reaction exchange current density [A.m-2]": 1.6163629002238335e-07,
        "SEI resistivity [Ohm.m]": 189952.95571206993,
        "Outer SEI solvent diffusivity [m2.s-1]": 2.499999332444812e-22,
        "Bulk solvent concentration [mol.m-3]": 2260.8239458369712,
        "Inner SEI open-circuit potential [V]": 0.13930609627137677,
        "Outer SEI open-circuit potential [V]": 0.7650330031284681,
        "Inner SEI electron conductivity [S.m-1]": 5.3023739834438814e-14,
        "Inner SEI lithium interstitial diffusivity [m2.s-1]": 7.248484249807587e-21,
        "Lithium interstitial reference concentration [mol.m-3]": 11.693356213259106,
        "Initial inner SEI thickness [m]": 2.805122205008127e-09,
        "Initial outer SEI thickness [m]": 2.6049755751095246e-09,
        "EC initial concentration in electrolyte [mol.m-3]": 5676.44902137837,
        "EC diffusivity [m2.s-1]": 2.0988282786953455e-18,
        "SEI kinetic rate constant [m.s-1]": 7.519738888787343e-13,
        "SEI open-circuit potential [V]": 0.5859261509148579,
        "SEI growth activation energy [J.mol-1]": 0.0,
        "Negative electrode reaction-driven LAM factor [m3.mol-1]": 0.0,
        "Positive electrode reaction-driven LAM factor [m3.mol-1]": 0.0,
        "Negative current collector thickness [m]": 1.2590258431414348e-05,
        "Negative electrode thickness [m]": 8.083175966449594e-05,
        "Separator thickness [m]": 1.4893925319832824e-05,
        "Positive electrode thickness [m]": 9.006212593512435e-05,
        "Positive current collector thickness [m]": 1.991277364583302e-05,
        "Electrode height [m]": 0.056659111659118876,
        "Electrode width [m]": 1.9826731822765327,
        "Cell cooling surface area [m2]": 0.005167128065429365,
        "Cell volume [m3]": 2.155461116409497e-05,
        "Cell thermal expansion coefficient [m.K-1]": 1.102475974174855e-06,
        "Negative current collector conductivity [S.m-1]": 55203823.80810983,
        "Positive current collector conductivity [S.m-1]": 36176300.54445276,
        "Negative current collector density [kg.m-3]": 9212.77059833198,
        "Positive current collector density [kg.m-3]": 2351.2408690996645,
        "Negative current collector specific heat capacity [J.kg-1.K-1]": 245.91024366109534,
        "Positive current collector specific heat capacity [J.kg-1.K-1]": 624.4819436074922,
        "Negative current collector thermal conductivity [W.m-1.K-1]": 433.8727356330189,
        "Positive current collector thermal conductivity [W.m-1.K-1]": 388.3784479019006,
        "Nominal cell capacity [A.h]": 5.576611920305215,
        "Current function [A]": 6.0522697130508245,
        "Contact resistance [Ohm]": 0,
        "Negative electrode conductivity [S.m-1]": 254.61082380668626,
        "Maximum concentration in negative electrode [mol.m-3]": 38365.64716426217,
        "Negative particle diffusivity [m2.s-1]": 3.4443533036224894e-14,
        "Negative electrode porosity": 0.21324145217398796,
        "Negative electrode active material volume fraction": 0.6038695795871599,
        "Negative particle radius [m]": 6.3119721823118716e-06,
        "Negative electrode Bruggeman coefficient (electrolyte)": 1.4802594307948165,
        "Negative electrode Bruggeman coefficient (electrode)": 0,
        "Negative electrode charge transfer coefficient": 0.6283309805349354,
        "Negative electrode double-layer capacity [F.m-2]": 0.2331200453917762,
        "Negative electrode density [kg.m-3]": 1637.6082162802725,
        "Negative electrode specific heat capacity [J.kg-1.K-1]": 718.9810355947648,
        "Negative electrode thermal conductivity [W.m-1.K-1]": 1.702741947178955,
        "Negative electrode OCP entropic change [V.K-1]": 0.0,
        "Positive electrode conductivity [S.m-1]": 0.22749629434834445,
        "Maximum concentration in positive electrode [mol.m-3]": 47265.42017613508,
        "Positive particle diffusivity [m2.s-1]": 3.8952446890701465e-15,
        "Positive electrode porosity": 0.3199627938634425,
        "Positive electrode active material volume fraction": 0.5592770133530889,
        "Positive particle radius [m]": 4.369635335719842e-06,
        "Positive electrode Bruggeman coefficient (electrolyte)": 1.3402456310741317,
        "Positive electrode Bruggeman coefficient (electrode)": 0,
        "Positive electrode charge transfer coefficient": 0.5474276711829975,
        "Positive electrode double-layer capacity [F.m-2]": 0.1390122946088365,
        "Positive electrode density [kg.m-3]": 3381.650018533372,
        "Positive electrode specific heat capacity [J.kg-1.K-1]": 919.1970108674891,
        "Positive electrode thermal conductivity [W.m-1.K-1]": 1.7599036174844365,
        "Positive electrode OCP entropic change [V.K-1]": 0.0,
        "Separator porosity": 0.592940173774843,
        "Separator Bruggeman coefficient (electrolyte)": 1.9775112000166972,
        "Separator density [kg.m-3]": 343.3473379578676,
        "Separator specific heat capacity [J.kg-1.K-1]": 520.6308212059267,
        "Separator thermal conductivity [W.m-1.K-1]": 0.2281887976970457,
        "Initial concentration in electrolyte [mol.m-3]": 644.440163132972,
        "Cation transference number": 0.248915593554065,
        "Thermodynamic factor": 0.9986551268933637,
        "Reference temperature [K]": 242.06226133557368,
        "Total heat transfer coefficient [W.m-2.K-1]": 10.429775301294248,
        "Ambient temperature [K]": 209.60849083099131,
        "Number of electrodes connected in parallel to make a cell": 0.8714705071268319,
        "Number of cells connected in series to make a battery": 1.095998228905772,
        "Lower voltage cut-off [V]": 3.120091790433623,
        "Upper voltage cut-off [V]": 4.3505636737146265,
        "Open-circuit voltage at 0% SOC [V]": 1.2149154578231904,
        "Open-circuit voltage at 100% SOC [V]": 3.3946421503629676,
        "Initial concentration in negative electrode [mol.m-3]": 21545.829036001393,
        "Initial concentration in positive electrode [mol.m-3]": 26386.423359805154,
        "Initial temperature [K]": 377.0323005197946
    },
    "V": [
        3.4011130266261542,
        3.3420012263858023,
        3.319347386085716,
        3.3045407649487304,
        3.2929988529019694,
        3.283173832057815,
        3.274385030057249,
        3.266271516064391,
        3.25861407738936,
        3.2512607199958623,
        3.244104701394967,
        3.237054921669382,
        3.230048106937759,
        3.2230280766374584,
        3.215953824955665,
        3.20879553314786,
        3.201531578299901,
        3.194147305575485,
        3.186629289667806,
        3.178967351550092,
        3.171150178985161,
        3.163164458647631,
        3.154993868876563,
        3.146618271934009,
        3.1380127032131804,
        3.1291482012094014,
        3.1201017904336226
    ],