{
    "config": {
        "Ideal gas constant [J.K-1.mol-1]": 4.51554733037763,
        "Faraday constant [C.mol-1]": 108539.6180239022,
        "Boltzmann constant [J.K-1]": 2.0259632329340626e-23,
        "Electron charge [C]": 1.850936506499892e-19,
        "Ratio of lithium moles to SEI moles": 3.005122510447841,
        "Inner SEI reaction proportion": 0.535821218160913,
        "Inner SEI partial molar volume [m3.mol-1]": 8.541835783274748e-05,
        "Outer SEI partial molar volume [m3.mol-1]": 6.962118805246022e-05,
        "SEI growth transfer coefficient": 0.629153428120198,
        "SEI reaction exchange current density [A.m-2]": 1.8583651389885808e-07,
        "SEI resistivity [Ohm.m]": 246371.60379655412,
        "Outer SEI solvent diffusivity [m2.s-1]": 1.6090255473027666e-22,
        "Bulk solvent concentration [mol.m-3]": 2498.8060695950244,
        "Inner SEI open-circuit potential [V]": 0.13199884500092063,
        "Outer SEI open-circuit potential [V]": 0.906406834857399,
        "Inner SEI electron conductivity [S.m-1]": 1.120291581497648e-13,
        "Inner SEI lithium interstitial diffusivity [m2.s-1]": 1.240635723449239e-20,
        "Lithium interstitial reference concentration [mol.m-3]": 16.42857561363605,
        "Initial inner SEI thickness [m]": 3.0649882945317994e-09,
        "Initial outer SEI thickness [m]": 2.39691179732619e-09,
        "EC initial concentration in electrolyte [mol.m-3]": 3801.0010781359942,
        "EC diffusivity [m2.s-1]": 2.0662762775749646e-18,
        "SEI kinetic rate constant [m.s-1]": 1.442844073448456e-12,
        "SEI open-circuit potential [V]": 0.3609135698583983,
        "SEI growth activation energy [J.mol-1]": 0.0,
        "Negative electrode reaction-driven LAM factor [m3.mol-1]": 0.0,
        "Positive electrode reaction-driven LAM factor [m3.mol-1]": 0.0,
        "Negative current collector thickness [m]": 1.9070873584660057e-05,
        "Negative electrode thickness [m]": 0.00011715312137080054,
        "Separator thickness [m]": 2.6207907965528204e-05,
        "Positive electrode thickness [m]": 0.00011312002136098228,
        "Positive current collector thickness [m]": 2.9691294690782177e-05,
        "Electrode height [m]": 0.16573345763937106,
        "Electrode width [m]": 0.27747825985816577,
        "Negative tab width [m]": 0.03292925010746575,
        "Negative tab centre y-coordinate [m]": 0.08268244305628822,
        "Negative tab centre z-coordinate [m]": 0.1117668131690248,
        "Positive tab width [m]": 0.03648645941893208,
        "Positive tab centre y-coordinate [m]": 0.1570614422431686,
        "Positive tab centre z-coordinate [m]": 0.08852617273064602,
        "Cell cooling surface area [m2]": 0.08586586548915381,
        "Cell volume [m3]": 7.390976821110974e-06,
        "Negative current collector conductivity [S.m-1]": 86062256.95345008,
        "Positive current collector conductivity [S.m-1]": 40321939.77493777,
        "Negative current collector density [kg.m-3]": 10348.124139781346,
        "Positive current collector density [kg.m-3]": 2581.756286139635,
        "Negative current collector specific heat capacity [J.kg-1.K-1]": 360.59465281727574,
        "Positive current collector specific heat capacity [J.kg-1.K-1]": 738.4552919837491,
        "Negative current collector thermal conductivity [W.m-1.K-1]": 556.269263766638,
        "Positive current collector thermal conductivity [W.m-1.K-1]": 278.95707412861236,
        "Nominal cell capacity [A.h]": 0.48383920925502005,
        "Current function [A]": 0.7403789944536825,
        "Contact resistance [Ohm]": 0,
        "Negative electrode conductivity [S.m-1]": 86.26923742300173,
        "Maximum concentration in negative electrode [mol.m-3]": 29060.98577423548,
        "Negative electrode porosity": 0.33183407996670883,
        "Negative electrode active material volume fraction": 0.6075696275100438,
        "Negative particle radius [m]": 1.0961933234287183e-05,
        "Negative electrode Bruggeman coefficient (electrolyte)": 0.9049045789388098,
        "Negative electrode Bruggeman coefficient (electrode)": 0.8967561143434716,
        "Negative electrode charge transfer coefficient": 0.6096245070468078,
        "Negative electrode double-layer capacity [F.m-2]": 0.26140766140615795,
        "Negative electrode density [kg.m-3]": 1748.7612754126958,
        "Negative electrode specific heat capacity [J.kg-1.K-1]": 560.0292512345702,
        "Negative electrode thermal conductivity [W.m-1.K-1]": 2.2183115764827503,
        "Positive electrode conductivity [S.m-1]": 10.909175818086254,
        "Maximum concentration in positive electrode [mol.m-3]": 41887.76060812987,
        "Positive electrode porosity": 0.33473884783650637,
        "Positive electrode active material volume fraction": 0.6024351356514219,
        "Positive particle radius [m]": 3.1052138628631952e-06,
        "Positive electrode Bruggeman coefficient (electrolyte)": 1.7619291705801394,
        "Positive electrode Bruggeman coefficient (electrode)": 1.479743067436204,
        "Positive electrode charge transfer coefficient": 0.4510489618484237,
        "Positive electrode double-layer capacity [F.m-2]": 0.15792213948476969,
        "Positive electrode density [kg.m-3]": 2744.6174219710515,
        "Positive electrode specific heat capacity [J.kg-1.K-1]": 687.8126162071649,
        "Positive electrode thermal conductivity [W.m-1.K-1]": 2.8011435536116145,
        "Separator porosity": 0.683316612310704,
        "Separator Bruggeman coefficient (electrolyte)": 1.5994868305984236,
        "Separator density [kg.m-3]": 380.0366749941532,
        "Separator specific heat capacity [J.kg-1.K-1]": 790.1914408961069,
        "Separator thermal conductivity [W.m-1.K-1]": 0.2180727687179343,
        "Initial concentration in electrolyte [mol.m-3]": 968.9929475930753,
        "Cation transference number": 0.43659939756596294,
        "Thermodynamic factor": 1.1324485700842897,
        "Reference temperature [K]": 335.0735586213907,
        "Ambient temperature [K]": 250.3453472632849,
        "Negative current collector surface heat transfer coefficient [W.m-2.K-1]": 0.0,
        "Positive current collector surface heat transfer coefficient [W.m-2.K-1]": 0.0,
        "Negative tab heat transfer coefficient [W.m-2.K-1]": 11.017933853950305,
        "Positive tab heat transfer coefficient [W.m-2.K-1]": 8.430186254539795,
        "Edge heat transfer coefficient [W.m-2.K-1]": 0.287409438590637,
        "Total heat transfer coefficient [W.m-2.K-1]": 11.833045216211843,
        "Number of electrodes connected in parallel to make a cell": 0.6940273942150386,
        "Number of cells connected in series to make a battery": 1.156712259536057,
        "Lower voltage cut-off [V]": 3.413968553634129,
        "Upper voltage cut-off [V]": 6.172434088727909,
        "Open-circuit voltage at 0% SOC [V]": 1.4837061897709807,
        "Open-circuit voltage at 100% SOC [V]": 2.9994138457490993,
        "Initial concentration in negative electrode [mol.m-3]": 17010.84850804959,
        "Initial concentration in positive electrode [mol.m-3]": 21132.59019510614,
        "Initial temperature [K]": 172.00715663381675
    },