{
    "config": {
        "Ideal gas constant [J.K-1.mol-1]": 8.250944309353777,
        "Faraday constant [C.mol-1]": 119693.98962403921,
        "Boltzmann constant [J.K-1]": 2.0081703579658438e-23,
        "Electron charge [C]": 2.0430373531404167e-19,
        "Ratio of lithium moles to SEI moles": 2.0571405370014166,
        "Inner SEI reaction proportion": 0.6273066364119106,
        "Inner SEI partial molar volume [m3.mol-1]": 7.367102290664194e-05,
        "Outer SEI partial molar volume [m3.mol-1]": 7.753542456023126e-05,
        "SEI reaction exchange current density [A.m-2]": 2.184345266689036e-07,
        "SEI resistivity [Ohm.m]": 237075.13750837656,
        "Outer SEI solvent diffusivity [m2.s-1]": 1.2255579767914106e-22,
        "Bulk solvent concentration [mol.m-3]": 3183.892067049688,
        "Inner SEI open-circuit potential [V]": 0.05082496322855957,
        "Outer SEI open-circuit potential [V]": 1.3024489405198882,
        "Inner SEI electron conductivity [S.m-1]": 1.1808926515194868e-13,
        "Inner SEI lithium interstitial diffusivity [m2.s-1]": 1.568589394366073e-20,
        "Lithium interstitial reference concentration [mol.m-3]": 16.496719781326117,
        "Initial inner SEI thickness [m]": 3.508854479131598e-09,
        "Initial outer SEI thickness [m]": 1.8279244005795903e-09,
        "EC initial concentration in electrolyte [mol.m-3]": 4613.195579803303,
        "EC diffusivity [m2.s-1]": 1.6565365143482995e-18,
        "SEI kinetic rate constant [m.s-1]": 1.1689453558974511e-12,
        "SEI open-circuit potential [V]": 0.43494707750865563,
        "SEI growth activation energy [J.mol-1]": 0.0,
        "Negative electrode reaction-driven LAM factor [m3.mol-1]": 0.0,
        "Positive electrode reaction-driven LAM factor [m3.mol-1]": 0.0,
        "Negative current collector thickness [m]": 1.1400678090845157e-05,
        "Negative electrode thickness [m]": 7.162269598176956e-05,
        "Separator thickness [m]": 2.068932138842397e-05,
        "Positive electrode thickness [m]": 6.058171576118607e-05,
        "Positive current collector thickness [m]": 1.7969665588831104e-05,
        "Electrode height [m]": 0.05304078450190039,
        "Electrode width [m]": 0.05632595901527947,
        "Cell cooling surface area [m2]": 0.007261451879475403,
        "Cell volume [m3]": 1.0044498658303967e-05,
        "Cell emissivity": 0.7102064463520579,
        "Cell thermal expansion coefficient [m.K-1]": 1.1388863322172826e-06,
        "Negative current collector conductivity [S.m-1]": 71784560.18921772,
        "Positive current collector conductivity [S.m-1]": 50373521.59537192,
        "Negative current collector density [kg.m-3]": 11375.512927864893,
        "Positive current collector density [kg.m-3]": 2663.031896042055,
        "Negative current collector specific heat capacity [J.kg-1.K-1]": 216.50137476912306,
        "Positive current collector specific heat capacity [J.kg-1.K-1]": 1221.9393284729165,
        "Negative current collector thermal conductivity [W.m-1.K-1]": 382.4670095139116,
        "Positive current collector thermal conductivity [W.m-1.K-1]": 237.18788459114447,
        "Nominal cell capacity [A.h]": 2.2054670698267302,
        "Current function [A]": 1.9588615164361547,
        "Contact resistance [Ohm]": 0,
        "Negative electrode conductivity [S.m-1]": 78.52341022751204,
        "Maximum concentration in negative electrode [mol.m-3]": 26683.798742371153,
        "Negative electrode porosity": 0.20638779998023463,
        "Negative electrode active material volume fraction": 0.41311388066956467,
        "Negative particle radius [m]": 4.740270924021054e-06,
        "Negative electrode Bruggeman coefficient (electrolyte)": 3.106787056362901,
        "Negative electrode Bruggeman coefficient (electrode)": 0.0,
        "Negative electrode charge transfer coefficient": 0.6425124854714847,
        "Negative electrode double-layer capacity [F.m-2]": 0.17440872390573545,
        "Negative electrode density [kg.m-3]": 2412.1205477678386,
        "Negative electrode specific heat capacity [J.kg-1.K-1]": 1354.92411685768,
        "Negative electrode thermal conductivity [W.m-1.K-1]": 1.1408521599119836,
        "Negative electrode Poisson's ratio": 0.3242724380798559,
        "Negative electrode Young's modulus [Pa]": 21953726422.975647,
        "Negative electrode reference concentration for free of deformation [mol.m-3]": 0.0,
        "Negative electrode partial molar volume [m3.mol-1]": 3.3014148672278854e-06,
        "Negative electrode initial crack length [m]": 2.0898501206932254e-08,
        "Negative electrode initial crack width [m]": 1.5396593211223658e-08,
        "Negative electrode number of cracks per unit area [m-2]": 3666319006290076.0,
        "Negative electrode Paris' law constant b": 1.4626503806458597,
        "Negative electrode Paris' law constant m": 2.175261513153069,
        "Negative electrode activation energy for cracking rate [J.mol-1]": 0.0,
        "Negative electrode LAM constant proportional term [s-1]": 0.0,
        "Negative electrode LAM constant exponential term": 1.1016830189762765,
        "Negative electrode critical stress [Pa]": 68370070.86358538,
        "Positive electrode conductivity [S.m-1]": 9.593626337121293,
        "Maximum concentration in positive electrode [mol.m-3]": 36224.40237004262,
        "Positive electrode porosity": 0.3837133543756745,
        "Positive electrode active material volume fraction": 0.7468588098984794,
        "Positive particle radius [m]": 3.0305832121541154e-06,
        "Positive electrode surface area to volume ratio [m-1]": 617797.7959341623,
        "Positive electrode Bruggeman coefficient (electrolyte)": 2.010231927872875,
        "Positive electrode Bruggeman coefficient (electrode)": 0.0,
        "Positive electrode charge transfer coefficient": 0.5106607520664637,
        "Positive electrode double-layer capacity [F.m-2]": 0.20220661575077326,
        "Positive electrode density [kg.m-3]": 1470.826319045912,
        "Positive electrode specific heat capacity [J.kg-1.K-1]": 549.2290982047191,
        "Positive electrode thermal conductivity [W.m-1.K-1]": 2.018894147944657,
        "Positive electrode Poisson's ratio": 0.15541096734634835,
        "Positive electrode Young's modulus [Pa]": 429516565632.72253,
        "Positive electrode reference concentration for free of deformation [mol.m-3]": 0.0,
        "Positive electrode partial molar volume [m3.mol-1]": 1.0277891584132739e-07,
        "Positive electrode initial crack length [m]": 1.694886560366999e-08,
        "Positive electrode initial crack width [m]": 1.2318825015682173e-08,
        "Positive electrode number of cracks per unit area [m-2]": 3322497962910011.5,
        "Positive electrode Paris' law constant b": 1.1726148554473927,
        "Positive electrode Paris' law constant m": 2.305185339935811,
        "Positive electrode activation energy for cracking rate [J.mol-1]": 0.0,
        "Positive electrode LAM constant proportional term [s-1]": 4.3679404847590666e-13,
        "Positive electrode LAM constant exponential term": 1.663272109242156,
        "Positive electrode critical stress [Pa]": 396478150.8571454,
        "Separator porosity": 0.4352358132376357,
        "Separator Bruggeman coefficient (electrolyte)": 1.2781985785911514,
        "Separator density [kg.m-3]": 2468.8119700423204,
        "Separator specific heat capacity [J.kg-1.K-1]": 1147.3997643392586,
        "Separator thermal conductivity [W.m-1.K-1]": 0.4313103608827424,
        "Initial concentration in electrolyte [mol.m-3]": 1101.6988118176596,
        "Cation transference number": 0.44814034972779393,
        "Reference temperature [K]": 257.25919751690157,
        "Total heat transfer coefficient [W.m-2.K-1]": 31.913331563223565,
        "Ambient temperature [K]": 270.0194374360966,
        "Number of electrodes connected in parallel to make a cell": 34.641630682185266,