{
    "config": {
        "Ideal gas constant [J.K-1.mol-1]": 8.177154104117266,
        "Faraday constant [C.mol-1]": 86738.81630143378,
        "Boltzmann constant [J.K-1]": 1.3537835126439822e-23,
        "Electron charge [C]": 1.4800967074900077e-19,
        "Ratio of lithium moles to SEI moles": 2.149160729003434,
        "Inner SEI reaction proportion": 0.4835571193516262,
        "Inner SEI partial molar volume [m3.mol-1]": 0.00012249934197225936,
        "Outer SEI partial molar volume [m3.mol-1]": 9.054596361260739e-05,
        "SEI growth transfer coefficient": 0.39086748753486056,
        "SEI reaction exchange current density [A.m-2]": 1.0081142157268637e-07,
        "SEI resistivity [Ohm.m]": 212287.90933542684,
        "Outer SEI solvent diffusivity [m2.s-1]": 1.8966808036427943e-22,
        "Bulk solvent concentration [mol.m-3]": 3225.368480051906,
        "Inner SEI open-circuit potential [V]": 0.10626414296757156,
        "Outer SEI open-circuit potential [V]": 0.8223597265394987,
        "Inner SEI electron conductivity [S.m-1]": 8.364581470247962e-14,
        "Inner SEI lithium interstitial diffusivity [m2.s-1]": 8.735741239352599e-21,
        "Lithium interstitial reference concentration [mol.m-3]": 16.02073633898493,
        "Initial inner SEI thickness [m]": 2.334618354459829e-09,
        "Initial outer SEI thickness [m]": 1.9926838460278673e-09,
        "EC initial concentration in electrolyte [mol.m-3]": 4744.22972252175,
        "EC diffusivity [m2.s-1]": 2.4257607421627907e-18,
        "SEI kinetic rate constant [m.s-1]": 9.274986263364588e-13,
        "SEI open-circuit potential [V]": 0.4592675830646539,
        "SEI growth activation energy [J.mol-1]": 0.0,
        "Negative electrode reaction-driven LAM factor [m3.mol-1]": 0.0,
        "Positive electrode reaction-driven LAM factor [m3.mol-1]": 0.0,
        "Negative current collector thickness [m]": 2.407227692720675e-05,
        "Negative electrode thickness [m]": 7.589444113682438e-05,
        "Separator thickness [m]": 2.2508664030018602e-05,
        "Positive electrode thickness [m]": 0.00010736291123776152,
        "Positive current collector thickness [m]": 2.5835886016996224e-05,
        "Electrode height [m]": 0.1279905531517156,
        "Electrode width [m]": 0.21060524190466257,
        "Negative tab width [m]": 0.04138991713469263,
        "Negative tab centre y-coordinate [m]": 0.05856448698644311,
        "Negative tab centre z-coordinate [m]": 0.18041462367724606,
        "Positive tab width [m]": 0.036420956293053114,
        "Positive tab centre y-coordinate [m]": 0.1446352913642024,
        "Positive tab centre z-coordinate [m]": 0.13815512715806652,
        "Cell cooling surface area [m2]": 0.06415108704854762,
        "Cell volume [m3]": 4.963592583785279e-06,
        "Negative current collector conductivity [S.m-1]": 58739170.29336279,
        "Positive current collector conductivity [S.m-1]": 34010206.97246837,
        "Negative current collector density [kg.m-3]": 10863.636645426628,
        "Positive current collector density [kg.m-3]": 2592.9429513683563,
        "Negative current collector specific heat capacity [J.kg-1.K-1]": 397.6725401072407,
        "Positive current collector specific heat capacity [J.kg-1.K-1]": 954.9508392783332,
        "Negative current collector thermal conductivity [W.m-1.K-1]": 385.39587097883555,
        "Positive current collector thermal conductivity [W.m-1.K-1]": 209.88487241081492,
        "Nominal cell capacity [A.h]": 0.6719233273065549,
        "Current function [A]": 0.7891568006978458,
        "Contact resistance [Ohm]": 0,
        "Negative electrode conductivity [S.m-1]": 110.93871171950707,
        "Maximum concentration in negative electrode [mol.m-3]": 28819.26544831679,
        "Negative electrode porosity": 0.22165312191046865,
        "Negative electrode active material volume fraction": 0.6444144913787804,
        "Negative particle radius [m]": 8.061624071441313e-06,
        "Negative electrode Bruggeman coefficient (electrolyte)": 1.4590095209837808,
        "Negative electrode Bruggeman coefficient (electrode)": 1.3565351114282678,
        "Negative electrode charge transfer coefficient": 0.4697391744097028,
        "Negative electrode double-layer capacity [F.m-2]": 0.23644817628814516,
        "Negative electrode density [kg.m-3]": 1531.4060191526855,
        "Negative electrode specific heat capacity [J.kg-1.K-1]": 784.4753021517145,
        "Negative electrode thermal conductivity [W.m-1.K-1]": 1.440999800881796,
        "Positive electrode conductivity [S.m-1]": 9.859499701654736,
        "Maximum concentration in positive electrode [mol.m-3]": 50083.45335165508,
        "Positive electrode porosity": 0.27117869558041086,
        "Positive electrode active material volume fraction": 0.5157994989617505,
        "Positive particle radius [m]": 1.306427893189518e-05,
        "Positive electrode Bruggeman coefficient (electrolyte)": 1.8791094741298935,
        "Positive electrode Bruggeman coefficient (electrode)": 1.3739298868453051,
        "Positive electrode charge transfer coefficient": 0.5055512560075215,
        "Positive electrode double-layer capacity [F.m-2]": 0.1421138756559085,
        "Positive electrode density [kg.m-3]": 2946.951163843062,
        "Positive electrode specific heat capacity [J.kg-1.K-1]": 528.888520236653,
        "Positive electrode thermal conductivity [W.m-1.K-1]": 2.0943557176381784,
        "Separator porosity": 0.9539182271577479,
        "Separator Bruggeman coefficient (electrolyte)": 1.5035819916787738,
        "Separator density [kg.m-3]": 322.20808389914646,
        "Separator specific heat capacity [J.kg-1.K-1]": 669.7826998161532,
        "Separator thermal conductivity [W.m-1.K-1]": 0.12450321984439172,
        "Initial concentration in electrolyte [mol.m-3]": 1151.7737948281206,
        "Cation transference number": 0.2357679239654609,
        "Thermodynamic factor": 0.8289438637308215,
        "Reference temperature [K]": 314.84052586940834,
        "Ambient temperature [K]": 292.8306714697313,
        "Negative current collector surface heat transfer coefficient [W.m-2.K-1]": 0.0,
        "Positive current collector surface heat transfer coefficient [W.m-2.K-1]": 0.0,
        "Negative tab heat transfer coefficient [W.m-2.K-1]": 9.514463194319847,
        "Positive tab heat transfer coefficient [W.m-2.K-1]": 11.298569042300125,
        "Edge heat transfer coefficient [W.m-2.K-1]": 0.28147842200136725,
        "Total heat transfer coefficient [W.m-2.K-1]": 8.872746481184002,
        "Number of electrodes connected in parallel to make a cell": 1.1932377773412435,
        "Number of cells connected in series to make a battery": 0.9070689833248515,
        "Lower voltage cut-off [V]": 2.625292115543462,
        "Upper voltage cut-off [V]": 3.8459696700531563,
        "Open-circuit voltage at 0% SOC [V]": 2.509789025106216,
        "Open-circuit voltage at 100% SOC [V]": 4.3081464170390085,
        "Initial concentration in negative electrode [mol.m-3]": 21136.26534796054,
        "Initial concentration in positive electrode [mol.m-3]": 33235.782707377155,
        "Initial temperature [K]": 395.8265570311453
    },