{
    "config": {
        "Ideal gas constant [J.K-1.mol-1]": 7.553626523127154,
        "Faraday constant [C.mol-1]": 104641.51822251403,
        "Boltzmann constant [J.K-1]": 1.222400898489484e-23,
        "Electron charge [C]": 1.6691676655973147e-19,
        "Ratio of lithium moles to SEI moles": 2.7608577731103576,
        "Inner SEI reaction proportion": 0.48420393743441814,
        "Inner SEI partial molar volume [m3.mol-1]": 0.0001027662563410482,
        "Outer SEI partial molar volume [m3.mol-1]": 9.216426874220093e-05,
        "SEI growth transfer coefficient": 0.5266173030310197,
        "SEI reaction exchange current density [A.m-2]": 1.6356437704551527e-07,
        "SEI resistivity [Ohm.m]": 190148.12853340275,
        "Outer SEI solvent diffusivity [m2.s-1]": 2.286225088298854e-22,
        "Bulk solvent concentration [mol.m-3]": 2192.120501503775,
        "Inner SEI open-circuit potential [V]": 0.11239981539935089,
        "Outer SEI open-circuit potential [V]": 0.9742549465610877,
        "Inner SEI electron conductivity [S.m-1]": 8.897987306918241e-14,
        "Inner SEI lithium interstitial diffusivity [m2.s-1]": 8.746039385150043e-21,
        "Lithium interstitial reference concentration [mol.m-3]": 14.58668690161478,
        "Initial inner SEI thickness [m]": 2.3304754834195536e-09,
        "Initial outer SEI thickness [m]": 2.5460908214244126e-09,
        "EC initial concentration in electrolyte [mol.m-3]": 4322.173494216083,
        "EC diffusivity [m2.s-1]": 1.8439390778570824e-18,
        "SEI kinetic rate constant [m.s-1]": 1.0940257282855583e-12,
        "SEI open-circuit potential [V]": 0.37004101569792763,
        "SEI growth activation energy [J.mol-1]": 0.0,
        "Negative electrode reaction-driven LAM factor [m3.mol-1]": 0.0,
        "Positive electrode reaction-driven LAM factor [m3.mol-1]": 0.0,
        "Negative current collector thickness [m]": 2.1368958406991474e-05,
        "Negative electrode thickness [m]": 8.683781184002927e-05,
        "Separator thickness [m]": 2.5243766996666363e-05,
        "Positive electrode thickness [m]": 9.035298552366043e-05,
        "Positive current collector thickness [m]": 2.0512764431195033e-05,
        "Electrode height [m]": 0.16780530519219955,
        "Electrode width [m]": 0.2209354984657878,
        "Negative tab width [m]": 0.03074812312250863,
        "Negative tab centre y-coordinate [m]": 0.05812792034699228,
        "Negative tab centre z-coordinate [m]": 0.11845738267392132,
        "Positive tab width [m]": 0.04413534844590035,
        "Positive tab centre y-coordinate [m]": 0.1154114402550278,
        "Positive tab centre z-coordinate [m]": 0.12726641086296753,
        "Cell cooling surface area [m2]": 0.043087566410255344,
        "Cell volume [m3]": 9.156202472531595e-06,
        "Negative current collector conductivity [S.m-1]": 52067231.078964576,
        "Positive current collector conductivity [S.m-1]": 29796922.314301975,
        "Negative current collector density [kg.m-3]": 9428.57283823379,
        "Positive current collector density [kg.m-3]": 1772.3273539131494,
        "Negative current collector specific heat capacity [J.kg-1.K-1]": 412.5405722477472,
        "Positive current collector specific heat capacity [J.kg-1.K-1]": 807.3377037702351,
        "Negative current collector thermal conductivity [W.m-1.K-1]": 374.81388497893755,
        "Positive current collector thermal conductivity [W.m-1.K-1]": 274.6297089117048,
        "Nominal cell capacity [A.h]": 0.6834755131351207,
        "Current function [A]": 0.5603736970236046,
        "Contact resistance [Ohm]": 0,
        "Negative electrode conductivity [S.m-1]": 100.50804286413637,
        "Maximum concentration in negative electrode [mol.m-3]": 24870.062590693477,
        "Negative electrode porosity": 0.2595206387097144,
        "Negative electrode active material volume fraction": 0.5550872454903015,
        "Negative particle radius [m]": 1.240387294010782e-05,
        "Negative electrode Bruggeman coefficient (electrolyte)": 1.5296806517601111,
        "Negative electrode Bruggeman coefficient (electrode)": 1.0188182148948217,
        "Negative electrode charge transfer coefficient": 0.4888949287915964,
        "Negative electrode double-layer capacity [F.m-2]": 0.19239301081035837,
        "Negative electrode density [kg.m-3]": 1516.2105334147504,
        "Negative electrode specific heat capacity [J.kg-1.K-1]": 687.1155805383185,
        "Negative electrode thermal conductivity [W.m-1.K-1]": 1.794359746689144,
        "Positive electrode conductivity [S.m-1]": 10.24229730306398,
        "Maximum concentration in positive electrode [mol.m-3]": 41789.558938725066,
        "Positive electrode porosity": 0.24306826463779976,
        "Positive electrode active material volume fraction": 0.6573243756943954,
        "Positive particle radius [m]": 1.0220896903817331e-05,
        "Positive electrode Bruggeman coefficient (electrolyte)": 1.8137825452125989,
        "Positive electrode Bruggeman coefficient (electrode)": 1.3088739703271126,
        "Positive electrode charge transfer coefficient": 0.5706516956848285,
        "Positive electrode double-layer capacity [F.m-2]": 0.16085628459187826,
        "Positive electrode density [kg.m-3]": 2879.638119454597,
        "Positive electrode specific heat capacity [J.kg-1.K-1]": 561.0036467784114,
        "Positive electrode thermal conductivity [W.m-1.K-1]": 2.345424085172457,
        "Separator porosity": 0.9095364212636593,
        "Separator Bruggeman coefficient (electrolyte)": 1.6956020951240758,
        "Separator density [kg.m-3]": 440.5637084116121,
        "Separator specific heat capacity [J.kg-1.K-1]": 702.5665665975209,
        "Separator thermal conductivity [W.m-1.K-1]": 0.16434068330205637,
        "Initial concentration in electrolyte [mol.m-3]": 970.3425710924628,
        "Cation transference number": 0.38978417566570356,
        "Thermodynamic factor": 1.1285009490958482,
        "Reference temperature [K]": 323.5394591375151,
        "Ambient temperature [K]": 281.2018696464949,
        "Negative current collector surface heat transfer coefficient [W.m-2.K-1]": 0.0,
        "Positive current collector surface heat transfer coefficient [W.m-2.K-1]": 0.0,
        "Negative tab heat transfer coefficient [W.m-2.K-1]": 11.82141928966657,
        "Positive tab heat transfer coefficient [W.m-2.K-1]": 9.93307228060412,
        "Edge heat transfer coefficient [W.m-2.K-1]": 0.3600525644982836,
        "Total heat transfer coefficient [W.m-2.K-1]": 13.147808513245373,
        "Number of electrodes connected in parallel to make a cell": 0.9025073352395055,
        "Number of cells connected in series to make a battery": 1.0599488182233727,
        "Lower voltage cut-off [V]": 3.3636839254328037,
        "Upper voltage cut-off [V]": 5.914193387883709,
        "Open-circuit voltage at 0% SOC [V]": 3.0827617956873645,
        "Open-circuit voltage at 100% SOC [V]": 3.637560081572767,
        "Initial concentration in negative electrode [mol.m-3]": 16438.17415491092,
        "Initial concentration in positive electrode [mol.m-3]": 37231.65270869962,
        "Initial temperature [K]": 304.57667436656715
    },
    "V": [
        3.6043455590207247,
        3.595568940252118,
        3.590324263768376,
        3.586412109457371,
        3.5830555185857995,
        3.5798141511304244,
        3.5764616183073477,
        3.57285217743968,
        3.568874205186871,
        3.5644328321657857,
        3.5594339170074747,
        3.5537755312412767,
        3.547324794264909,
        3.5399128157279733,
        3.5313342053049337,
        3.521358606424023,
        3.509738828415208,
        3.496160861926362,
        3.4801405339799363,
        3.4609470882330795,
        3.4375611949381164,
        3.408697504326761,
        3.3728003819705545,
        3.3636939254328038
    ],