{
    "config": {
        "Ideal gas constant [J.K-1.mol-1]": 9.261915812481016,
        "Faraday constant [C.mol-1]": 69922.13634140666,
        "Boltzmann constant [J.K-1]": 1.1540842840662713e-23,
        "Electron charge [C]": 1.9558572116243659e-19,
        "Ratio of lithium moles to SEI moles": 0.9544485082767402,
        "Inner SEI reaction proportion": 0.6826291236280632,
        "Inner SEI partial molar volume [m3.mol-1]": 0.00011727491559429838,
        "Outer SEI partial molar volume [m3.mol-1]": 8.530626861290751e-05,
        "SEI reaction exchange current density [A.m-2]": 1.164198089401953e-06,
        "SEI resistivity [Ohm.m]": 228355.3448096787,
        "Outer SEI solvent diffusivity [m2.s-1]": 2.9174489149482083e-22,
        "Bulk solvent concentration [mol.m-3]": 3109.048623334484,
        "Inner SEI open-circuit potential [V]": 0.1405450911508388,
        "Outer SEI open-circuit potential [V]": 0.345059805218593,
        "Inner SEI electron conductivity [S.m-1]": 9.9049899699063e-14,
        "Inner SEI lithium interstitial diffusivity [m2.s-1]": 1.0496342095911161e-20,
        "Lithium interstitial reference concentration [mol.m-3]": 16.95968605487797,
        "Initial inner SEI thickness [m]": 1.556913453503163e-09,
        "Initial outer SEI thickness [m]": 3.4873838050252343e-09,
        "EC initial concentration in electrolyte [mol.m-3]": 5523.2880494648525,
        "EC diffusivity [m2.s-1]": 1.907272923298575e-18,
        "SEI kinetic rate constant [m.s-1]": 6.433199344615089e-13,
        "SEI open-circuit potential [V]": 0.0,
        "SEI growth activation energy [J.mol-1]": 0.0,
        "Negative current collector thickness [m]": 1.2687484014315028e-05,
        "Negative electrode thickness [m]": 7.47912612530561e-05,
        "Separator thickness [m]": 2.7078585453254148e-05,
        "Positive electrode thickness [m]": 6.801517242842023e-05,
        "Positive current collector thickness [m]": 2.8706024720391386e-05,
        "Electrode height [m]": 0.055321733816935593,
        "Electrode width [m]": 1.0148825281185938,
        "Negative tab width [m]": 0.039357181462595994,
        "Negative tab centre y-coordinate [m]": 0.06421041587391292,
        "Negative tab centre z-coordinate [m]": 0.10215171359691821,
        "Positive tab width [m]": 0.03501143793311429,
        "Positive tab centre y-coordinate [m]": 0.18451172718391012,
        "Positive tab centre z-coordinate [m]": 0.13884380253324133,
        "Negative current collector conductivity [S.m-1]": 46728760.057137795,
        "Positive current collector conductivity [S.m-1]": 35170184.153527915,
        "Negative current collector density [kg.m-3]": 9521.951539677197,
        "Positive current collector density [kg.m-3]": 2254.216747106976,
        "Negative current collector specific heat capacity [J.kg-1.K-1]": 482.4373756020231,
        "Positive current collector specific heat capacity [J.kg-1.K-1]": 861.5430596218326,
        "Negative current collector thermal conductivity [W.m-1.K-1]": 482.7035236781956,
        "Positive current collector thermal conductivity [W.m-1.K-1]": 258.0443264679503,
        "Nominal cell capacity [A.h]": 0.8833567182245492,
        "Current function [A]": 0.8261162518019571,
        "Contact resistance [Ohm]": 0,
        "Negative electrode conductivity [S.m-1]": 89.11235574890947,
        "Maximum concentration in negative electrode [mol.m-3]": 30909.78077895444,
        "Negative electrode porosity": 0.5668084735756344,
        "Negative electrode active material volume fraction": 0.6448009647360282,
        "Negative particle radius [m]": 1.4724512246578905e-06,
        "Negative electrode Bruggeman coefficient (electrolyte)": 3.5179887592907684,
        "Negative electrode Bruggeman coefficient (electrode)": 4.1482992274912585,
        "Negative electrode charge transfer coefficient": 0.4067292453012572,
        "Negative electrode double-layer capacity [F.m-2]": 0.18856261749390296,
        "Negative electrode density [kg.m-3]": 1858.6020896767375,
        "Negative electrode specific heat capacity [J.kg-1.K-1]": 815.6802845182425,
        "Negative electrode thermal conductivity [W.m-1.K-1]": 1.4895165018779022,
        "Positive electrode conductivity [S.m-1]": 113.12167751188541,
        "Maximum concentration in positive electrode [mol.m-3]": 59549.52755635704,
        "Positive electrode porosity": 0.43127108656006724,
        "Positive electrode active material volume fraction": 0.6230442750329457,
        "Positive particle radius [m]": 1.4476916248899066e-06,
        "Positive electrode Bruggeman coefficient (electrolyte)": 4.250645204149215,
        "Positive electrode Bruggeman coefficient (electrode)": 2.747130949875104,
        "Positive electrode charge transfer coefficient": 0.6866378750109716,
        "Positive electrode double-layer capacity [F.m-2]": 0.2059631442953021,
        "Positive electrode density [kg.m-3]": 2413.6540417092347,
        "Positive electrode specific heat capacity [J.kg-1.K-1]": 793.1700472860525,
        "Positive electrode thermal conductivity [W.m-1.K-1]": 2.093079517407448,
        "Separator porosity": 0.5253176823785795,
        "Separator Bruggeman coefficient (electrolyte)": 1.111778440393868,
        "Separator density [kg.m-3]": 807.6837660907995,
        "Separator specific heat capacity [J.kg-1.K-1]": 1736.9809371304277,
        "Separator thermal conductivity [W.m-1.K-1]": 0.46910421160460164,
        "Initial concentration in electrolyte [mol.m-3]": 908.495364237435,
        "Cation transference number": 0.31458042870416375,
        "Thermodynamic factor": 0.7254793681999443,
        "Reference temperature [K]": 244.07890717840087,
        "Ambient temperature [K]": 299.2636342591297,
        "Negative current collector surface heat transfer coefficient [W.m-2.K-1]": 0.0,
        "Positive current collector surface heat transfer coefficient [W.m-2.K-1]": 0.0,
        "Negative tab heat transfer coefficient [W.m-2.K-1]": 11.797902026673581,
        "Positive tab heat transfer coefficient [W.m-2.K-1]": 6.855728988209622,
        "Edge heat transfer coefficient [W.m-2.K-1]": 0.20153810667046873,
        "Number of electrodes connected in parallel to make a cell": 0.9473377763633571,
        "Number of cells connected in series to make a battery": 1.3210599153317046,
        "Lower voltage cut-off [V]": 3.691171944812929,
        "Upper voltage cut-off [V]": 4.209507217994113,
        "Open-circuit voltage at 0% SOC [V]": 2.279936803200022,
        "Open-circuit voltage at 100% SOC [V]": 3.732626597628616,
        "Initial concentration in negative electrode [mol.m-3]": 21053.73785044983,
        "Initial concentration in positive electrode [mol.m-3]": 33423.56764263717,
        "Initial temperature [K]": 367.29879080706814
    },