{
    "config": {
        "Ideal gas constant [J.K-1.mol-1]": 9.66003285961663,
        "Faraday constant [C.mol-1]": 86944.70545669683,
        "Boltzmann constant [J.K-1]": 1.391577390748509e-23,
        "Electron charge [C]": 1.376439488904642e-19,
        "Ratio of lithium moles to SEI moles": 1.8051060583718597,
        "Inner SEI reaction proportion": 0.4617142000684696,
        "Inner SEI partial molar volume [m3.mol-1]": 8.279090619806586e-05,
        "Outer SEI partial molar volume [m3.mol-1]": 9.056070784542806e-05,
        "SEI reaction exchange current density [A.m-2]": 1.7233648832588427e-07,
        "SEI resistivity [Ohm.m]": 172608.53850240333,
        "Outer SEI solvent diffusivity [m2.s-1]": 1.9174836464518777e-22,
        "Bulk solvent concentration [mol.m-3]": 2232.6171934110325,
        "Inner SEI open-circuit potential [V]": 0.10291005749565083,
        "Outer SEI open-circuit potential [V]": 0.8401062327173722,
        "Inner SEI electron conductivity [S.m-1]": 7.592975353983187e-14,
        "Inner SEI lithium interstitial diffusivity [m2.s-1]": 1.0315006961530928e-20,
        "Lithium interstitial reference concentration [mol.m-3]": 15.128855805734363,
        "Initial inner SEI thickness [m]": 2.535567876974944e-09,
        "Initial outer SEI thickness [m]": 2.2913408019184232e-09,
        "EC initial concentration in electrolyte [mol.m-3]": 4831.379987858735,
        "EC diffusivity [m2.s-1]": 2.3509333002078237e-18,
        "SEI kinetic rate constant [m.s-1]": 1.200280615709981e-12,
        "SEI open-circuit potential [V]": 0.37024420893851434,
        "SEI growth activation energy [J.mol-1]": 0.0,
        "Negative electrode reaction-driven LAM factor [m3.mol-1]": 0.0,
        "Positive electrode reaction-driven LAM factor [m3.mol-1]": 0.0,
        "Negative current collector thickness [m]": 9.237185487033126e-06,
        "Negative electrode thickness [m]": 8.013655494670233e-05,
        "Separator thickness [m]": 9.612539502960275e-06,
        "Positive electrode thickness [m]": 6.991555694071544e-05,
        "Positive current collector thickness [m]": 1.6459515647504214e-05,
        "Electrode height [m]": 0.061890987627495134,
        "Electrode width [m]": 1.8897871984693628,
        "Cell cooling surface area [m2]": 0.0053457139248801735,
        "Cell volume [m3]": 2.4792046712282716e-05,
        "Cell thermal expansion coefficient [m.K-1]": 1.2541912486330921e-06,
        "Negative current collector conductivity [S.m-1]": 37669274.602031626,
        "Positive current collector conductivity [S.m-1]": 39457166.878350005,
        "Negative current collector density [kg.m-3]": 8878.02835943206,
        "Positive current collector density [kg.m-3]": 3472.8803476101975,
        "Negative current collector specific heat capacity [J.kg-1.K-1]": 363.14378002409643,
        "Positive current collector specific heat capacity [J.kg-1.K-1]": 895.050001525288,
        "Negative current collector thermal conductivity [W.m-1.K-1]": 373.1136182724646,
        "Positive current collector thermal conductivity [W.m-1.K-1]": 235.58122823320912,
        "Nominal cell capacity [A.h]": 4.500325521312065,
        "Current function [A]": 5.252481988880311,
        "Contact resistance [Ohm]": 0,
        "Negative electrode conductivity [S.m-1]": 212.82121983218894,
        "Maximum concentration in negative electrode [mol.m-3]": 39703.07050570592,
        "Negative particle diffusivity [m2.s-1]": 3.126953133792498e-14,
        "Negative electrode porosity": 0.24495187900027568,
        "Negative electrode active material volume fraction": 0.8958088957715591,
        "Negative particle radius [m]": 6.315533194395522e-06,
        "Negative electrode Bruggeman coefficient (electrolyte)": 1.6677587781607217,
        "Negative electrode Bruggeman coefficient (electrode)": 0,
        "Negative electrode charge transfer coefficient": 0.5463192550956504,
        "Negative electrode double-layer capacity [F.m-2]": 0.21680968420943209,
        "Negative electrode density [kg.m-3]": 1420.3814373905807,
        "Negative electrode specific heat capacity [J.kg-1.K-1]": 647.9479823130328,
        "Negative electrode thermal conductivity [W.m-1.K-1]": 1.4193164338517512,
        "Negative electrode OCP entropic change [V.K-1]": 0.0,
        "Positive electrode conductivity [S.m-1]": 0.1830456825218967,
        "Maximum concentration in positive electrode [mol.m-3]": 69418.94118305437,
        "Positive particle diffusivity [m2.s-1]": 4.392895623201882e-15,
        "Positive electrode porosity": 0.3366531451535391,
        "Positive electrode active material volume fraction": 0.5858866886735101,
        "Positive particle radius [m]": 4.602105277510232e-06,
        "Positive electrode Bruggeman coefficient (electrolyte)": 1.618765520617688,
        "Positive electrode Bruggeman coefficient (electrode)": 0,
        "Positive electrode charge transfer coefficient": 0.5937926974385583,
        "Positive electrode double-layer capacity [F.m-2]": 0.2019704195329814,
        "Positive electrode density [kg.m-3]": 3623.374871832826,
        "Positive electrode specific heat capacity [J.kg-1.K-1]": 614.3529942615527,
        "Positive electrode thermal conductivity [W.m-1.K-1]": 2.2391008066152036,
        "Positive electrode OCP entropic change [V.K-1]": 0.0,
        "Separator porosity": 0.5534675138798618,
        "Separator Bruggeman coefficient (electrolyte)": 1.698161728160488,
        "Separator density [kg.m-3]": 337.9200756175909,
        "Separator specific heat capacity [J.kg-1.K-1]": 572.9797174503809,
        "Separator thermal conductivity [W.m-1.K-1]": 0.16215533707577381,
        "Initial concentration in electrolyte [mol.m-3]": 916.2201421636024,
        "Cation transference number": 0.21484303789994877,
        "Thermodynamic factor": 1.0247731458290814,
        "Reference temperature [K]": 227.31823444991005,
        "Total heat transfer coefficient [W.m-2.K-1]": 9.228584828325877,
        "Ambient temperature [K]": 226.89399748446732,
        "Number of electrodes connected in parallel to make a cell": 1.1233590650973024,
        "Number of cells connected in series to make a battery": 1.0888899325734616,
        "Lower voltage cut-off [V]": 2.75770531464399,
        "Upper voltage cut-off [V]": 4.8160933945395055,
        "Open-circuit voltage at 0% SOC [V]": 1.787961489529947,
        "Open-circuit voltage at 100% SOC [V]": 4.666279000204048,
        "Initial concentration in negative electrode [mol.m-3]": 24756.14264956172,
        "Initial concentration in positive electrode [mol.m-3]": 18976.50379252038,
        "Initial temperature [K]": 347.4762994570634
    },