{
    "config": {
        "Ideal gas constant [J.K-1.mol-1]": 7.3334715706241775,
        "Faraday constant [C.mol-1]": 86386.93658977264,
        "Boltzmann constant [J.K-1]": 1.4312189603361548e-23,
        "Electron charge [C]": 1.7518423370560285e-19,
        "Negative current collector thickness [m]": 1.0929732549869482e-05,
        "Negative electrode thickness [m]": 6.708158834647506e-05,
        "Separator thickness [m]": 1.254137513193716e-05,
        "Positive electrode thickness [m]": 6.225620243342013e-05,
        "Positive current collector thickness [m]": 1.5480656058673354e-05,
        "Electrode height [m]": 0.05668481400944613,
        "Electrode width [m]": 1.221400481675143,
        "Cell cooling surface area [m2]": 0.006126164521553764,
        "Cell volume [m3]": 2.283350220309613e-05,
        "Negative current collector conductivity [S.m-1]": 65812526.7603813,
        "Positive current collector conductivity [S.m-1]": 38386180.82200542,
        "Negative current collector density [kg.m-3]": 8539.763154503067,
        "Positive current collector density [kg.m-3]": 2810.8798775223927,
        "Positive current collector thermal conductivity [W.m-1.K-1]": 243.23914777459473,
        "Nominal cell capacity [A.h]": 6.821389453994135,
        "Current function [A]": 5.1007025789088845,
        "Contact resistance [Ohm]": 0,
        "Negative electrode conductivity [S.m-1]": 198.73761124891035,
        "Maximum concentration in negative electrode [mol.m-3]": 30433.103360291614,
        "Negative electrode porosity": 0.22879167069098066,
        "Negative electrode active material volume fraction": 0.6839327488648622,
        "Negative particle radius [m]": 6.951901616775872e-06,
        "Negative electrode Bruggeman coefficient (electrolyte)": 1.2059999865919604,
        "Negative electrode Bruggeman coefficient (electrode)": 0.0,
        "Negative electrode charge transfer coefficient": 0.6589841623052473,
        "Negative electrode double-layer capacity [F.m-2]": 0.17732614558364956,
        "Negative electrode density [kg.m-3]": 1823.7048778360397,
        "Maximum concentration in positive electrode [mol.m-3]": 51517.889493706956,
        "Positive electrode porosity": 0.38305571028413027,
        "Positive electrode active material volume fraction": 0.8255981572156031,
        "Positive particle radius [m]": 3.3569404349685728e-06,
        "Positive electrode Bruggeman coefficient (electrolyte)": 1.8883530154159074,
        "Positive electrode Bruggeman coefficient (electrode)": 0.0,
        "Positive electrode charge transfer coefficient": 0.6317247630702183,
        "Positive electrode double-layer capacity [F.m-2]": 0.15958961228220808,
        "Positive electrode density [kg.m-3]": 3665.741488408378,
        "Separator porosity": 0.4920832425046505,
        "Separator Bruggeman coefficient (electrolyte)": 1.7764857540372747,
        "Separator Bruggeman coefficient (electrode)": 1.7139156405755605,
        "Separator density [kg.m-3]": 1605.2015782976237,
        "Separator thermal conductivity [W.m-1.K-1]": 0.34668516892101237,
        "Initial concentration in electrolyte [mol.m-3]": 1394.9927888733255,
        "Reference temperature [K]": 286.59736329126895,
        "Total heat transfer coefficient [W.m-2.K-1]": 10.651115993059221,
        "Ambient temperature [K]": 301.74162971276513,
        "Number of electrodes connected in parallel to make a cell": 0.8680463390821387,
        "Number of cells connected in series to make a battery": 1.0289290264669293,
        "Lower voltage cut-off [V]": 3.1309523855083015,
        "Upper voltage cut-off [V]": 5.756018927450066,
        "Open-circuit voltage at 0% SOC [V]": 2.9441249296886283,
        "Open-circuit voltage at 100% SOC [V]": 4.4698490770139765,
        "Initial concentration in negative electrode [mol.m-3]": 27766.129981456117,
        "Initial concentration in positive electrode [mol.m-3]": 12634.035646712064,
        "Initial temperature [K]": 334.2710966937161
    },
    "V": [
        4.1636424688105755,
        3.9921009770152764,
        3.888259723947086,
        3.795173677203206,
        3.5862627862924485,
        3.545070938086938,
        3.5196864717261285,
        3.1309623855083
    ],
    "time": [
        0.0,
        36.36363636363637,
        72.72727272727273,
        109.0909090909091,
        145.45454545454547,
        181.81818181818184,
        218.1818181818182,
        231.06834841412442
    ]
}