{
    "config": {
        "Ideal gas constant [J.K-1.mol-1]": 6.6012393858295635,
        "Faraday constant [C.mol-1]": 127458.82587291421,
        "Boltzmann constant [J.K-1]": 9.756853493751434e-24,
        "Electron charge [C]": 1.4787320385799741e-19,
        "Negative electrode thickness [m]": 2.681847179618128e-05,
        "Separator thickness [m]": 2.6731802602895706e-05,
        "Positive electrode thickness [m]": 8.03492371044184e-05,
        "Electrode height [m]": 0.7289031807775379,
        "Electrode width [m]": 0.4202703945535488,
        "Nominal cell capacity [A.h]": 2.767251959120328,
        "Current function [A]": 2.303909227144242,
        "Contact resistance [Ohm]": 0,
        "Negative electrode conductivity [S.m-1]": 260.22417493524466,
        "Maximum concentration in negative electrode [mol.m-3]": 32410.94094843509,
        "Negative electrode diffusivity [m2.s-1]": 2.6369785984906018e-15,
        "Negative electrode porosity": 0.5043675456030746,
        "Negative electrode active material volume fraction": 0.6338188594866448,
        "Negative particle radius [m]": 4.515852732460307e-06,
        "Negative electrode Bruggeman coefficient (electrolyte)": 1.130034655860484,
        "Negative electrode Bruggeman coefficient (electrode)": 1.8017175017106868,
        "Negative electrode charge transfer coefficient": 0.8003798328422816,
        "Negative electrode double-layer capacity [F.m-2]": 0.21039386830173545,
        "Negative electrode OCP entropic change [V.K-1]": 0,
        "Positive electrode conductivity [S.m-1]": 0.3781367916687331,
        "Maximum concentration in positive electrode [mol.m-3]": 19778.628798839018,
        "Positive electrode diffusivity [m2.s-1]": 4.982917520349702e-18,
        "Positive electrode porosity": 0.5008865353242905,
        "Positive electrode active material volume fraction": 0.5182893863305353,
        "Positive particle radius [m]": 6.716475632373652e-08,
        "Positive electrode Bruggeman coefficient (electrode)": 1.165091261154521,
        "Positive electrode Bruggeman coefficient (electrolyte)": 1.829552378308179,
        "Positive electrode charge transfer coefficient": 0.5833506137409911,
        "Positive electrode double-layer capacity [F.m-2]": 0.18315538065190023,
        "Positive electrode OCP entropic change [V.K-1]": 0,
        "Separator porosity": 0.5973383354904456,
        "Separator Bruggeman coefficient (electrolyte)": 1.6945120525848034,
        "Initial concentration in electrolyte [mol.m-3]": 1238.7111645705272,
        "Cation transference number": 0.42531522618083767,
        "Thermodynamic factor": 0.7760071224311061,
        "Electrolyte diffusivity [m2.s-1]": 1.6855170366062437e-10,
        "Reference temperature [K]": 332.9693915113639,
        "Ambient temperature [K]": 226.67500714679875,
        "Number of electrodes connected in parallel to make a cell": 1.0963195066330096,
        "Number of cells connected in series to make a battery": 1.1407993901126408,
        "Lower voltage cut-off [V]": 1.6509519135578599,
        "Upper voltage cut-off [V]": 3.4779314691017627,
        "Open-circuit voltage at 0% SOC [V]": 2.472486396021886,
        "Open-circuit voltage at 100% SOC [V]": 4.667377835952264,
        "Initial concentration in negative electrode [mol.m-3]": 28653.595053624893,
        "Initial concentration in positive electrode [mol.m-3]": 78.40359834638699,
        "Initial temperature [K]": 215.95178008512232
    },
    "V": [
        3.3912392486764427,
        3.249897321606422,
        3.2096926232232628,
        3.186613917455694,
        3.172009198664708,
        3.162468941968789,
        3.156211105342126,
        3.152157862509159,
        3.1496070165452323,
        3.1480855717273357,
        3.147265172431564,
        3.1469234915352375,
        3.1468989872818707,
        3.1470901914343745,
        3.147416751475486,
        3.1478305046347006,
        3.1482952996431965,
        3.148787399266254,
        3.149290895396076,
        3.149795034132646,
        3.150292949788091,
        3.15077994107631,
        3.1512540769685637,
        3.1517123448143187,
        3.1521555411573194,
        3.15258363051355,
        3.152992850410151,
        3.1533873610143424,
        3.1537679362699924,
        3.154131470927636,
        3.154482091215507,
        3.154819336109342,
        3.1551405298892643,
        3.155448076625097,
        3.155741824534143,
        3.1560212054314665,
        3.156285956303752,
        3.1565354571601505,
        3.156768777250178,
        3.1569846199912197,
        3.1571813850182338,
        3.157357061797628,
        3.1575086734685374,
        3.1576329743537324,
        3.1577254546958615,
        3.1577813595681423,
        3.1577932961957362,
        3.1577551126482923,
        3.157656064100621,
        3.1574859188893596,
        3.157232184675416,
        3.15688062017871,
        3.1564153601130087,
        3.155819465623253,
        3.155076491452357,
        3.154169732400659,
        3.1530849750894143,
        3.151814165754143,
        3.1503539133343788,
        3.1487114382488466,
        3.146903631896838,
        3.1449570842156582,
        3.142913377469527,
        3.140818420700709,
        3.138722500904909,
        3.1366774138360816,
        3.134728640154801,
        3.132913701942715,
        3.131259328470491,
        3.1297811112505243,
        3.128483343994391,
        3.1273621337324737,
        3.1264079412227463,
        3.1256072338317384,
        3.1249428146526492,
        3.124397339302367,
        3.123954373702043,
        3.1235976226026914,
        3.123313898332317,
        3.123090410182408,
        3.1229161633189633,
        3.1227823686975156,
        3.1226804078689714,
        3.1226046919121337,
        3.1225497254526062,
        3.1225109184195787,
        3.1224847428144233,
        3.122467892561837,
        3.122458187170068,
        3.122453390804824,
        3.1224521404129257,
        3.122453036478581,
        3.122455092115509,
        3.122457115563023,
        3.122458164781965,
        3.122457618696486,
        3.1224552202776517,
        3.122450490685567,
        3.1224427192589053,
        3.122432025691634
    ],