{
    "config": {
        "Ideal gas constant [J.K-1.mol-1]": 12.079586548849791,
        "Faraday constant [C.mol-1]": 135035.87488218822,
        "Boltzmann constant [J.K-1]": 1.0019857454624257e-23,
        "Electron charge [C]": 1.6435508850258538e-19,
        "Ratio of lithium moles to SEI moles": 1.9600947626423748,
        "Inner SEI reaction proportion": 0.5074241440332892,
        "Inner SEI partial molar volume [m3.mol-1]": 9.74869895579674e-05,
        "Outer SEI partial molar volume [m3.mol-1]": 8.670159675502462e-05,
        "SEI reaction exchange current density [A.m-2]": 1.85003355593294e-07,
        "SEI resistivity [Ohm.m]": 233537.15963614456,
        "Outer SEI solvent diffusivity [m2.s-1]": 4.1608855254634937e-22,
        "Bulk solvent concentration [mol.m-3]": 3063.666669850877,
        "Inner SEI open-circuit potential [V]": 0.13146095232708016,
        "Outer SEI open-circuit potential [V]": 0.8763560407972,
        "Inner SEI electron conductivity [S.m-1]": 8.880209085376798e-14,
        "Inner SEI lithium interstitial diffusivity [m2.s-1]": 8.606356945482998e-21,
        "Lithium interstitial reference concentration [mol.m-3]": 13.920982333850528,
        "Initial inner SEI thickness [m]": 3.3138270889040113e-09,
        "Initial outer SEI thickness [m]": 1.9152513603935827e-09,
        "EC initial concentration in electrolyte [mol.m-3]": 4566.635184462483,
        "EC diffusivity [m2.s-1]": 2.4283649647499383e-18,
        "SEI kinetic rate constant [m.s-1]": 1.2007955341266486e-12,
        "SEI open-circuit potential [V]": 0.2814477612268289,
        "SEI growth activation energy [J.mol-1]": 0.0,
        "Negative electrode reaction-driven LAM factor [m3.mol-1]": 0.0,
        "Positive electrode reaction-driven LAM factor [m3.mol-1]": 0.0,
        "Negative current collector thickness [m]": 8.615907042525619e-06,
        "Negative electrode thickness [m]": 5.849908673656902e-05,
        "Separator thickness [m]": 1.949689104976783e-05,
        "Positive electrode thickness [m]": 6.700880056073067e-05,
        "Positive current collector thickness [m]": 1.9997041349627927e-05,
        "Electrode height [m]": 0.044425833000748205,
        "Electrode width [m]": 0.02904415005942994,
        "Cell cooling surface area [m2]": 0.008705885219247514,
        "Cell volume [m3]": 1.6791179194099225e-05,
        "Cell emissivity": 0.8675154732725784,
        "Cell thermal expansion coefficient [m.K-1]": 1.1630449548468152e-06,
        "Negative current collector conductivity [S.m-1]": 67841444.84135939,
        "Positive current collector conductivity [S.m-1]": 27816679.12202795,
        "Negative current collector density [kg.m-3]": 11117.78651018967,
        "Positive current collector density [kg.m-3]": 3274.8306502440732,
        "Negative current collector specific heat capacity [J.kg-1.K-1]": 301.709494949313,
        "Positive current collector specific heat capacity [J.kg-1.K-1]": 943.6622101664027,
        "Negative current collector thermal conductivity [W.m-1.K-1]": 362.45987382017455,
        "Positive current collector thermal conductivity [W.m-1.K-1]": 177.03121661280335,
        "Nominal cell capacity [A.h]": 2.928322064699774,
        "Current function [A]": 2.502042227750698,
        "Contact resistance [Ohm]": 0,
        "Negative electrode conductivity [S.m-1]": 80.78499540483767,
        "Maximum concentration in negative electrode [mol.m-3]": 37652.001378789035,
        "Negative electrode porosity": 0.32537275555212886,
        "Negative electrode active material volume fraction": 0.7689525200849656,
        "Negative particle radius [m]": 6.161969908425662e-06,
        "Negative electrode Bruggeman coefficient (electrolyte)": 3.8477637249847527,
        "Negative electrode Bruggeman coefficient (electrode)": 0.0,
        "Negative electrode charge transfer coefficient": 0.6567800686335876,
        "Negative electrode double-layer capacity [F.m-2]": 0.24584332820814006,
        "Negative electrode density [kg.m-3]": 2070.913297166234,
        "Negative electrode specific heat capacity [J.kg-1.K-1]": 894.429628253893,
        "Negative electrode thermal conductivity [W.m-1.K-1]": 1.2255932795830233,
        "Negative electrode Poisson's ratio": 0.3553758901839888,
        "Negative electrode Young's modulus [Pa]": 11864105041.902685,
        "Negative electrode reference concentration for free of deformation [mol.m-3]": 0.0,
        "Negative electrode partial molar volume [m3.mol-1]": 2.5701565139514146e-06,
        "Negative electrode initial crack length [m]": 2.4642507533519146e-08,
        "Negative electrode initial crack width [m]": 1.6079020162874484e-08,
        "Negative electrode number of cracks per unit area [m-2]": 3193270480115120.0,
        "Negative electrode Paris' law constant b": 1.2630512453962248,
        "Negative electrode Paris' law constant m": 2.4557765184157394,
        "Negative electrode activation energy for cracking rate [J.mol-1]": 0.0,
        "Negative electrode LAM constant proportional term [s-1]": 0.0,
        "Negative electrode LAM constant exponential term": 2.206533911616445,
        "Negative electrode critical stress [Pa]": 53482525.93395496,
        "Positive electrode conductivity [S.m-1]": 7.193793286431293,
        "Maximum concentration in positive electrode [mol.m-3]": 33075.68325380973,
        "Positive electrode porosity": 0.3568554262188177,
        "Positive electrode active material volume fraction": 0.5934178418193791,
        "Positive particle radius [m]": 3.200572005913105e-06,
        "Positive electrode surface area to volume ratio [m-1]": 543678.0977263921,
        "Positive electrode Bruggeman coefficient (electrolyte)": 2.401843433169822,
        "Positive electrode Bruggeman coefficient (electrode)": 0.0,
        "Positive electrode charge transfer coefficient": 0.5785545549613532,
        "Positive electrode double-layer capacity [F.m-2]": 0.18721184017073825,
        "Positive electrode density [kg.m-3]": 1910.548400356231,
        "Positive electrode specific heat capacity [J.kg-1.K-1]": 1004.7982804109015,
        "Positive electrode thermal conductivity [W.m-1.K-1]": 1.744739174776041,
        "Positive electrode Poisson's ratio": 0.16050452672349222,
        "Positive electrode Young's modulus [Pa]": 488995625552.5069,
        "Positive electrode reference concentration for free of deformation [mol.m-3]": 0.0,
        "Positive electrode partial molar volume [m3.mol-1]": 7.08610972107716e-08,
        "Positive electrode initial crack length [m]": 1.8769049242446905e-08,
        "Positive electrode initial crack width [m]": 1.3628874129209091e-08,
        "Positive electrode number of cracks per unit area [m-2]": 2656896230929883.5,
        "Positive electrode Paris' law constant b": 1.2329116565767244,
        "Positive electrode Paris' law constant m": 1.7588038891506081,
        "Positive electrode activation energy for cracking rate [J.mol-1]": 0.0,
        "Positive electrode LAM constant proportional term [s-1]": 3.1725086139589723e-13,
        "Positive electrode LAM constant exponential term": 1.9380453424501427,
        "Positive electrode critical stress [Pa]": 296881246.18007827,
        "Separator porosity": 0.7809755061457524,
        "Separator Bruggeman coefficient (electrolyte)": 1.423060796242479,
        "Separator density [kg.m-3]": 3242.613894254975,
        "Separator specific heat capacity [J.kg-1.K-1]": 1492.2066551076034,
        "Separator thermal conductivity [W.m-1.K-1]": 0.4579099906087762,
        "Initial concentration in electrolyte [mol.m-3]": 1417.793231965311,
        "Cation transference number": 0.4474853855618786,
        "Reference temperature [K]": 454.92671203715054,
        "Total heat transfer coefficient [W.m-2.K-1]": 49.81269555666475,
        "Ambient temperature [K]": 216.8037817801606,
        "Number of electrodes connected in parallel to make a cell": 44.7543530711764,