{
    "config": {
        "Ideal gas constant [J.K-1.mol-1]": 7.907207835825755,
        "Faraday constant [C.mol-1]": 118666.96402922118,
        "Boltzmann constant [J.K-1]": 1.2960072496172009e-23,
        "Electron charge [C]": 1.6050865988766811e-19,
        "Negative current collector thickness [m]": 1.0328187586506456e-05,
        "Negative electrode thickness [m]": 0.00010280939250757092,
        "Separator thickness [m]": 1.0182600363420582e-05,
        "Positive electrode thickness [m]": 8.300005741673384e-05,
        "Positive current collector thickness [m]": 1.5540345261028877e-05,
        "Electrode height [m]": 0.06098890488665084,
        "Electrode width [m]": 1.8024656329924262,
        "Cell cooling surface area [m2]": 0.006734161465970611,
        "Cell volume [m3]": 2.4474750122824786e-05,
        "Negative current collector conductivity [S.m-1]": 59229952.968752235,
        "Positive current collector conductivity [S.m-1]": 23062874.8854891,
        "Negative current collector density [kg.m-3]": 7640.5479273549,
        "Positive current collector density [kg.m-3]": 1849.9707151007804,
        "Positive current collector thermal conductivity [W.m-1.K-1]": 302.1437852181723,
        "Nominal cell capacity [A.h]": 4.782879583017925,
        "Current function [A]": 3.7913274717639927,
        "Contact resistance [Ohm]": 0,
        "Negative electrode conductivity [S.m-1]": 226.91496023635608,
        "Maximum concentration in negative electrode [mol.m-3]": 30503.928834522096,
        "Negative electrode porosity": 0.23412876553353718,
        "Negative electrode active material volume fraction": 0.8420517365448666,
        "Negative particle radius [m]": 5.039347000384329e-06,
        "Negative electrode Bruggeman coefficient (electrolyte)": 1.2099054067047494,
        "Negative electrode Bruggeman coefficient (electrode)": 0.0,
        "Negative electrode charge transfer coefficient": 0.6032716694656961,
        "Negative electrode double-layer capacity [F.m-2]": 0.209015962417773,
        "Negative electrode density [kg.m-3]": 1933.545475224628,
        "Maximum concentration in positive electrode [mol.m-3]": 56796.12024041658,
        "Positive electrode porosity": 0.2786449182060568,
        "Positive electrode active material volume fraction": 0.860799877919115,
        "Positive particle radius [m]": 5.216867520399133e-06,
        "Positive electrode Bruggeman coefficient (electrolyte)": 1.5646022819413465,
        "Positive electrode Bruggeman coefficient (electrode)": 0.0,
        "Positive electrode charge transfer coefficient": 0.2813626591518309,
        "Positive electrode double-layer capacity [F.m-2]": 0.22224852476674553,
        "Positive electrode density [kg.m-3]": 4433.444059423175,
        "Separator porosity": 0.4037650769972558,
        "Separator Bruggeman coefficient (electrolyte)": 1.4221487963012664,
        "Separator Bruggeman coefficient (electrode)": 1.6404205385258739,
        "Separator density [kg.m-3]": 1191.3861407145844,
        "Separator thermal conductivity [W.m-1.K-1]": 0.3925054228964322,
        "Initial concentration in electrolyte [mol.m-3]": 877.3141579119546,
        "Reference temperature [K]": 237.55954259406548,
        "Total heat transfer coefficient [W.m-2.K-1]": 11.97627554592744,
        "Ambient temperature [K]": 324.2086503682112,
        "Number of electrodes connected in parallel to make a cell": 1.1138818477137618,
        "Number of cells connected in series to make a battery": 0.9595314958214624,
        "Lower voltage cut-off [V]": 2.792449925438865,
        "Upper voltage cut-off [V]": 5.10512590695221,
        "Open-circuit voltage at 0% SOC [V]": 2.345396387307955,
        "Open-circuit voltage at 100% SOC [V]": 4.2558111560213785,
        "Initial concentration in negative electrode [mol.m-3]": 25679.757252369007,
        "Initial concentration in positive electrode [mol.m-3]": 14135.281638528386,
        "Initial temperature [K]": 288.2787670066752
    },
    "V": [
        4.2400748597594475,
        4.21586325589238,
        4.205329601818287,
        4.1956854156374845,
        4.186473857253813,
        4.177605461443276,
        4.168921337596066,
        4.160353800498674,
        4.151900754259172,
        4.143587751017308,
        4.13545059612823,
        4.127531697777037,
        4.11987972614215,
        4.112549922595654,
        4.105603525149945,
        4.099104369878663,
        4.093112057188833,
        4.08767260520041,
        4.082807055972258,
        4.078503837117122,
        4.074728552559898,
        4.071441647677345,
        4.068611002450613,
        4.066168857558846,
        4.063947649509178,
        4.06187144880793,
        4.059921796525323,
        4.05802088920033,
        4.056125903476867,
        4.054247889143563,
        4.0523549542927695,
        4.0504023014416966,
        4.048403524317071,
        4.046375775329523,
        4.044280182126895,
        4.0421212250884935,
        4.039924771236676,
        4.037670057229723,
        4.035339562413045,
        4.0329572395773585,
        4.030512230574183,
        4.027982712191771,
        4.025403979388733,
        4.0227648205963344,
        4.020047155811245,
        4.017283215483486,
        4.01443434145382,
        4.011518132029565,
        4.008541898544487,
        4.0054688821448545,
        4.002338115774002,
        3.9990917319704318,
        3.995782615275563,
        3.9923559172055745,
        3.9888535589900993,
        3.9852191435977655,
        3.9815053570900987,
        3.977661551525851,
        3.9737326254104093,
        3.9696738763957615,
        3.9655340147600247,
        3.9612929583342584,
        3.9569649392061947,
        3.9525730730845203,
        3.9481220953848437,
        3.9436396308553476,
        3.9391568392646756,
        3.9346869911631273,
        3.930250463750964,
        3.9258445482617517,
        3.921461064642304,
        3.917103705702959,
        3.9127647213813135,
        3.9084632653267173,
        3.9042047308370886,
        3.900006683397831,
        3.8958773527247343,
        3.891825305440547,
        3.8878565605291295,
        3.8839709446180724,
        3.8801694311869497,
        3.876452175009029,
        3.8728195285070868,
        3.8692687602905127,
        3.8657938488183823,
        3.8623877198386585,
        3.8590435472689526,
        3.8557545360740133,
        3.8525140116311656,
        3.8493162605410394,
        3.84615637427381,
        3.8430299122006333,
        3.839932618389507,
        3.8368603773186147,
        3.8338095033369175,
        3.830775978884202,
        3.82775528899728,
        3.8247427000563237,
        3.8217321386103866,
        3.8187188267643903
    ],