{
    "config": {
        "Ideal gas constant [J.K-1.mol-1]": 8.058318759389211,
        "Faraday constant [C.mol-1]": 88878.74214041843,
        "Boltzmann constant [J.K-1]": 1.3202619126468524e-23,
        "Electron charge [C]": 1.2046716496846425e-19,
        "Ratio of lithium moles to SEI moles": 1.4614635884894183,
        "Inner SEI reaction proportion": 0.471776617695926,
        "Inner SEI partial molar volume [m3.mol-1]": 0.00012144538403573464,
        "Outer SEI partial molar volume [m3.mol-1]": 0.00010175559526707354,
        "SEI reaction exchange current density [A.m-2]": 1.6281460194826715e-07,
        "SEI resistivity [Ohm.m]": 196344.17770437108,
        "Outer SEI solvent diffusivity [m2.s-1]": 1.6930511096512628e-22,
        "Bulk solvent concentration [mol.m-3]": 1614.5560964079114,
        "Inner SEI open-circuit potential [V]": 0.0840761032926199,
        "Outer SEI open-circuit potential [V]": 0.7559237366273941,
        "Inner SEI electron conductivity [S.m-1]": 8.320537279101188e-14,
        "Inner SEI lithium interstitial diffusivity [m2.s-1]": 7.280676720216224e-21,
        "Lithium interstitial reference concentration [mol.m-3]": 12.390857534313737,
        "Initial inner SEI thickness [m]": 2.047269753172374e-09,
        "Initial outer SEI thickness [m]": 1.7551602057092043e-09,
        "EC initial concentration in electrolyte [mol.m-3]": 7183.930543237882,
        "EC diffusivity [m2.s-1]": 1.8688521014161502e-18,
        "SEI kinetic rate constant [m.s-1]": 6.413816842426771e-13,
        "SEI open-circuit potential [V]": 0.40498663033250076,
        "SEI growth activation energy [J.mol-1]": 0.0,
        "Negative electrode reaction-driven LAM factor [m3.mol-1]": 0.0,
        "Positive electrode reaction-driven LAM factor [m3.mol-1]": 0.0,
        "Negative current collector thickness [m]": 9.659169430448614e-06,
        "Negative electrode thickness [m]": 5.054417401454317e-05,
        "Separator thickness [m]": 2.501409641273796e-05,
        "Positive electrode thickness [m]": 3.1380187462923956e-05,
        "Positive current collector thickness [m]": 1.2117562093575375e-05,
        "Electrode height [m]": 0.22279115286943185,
        "Electrode width [m]": 0.11783893791442174,
        "Negative tab width [m]": 0.0432889359029529,
        "Negative tab centre y-coordinate [m]": 0.013110221472390346,
        "Negative tab centre z-coordinate [m]": 0.2682546147855439,
        "Positive tab width [m]": 0.044869999114400594,
        "Positive tab centre y-coordinate [m]": 0.14216476850743082,
        "Positive tab centre z-coordinate [m]": 0.18233808577031266,
        "Cell cooling surface area [m2]": 0.07127961682578302,
        "Cell volume [m3]": 3.3310663195365103e-06,
        "Negative current collector conductivity [S.m-1]": 68770761.98312293,
        "Positive current collector conductivity [S.m-1]": 25433671.8117394,
        "Negative current collector density [kg.m-3]": 11458.047202878877,
        "Positive current collector density [kg.m-3]": 3376.333814680724,
        "Negative current collector specific heat capacity [J.kg-1.K-1]": 308.8896514010544,
        "Positive current collector specific heat capacity [J.kg-1.K-1]": 536.659321656432,
        "Negative current collector thermal conductivity [W.m-1.K-1]": 240.68170809277117,
        "Positive current collector thermal conductivity [W.m-1.K-1]": 118.08319575381245,
        "Nominal cell capacity [A.h]": 0.48991442566258675,
        "Current function [A]": 0.4935851232295845,
        "Contact resistance [Ohm]": 0,
        "Negative electrode conductivity [S.m-1]": 115.84442742573212,
        "Maximum concentration in negative electrode [mol.m-3]": 24784.951964541062,
        "Negative electrode porosity": 0.44319710780315297,
        "Negative electrode active material volume fraction": 0.66850312688189,
        "Negative particle radius [m]": 4.1214248796685995e-07,
        "Negative electrode Bruggeman coefficient (electrolyte)": 1.9599684305558118,
        "Negative electrode Bruggeman coefficient (electrode)": 2.0189409809814087,
        "Negative electrode charge transfer coefficient": 0.4797440946529185,
        "Negative electrode double-layer capacity [F.m-2]": 0.10194551153674523,
        "Negative electrode density [kg.m-3]": 1163.7057891174948,
        "Negative electrode specific heat capacity [J.kg-1.K-1]": 639.3800713218473,
        "Negative electrode thermal conductivity [W.m-1.K-1]": 1.123929548468511,
        "Negative electrode OCP entropic change [V.K-1]": 0.0,
        "Positive electrode conductivity [S.m-1]": 9.466870287863273,
        "Maximum concentration in positive electrode [mol.m-3]": 39587.20791018884,
        "Positive electrode porosity": 0.36109988498131335,
        "Positive electrode active material volume fraction": 0.2970400727520336,
        "Positive particle radius [m]": 1.3987930633604593e-06,
        "Positive electrode Bruggeman coefficient (electrolyte)": 1.9229684629426178,
        "Positive electrode Bruggeman coefficient (electrode)": 2.4525304660256197,
        "Positive electrode charge transfer coefficient": 0.5929128276277607,
        "Positive electrode double-layer capacity [F.m-2]": 0.24342971914266093,
        "Positive electrode density [kg.m-3]": 4756.957620903451,
        "Positive electrode specific heat capacity [J.kg-1.K-1]": 1142.7220695788972,
        "Positive electrode thermal conductivity [W.m-1.K-1]": 1.8303144282459676,
        "Positive electrode OCP entropic change [V.K-1]": 0.0,
        "Separator porosity": 0.3272885174744165,
        "Separator Bruggeman coefficient (electrolyte)": 2.0693347861309723,
        "Separator density [kg.m-3]": 285.88966235570945,
        "Separator specific heat capacity [J.kg-1.K-1]": 822.5170983478566,
        "Separator thermal conductivity [W.m-1.K-1]": 0.03752750962582661,
        "Initial concentration in electrolyte [mol.m-3]": 1431.626608217513,
        "Cation transference number": 0.39209269018913423,
        "Thermodynamic factor": 0.7049514983526756,
        "Reference temperature [K]": 170.22595956695488,
        "Negative current collector surface heat transfer coefficient [W.m-2.K-1]": 0.0,
        "Positive current collector surface heat transfer coefficient [W.m-2.K-1]": 0.0,
        "Negative tab heat transfer coefficient [W.m-2.K-1]": 23.936792678443343,
        "Positive tab heat transfer coefficient [W.m-2.K-1]": 36.7846310602319,
        "Edge heat transfer coefficient [W.m-2.K-1]": 0.239950863589182,
        "Total heat transfer coefficient [W.m-2.K-1]": 23.738987633648385,
        "Ambient temperature [K]": 268.1835254386657,
        "Number of electrodes connected in parallel to make a cell": 1.3455705015724935,
        "Number of cells connected in series to make a battery": 1.3116748964434073,
        "Lower voltage cut-off [V]": 1.876713439058531,
        "Upper voltage cut-off [V]": 5.112212125145877,
        "Open-circuit voltage at 0% SOC [V]": 1.8520375770563076,
        "Open-circuit voltage at 100% SOC [V]": 3.3240478940507208,
        "Initial concentration in negative electrode [mol.m-3]": 18613.255576818854,
        "Initial concentration in positive electrode [mol.m-3]": 22539.75137278428,
        "Initial temperature [K]": 344.5345971000111
    },