{
    "config": {
        "Ideal gas constant [J.K-1.mol-1]": 9.233191881476833,
        "Faraday constant [C.mol-1]": 106519.17954495015,
        "Boltzmann constant [J.K-1]": 1.3003830608125185e-23,
        "Electron charge [C]": 1.3406499781064369e-19,
        "Negative current collector thickness [m]": 1.3541107412786715e-05,
        "Negative electrode thickness [m]": 8.863846882228781e-05,
        "Separator thickness [m]": 1.165289640812174e-05,
        "Positive electrode thickness [m]": 6.274622898457815e-05,
        "Positive current collector thickness [m]": 1.2148003481530375e-05,
        "Electrode height [m]": 0.06085512372798848,
        "Electrode width [m]": 1.2959984735643162,
        "Cell cooling surface area [m2]": 0.005574763956749839,
        "Cell volume [m3]": 2.743025139610659e-05,
        "Negative current collector conductivity [S.m-1]": 57558550.70020021,
        "Positive current collector conductivity [S.m-1]": 37548119.93672816,
        "Negative current collector density [kg.m-3]": 6855.202320475842,
        "Positive current collector density [kg.m-3]": 2965.517990676186,
        "Positive current collector thermal conductivity [W.m-1.K-1]": 266.58672483758113,
        "Nominal cell capacity [A.h]": 5.823580441885017,
        "Current function [A]": 5.649001220175927,
        "Contact resistance [Ohm]": 0,
        "Negative electrode conductivity [S.m-1]": 190.83569824600366,
        "Maximum concentration in negative electrode [mol.m-3]": 36359.9053291975,
        "Negative electrode porosity": 0.2584357591005693,
        "Negative electrode active material volume fraction": 0.6618486824102349,
        "Negative particle radius [m]": 5.882235346927397e-06,
        "Negative electrode Bruggeman coefficient (electrolyte)": 1.2970651382124054,
        "Negative electrode Bruggeman coefficient (electrode)": 0.0,
        "Negative electrode charge transfer coefficient": 0.4612433896184887,
        "Negative electrode double-layer capacity [F.m-2]": 0.26438703797626784,
        "Negative electrode density [kg.m-3]": 2339.938816345646,
        "Maximum concentration in positive electrode [mol.m-3]": 44856.181716349514,
        "Positive electrode porosity": 0.30830515760882565,
        "Positive electrode active material volume fraction": 0.5431695735388065,
        "Positive particle radius [m]": 5.089049465400203e-06,
        "Positive electrode Bruggeman coefficient (electrolyte)": 1.1205438513418797,
        "Positive electrode Bruggeman coefficient (electrode)": 0.0,
        "Positive electrode charge transfer coefficient": 0.569873999495153,
        "Positive electrode double-layer capacity [F.m-2]": 0.17748082091407558,
        "Positive electrode density [kg.m-3]": 4139.93571539009,
        "Separator porosity": 0.43146760577557947,
        "Separator Bruggeman coefficient (electrolyte)": 1.2920919275271663,
        "Separator Bruggeman coefficient (electrode)": 1.261692311388485,
        "Separator density [kg.m-3]": 1519.550626230859,
        "Separator thermal conductivity [W.m-1.K-1]": 0.3633614031752485,
        "Initial concentration in electrolyte [mol.m-3]": 1123.0415493928112,
        "Reference temperature [K]": 279.0265505365917,
        "Total heat transfer coefficient [W.m-2.K-1]": 7.8931220486683245,
        "Ambient temperature [K]": 285.8609368014747,
        "Number of electrodes connected in parallel to make a cell": 0.8517900616808493,
        "Number of cells connected in series to make a battery": 0.7652802631139309,
        "Lower voltage cut-off [V]": 2.1616131216097854,
        "Upper voltage cut-off [V]": 4.123667609120691,
        "Open-circuit voltage at 0% SOC [V]": 2.9069923031108216,
        "Open-circuit voltage at 100% SOC [V]": 4.871366766743592,
        "Initial concentration in negative electrode [mol.m-3]": 24490.116928150615,
        "Initial concentration in positive electrode [mol.m-3]": 14286.496497513586,
        "Initial temperature [K]": 308.9766406227113
    },
    "V": [
        3.945381978223798,
        3.7342450854416684,
        3.6595498707053573,
        3.595580471963264,
        3.522515561396409,
        3.4490861876054058,
        3.3720783890548724,
        3.2824715823054476,
        3.1490591453758032,
        3.0041800194925576,
        2.972091517612908,
        2.946162459485012,
        2.928449206602206,
        2.953824774229518,
        2.9618271245135945,
        2.9462214790926824,
        2.939894184644918,
        2.895298065846675,
        2.758970407051952,
        2.7694193347692284,
        2.713444115274822,
        2.618898472457719,
        2.5975428474907707,
        2.4762341709592954,
        2.4154209287541337,
        2.388968526723909,
        2.353871763873857,
        2.253375917087236,
        2.1616231216101176
    ],
    "time": [
        0.0,
        36.36363636363637,
        72.72727272727273,
        109.0909090909091,
        145.45454545454547,
        181.81818181818184,
        218.1818181818182,
        254.54545454545456,
        290.90909090909093,
        327.2727272727273,
        363.6363636363637,
        400.00000000000006,
        436.3636363636364,
        472.72727272727275,
        509.0909090909091,
        545.4545454545455,
        581.8181818181819,
        618.1818181818182,
        654.5454545454546,
        690.909090909091,
        727.2727272727274,
        763.6363636363637,
        800.0000000000001,
        836.3636363636365,
        841.0511363636365,
        841.6370738636365,
        841.9300426136365,
        842.0765269886365,
        842.0936492552146
    ]
}