{
    "config": {
        "Ideal gas constant [J.K-1.mol-1]": 7.510840706582135,
        "Faraday constant [C.mol-1]": 61877.880573491515,
        "Boltzmann constant [J.K-1]": 7.830445743070349e-24,
        "Electron charge [C]": 2.379324567555847e-19,
        "Ratio of lithium moles to SEI moles": 1.4776156980453854,
        "Inner SEI reaction proportion": 0.5553346286635475,
        "Inner SEI partial molar volume [m3.mol-1]": 7.467900707269923e-05,
        "Outer SEI partial molar volume [m3.mol-1]": 8.910133917010913e-05,
        "SEI reaction exchange current density [A.m-2]": 1.187920114298831e-07,
        "SEI resistivity [Ohm.m]": 228231.0517129149,
        "Outer SEI solvent diffusivity [m2.s-1]": 1.8680712719993027e-22,
        "Bulk solvent concentration [mol.m-3]": 2052.893543737669,
        "Inner SEI open-circuit potential [V]": 0.11515420893629409,
        "Outer SEI open-circuit potential [V]": 0.7263606102241883,
        "Inner SEI electron conductivity [S.m-1]": 7.01796591496328e-14,
        "Inner SEI lithium interstitial diffusivity [m2.s-1]": 1.2375484163086883e-20,
        "Lithium interstitial reference concentration [mol.m-3]": 10.661032157179324,
        "Initial inner SEI thickness [m]": 2.3510937491983743e-09,
        "Initial outer SEI thickness [m]": 9.217207254613689e-10,
        "EC initial concentration in electrolyte [mol.m-3]": 4772.7329161100215,
        "EC diffusivity [m2.s-1]": 1.734858444940113e-18,
        "SEI kinetic rate constant [m.s-1]": 8.952629672641421e-13,
        "SEI open-circuit potential [V]": 0.38952476306395106,
        "SEI growth activation energy [J.mol-1]": 0.0,
        "Negative electrode reaction-driven LAM factor [m3.mol-1]": 0.0,
        "Positive electrode reaction-driven LAM factor [m3.mol-1]": 0.0,
        "Negative current collector thickness [m]": 1.0100250156543322e-05,
        "Negative electrode thickness [m]": 6.585843593007724e-05,
        "Separator thickness [m]": 1.46388758371909e-05,
        "Positive electrode thickness [m]": 7.503622807282865e-05,
        "Positive current collector thickness [m]": 2.1270604964704997e-05,
        "Electrode height [m]": 0.0449326818786385,
        "Electrode width [m]": 1.8273239565558985,
        "Cell cooling surface area [m2]": 0.006703333139896538,
        "Cell volume [m3]": 2.720438068758367e-05,
        "Cell thermal expansion coefficient [m.K-1]": 9.33613117620352e-07,
        "Negative current collector conductivity [S.m-1]": 44378274.9024328,
        "Positive current collector conductivity [S.m-1]": 36019808.43918828,
        "Negative current collector density [kg.m-3]": 8858.24679506552,
        "Positive current collector density [kg.m-3]": 3829.5546381291306,
        "Negative current collector specific heat capacity [J.kg-1.K-1]": 345.610388444201,
        "Positive current collector specific heat capacity [J.kg-1.K-1]": 733.648642030791,
        "Negative current collector thermal conductivity [W.m-1.K-1]": 292.13441643104767,
        "Positive current collector thermal conductivity [W.m-1.K-1]": 252.74864101443833,
        "Nominal cell capacity [A.h]": 5.660184783906387,
        "Current function [A]": 4.911958073955142,
        "Contact resistance [Ohm]": 0,
        "Negative electrode conductivity [S.m-1]": 188.62512025011563,
        "Maximum concentration in negative electrode [mol.m-3]": 34578.31382871511,
        "Negative particle diffusivity [m2.s-1]": 3.599949939342497e-14,
        "Negative electrode porosity": 0.19359549009540228,
        "Negative electrode active material volume fraction": 0.701250772081204,
        "Negative particle radius [m]": 6.1732333143992405e-06,
        "Negative electrode Bruggeman coefficient (electrolyte)": 1.4742427827255093,
        "Negative electrode Bruggeman coefficient (electrode)": 0,
        "Negative electrode charge transfer coefficient": 0.42174475466180517,
        "Negative electrode double-layer capacity [F.m-2]": 0.18927039426229036,
        "Negative electrode density [kg.m-3]": 1805.4388113569537,
        "Negative electrode specific heat capacity [J.kg-1.K-1]": 485.00063953744336,
        "Negative electrode thermal conductivity [W.m-1.K-1]": 1.5331701193685483,
        "Negative electrode OCP entropic change [V.K-1]": 0.0,
        "Positive electrode conductivity [S.m-1]": 0.19739515609885572,
        "Maximum concentration in positive electrode [mol.m-3]": 47957.192986894464,
        "Positive particle diffusivity [m2.s-1]": 5.0199059343370404e-15,
        "Positive electrode porosity": 0.3544452682605756,
        "Positive electrode active material volume fraction": 0.7864036571408145,
        "Positive particle radius [m]": 6.079578473914109e-06,
        "Positive electrode Bruggeman coefficient (electrolyte)": 1.4216850085691357,
        "Positive electrode Bruggeman coefficient (electrode)": 0,
        "Positive electrode charge transfer coefficient": 0.35858923109280316,
        "Positive electrode double-layer capacity [F.m-2]": 0.2189310649551155,
        "Positive electrode density [kg.m-3]": 2581.721131950242,
        "Positive electrode specific heat capacity [J.kg-1.K-1]": 779.5958641900206,
        "Positive electrode thermal conductivity [W.m-1.K-1]": 2.5078973957297195,
        "Positive electrode OCP entropic change [V.K-1]": 0.0,
        "Separator porosity": 0.5554959904604768,
        "Separator Bruggeman coefficient (electrolyte)": 1.5915943917357014,
        "Separator density [kg.m-3]": 408.95441468640007,
        "Separator specific heat capacity [J.kg-1.K-1]": 735.6801513658008,
        "Separator thermal conductivity [W.m-1.K-1]": 0.11497199523341015,
        "Initial concentration in electrolyte [mol.m-3]": 1082.2098982361085,
        "Cation transference number": 0.14563034981245276,
        "Thermodynamic factor": 0.8247336006050642,
        "Reference temperature [K]": 301.2866285835279,
        "Total heat transfer coefficient [W.m-2.K-1]": 15.253875507000785,
        "Ambient temperature [K]": 222.2778364258803,
        "Number of electrodes connected in parallel to make a cell": 1.1347307294137479,
        "Number of cells connected in series to make a battery": 0.547543816617154,
        "Lower voltage cut-off [V]": 1.3908046185196992,
        "Upper voltage cut-off [V]": 4.462198099722516,
        "Open-circuit voltage at 0% SOC [V]": 2.1168405893817477,
        "Open-circuit voltage at 100% SOC [V]": 4.374358373487605,
        "Initial concentration in negative electrode [mol.m-3]": 30575.93910874826,
        "Initial concentration in positive electrode [mol.m-3]": 15369.843378830159,
        "Initial temperature [K]": 328.5179854460987
    },
    "V": [
        3.571284820366838,
        3.488222985957221,
        3.4268347208384853,
        3.388814540740472,
        3.3625388242295804,
        3.3409798212147566,
        3.3203511272338475,
        3.298084123378456,
        3.27339435565644,
        3.246908148622495,
        3.2199371742304734,
        3.1937811403627485,
        3.1692157579841513,
        3.1463366437390508,
        3.1252681809219687,
        3.106921387546432,
        3.0913350970137445,
        3.0774301893135294,
        3.064151461363756,
        3.050821355069761,
        3.0371145745102552,
        3.0229494393846705,
        3.008366911422923,
        2.9934586111297072,
        2.9782897835158577,
        2.9628535024657725,
        2.9470123712341123,
        2.9304773789078267,
        2.9127806607967477,
        2.893408647810269,
        2.872263759216069,
        2.849880889902583,
        2.826596943850228,
        2.8022324704466763,
        2.7766067321877026,
        2.7486266869954044,
        2.712478536369759,
        2.6539516090026534,
        2.576157310452424,
        2.495843649710605,
        2.3978812451687315,
        2.232636614900982,
        1.9049942496995569,
        1.3908146185197003
    ],