{
    "config": {
        "Ideal gas constant [J.K-1.mol-1]": 10.681402995668854,
        "Faraday constant [C.mol-1]": 122288.18584204948,
        "Boltzmann constant [J.K-1]": 7.994049788944647e-24,
        "Electron charge [C]": 1.07112305332294e-19,
        "Lithium metal partial molar volume [m3.mol-1]": 8.1908913758676e-06,
        "Lithium plating kinetic rate constant [m.s-1]": 1.133236695210787e-09,
        "Initial plated lithium concentration [mol.m-3]": 0.0,
        "Typical plated lithium concentration [mol.m-3]": 829.8237063589463,
        "Lithium plating transfer coefficient": 0.9969328262190545,
        "Dead lithium decay constant [s-1]": 1.2967601423685318e-06,
        "Ratio of lithium moles to SEI moles": 1.271219603434464,
        "Inner SEI reaction proportion": 0.0,
        "Inner SEI partial molar volume [m3.mol-1]": 0.00011839396022119794,
        "Outer SEI partial molar volume [m3.mol-1]": 7.817803008302655e-05,
        "SEI reaction exchange current density [A.m-2]": 1.7784696046364032e-07,
        "SEI resistivity [Ohm.m]": 219848.39078587716,
        "Outer SEI solvent diffusivity [m2.s-1]": 2.3181065741789627e-22,
        "Bulk solvent concentration [mol.m-3]": 2326.153593412014,
        "Inner SEI open-circuit potential [V]": 0.16672388335779845,
        "Outer SEI open-circuit potential [V]": 0.31187475058893377,
        "Inner SEI electron conductivity [S.m-1]": 3.8048574065581065e-14,
        "Inner SEI lithium interstitial diffusivity [m2.s-1]": 1.0734406844771746e-20,
        "Lithium interstitial reference concentration [mol.m-3]": 14.421640532218717,
        "Initial inner SEI thickness [m]": 0.0,
        "Initial outer SEI thickness [m]": 5.01785364424687e-09,
        "EC initial concentration in electrolyte [mol.m-3]": 4432.508142511678,
        "EC diffusivity [m2.s-1]": 2.1265255316572413e-18,
        "SEI kinetic rate constant [m.s-1]": 7.440887239825608e-13,
        "SEI open-circuit potential [V]": 0.26453364001566226,
        "SEI growth activation energy [J.mol-1]": 31573.71085726418,
        "Negative electrode reaction-driven LAM factor [m3.mol-1]": 0.0,
        "Positive electrode reaction-driven LAM factor [m3.mol-1]": 0.0,
        "Negative current collector thickness [m]": 7.743418253227964e-06,
        "Negative electrode thickness [m]": 8.676385870479352e-05,
        "Separator thickness [m]": 1.2189382410096481e-05,
        "Positive electrode thickness [m]": 4.903038114462232e-05,
        "Positive current collector thickness [m]": 1.4653677109636135e-05,
        "Electrode height [m]": 0.05631371614939151,
        "Electrode width [m]": 1.98886795825873,
        "Cell cooling surface area [m2]": 0.003996303936570848,
        "Cell volume [m3]": 1.8166482893891058e-05,
        "Cell thermal expansion coefficient [m.K-1]": 6.438728464161015e-07,
        "Negative current collector conductivity [S.m-1]": 66624323.20483173,
        "Positive current collector conductivity [S.m-1]": 42057471.21977439,
        "Negative current collector density [kg.m-3]": 9776.113932327422,
        "Positive current collector density [kg.m-3]": 1981.8885763986755,
        "Negative current collector specific heat capacity [J.kg-1.K-1]": 480.1315834993374,
        "Positive current collector specific heat capacity [J.kg-1.K-1]": 986.2387754304879,
        "Negative current collector thermal conductivity [W.m-1.K-1]": 392.1517263332837,
        "Positive current collector thermal conductivity [W.m-1.K-1]": 189.46701930701303,
        "Nominal cell capacity [A.h]": 5.757367656263444,
        "Current function [A]": 4.960243425439015,
        "Contact resistance [Ohm]": 0,
        "Negative electrode conductivity [S.m-1]": 231.7653956864268,
        "Maximum concentration in negative electrode [mol.m-3]": 49085.40596413653,
        "Negative electrode porosity": 0.3157611561071657,
        "Negative electrode active material volume fraction": 0.7085071336135003,
        "Negative particle radius [m]": 5.155366195350277e-06,
        "Negative electrode Bruggeman coefficient (electrolyte)": 1.677310716181115,
        "Negative electrode Bruggeman coefficient (electrode)": 1.528080499527089,
        "Negative electrode charge transfer coefficient": 0.28155378404143827,
        "Negative electrode double-layer capacity [F.m-2]": 0.18309190942448011,
        "Negative electrode density [kg.m-3]": 2065.0346806033454,
        "Negative electrode specific heat capacity [J.kg-1.K-1]": 432.91301729198955,
        "Negative electrode thermal conductivity [W.m-1.K-1]": 1.540138671957519,
        "Negative electrode OCP entropic change [V.K-1]": 0.0,
        "Negative electrode Poisson's ratio": 0.24379349837851025,
        "Negative electrode Young's modulus [Pa]": 16105457700.747824,
        "Negative electrode reference concentration for free of deformation [mol.m-3]": 0.0,
        "Negative electrode partial molar volume [m3.mol-1]": 2.0838789574646474e-06,
        "Negative electrode initial crack length [m]": 2.1795787001560348e-08,
        "Negative electrode initial crack width [m]": 1.3974662890475567e-08,
        "Negative electrode number of cracks per unit area [m-2]": 4510711121468146.0,
        "Negative electrode Paris' law constant b": 1.1176146179291613,
        "Negative electrode Paris' law constant m": 2.436744272824903,
        "Negative electrode LAM constant proportional term [s-1]": 2.52894044704569e-07,
        "Negative electrode LAM constant exponential term": 2.334480302361914,
        "Negative electrode critical stress [Pa]": 82075921.05395058,
        "Positive electrode conductivity [S.m-1]": 0.1893272780349574,
        "Maximum concentration in positive electrode [mol.m-3]": 65974.50073253408,
        "Positive electrode porosity": 0.28031382841634306,
        "Positive electrode active material volume fraction": 0.6076774109096651,
        "Positive particle radius [m]": 3.1035890391676257e-06,
        "Positive electrode Bruggeman coefficient (electrolyte)": 0.8306323837903253,
        "Positive electrode Bruggeman coefficient (electrode)": 1.6973241553728362,
        "Positive electrode charge transfer coefficient": 0.3369749149896727,
        "Positive electrode double-layer capacity [F.m-2]": 0.19053345901287203,
        "Positive electrode density [kg.m-3]": 4075.379060430738,
        "Positive electrode specific heat capacity [J.kg-1.K-1]": 761.599888442104,
        "Positive electrode thermal conductivity [W.m-1.K-1]": 2.182139118957803,
        "Positive electrode OCP entropic change [V.K-1]": 0.0,
        "Positive electrode Poisson's ratio": 0.17832604099520732,
        "Positive electrode Young's modulus [Pa]": 116255472030.05206,
        "Positive electrode reference concentration for free of deformation [mol.m-3]": 0.0,
        "Positive electrode partial molar volume [m3.mol-1]": 1.0376637751035362e-05,
        "Positive electrode initial crack length [m]": 2.2881217369967274e-08,
        "Positive electrode initial crack width [m]": 1.535396239121841e-08,
        "Positive electrode number of cracks per unit area [m-2]": 2715213288649374.5,
        "Positive electrode Paris' law constant b": 0.9294665571033462,
        "Positive electrode Paris' law constant m": 0.9876308202165733,
        "Positive electrode LAM constant proportional term [s-1]": 1.9375051137823933e-07,
        "Positive electrode LAM constant exponential term": 1.452952284446658,
        "Positive electrode critical stress [Pa]": 459265860.083408,
        "Separator porosity": 0.5293902539368435,
        "Separator Bruggeman coefficient (electrolyte)": 1.3557162764680382,
        "Separator density [kg.m-3]": 429.6599891909449,
        "Separator specific heat capacity [J.kg-1.K-1]": 582.2894326120731,
        "Separator thermal conductivity [W.m-1.K-1]": 0.11929530905448632,
        "Initial concentration in electrolyte [mol.m-3]": 737.9122908642471,
        "Cation transference number": 0.31603239283089496,