{
    "config": {
        "Ideal gas constant [J.K-1.mol-1]": 8.875207451813196,
        "Faraday constant [C.mol-1]": 86136.5855162091,
        "Boltzmann constant [J.K-1]": 8.659318833777961e-24,
        "Electron charge [C]": 1.351692993996951e-19,
        "Ratio of lithium moles to SEI moles": 2.990849132895055,
        "Inner SEI reaction proportion": 0.4466114928375381,
        "Inner SEI partial molar volume [m3.mol-1]": 8.504893053270885e-05,
        "Outer SEI partial molar volume [m3.mol-1]": 9.795939615244727e-05,
        "SEI reaction exchange current density [A.m-2]": 1.6175909718454582e-07,
        "SEI resistivity [Ohm.m]": 209528.52775764698,
        "Outer SEI solvent diffusivity [m2.s-1]": 3.4777626672492165e-22,
        "Bulk solvent concentration [mol.m-3]": 3622.583682651273,
        "Inner SEI open-circuit potential [V]": 0.15503728642684478,
        "Outer SEI open-circuit potential [V]": 0.720913021957347,
        "Inner SEI electron conductivity [S.m-1]": 1.2804615482005847e-13,
        "Inner SEI lithium interstitial diffusivity [m2.s-1]": 6.807569704106566e-21,
        "Lithium interstitial reference concentration [mol.m-3]": 14.419608346337954,
        "Initial inner SEI thickness [m]": 2.3476529211810675e-09,
        "Initial outer SEI thickness [m]": 2.008120153153057e-09,
        "EC initial concentration in electrolyte [mol.m-3]": 6464.434304017042,
        "EC diffusivity [m2.s-1]": 1.3836899196297733e-18,
        "SEI kinetic rate constant [m.s-1]": 7.307257442267553e-13,
        "SEI open-circuit potential [V]": 0.35848096154041564,
        "SEI growth activation energy [J.mol-1]": 0.0,
        "Negative electrode reaction-driven LAM factor [m3.mol-1]": 0.0,
        "Positive electrode reaction-driven LAM factor [m3.mol-1]": 0.0,
        "Negative current collector thickness [m]": 7.054193144307075e-06,
        "Negative electrode thickness [m]": 7.88800381950818e-05,
        "Separator thickness [m]": 2.8399622083194856e-05,
        "Positive electrode thickness [m]": 2.747995783877522e-05,
        "Positive current collector thickness [m]": 8.372043151073666e-06,
        "Electrode height [m]": 0.22128429141252642,
        "Electrode width [m]": 0.10215777884342819,
        "Negative tab width [m]": 0.051000214305035194,
        "Negative tab centre y-coordinate [m]": 0.014920707151286995,
        "Negative tab centre z-coordinate [m]": 0.2334930073587696,
        "Positive tab width [m]": 0.059880571976083,
        "Positive tab centre y-coordinate [m]": 0.1536253712927757,
        "Positive tab centre z-coordinate [m]": 0.16381313843622053,
        "Cell cooling surface area [m2]": 0.05841142628393644,
        "Cell volume [m3]": 4.43872955657268e-06,
        "Negative current collector conductivity [S.m-1]": 62867605.67965936,
        "Positive current collector conductivity [S.m-1]": 27946303.061431386,
        "Negative current collector density [kg.m-3]": 14040.100600113183,
        "Positive current collector density [kg.m-3]": 2763.227711083103,
        "Negative current collector specific heat capacity [J.kg-1.K-1]": 330.77565927331244,
        "Positive current collector specific heat capacity [J.kg-1.K-1]": 743.0116216358614,
        "Negative current collector thermal conductivity [W.m-1.K-1]": 301.81040554774364,
        "Positive current collector thermal conductivity [W.m-1.K-1]": 168.50341914399738,
        "Nominal cell capacity [A.h]": 0.3111487826287826,
        "Current function [A]": 0.5158445262100211,
        "Contact resistance [Ohm]": 0,
        "Negative electrode conductivity [S.m-1]": 104.24351258140862,
        "Maximum concentration in negative electrode [mol.m-3]": 42783.0113683144,
        "Negative electrode porosity": 0.36228717810979194,
        "Negative electrode active material volume fraction": 0.3456261426475763,
        "Negative particle radius [m]": 5.340432461915749e-07,
        "Negative electrode Bruggeman coefficient (electrolyte)": 2.0711782962737475,
        "Negative electrode Bruggeman coefficient (electrode)": 1.875485524285346,
        "Negative electrode charge transfer coefficient": 0.418212942677862,
        "Negative electrode double-layer capacity [F.m-2]": 0.21262145457984097,
        "Negative electrode density [kg.m-3]": 1975.0610641476296,
        "Negative electrode specific heat capacity [J.kg-1.K-1]": 778.3169129830356,
        "Negative electrode thermal conductivity [W.m-1.K-1]": 0.6987320081710381,
        "Negative electrode OCP entropic change [V.K-1]": 0.0,
        "Positive electrode conductivity [S.m-1]": 11.208510983170111,
        "Maximum concentration in positive electrode [mol.m-3]": 58012.49811623358,
        "Positive electrode porosity": 0.41135694973183057,
        "Positive electrode active material volume fraction": 0.4066256670787652,
        "Positive particle radius [m]": 1.3721358665957344e-06,
        "Positive electrode Bruggeman coefficient (electrolyte)": 2.1211701973444685,
        "Positive electrode Bruggeman coefficient (electrode)": 2.05749274487307,
        "Positive electrode charge transfer coefficient": 0.33981273067401085,
        "Positive electrode double-layer capacity [F.m-2]": 0.2650987389287378,
        "Positive electrode density [kg.m-3]": 5698.800858742614,
        "Positive electrode specific heat capacity [J.kg-1.K-1]": 735.9080477431412,
        "Positive electrode thermal conductivity [W.m-1.K-1]": 1.285066591000732,
        "Positive electrode OCP entropic change [V.K-1]": 0.0,
        "Separator porosity": 0.4824477982979304,
        "Separator Bruggeman coefficient (electrolyte)": 1.5222018381934732,
        "Separator density [kg.m-3]": 415.0791584710071,
        "Separator specific heat capacity [J.kg-1.K-1]": 705.2394211369046,
        "Separator thermal conductivity [W.m-1.K-1]": 0.11344018814798598,
        "Initial concentration in electrolyte [mol.m-3]": 996.4401784096532,
        "Cation transference number": 0.4743503322551066,
        "Thermodynamic factor": 0.7022332755212941,
        "Reference temperature [K]": 352.94020757606546,
        "Negative current collector surface heat transfer coefficient [W.m-2.K-1]": 0.0,
        "Positive current collector surface heat transfer coefficient [W.m-2.K-1]": 0.0,
        "Negative tab heat transfer coefficient [W.m-2.K-1]": 31.505243428245343,
        "Positive tab heat transfer coefficient [W.m-2.K-1]": 25.726988612329514,
        "Edge heat transfer coefficient [W.m-2.K-1]": 0.2748971750110917,
        "Total heat transfer coefficient [W.m-2.K-1]": 25.675991100394942,
        "Ambient temperature [K]": 320.95597653332084,
        "Number of electrodes connected in parallel to make a cell": 1.0152073475657657,
        "Number of cells connected in series to make a battery": 1.1529659376836572,
        "Lower voltage cut-off [V]": 2.638120531242848,
        "Upper voltage cut-off [V]": 5.358870946988378,
        "Open-circuit voltage at 0% SOC [V]": 2.7892654764428935,
        "Open-circuit voltage at 100% SOC [V]": 3.435852026428931,
        "Initial concentration in negative electrode [mol.m-3]": 20834.826749167136,
        "Initial concentration in positive electrode [mol.m-3]": 24335.57391945344,
        "Initial temperature [K]": 310.3276347112835
    },