{
    "config": {
        "Ideal gas constant [J.K-1.mol-1]": 8.660892588331878,
        "Faraday constant [C.mol-1]": 112370.29527920588,
        "Boltzmann constant [J.K-1]": 1.6023979409510145e-23,
        "Electron charge [C]": 1.4218200926646062e-19,
        "Ratio of lithium moles to SEI moles": 2.6210733297809963,
        "Inner SEI reaction proportion": 0.5732819775735603,
        "Inner SEI partial molar volume [m3.mol-1]": 0.00013320733328564164,
        "Outer SEI partial molar volume [m3.mol-1]": 9.864763761453571e-05,
        "SEI growth transfer coefficient": 0.5107386480581755,
        "SEI reaction exchange current density [A.m-2]": 9.322514538150532e-08,
        "SEI resistivity [Ohm.m]": 215285.27863796358,
        "Outer SEI solvent diffusivity [m2.s-1]": 2.122298597457449e-22,
        "Bulk solvent concentration [mol.m-3]": 1931.3413806894162,
        "Inner SEI open-circuit potential [V]": 0.09127064557839798,
        "Outer SEI open-circuit potential [V]": 1.0104062424923317,
        "Inner SEI electron conductivity [S.m-1]": 8.359705941907614e-14,
        "Inner SEI lithium interstitial diffusivity [m2.s-1]": 1.0360028780733986e-20,
        "Lithium interstitial reference concentration [mol.m-3]": 12.419469567709065,
        "Initial inner SEI thickness [m]": 3.804903572524411e-09,
        "Initial outer SEI thickness [m]": 2.849341881012385e-09,
        "EC initial concentration in electrolyte [mol.m-3]": 5516.886956979922,
        "EC diffusivity [m2.s-1]": 2.4471064474683323e-18,
        "SEI kinetic rate constant [m.s-1]": 9.474478353604415e-13,
        "SEI open-circuit potential [V]": 0.2831111483270765,
        "SEI growth activation energy [J.mol-1]": 0.0,
        "Negative electrode reaction-driven LAM factor [m3.mol-1]": 0.0,
        "Positive electrode reaction-driven LAM factor [m3.mol-1]": 0.0,
        "Negative current collector thickness [m]": 2.5617257707000056e-05,
        "Negative electrode thickness [m]": 0.00011001313146975081,
        "Separator thickness [m]": 2.162314532659889e-05,
        "Positive electrode thickness [m]": 0.00013627485612772858,
        "Positive current collector thickness [m]": 2.1358608281943943e-05,
        "Electrode height [m]": 0.17355269636431384,
        "Electrode width [m]": 0.21783960791086998,
        "Negative tab width [m]": 0.059222379003150125,
        "Negative tab centre y-coordinate [m]": 0.05397302955659617,
        "Negative tab centre z-coordinate [m]": 0.12664595274593174,
        "Positive tab width [m]": 0.053691583497531614,
        "Positive tab centre y-coordinate [m]": 0.14911787667226747,
        "Positive tab centre z-coordinate [m]": 0.18199635474510595,
        "Cell cooling surface area [m2]": 0.04892001115590396,
        "Cell volume [m3]": 8.627306547716534e-06,
        "Negative current collector conductivity [S.m-1]": 71221230.83911268,
        "Positive current collector conductivity [S.m-1]": 43400430.69774945,
        "Negative current collector density [kg.m-3]": 6413.630165556738,
        "Positive current collector density [kg.m-3]": 3723.2212992676455,
        "Negative current collector specific heat capacity [J.kg-1.K-1]": 609.6480786048805,
        "Positive current collector specific heat capacity [J.kg-1.K-1]": 982.3937599526586,
        "Negative current collector thermal conductivity [W.m-1.K-1]": 510.50959620505466,
        "Positive current collector thermal conductivity [W.m-1.K-1]": 192.82564733008707,
        "Nominal cell capacity [A.h]": 0.6481678060863386,
        "Current function [A]": 0.9284016335017448,
        "Contact resistance [Ohm]": 0,
        "Negative electrode conductivity [S.m-1]": 102.74044905223954,
        "Maximum concentration in negative electrode [mol.m-3]": 24245.061194607028,
        "Negative electrode porosity": 0.2818213599185536,
        "Negative electrode active material volume fraction": 0.4391829466267685,
        "Negative particle radius [m]": 1.1504426690739231e-05,
        "Negative electrode Bruggeman coefficient (electrolyte)": 1.7684191633300703,
        "Negative electrode Bruggeman coefficient (electrode)": 2.2562276052980446,
        "Negative electrode charge transfer coefficient": 0.5713071555245688,
        "Negative electrode double-layer capacity [F.m-2]": 0.2528113013592126,
        "Negative electrode density [kg.m-3]": 1001.2103392375362,
        "Negative electrode specific heat capacity [J.kg-1.K-1]": 600.1832515397579,
        "Negative electrode thermal conductivity [W.m-1.K-1]": 1.7482915667489458,
        "Positive electrode conductivity [S.m-1]": 13.279979648785575,
        "Maximum concentration in positive electrode [mol.m-3]": 48342.37328828359,
        "Positive electrode porosity": 0.30916442083002227,
        "Positive electrode active material volume fraction": 0.5181444320777586,
        "Positive particle radius [m]": 8.344435847785738e-06,
        "Positive electrode Bruggeman coefficient (electrolyte)": 1.1773865660437564,
        "Positive electrode Bruggeman coefficient (electrode)": 1.7766996658002026,
        "Positive electrode charge transfer coefficient": 0.5947331400488024,
        "Positive electrode double-layer capacity [F.m-2]": 0.17684787910338448,
        "Positive electrode density [kg.m-3]": 2572.4621236514536,
        "Positive electrode specific heat capacity [J.kg-1.K-1]": 542.8039886357334,
        "Positive electrode thermal conductivity [W.m-1.K-1]": 2.040884389529924,
        "Separator porosity": 0.9338217810246894,
        "Separator Bruggeman coefficient (electrolyte)": 2.3397920733448405,
        "Separator density [kg.m-3]": 274.35936863748685,
        "Separator specific heat capacity [J.kg-1.K-1]": 731.2890218539728,
        "Separator thermal conductivity [W.m-1.K-1]": 0.08651384823083166,
        "Initial concentration in electrolyte [mol.m-3]": 1265.2580758728739,
        "Cation transference number": 0.4332426897942137,
        "Thermodynamic factor": 1.3117233799429135,
        "Reference temperature [K]": 383.60740867597184,
        "Ambient temperature [K]": 467.4663010889301,
        "Negative current collector surface heat transfer coefficient [W.m-2.K-1]": 0.0,
        "Positive current collector surface heat transfer coefficient [W.m-2.K-1]": 0.0,
        "Negative tab heat transfer coefficient [W.m-2.K-1]": 11.832098284257642,
        "Positive tab heat transfer coefficient [W.m-2.K-1]": 11.614426399763246,
        "Edge heat transfer coefficient [W.m-2.K-1]": 0.4147401887509974,
        "Total heat transfer coefficient [W.m-2.K-1]": 9.0880738299501,
        "Number of electrodes connected in parallel to make a cell": 1.1028787485733265,
        "Number of cells connected in series to make a battery": 0.9496829511775828,
        "Lower voltage cut-off [V]": 1.952271903888209,
        "Upper voltage cut-off [V]": 4.467820654753531,
        "Open-circuit voltage at 0% SOC [V]": 3.9701404048243547,
        "Open-circuit voltage at 100% SOC [V]": 3.3608599810890225,
        "Initial concentration in negative electrode [mol.m-3]": 20816.794780728138,
        "Initial concentration in positive electrode [mol.m-3]": 27476.65166699196,
        "Initial temperature [K]": 373.0160645116623
    },