{
    "config": {
        "Ideal gas constant [J.K-1.mol-1]": 8.13156993195158,
        "Faraday constant [C.mol-1]": 95176.84611444449,
        "Boltzmann constant [J.K-1]": 6.623405004258706e-24,
        "Electron charge [C]": 9.316375279485846e-20,
        "Ratio of lithium moles to SEI moles": 3.2862022101650687,
        "Inner SEI reaction proportion": 0.5549603204186495,
        "Inner SEI partial molar volume [m3.mol-1]": 8.934273871324307e-05,
        "Outer SEI partial molar volume [m3.mol-1]": 7.83921647181699e-05,
        "SEI reaction exchange current density [A.m-2]": 1.6181838188051413e-07,
        "SEI resistivity [Ohm.m]": 301893.3941325144,
        "Outer SEI solvent diffusivity [m2.s-1]": 2.4768839739003687e-22,
        "Bulk solvent concentration [mol.m-3]": 2709.865363957327,
        "Inner SEI open-circuit potential [V]": 0.11621958138219192,
        "Outer SEI open-circuit potential [V]": 0.8624627610713554,
        "Inner SEI electron conductivity [S.m-1]": 8.232391141677992e-14,
        "Inner SEI lithium interstitial diffusivity [m2.s-1]": 3.4977031881167085e-21,
        "Lithium interstitial reference concentration [mol.m-3]": 7.5998587838524045,
        "Initial inner SEI thickness [m]": 2.3212408067017015e-09,
        "Initial outer SEI thickness [m]": 2.307458163431275e-09,
        "EC initial concentration in electrolyte [mol.m-3]": 7259.305785709453,
        "EC diffusivity [m2.s-1]": 1.9820744909712055e-18,
        "SEI kinetic rate constant [m.s-1]": 1.0686780885330522e-12,
        "SEI open-circuit potential [V]": 0.42256545680306884,
        "SEI growth activation energy [J.mol-1]": 0.0,
        "Negative electrode reaction-driven LAM factor [m3.mol-1]": 0.0,
        "Positive electrode reaction-driven LAM factor [m3.mol-1]": 0.0,
        "Negative current collector thickness [m]": 1.039304120250069e-05,
        "Negative electrode thickness [m]": 0.00011690421235464302,
        "Separator thickness [m]": 2.6206131987492546e-05,
        "Positive electrode thickness [m]": 8.722889586267403e-05,
        "Positive current collector thickness [m]": 7.718982689790638e-06,
        "Electrode height [m]": 0.050873593036966265,
        "Electrode width [m]": 0.06368853309977636,
        "Cell cooling surface area [m2]": 0.003685275554581028,
        "Cell volume [m3]": 2.191632957648988e-05,
        "Cell emissivity": 0.8236720893114282,
        "Cell thermal expansion coefficient [m.K-1]": 9.034040935133062e-07,
        "Negative current collector conductivity [S.m-1]": 62208229.060913384,
        "Positive current collector conductivity [S.m-1]": 49606012.42327724,
        "Negative current collector density [kg.m-3]": 8504.266864862564,
        "Positive current collector density [kg.m-3]": 2927.5638695862203,
        "Negative current collector specific heat capacity [J.kg-1.K-1]": 471.76460106728405,
        "Positive current collector specific heat capacity [J.kg-1.K-1]": 870.443061555685,
        "Negative current collector thermal conductivity [W.m-1.K-1]": 583.2310434368164,
        "Positive current collector thermal conductivity [W.m-1.K-1]": 309.1812688658065,
        "Nominal cell capacity [A.h]": 2.141598589259227,
        "Current function [A]": 2.1891076016179842,
        "Contact resistance [Ohm]": 0,
        "Negative electrode conductivity [S.m-1]": 111.657868770213,
        "Maximum concentration in negative electrode [mol.m-3]": 30591.261967879276,
        "Negative electrode porosity": 0.4099560888101325,
        "Negative electrode active material volume fraction": 0.8298343101146192,
        "Negative particle radius [m]": 6.494332678300444e-06,
        "Negative electrode Bruggeman coefficient (electrolyte)": 3.6217123368673576,
        "Negative electrode Bruggeman coefficient (electrode)": 0.0,
        "Negative electrode charge transfer coefficient": 0.5255042897952675,
        "Negative electrode double-layer capacity [F.m-2]": 0.15006959273184894,
        "Negative electrode density [kg.m-3]": 2655.059264796264,
        "Negative electrode specific heat capacity [J.kg-1.K-1]": 1138.0313748074511,
        "Negative electrode thermal conductivity [W.m-1.K-1]": 0.8051022628721484,
        "Negative electrode Poisson's ratio": 0.4244336243195409,
        "Negative electrode Young's modulus [Pa]": 15031419056.343946,
        "Negative electrode reference concentration for free of deformation [mol.m-3]": 0.0,
        "Negative electrode partial molar volume [m3.mol-1]": 3.1281007060762948e-06,
        "Negative electrode initial crack length [m]": 1.7338257633346915e-08,
        "Negative electrode initial crack width [m]": 1.3784362079629112e-08,
        "Negative electrode number of cracks per unit area [m-2]": 2402594028419764.5,
        "Negative electrode Paris' law constant b": 0.4188012276858488,
        "Negative electrode Paris' law constant m": 1.5093060862969057,
        "Negative electrode activation energy for cracking rate [J.mol-1]": 0.0,
        "Negative electrode LAM constant proportional term [s-1]": 0.0,
        "Negative electrode LAM constant exponential term": 2.047160493323483,
        "Negative electrode critical stress [Pa]": 51525734.5954154,
        "Positive electrode conductivity [S.m-1]": 12.560928660596877,
        "Maximum concentration in positive electrode [mol.m-3]": 46083.80211152915,
        "Positive electrode porosity": 0.26189157696342064,
        "Positive electrode active material volume fraction": 0.4966957737046581,
        "Positive particle radius [m]": 3.1375849908649958e-06,
        "Positive electrode surface area to volume ratio [m-1]": 384842.16864713404,
        "Positive electrode Bruggeman coefficient (electrolyte)": 1.2051986220156865,
        "Positive electrode Bruggeman coefficient (electrode)": 0.0,
        "Positive electrode charge transfer coefficient": 0.5806044458064976,
        "Positive electrode double-layer capacity [F.m-2]": 0.28573193985399703,
        "Positive electrode density [kg.m-3]": 2685.492048368263,
        "Positive electrode specific heat capacity [J.kg-1.K-1]": 613.0887193884741,
        "Positive electrode thermal conductivity [W.m-1.K-1]": 1.8367037444342929,
        "Positive electrode Poisson's ratio": 0.23443589568198525,
        "Positive electrode Young's modulus [Pa]": 96257035336.98114,
        "Positive electrode reference concentration for free of deformation [mol.m-3]": 0.0,
        "Positive electrode partial molar volume [m3.mol-1]": 5.360113152829919e-08,
        "Positive electrode initial crack length [m]": 2.430452516932791e-08,
        "Positive electrode initial crack width [m]": 1.6320941069712167e-08,
        "Positive electrode number of cracks per unit area [m-2]": 3461501038434390.0,
        "Positive electrode Paris' law constant b": 0.810067126490637,
        "Positive electrode Paris' law constant m": 2.006697774695908,
        "Positive electrode activation energy for cracking rate [J.mol-1]": 0.0,
        "Positive electrode LAM constant proportional term [s-1]": 2.4372866617160427e-13,
        "Positive electrode LAM constant exponential term": 1.6871240584865963,
        "Positive electrode critical stress [Pa]": 333652075.3728993,
        "Separator porosity": 0.5407312394750093,
        "Separator Bruggeman coefficient (electrolyte)": 1.5194611724131875,
        "Separator density [kg.m-3]": 2924.83031386301,
        "Separator specific heat capacity [J.kg-1.K-1]": 1210.3682021610443,
        "Separator thermal conductivity [W.m-1.K-1]": 0.2649406077480287,
        "Initial concentration in electrolyte [mol.m-3]": 1126.3734941351815,
        "Cation transference number": 0.39487457156843636,
        "Reference temperature [K]": 253.63402883888273,
        "Total heat transfer coefficient [W.m-2.K-1]": 43.210968750048465,
        "Ambient temperature [K]": 222.13056326834402,
        "Number of electrodes connected in parallel to make a cell": 19.218767588321146,