{
    "config": {
        "Ideal gas constant [J.K-1.mol-1]": 6.14539787732096,
        "Faraday constant [C.mol-1]": 101951.5811052437,
        "Boltzmann constant [J.K-1]": 1.4818977004267262e-23,
        "Electron charge [C]": 1.6650408917920745e-19,
        "Ratio of lithium moles to SEI moles": 1.9451685179796687,
        "Inner SEI reaction proportion": 0.5626929208498818,
        "Inner SEI partial molar volume [m3.mol-1]": 7.541279561512629e-05,
        "Outer SEI partial molar volume [m3.mol-1]": 8.97301783486831e-05,
        "SEI reaction exchange current density [A.m-2]": 1.4565790138187528e-07,
        "SEI resistivity [Ohm.m]": 187379.9583584954,
        "Outer SEI solvent diffusivity [m2.s-1]": 1.9385312728769607e-22,
        "Bulk solvent concentration [mol.m-3]": 3433.476796973734,
        "Inner SEI open-circuit potential [V]": 0.09640293207422929,
        "Outer SEI open-circuit potential [V]": 0.7334625372286825,
        "Inner SEI electron conductivity [S.m-1]": 7.387274208856918e-14,
        "Inner SEI lithium interstitial diffusivity [m2.s-1]": 1.1763534935834606e-20,
        "Lithium interstitial reference concentration [mol.m-3]": 12.411374796939004,
        "Initial inner SEI thickness [m]": 2.401911775387528e-09,
        "Initial outer SEI thickness [m]": 2.6047557419685733e-09,
        "EC initial concentration in electrolyte [mol.m-3]": 4880.879682246861,
        "EC diffusivity [m2.s-1]": 1.4151011349334485e-18,
        "SEI kinetic rate constant [m.s-1]": 8.501111840923724e-13,
        "SEI open-circuit potential [V]": 0.4063212372440848,
        "SEI growth activation energy [J.mol-1]": 0.0,
        "Negative electrode reaction-driven LAM factor [m3.mol-1]": 0.0,
        "Positive electrode reaction-driven LAM factor [m3.mol-1]": 0.0,
        "Negative current collector thickness [m]": 1.0849825213994125e-05,
        "Negative electrode thickness [m]": 5.915553657266734e-05,
        "Separator thickness [m]": 2.40424929836684e-05,
        "Positive electrode thickness [m]": 6.658934192411113e-05,
        "Positive current collector thickness [m]": 1.3626082078750543e-05,
        "Electrode height [m]": 0.10440956899078838,
        "Electrode width [m]": 0.0763967432989135,
        "Negative tab width [m]": 0.00839004735507062,
        "Negative tab centre y-coordinate [m]": 0.005339405237018077,
        "Negative tab centre z-coordinate [m]": 0.10261044350916337,
        "Positive tab width [m]": 0.006877978433796252,
        "Positive tab centre y-coordinate [m]": 0.043522797480654477,
        "Positive tab centre z-coordinate [m]": 0.11660000944762244,
        "Cell cooling surface area [m2]": 0.016998883507357173,
        "Cell volume [m3]": 1.251365729062839e-06,
        "Negative current collector conductivity [S.m-1]": 57151742.26593858,
        "Positive current collector conductivity [S.m-1]": 46198031.45743284,
        "Negative current collector density [kg.m-3]": 10481.541530674642,
        "Positive current collector density [kg.m-3]": 3161.9996702979333,
        "Negative current collector specific heat capacity [J.kg-1.K-1]": 356.979471588271,
        "Positive current collector specific heat capacity [J.kg-1.K-1]": 901.3883030845852,
        "Negative current collector thermal conductivity [W.m-1.K-1]": 501.577852700775,
        "Positive current collector thermal conductivity [W.m-1.K-1]": 274.76178651719715,
        "Nominal cell capacity [A.h]": 0.16839107654203705,
        "Current function [A]": 0.13067434019699797,
        "Contact resistance [Ohm]": 0,
        "Negative electrode conductivity [S.m-1]": 12.816022563519018,
        "Maximum concentration in negative electrode [mol.m-3]": 33123.50742282321,
        "Negative electrode porosity": 0.343533850010208,
        "Negative electrode active material volume fraction": 0.34135025736278213,
        "Negative particle radius [m]": 1.6181147115667738e-05,
        "Negative electrode Bruggeman coefficient (electrolyte)": 1.3092124196953345,
        "Negative electrode Bruggeman coefficient (electrode)": 0.0,
        "Negative electrode density [kg.m-3]": 1437.5714327834223,
        "Negative electrode specific heat capacity [J.kg-1.K-1]": 1428.0720553498197,
        "Negative electrode thermal conductivity [W.m-1.K-1]": 1.3160425764302617,
        "Negative electrode OCP entropic change [V.K-1]": 0.0,
        "Positive electrode conductivity [S.m-1]": 98.12797520551038,
        "Maximum concentration in positive electrode [mol.m-3]": 50352.119191356614,
        "Positive electrode porosity": 0.2976555916868128,
        "Positive electrode active material volume fraction": 0.4046471089249898,
        "Positive particle radius [m]": 6.304028713691564e-06,
        "Positive electrode Bruggeman coefficient (electrolyte)": 1.7267700622651478,
        "Positive electrode Bruggeman coefficient (electrode)": 0.0,
        "Positive electrode density [kg.m-3]": 3004.742810896396,
        "Positive electrode specific heat capacity [J.kg-1.K-1]": 1216.3602940144974,
        "Positive electrode thermal conductivity [W.m-1.K-1]": 0.9078406859083643,
        "Positive electrode OCP entropic change [V.K-1]": 0.0,
        "Separator porosity": 0.5140823482166844,
        "Separator Bruggeman coefficient (electrolyte)": 2.4463527205225475,
        "Separator density [kg.m-3]": 918.0320356261416,
        "Separator specific heat capacity [J.kg-1.K-1]": 1931.97908930494,
        "Separator thermal conductivity [W.m-1.K-1]": 0.3229892157112676,
        "Initial concentration in electrolyte [mol.m-3]": 1277.939535073373,
        "Cation transference number": 0.2937120458431118,
        "Thermodynamic factor": 1.1043463602021566,
        "Reference temperature [K]": 360.82060257927185,
        "Negative current collector surface heat transfer coefficient [W.m-2.K-1]": 8.88986574844083,
        "Positive current collector surface heat transfer coefficient [W.m-2.K-1]": 10.099359001735024,
        "Negative tab heat transfer coefficient [W.m-2.K-1]": 11.560354476334297,
        "Positive tab heat transfer coefficient [W.m-2.K-1]": 8.705866957010885,
        "Edge heat transfer coefficient [W.m-2.K-1]": 12.14617947531414,
        "Total heat transfer coefficient [W.m-2.K-1]": 10.729654369048042,
        "Ambient temperature [K]": 299.81450846784765,
        "Number of electrodes connected in parallel to make a cell": 0.7416543683130336,
        "Number of cells connected in series to make a battery": 1.1908701090806246,
        "Lower voltage cut-off [V]": 3.4586707396706986,
        "Upper voltage cut-off [V]": 4.9764960612917095,
        "Open-circuit voltage at 0% SOC [V]": 2.3667206298947225,
        "Open-circuit voltage at 100% SOC [V]": 4.2472949994896485,
        "Initial concentration in negative electrode [mol.m-3]": 30298.517342347688,
        "Initial concentration in positive electrode [mol.m-3]": 9390.034443082153,
        "Initial temperature [K]": 355.63637098463823
    },