{
    "config": {
        "Ideal gas constant [J.K-1.mol-1]": 5.411206859966958,
        "Faraday constant [C.mol-1]": 116859.28373066094,
        "Boltzmann constant [J.K-1]": 1.8195181496991236e-23,
        "Electron charge [C]": 2.1723396747643546e-19,
        "Ratio of lithium moles to SEI moles": 2.20543947793455,
        "Inner SEI reaction proportion": 0.388540334214748,
        "Inner SEI partial molar volume [m3.mol-1]": 5.143306987414622e-05,
        "Outer SEI partial molar volume [m3.mol-1]": 8.754109257690676e-05,
        "SEI growth transfer coefficient": 0.44248988485407414,
        "SEI reaction exchange current density [A.m-2]": 1.0750768536421596e-07,
        "SEI resistivity [Ohm.m]": 145075.17940186843,
        "Outer SEI solvent diffusivity [m2.s-1]": 1.3548467154651702e-22,
        "Bulk solvent concentration [mol.m-3]": 3208.6648764023676,
        "Inner SEI open-circuit potential [V]": 0.06237962873017686,
        "Outer SEI open-circuit potential [V]": 0.45602837439236465,
        "Inner SEI electron conductivity [S.m-1]": 8.020152471516169e-14,
        "Inner SEI lithium interstitial diffusivity [m2.s-1]": 1.0357275685227091e-20,
        "Lithium interstitial reference concentration [mol.m-3]": 22.504490764513548,
        "Initial inner SEI thickness [m]": 2.552578937889009e-09,
        "Initial outer SEI thickness [m]": 2.121007369100417e-09,
        "EC initial concentration in electrolyte [mol.m-3]": 4028.7235023306193,
        "EC diffusivity [m2.s-1]": 8.513773185529254e-19,
        "SEI kinetic rate constant [m.s-1]": 1.4705967390835411e-12,
        "SEI open-circuit potential [V]": 0.25850578468797925,
        "SEI growth activation energy [J.mol-1]": 0.0,
        "Negative electrode reaction-driven LAM factor [m3.mol-1]": 0.0,
        "Positive electrode reaction-driven LAM factor [m3.mol-1]": 0.0,
        "Negative current collector thickness [m]": 2.2248179397178886e-05,
        "Negative electrode thickness [m]": 8.986731358218486e-05,
        "Separator thickness [m]": 2.691045789324599e-05,
        "Positive electrode thickness [m]": 8.744110896951103e-05,
        "Positive current collector thickness [m]": 2.8967570403496194e-05,
        "Electrode height [m]": 0.12081286035460935,
        "Electrode width [m]": 0.2027127297920718,
        "Negative tab width [m]": 0.03254337596349866,
        "Negative tab centre y-coordinate [m]": 0.07097327279038732,
        "Negative tab centre z-coordinate [m]": 0.08964242401978739,
        "Positive tab width [m]": 0.042135434628705705,
        "Positive tab centre y-coordinate [m]": 0.17372341919646528,
        "Positive tab centre z-coordinate [m]": 0.18696592197851675,
        "Cell cooling surface area [m2]": 0.05714285825314522,
        "Cell volume [m3]": 6.8168990449117414e-06,
        "Negative current collector conductivity [S.m-1]": 29829560.5514817,
        "Positive current collector conductivity [S.m-1]": 31550792.965941142,
        "Negative current collector density [kg.m-3]": 11156.805886989358,
        "Positive current collector density [kg.m-3]": 2028.8035379038429,
        "Negative current collector specific heat capacity [J.kg-1.K-1]": 441.9327082148595,
        "Positive current collector specific heat capacity [J.kg-1.K-1]": 912.7874296479672,
        "Negative current collector thermal conductivity [W.m-1.K-1]": 290.40284092557135,
        "Positive current collector thermal conductivity [W.m-1.K-1]": 260.0809244857142,
        "Nominal cell capacity [A.h]": 0.7608892522413494,
        "Current function [A]": 0.5916542045242116,
        "Contact resistance [Ohm]": 0,
        "Negative electrode conductivity [S.m-1]": 123.86613292493456,
        "Maximum concentration in negative electrode [mol.m-3]": 28593.297583190724,
        "Negative electrode porosity": 0.18391005020786763,
        "Negative electrode active material volume fraction": 0.7215758422682889,
        "Negative particle radius [m]": 9.117214477429033e-06,
        "Negative electrode Bruggeman coefficient (electrolyte)": 1.1618057467110896,
        "Negative electrode Bruggeman coefficient (electrode)": 1.9689553552146428,
        "Negative electrode charge transfer coefficient": 0.4019700901872879,
        "Negative electrode double-layer capacity [F.m-2]": 0.21675513068644991,
        "Negative electrode density [kg.m-3]": 1945.6493003750463,
        "Negative electrode specific heat capacity [J.kg-1.K-1]": 763.3980309671671,
        "Negative electrode thermal conductivity [W.m-1.K-1]": 1.3416014983099018,
        "Positive electrode conductivity [S.m-1]": 11.28376003034444,
        "Maximum concentration in positive electrode [mol.m-3]": 68086.70459967502,
        "Positive electrode porosity": 0.23086068240255425,
        "Positive electrode active material volume fraction": 0.6568099603815025,
        "Positive particle radius [m]": 8.10880828631299e-06,
        "Positive electrode Bruggeman coefficient (electrolyte)": 1.8346631042593882,
        "Positive electrode Bruggeman coefficient (electrode)": 1.392834103859988,
        "Positive electrode charge transfer coefficient": 0.4010917316833814,
        "Positive electrode double-layer capacity [F.m-2]": 0.22610918225327015,
        "Positive electrode density [kg.m-3]": 5650.952455790816,
        "Positive electrode specific heat capacity [J.kg-1.K-1]": 875.6554367735843,
        "Positive electrode thermal conductivity [W.m-1.K-1]": 1.492349300237048,
        "Separator porosity": 0.9851626841132247,
        "Separator Bruggeman coefficient (electrolyte)": 1.5628367804989154,
        "Separator density [kg.m-3]": 441.49855054681296,
        "Separator specific heat capacity [J.kg-1.K-1]": 777.8933353738513,
        "Separator thermal conductivity [W.m-1.K-1]": 0.14695910491642142,
        "Initial concentration in electrolyte [mol.m-3]": 1056.0667159864354,
        "Cation transference number": 0.40108254302073987,
        "Thermodynamic factor": 0.8011331167718485,
        "Reference temperature [K]": 361.7034540525368,
        "Ambient temperature [K]": 397.3578302531272,
        "Negative current collector surface heat transfer coefficient [W.m-2.K-1]": 0.0,
        "Positive current collector surface heat transfer coefficient [W.m-2.K-1]": 0.0,
        "Negative tab heat transfer coefficient [W.m-2.K-1]": 11.261531494614017,
        "Positive tab heat transfer coefficient [W.m-2.K-1]": 11.560584519636626,
        "Edge heat transfer coefficient [W.m-2.K-1]": 0.293644750035555,
        "Total heat transfer coefficient [W.m-2.K-1]": 5.981569679190856,
        "Number of electrodes connected in parallel to make a cell": 1.1422010382407928,
        "Number of cells connected in series to make a battery": 0.7764589863906803,
        "Lower voltage cut-off [V]": 3.374393810875067,
        "Upper voltage cut-off [V]": 5.4354354670847576,
        "Open-circuit voltage at 0% SOC [V]": 3.0205565352304284,
        "Open-circuit voltage at 100% SOC [V]": 4.811778501800884,
        "Initial concentration in negative electrode [mol.m-3]": 22684.316224733684,
        "Initial concentration in positive electrode [mol.m-3]": 43047.96363341535,
        "Initial temperature [K]": 316.72888523026245
    },