{
    "config": {
        "Ideal gas constant [J.K-1.mol-1]": 9.034141678091,
        "Faraday constant [C.mol-1]": 72266.16259397747,
        "Boltzmann constant [J.K-1]": 1.3201401212684764e-23,
        "Electron charge [C]": 1.3813274269444508e-19,
        "Lithium metal partial molar volume [m3.mol-1]": 1.0450476406777526e-05,
        "Lithium plating kinetic rate constant [m.s-1]": 5.646234562284121e-10,
        "Initial plated lithium concentration [mol.m-3]": 0.0,
        "Typical plated lithium concentration [mol.m-3]": 1098.5789035095772,
        "Lithium plating transfer coefficient": 0.6657883146801067,
        "Dead lithium decay constant [s-1]": 7.784439594095017e-07,
        "Ratio of lithium moles to SEI moles": 1.0485486944467235,
        "Inner SEI reaction proportion": 0.0,
        "Inner SEI partial molar volume [m3.mol-1]": 9.738681519643995e-05,
        "Outer SEI partial molar volume [m3.mol-1]": 0.00011966893365562926,
        "SEI reaction exchange current density [A.m-2]": 1.6382327466800283e-07,
        "SEI resistivity [Ohm.m]": 205731.00349745696,
        "Outer SEI solvent diffusivity [m2.s-1]": 2.892238385928911e-22,
        "Bulk solvent concentration [mol.m-3]": 2824.505957362623,
        "Inner SEI open-circuit potential [V]": 0.12461351052633962,
        "Outer SEI open-circuit potential [V]": 0.7462587908217394,
        "Inner SEI electron conductivity [S.m-1]": 9.248691481160643e-14,
        "Inner SEI lithium interstitial diffusivity [m2.s-1]": 9.109025954209799e-21,
        "Lithium interstitial reference concentration [mol.m-3]": 12.093736708882231,
        "Initial inner SEI thickness [m]": 0.0,
        "Initial outer SEI thickness [m]": 6.186429475167286e-09,
        "EC initial concentration in electrolyte [mol.m-3]": 2881.522548678957,
        "EC diffusivity [m2.s-1]": 2.0500191413217185e-18,
        "SEI kinetic rate constant [m.s-1]": 1.1735638795066073e-12,
        "SEI open-circuit potential [V]": 0.4509335669753649,
        "SEI growth activation energy [J.mol-1]": 42340.77300832247,
        "Negative electrode reaction-driven LAM factor [m3.mol-1]": 0.0,
        "Positive electrode reaction-driven LAM factor [m3.mol-1]": 0.0,
        "Negative current collector thickness [m]": 1.4391718682682844e-05,
        "Negative electrode thickness [m]": 6.371244270794049e-05,
        "Separator thickness [m]": 1.1719878821892389e-05,
        "Positive electrode thickness [m]": 5.869259398493745e-05,
        "Positive current collector thickness [m]": 1.5374475406026925e-05,
        "Electrode height [m]": 0.05629012010599895,
        "Electrode width [m]": 1.7618075544180407,
        "Cell cooling surface area [m2]": 0.005676268565024291,
        "Cell volume [m3]": 2.0987051900595445e-05,
        "Cell thermal expansion coefficient [m.K-1]": 9.236351081337549e-07,
        "Negative current collector conductivity [S.m-1]": 72051888.58517595,
        "Positive current collector conductivity [S.m-1]": 42633759.22417732,
        "Negative current collector density [kg.m-3]": 9232.568094559816,
        "Positive current collector density [kg.m-3]": 1902.6758210336397,
        "Negative current collector specific heat capacity [J.kg-1.K-1]": 392.4076865469361,
        "Positive current collector specific heat capacity [J.kg-1.K-1]": 944.140559428064,
        "Negative current collector thermal conductivity [W.m-1.K-1]": 345.4180576438989,
        "Positive current collector thermal conductivity [W.m-1.K-1]": 246.09375726075987,
        "Nominal cell capacity [A.h]": 4.583784798218096,
        "Current function [A]": 4.496172918695232,
        "Contact resistance [Ohm]": 0,
        "Negative electrode conductivity [S.m-1]": 217.35256545023424,
        "Maximum concentration in negative electrode [mol.m-3]": 35746.133538398826,
        "Negative electrode porosity": 0.2294501901121213,
        "Negative electrode active material volume fraction": 0.6303128809494393,
        "Negative particle radius [m]": 6.263774456434102e-06,
        "Negative electrode Bruggeman coefficient (electrolyte)": 1.3889890609212254,
        "Negative electrode Bruggeman coefficient (electrode)": 1.7146844937061512,
        "Negative electrode charge transfer coefficient": 0.4390517257473941,
        "Negative electrode double-layer capacity [F.m-2]": 0.23894281556968086,
        "Negative electrode density [kg.m-3]": 1731.2136979711975,
        "Negative electrode specific heat capacity [J.kg-1.K-1]": 776.9453954093095,
        "Negative electrode thermal conductivity [W.m-1.K-1]": 1.7987544481094457,
        "Negative electrode OCP entropic change [V.K-1]": 0.0,
        "Negative electrode Poisson's ratio": 0.31627425344565563,
        "Negative electrode Young's modulus [Pa]": 13729547778.34568,
        "Negative electrode reference concentration for free of deformation [mol.m-3]": 0.0,
        "Negative electrode partial molar volume [m3.mol-1]": 4.140983606907832e-06,
        "Negative electrode initial crack length [m]": 2.103784335181275e-08,
        "Negative electrode initial crack width [m]": 1.5936655188464088e-08,
        "Negative electrode number of cracks per unit area [m-2]": 2702918853242013.5,
        "Negative electrode Paris' law constant b": 1.047321740104256,
        "Negative electrode Paris' law constant m": 2.274443630591032,
        "Negative electrode LAM constant proportional term [s-1]": 2.8790063500757126e-07,
        "Negative electrode LAM constant exponential term": 2.068383400506465,
        "Negative electrode critical stress [Pa]": 57067491.48080806,
        "Positive electrode conductivity [S.m-1]": 0.1686851376168697,
        "Maximum concentration in positive electrode [mol.m-3]": 72182.32742959501,
        "Positive electrode porosity": 0.36796953916945685,
        "Positive electrode active material volume fraction": 0.7293783982619828,
        "Positive particle radius [m]": 4.426889996124912e-06,
        "Positive electrode Bruggeman coefficient (electrolyte)": 1.1943512674453642,
        "Positive electrode Bruggeman coefficient (electrode)": 1.5312885542875523,
        "Positive electrode charge transfer coefficient": 0.5523652901020684,
        "Positive electrode double-layer capacity [F.m-2]": 0.26080181930827245,
        "Positive electrode density [kg.m-3]": 2636.1040693803716,
        "Positive electrode specific heat capacity [J.kg-1.K-1]": 684.3216927637618,
        "Positive electrode thermal conductivity [W.m-1.K-1]": 1.9716078631692162,
        "Positive electrode OCP entropic change [V.K-1]": 0.0,
        "Positive electrode Poisson's ratio": 0.15722205452548813,
        "Positive electrode Young's modulus [Pa]": 407137448531.0883,
        "Positive electrode reference concentration for free of deformation [mol.m-3]": 0.0,
        "Positive electrode partial molar volume [m3.mol-1]": 1.209957628916651e-05,
        "Positive electrode initial crack length [m]": 2.14386509384013e-08,
        "Positive electrode initial crack width [m]": 1.4480848039498794e-08,
        "Positive electrode number of cracks per unit area [m-2]": 2588351412994034.5,
        "Positive electrode Paris' law constant b": 1.3711234948417934,
        "Positive electrode Paris' law constant m": 2.447824949507246,
        "Positive electrode LAM constant proportional term [s-1]": 3.2832502933572177e-07,
        "Positive electrode LAM constant exponential term": 2.220921798971633,
        "Positive electrode critical stress [Pa]": 371003928.1105966,
        "Separator porosity": 0.46999536074077236,
        "Separator Bruggeman coefficient (electrolyte)": 1.515339127676007,
        "Separator density [kg.m-3]": 427.8715110574132,
        "Separator specific heat capacity [J.kg-1.K-1]": 764.7834335026591,
        "Separator thermal conductivity [W.m-1.K-1]": 0.16809474212959077,
        "Initial concentration in electrolyte [mol.m-3]": 923.1568617534983,
        "Cation transference number": 0.27760910906960334,