{
    "config": {
        "Ideal gas constant [J.K-1.mol-1]": 13.48316109528255,
        "Faraday constant [C.mol-1]": 101531.21638984008,
        "Boltzmann constant [J.K-1]": 1.724023091634593e-23,
        "Electron charge [C]": 1.8022688319672432e-19,
        "Negative electrode thickness [m]": 3.931713339330662e-05,
        "Separator thickness [m]": 1.8183550812880213e-05,
        "Positive electrode thickness [m]": 8.827897737885318e-05,
        "Electrode height [m]": 0.8243592812423112,
        "Electrode width [m]": 0.24577607269910104,
        "Nominal cell capacity [A.h]": 3.284511858300723,
        "Current function [A]": 1.5545593697473552,
        "Contact resistance [Ohm]": 0,
        "Negative electrode conductivity [S.m-1]": 206.34924757379446,
        "Maximum concentration in negative electrode [mol.m-3]": 38908.38358805112,
        "Negative electrode diffusivity [m2.s-1]": 3.421312793323172e-15,
        "Negative electrode porosity": 0.3530074567246035,
        "Negative electrode active material volume fraction": 0.6529887458090727,
        "Negative particle radius [m]": 3.607836182026076e-06,
        "Negative electrode Bruggeman coefficient (electrolyte)": 1.6974123814806519,
        "Negative electrode Bruggeman coefficient (electrode)": 1.3329882941344813,
        "Negative electrode charge transfer coefficient": 0.49155380967634055,
        "Negative electrode double-layer capacity [F.m-2]": 0.18139103910197896,
        "Negative electrode OCP entropic change [V.K-1]": 0,
        "Positive electrode conductivity [S.m-1]": 0.3345863057218095,
        "Maximum concentration in positive electrode [mol.m-3]": 22586.798637503784,
        "Positive electrode diffusivity [m2.s-1]": 5.069818244255256e-18,
        "Positive electrode porosity": 0.37708213389061396,
        "Positive electrode active material volume fraction": 0.542924909943872,
        "Positive particle radius [m]": 2.421627288262003e-08,
        "Positive electrode Bruggeman coefficient (electrode)": 0.8908446083036272,
        "Positive electrode Bruggeman coefficient (electrolyte)": 1.4017309956731472,
        "Positive electrode charge transfer coefficient": 0.6183009207360018,
        "Positive electrode double-layer capacity [F.m-2]": 0.22635660218615575,
        "Positive electrode OCP entropic change [V.K-1]": 0,
        "Separator porosity": 0.5866322952255585,
        "Separator Bruggeman coefficient (electrolyte)": 0.9883697883392606,
        "Initial concentration in electrolyte [mol.m-3]": 1327.0052253629194,
        "Cation transference number": 0.36694279314399453,
        "Thermodynamic factor": 1.2022176999552903,
        "Electrolyte diffusivity [m2.s-1]": 2.0772827138877192e-10,
        "Reference temperature [K]": 314.66204142202116,
        "Ambient temperature [K]": 396.8759866230234,
        "Number of electrodes connected in parallel to make a cell": 0.5942829049658491,
        "Number of cells connected in series to make a battery": 0.7519614005722182,
        "Lower voltage cut-off [V]": 2.2537017169903195,
        "Upper voltage cut-off [V]": 3.817456857677599,
        "Open-circuit voltage at 0% SOC [V]": 1.241520968025425,
        "Open-circuit voltage at 100% SOC [V]": 4.601581239267858,
        "Initial concentration in negative electrode [mol.m-3]": 20494.613981286282,
        "Initial concentration in positive electrode [mol.m-3]": 108.33415598611211,
        "Initial temperature [K]": 358.2740098912599
    },
    "V": [
        3.51355213778523,
        3.376544653298281,
        3.3230339507129534,
        3.294931545099054,
        3.2800794891855687,
        3.2722105634925045,
        3.2680365847381614,
        3.2658338114438576,
        3.2646847170749966,
        3.2640425447453305,
        3.2635877712241266,
        3.2632029103448903,
        3.262846154449506,
        3.262499634841227,
        3.2621552494805925,
        3.2618082491921836,
        3.2614550027262283,
        3.261092146076162,
        3.2607157678046743,
        3.260322310405047,
        3.259907519161061,
        3.259466531346016,
        3.2589939947218283,
        3.258483435927907,
        3.257928124192108,
        3.257320025852896,
        3.2566505505508494,
        3.255910387055888,
        3.2550901143823427,
        3.2541790891647975,
        3.2531670999673516,
        3.252043574000325,
        3.2507980622843053,
        3.2494204521817007,
        3.2479013082323673,
        3.246232147699736,
        3.244406060043313,
        3.242417500152941,
        3.2402640036034334,
        3.237946042806545,
        3.2354665149323942,
        3.2328314214442875,
        3.230053592974535,
        3.22714890700867,
        3.224135416469846,
        3.221036300322957,
        3.2178772154454585,
        3.214685928986116,
        3.2114910944367634,
        3.208321192210597,
        3.2052038076307205,
        3.202163040095201,
        3.19922078449787,
        3.1963953239734693,
        3.1936991085767747,
        3.191140048001116,
        3.1887214295513444,
        3.1864415967779847,
        3.1842938874285434,
        3.1822658536224018,
        3.1803408048363617,
        3.1784958737435205,
        3.176703942683126,
        3.174931096409568,
        3.1731370341172895,
        3.1712733605091885,
        3.1692806736505545,
        3.167087942495015,
        3.164605733088676,
        3.16172644484936,
        3.15832061616754,
        3.1542365086814,
        3.1493028097633515,
        3.1433367001991916,
        3.1361542067423436,
        3.1275939984087624,
        3.117543769640498,
        3.105973157288403,
        3.0929609610299886,
        3.078708076996757,
        3.063521898719115,
        3.0477717466607803,
        3.031823191765172,
        3.0159671407570103,
        3.0003633151601337,
        2.985009819058024,
        2.9697555022799245,
        2.9542986073918165,
        2.938234931116622,
        2.9210548613513394,
        2.9021716317340998,
        2.88092592635679,
        2.856558847908378,
        2.828220808540321,
        2.7949260593436027,
        2.7555314365102745,
        2.7086971876782164,
        2.652842363671125,
        2.5860877219611282,
        2.5061962304978063
    ],