{
    "config": {
        "Ideal gas constant [J.K-1.mol-1]": 9.258124088568625,
        "Faraday constant [C.mol-1]": 51384.63865364862,
        "Boltzmann constant [J.K-1]": 1.1080956790195899e-23,
        "Electron charge [C]": 1.419771368774006e-19,
        "Lithium metal partial molar volume [m3.mol-1]": 1.3831210767694767e-05,
        "Lithium plating kinetic rate constant [m.s-1]": 1.2769157942962055e-09,
        "Initial plated lithium concentration [mol.m-3]": 0.0,
        "Typical plated lithium concentration [mol.m-3]": 879.0016536286367,
        "Lithium plating transfer coefficient": 0.7102499498528445,
        "Dead lithium decay constant [s-1]": 9.478420508704132e-07,
        "Ratio of lithium moles to SEI moles": 1.2248038976442495,
        "Inner SEI reaction proportion": 0.0,
        "Inner SEI partial molar volume [m3.mol-1]": 0.00012359361050254044,
        "Outer SEI partial molar volume [m3.mol-1]": 5.5100986258776746e-05,
        "SEI reaction exchange current density [A.m-2]": 1.5827864489478783e-07,
        "SEI resistivity [Ohm.m]": 304281.2237772881,
        "Outer SEI solvent diffusivity [m2.s-1]": 3.078625103857552e-22,
        "Bulk solvent concentration [mol.m-3]": 2654.8843727805966,
        "Inner SEI open-circuit potential [V]": 0.14066599758001883,
        "Outer SEI open-circuit potential [V]": 0.8120929984146279,
        "Inner SEI electron conductivity [S.m-1]": 1.1448159157884935e-13,
        "Inner SEI lithium interstitial diffusivity [m2.s-1]": 1.2385930400671663e-20,
        "Lithium interstitial reference concentration [mol.m-3]": 20.09217222295513,
        "Initial inner SEI thickness [m]": 0.0,
        "Initial outer SEI thickness [m]": 3.832254610674762e-09,
        "EC initial concentration in electrolyte [mol.m-3]": 5637.4702088611375,
        "EC diffusivity [m2.s-1]": 2.352770135340504e-18,
        "SEI kinetic rate constant [m.s-1]": 9.458571920653196e-13,
        "SEI open-circuit potential [V]": 0.3595274026644061,
        "SEI growth activation energy [J.mol-1]": 28622.901623825546,
        "Negative electrode reaction-driven LAM factor [m3.mol-1]": 0.0,
        "Positive electrode reaction-driven LAM factor [m3.mol-1]": 0.0,
        "Negative current collector thickness [m]": 1.5730784323898075e-05,
        "Negative electrode thickness [m]": 8.418636116194689e-05,
        "Separator thickness [m]": 5.787278300308054e-06,
        "Positive electrode thickness [m]": 3.394002659878399e-05,
        "Positive current collector thickness [m]": 2.0786955756610625e-05,
        "Electrode height [m]": 0.08688738445478493,
        "Electrode width [m]": 1.7153297139932098,
        "Cell cooling surface area [m2]": 0.004490337625876751,
        "Cell volume [m3]": 2.4636596562530958e-05,
        "Cell thermal expansion coefficient [m.K-1]": 1.270745319503755e-06,
        "Negative current collector conductivity [S.m-1]": 80370438.19665988,
        "Positive current collector conductivity [S.m-1]": 43473920.50977936,
        "Negative current collector density [kg.m-3]": 8116.6329710120635,
        "Positive current collector density [kg.m-3]": 3027.343592958314,
        "Negative current collector specific heat capacity [J.kg-1.K-1]": 331.00316434304466,
        "Positive current collector specific heat capacity [J.kg-1.K-1]": 1088.5987665261391,
        "Negative current collector thermal conductivity [W.m-1.K-1]": 411.45729986217407,
        "Positive current collector thermal conductivity [W.m-1.K-1]": 335.524051076056,
        "Nominal cell capacity [A.h]": 5.553015894011313,
        "Current function [A]": 5.153460503075114,
        "Contact resistance [Ohm]": 0,
        "Negative electrode conductivity [S.m-1]": 324.7117040471716,
        "Maximum concentration in negative electrode [mol.m-3]": 28809.619396390794,
        "Negative electrode porosity": 0.22202206074309686,
        "Negative electrode active material volume fraction": 0.6690895510903089,
        "Negative particle radius [m]": 1.0122453397575225e-05,
        "Negative electrode Bruggeman coefficient (electrolyte)": 1.3785395670297536,
        "Negative electrode Bruggeman coefficient (electrode)": 1.3544518230355507,
        "Negative electrode charge transfer coefficient": 0.3768318530792092,
        "Negative electrode double-layer capacity [F.m-2]": 0.2808902766087556,
        "Negative electrode density [kg.m-3]": 2140.1960614833865,
        "Negative electrode specific heat capacity [J.kg-1.K-1]": 713.5407289439211,
        "Negative electrode thermal conductivity [W.m-1.K-1]": 1.864278425743644,
        "Negative electrode OCP entropic change [V.K-1]": 0.0,
        "Negative electrode Poisson's ratio": 0.20059292860240074,
        "Negative electrode Young's modulus [Pa]": 11360598162.367077,
        "Negative electrode reference concentration for free of deformation [mol.m-3]": 0.0,
        "Negative electrode partial molar volume [m3.mol-1]": 3.764591522212481e-06,
        "Negative electrode initial crack length [m]": 2.1082655794081725e-08,
        "Negative electrode initial crack width [m]": 1.4741777619829302e-08,
        "Negative electrode number of cracks per unit area [m-2]": 2883236144077096.5,
        "Negative electrode Paris' law constant b": 0.9989155279450667,
        "Negative electrode Paris' law constant m": 1.1106271293535892,
        "Negative electrode LAM constant proportional term [s-1]": 2.825003282474398e-07,
        "Negative electrode LAM constant exponential term": 1.6979101013801428,
        "Negative electrode critical stress [Pa]": 77201971.29649189,
        "Positive electrode conductivity [S.m-1]": 0.15247249613534816,
        "Maximum concentration in positive electrode [mol.m-3]": 62537.99124190583,
        "Positive electrode porosity": 0.3302349695894119,
        "Positive electrode active material volume fraction": 0.7246794808609331,
        "Positive particle radius [m]": 7.119124681143651e-06,
        "Positive electrode Bruggeman coefficient (electrolyte)": 2.349978660448124,
        "Positive electrode Bruggeman coefficient (electrode)": 1.8614671408658943,
        "Positive electrode charge transfer coefficient": 0.5086526764536665,
        "Positive electrode double-layer capacity [F.m-2]": 0.25247715812481103,
        "Positive electrode density [kg.m-3]": 3273.5902682432575,
        "Positive electrode specific heat capacity [J.kg-1.K-1]": 664.7267615167736,
        "Positive electrode thermal conductivity [W.m-1.K-1]": 2.637877616421909,
        "Positive electrode OCP entropic change [V.K-1]": 0.0,
        "Positive electrode Poisson's ratio": 0.13393875415957107,
        "Positive electrode Young's modulus [Pa]": 341855790275.1348,
        "Positive electrode reference concentration for free of deformation [mol.m-3]": 0.0,
        "Positive electrode partial molar volume [m3.mol-1]": 1.2498503373591109e-05,
        "Positive electrode initial crack length [m]": 2.0686052164809223e-08,
        "Positive electrode initial crack width [m]": 1.542906713260835e-08,
        "Positive electrode number of cracks per unit area [m-2]": 3022843098272624.5,
        "Positive electrode Paris' law constant b": 0.6737958762690194,
        "Positive electrode Paris' law constant m": 1.1830066433036863,
        "Positive electrode LAM constant proportional term [s-1]": 2.2096236416504568e-07,
        "Positive electrode LAM constant exponential term": 1.8996802670122503,
        "Positive electrode critical stress [Pa]": 198895999.02098456,
        "Separator porosity": 0.4857156494982523,
        "Separator Bruggeman coefficient (electrolyte)": 0.7944035264578447,
        "Separator density [kg.m-3]": 432.99220036359276,
        "Separator specific heat capacity [J.kg-1.K-1]": 493.81891723490486,
        "Separator thermal conductivity [W.m-1.K-1]": 0.18879386795168152,
        "Initial concentration in electrolyte [mol.m-3]": 963.0601467353958,