{
    "config": {
        "Ideal gas constant [J.K-1.mol-1]": 11.296705814335086,
        "Faraday constant [C.mol-1]": 85701.22855842275,
        "Boltzmann constant [J.K-1]": 1.0426184100772613e-23,
        "Electron charge [C]": 1.817063900165155e-19,
        "Negative electrode thickness [m]": 2.4928462857557108e-05,
        "Separator thickness [m]": 2.3953856176338125e-05,
        "Positive electrode thickness [m]": 6.206594459543943e-05,
        "Electrode height [m]": 0.5560362085183302,
        "Electrode width [m]": 0.32582612296567254,
        "Nominal cell capacity [A.h]": 2.520006596714614,
        "Current function [A]": 2.0065895928338016,
        "Contact resistance [Ohm]": 0,
        "Negative electrode conductivity [S.m-1]": 212.0210450512615,
        "Maximum concentration in negative electrode [mol.m-3]": 32055.250220782153,
        "Negative electrode diffusivity [m2.s-1]": 2.4573567902422923e-15,
        "Negative electrode porosity": 0.31210219688725527,
        "Negative electrode active material volume fraction": 0.6187321275682954,
        "Negative particle radius [m]": 5.904120185271704e-06,
        "Negative electrode Bruggeman coefficient (electrolyte)": 1.9606514727144946,
        "Negative electrode Bruggeman coefficient (electrode)": 0.7179719575234471,
        "Negative electrode charge transfer coefficient": 0.4012687159400477,
        "Negative electrode double-layer capacity [F.m-2]": 0.22877374005277132,
        "Negative electrode OCP entropic change [V.K-1]": 0,
        "Positive electrode conductivity [S.m-1]": 0.2776792384835271,
        "Maximum concentration in positive electrode [mol.m-3]": 32399.722599567336,
        "Positive electrode diffusivity [m2.s-1]": 5.173492446018349e-18,
        "Positive electrode porosity": 0.23819722841213595,
        "Positive electrode active material volume fraction": 0.42891408535517594,
        "Positive particle radius [m]": 5.96144863512844e-08,
        "Positive electrode Bruggeman coefficient (electrode)": 1.1481138236342319,
        "Positive electrode Bruggeman coefficient (electrolyte)": 1.2591364623104562,
        "Positive electrode charge transfer coefficient": 0.5187386890012007,
        "Positive electrode double-layer capacity [F.m-2]": 0.0723245605941466,
        "Positive electrode OCP entropic change [V.K-1]": 0,
        "Separator porosity": 0.5231350654327414,
        "Separator Bruggeman coefficient (electrolyte)": 1.4332590863185715,
        "Initial concentration in electrolyte [mol.m-3]": 960.1382657960336,
        "Cation transference number": 0.3138208194107021,
        "Thermodynamic factor": 1.0647621140089343,
        "Electrolyte diffusivity [m2.s-1]": 1.1339856938707535e-10,
        "Reference temperature [K]": 341.73581880849576,
        "Ambient temperature [K]": 247.30901364581786,
        "Number of electrodes connected in parallel to make a cell": 0.8256238607113223,
        "Number of cells connected in series to make a battery": 0.860817908568455,
        "Lower voltage cut-off [V]": 1.7165705912444842,
        "Upper voltage cut-off [V]": 4.687830797254018,
        "Open-circuit voltage at 0% SOC [V]": 2.9436859434817144,
        "Open-circuit voltage at 100% SOC [V]": 2.1564036774488846,
        "Initial concentration in negative electrode [mol.m-3]": 18614.43212679406,
        "Initial concentration in positive electrode [mol.m-3]": 119.05727125091907,
        "Initial temperature [K]": 348.1923182662338
    },
    "V": [
        3.1345101059804383,
        2.915373539852813,
        2.8974459771729184,
        2.8945859954122586,
        2.8945294939837014,
        2.8939793013492023,
        2.8914712528419475,
        2.886124364487894,
        2.8776044402475267,
        2.8664898451775533,
        2.8543021428007727,
        2.842796709886694,
        2.8330586572745107,
        2.8251401296443013,
        2.8182032620737614,
        2.81055146992926,
        2.7991824258033833,
        2.7791431364155152,
        2.7448153446558,
        2.696298691700492,
        2.643007204357478,
        2.5914041810988833,
        2.5347222125184263,
        2.4564986473641675,
        2.3326832461545064,
        2.126727428718433,
        1.7788248218197091,
        1.7165805912444831
    ],
    "time": [
        0.0,
        36.36363636363637,
        72.72727272727273,
        109.0909090909091,
        145.45454545454547,
        181.81818181818184,
        218.1818181818182,
        254.54545454545456,
        290.90909090909093,
        327.2727272727273,
        363.6363636363637,
        400.00000000000006,
        436.3636363636364,
        472.72727272727275,
        509.0909090909091,
        545.4545454545455,
        581.8181818181819,
        618.1818181818182,
        654.5454545454546,
        690.909090909091,
        727.2727272727274,
        763.6363636363637,
        800.0000000000001,
        836.3636363636365,
        872.7272727272727,
        909.0909090909091,
        945.4545454545455,
        950.3273437884457
    ]
}