{
    "config": {
        "Ideal gas constant [J.K-1.mol-1]": 7.522131232788013,
        "Faraday constant [C.mol-1]": 96726.36443718763,
        "Boltzmann constant [J.K-1]": 1.6816365953665015e-23,
        "Electron charge [C]": 1.6174351934171056e-19,
        "Negative current collector thickness [m]": 1.1681382785733544e-05,
        "Negative electrode thickness [m]": 8.685509038576404e-05,
        "Separator thickness [m]": 1.1111702300219908e-05,
        "Positive electrode thickness [m]": 6.761361554915728e-05,
        "Positive current collector thickness [m]": 1.5364551173176192e-05,
        "Electrode height [m]": 0.049851650333320736,
        "Electrode width [m]": 1.783762165834764,
        "Cell cooling surface area [m2]": 0.003551834745839406,
        "Cell volume [m3]": 2.5621209406139548e-05,
        "Negative current collector conductivity [S.m-1]": 59006020.3011702,
        "Positive current collector conductivity [S.m-1]": 29297904.532246474,
        "Negative current collector density [kg.m-3]": 7419.2941503646625,
        "Positive current collector density [kg.m-3]": 3677.3529299164684,
        "Positive current collector thermal conductivity [W.m-1.K-1]": 245.79363771173482,
        "Nominal cell capacity [A.h]": 4.413671091658756,
        "Current function [A]": 5.027999576071995,
        "Contact resistance [Ohm]": 0,
        "Negative electrode conductivity [S.m-1]": 215.04854049188205,
        "Maximum concentration in negative electrode [mol.m-3]": 29216.56339358094,
        "Negative electrode porosity": 0.17847977274084587,
        "Negative electrode active material volume fraction": 0.7510832067533353,
        "Negative particle radius [m]": 6.795106947815859e-06,
        "Negative electrode Bruggeman coefficient (electrolyte)": 1.7756209375587342,
        "Negative electrode Bruggeman coefficient (electrode)": 0.0,
        "Negative electrode charge transfer coefficient": 0.49118662958194453,
        "Negative electrode double-layer capacity [F.m-2]": 0.20494073003569901,
        "Negative electrode density [kg.m-3]": 2208.9531555753338,
        "Maximum concentration in positive electrode [mol.m-3]": 52062.09616796491,
        "Positive electrode porosity": 0.30412430549648345,
        "Positive electrode active material volume fraction": 0.7350766799698276,
        "Positive particle radius [m]": 4.693569950622851e-06,
        "Positive electrode Bruggeman coefficient (electrolyte)": 1.4813839008780922,
        "Positive electrode Bruggeman coefficient (electrode)": 0.0,
        "Positive electrode charge transfer coefficient": 0.5975738592129639,
        "Positive electrode double-layer capacity [F.m-2]": 0.17692409987445737,
        "Positive electrode density [kg.m-3]": 3764.424340187808,
        "Separator porosity": 0.5344646370835442,
        "Separator Bruggeman coefficient (electrolyte)": 1.5312943195155637,
        "Separator Bruggeman coefficient (electrode)": 1.395492071699687,
        "Separator density [kg.m-3]": 1815.791356773669,
        "Separator thermal conductivity [W.m-1.K-1]": 0.36918569317025424,
        "Initial concentration in electrolyte [mol.m-3]": 860.2895475121558,
        "Reference temperature [K]": 281.8214754362132,
        "Total heat transfer coefficient [W.m-2.K-1]": 11.11775471316051,
        "Ambient temperature [K]": 325.80483222642965,
        "Number of electrodes connected in parallel to make a cell": 1.2105951534514099,
        "Number of cells connected in series to make a battery": 1.0735872134185238,
        "Lower voltage cut-off [V]": 2.3548905964993896,
        "Upper voltage cut-off [V]": 5.179286219593414,
        "Open-circuit voltage at 0% SOC [V]": 2.5227240832151834,
        "Open-circuit voltage at 100% SOC [V]": 4.326008714362175,
        "Initial concentration in negative electrode [mol.m-3]": 28682.49959919419,
        "Initial concentration in positive electrode [mol.m-3]": 12976.42271786221,
        "Initial temperature [K]": 369.9808346567805
    },
    "V": [
        4.2142777102856375,
        4.153272476133035,
        4.117610423157025,
        4.082851091189724,
        4.052366984158194,
        4.0309653487819865,
        4.018488109905354,
        4.008036592199279,
        3.9983028290690434,
        3.988698633174212,
        3.9793190502606004,
        3.9721902811923355,
        3.9644110294759503,
        3.953886200996253,
        3.9409379086285856,
        3.9282289129539,
        3.9155131508032746,
        3.9028691903847896,
        3.890757386652886,
        3.8791766274820656,
        3.8673690915993504,
        3.8553469390948334,
        3.8432890181137287,
        3.8319312187310794,
        3.8219810183750402,
        3.8152554158548817,
        3.8008501091412756,
        3.789077440283572,
        3.782814456819323,
        3.771251477123491,
        3.761975509166381,
        3.7507764426971386,
        3.7444878900993155,
        3.7338699838138814,
        3.720860896155819,
        3.7097638131650976,
        3.701700952140505,
        3.6885365294694257,
        3.6786759672179428,
        3.6700934689775937,
        3.6599715337139553,
        3.6480204836820116,
        3.6377697768688386,
        3.6277338939747468,
        3.615636059748064,
        3.6033824596999793,
        3.5921420960299644,
        3.5825263537075447,
        3.571297648811818,
        3.561227853133197,
        3.552102340195971,
        3.5434797609760764,
        3.5351715510025548,
        3.525776014554472,
        3.517082161422606,
        3.508595078389148,
        3.500296661207382,
        3.491747276234238,
        3.482937867236802,
        3.473988301136534,
        3.4647478587431433,
        3.455709908052686,
        3.446486289891947,
        3.4365831264484354,
        3.4264406206395472,
        3.4164525976379894,
        3.4064804137777083,
        3.397082647478186,
        3.3881427050841655,
        3.3780782567686467,
        3.369527556529655,
        3.359199722043569,
        3.349820826647889,
        3.3391064975707576,
        3.3298290764341236,
        3.3180743496412735,
        3.307707780026795,
        3.2953131414361563,
        3.2807218180946105,
        3.2649016546381624,
        3.249953613482153,
        3.2326283267687006,
        3.207220038391086,
        3.1868481187163367,
        3.1746103754256816,
        3.1641034020562104,
        3.1521950336735687,
        3.1386762654962705,
        3.1174197626944604,
        3.093358580536034,
        3.0678804244324906,
        3.03862462062518,
        3.0056802394658337,
        2.9687528087978334,
        2.925730189525712,
        2.8698053750040375,
        2.785754399649811,
        2.6406117886657055,
        2.3587418378327905,
        2.35490059649939
    ],