{
    "config": {
        "Ideal gas constant [J.K-1.mol-1]": 2.4825444987429375,
        "Faraday constant [C.mol-1]": 122177.11452341484,
        "Boltzmann constant [J.K-1]": 1.353275282951551e-23,
        "Electron charge [C]": 1.3238411715129146e-19,
        "Ratio of lithium moles to SEI moles": 1.4556455592357966,
        "Inner SEI reaction proportion": 0.48508260096732936,
        "Inner SEI partial molar volume [m3.mol-1]": 7.01748498890041e-05,
        "Outer SEI partial molar volume [m3.mol-1]": 6.468872472202202e-05,
        "SEI reaction exchange current density [A.m-2]": 1.1990063671006223e-07,
        "SEI resistivity [Ohm.m]": 222944.70233696044,
        "Outer SEI solvent diffusivity [m2.s-1]": 1.8594434687455877e-22,
        "Bulk solvent concentration [mol.m-3]": 1904.6349696272441,
        "Inner SEI open-circuit potential [V]": 0.10823220357783182,
        "Outer SEI open-circuit potential [V]": 0.3856796900563196,
        "Inner SEI electron conductivity [S.m-1]": 1.0409897866323159e-13,
        "Inner SEI lithium interstitial diffusivity [m2.s-1]": 1.3902029313706397e-20,
        "Lithium interstitial reference concentration [mol.m-3]": 16.560811531653815,
        "Initial inner SEI thickness [m]": 2.187292984844898e-09,
        "Initial outer SEI thickness [m]": 2.5595532979507644e-09,
        "EC initial concentration in electrolyte [mol.m-3]": 5975.175472956331,
        "EC diffusivity [m2.s-1]": 1.3597826853499228e-18,
        "SEI kinetic rate constant [m.s-1]": 7.570371194887769e-13,
        "SEI open-circuit potential [V]": 0.2882348604267088,
        "SEI growth activation energy [J.mol-1]": 0.0,
        "Negative electrode reaction-driven LAM factor [m3.mol-1]": 0.0,
        "Positive electrode reaction-driven LAM factor [m3.mol-1]": 0.0,
        "Negative current collector thickness [m]": 7.545935928151109e-06,
        "Negative electrode thickness [m]": 6.423068369359267e-05,
        "Separator thickness [m]": 2.7082549853692247e-05,
        "Positive electrode thickness [m]": 4.921428076348755e-05,
        "Positive current collector thickness [m]": 1.3848803434942986e-05,
        "Electrode height [m]": 0.23810105258568823,
        "Electrode width [m]": 0.16804355688541295,
        "Negative tab width [m]": 0.03752820347088608,
        "Negative tab centre y-coordinate [m]": 0.012156022607234604,
        "Negative tab centre z-coordinate [m]": 0.18324369484928926,
        "Positive tab width [m]": 0.03628266165916124,
        "Positive tab centre y-coordinate [m]": 0.17460504573505084,
        "Positive tab centre z-coordinate [m]": 0.2002520290603237,
        "Cell cooling surface area [m2]": 0.06144104995018396,
        "Cell volume [m3]": 5.556233450586445e-06,
        "Negative current collector conductivity [S.m-1]": 42710144.46226091,
        "Positive current collector conductivity [S.m-1]": 39847684.71845394,
        "Negative current collector density [kg.m-3]": 15764.47899998917,
        "Positive current collector density [kg.m-3]": 2260.9451108298354,
        "Negative current collector specific heat capacity [J.kg-1.K-1]": 434.62464585986834,
        "Positive current collector specific heat capacity [J.kg-1.K-1]": 725.8748266365074,
        "Negative current collector thermal conductivity [W.m-1.K-1]": 286.9505755775881,
        "Positive current collector thermal conductivity [W.m-1.K-1]": 187.28358108869767,
        "Nominal cell capacity [A.h]": 0.4174972852912295,
        "Current function [A]": 0.4284712254942969,
        "Contact resistance [Ohm]": 0,
        "Negative electrode conductivity [S.m-1]": 97.03999125854062,
        "Maximum concentration in negative electrode [mol.m-3]": 28088.597552371055,
        "Negative electrode porosity": 0.45408175042234256,
        "Negative electrode active material volume fraction": 0.44029364507294394,
        "Negative particle radius [m]": 5.627743000219696e-07,
        "Negative electrode Bruggeman coefficient (electrolyte)": 1.55349520521764,
        "Negative electrode Bruggeman coefficient (electrode)": 2.282255788563372,
        "Negative electrode charge transfer coefficient": 0.41730271241112243,
        "Negative electrode double-layer capacity [F.m-2]": 0.22676997494208062,
        "Negative electrode density [kg.m-3]": 1514.3887103836241,
        "Negative electrode specific heat capacity [J.kg-1.K-1]": 527.6983997735417,
        "Negative electrode thermal conductivity [W.m-1.K-1]": 1.1257338259551866,
        "Negative electrode OCP entropic change [V.K-1]": 0.0,
        "Positive electrode conductivity [S.m-1]": 7.929383958918002,
        "Maximum concentration in positive electrode [mol.m-3]": 50171.20067985849,
        "Positive electrode porosity": 0.40078321243911413,
        "Positive electrode active material volume fraction": 0.3818076727254051,
        "Positive particle radius [m]": 1.777773017164515e-06,
        "Positive electrode Bruggeman coefficient (electrolyte)": 3.0345773846610395,
        "Positive electrode Bruggeman coefficient (electrode)": 2.239013265265885,
        "Positive electrode charge transfer coefficient": 0.4390197006354061,
        "Positive electrode double-layer capacity [F.m-2]": 0.22495815920508372,
        "Positive electrode density [kg.m-3]": 4533.94514840632,
        "Positive electrode specific heat capacity [J.kg-1.K-1]": 699.7967447521761,
        "Positive electrode thermal conductivity [W.m-1.K-1]": 1.2949238557638425,
        "Positive electrode OCP entropic change [V.K-1]": 0.0,
        "Separator porosity": 0.531036003406403,
        "Separator Bruggeman coefficient (electrolyte)": 2.1329612586331934,
        "Separator density [kg.m-3]": 724.9676708990366,
        "Separator specific heat capacity [J.kg-1.K-1]": 360.9478286646438,
        "Separator thermal conductivity [W.m-1.K-1]": 0.0857220679492846,
        "Initial concentration in electrolyte [mol.m-3]": 783.6059260802798,
        "Cation transference number": 0.4319936476476161,
        "Thermodynamic factor": 1.1347802004763594,
        "Reference temperature [K]": 234.08650220528415,
        "Negative current collector surface heat transfer coefficient [W.m-2.K-1]": 0.0,
        "Positive current collector surface heat transfer coefficient [W.m-2.K-1]": 0.0,
        "Negative tab heat transfer coefficient [W.m-2.K-1]": 24.92196121233748,
        "Positive tab heat transfer coefficient [W.m-2.K-1]": 26.17533527741032,
        "Edge heat transfer coefficient [W.m-2.K-1]": 0.30927353690185405,
        "Total heat transfer coefficient [W.m-2.K-1]": 35.48443307929669,
        "Ambient temperature [K]": 274.71049412072813,
        "Number of electrodes connected in parallel to make a cell": 1.2093164147287678,
        "Number of cells connected in series to make a battery": 0.9774975573736285,
        "Lower voltage cut-off [V]": 2.7999988296688425,
        "Upper voltage cut-off [V]": 4.740752093150208,
        "Open-circuit voltage at 0% SOC [V]": 2.061180213622936,
        "Open-circuit voltage at 100% SOC [V]": 5.402057609868778,
        "Initial concentration in negative electrode [mol.m-3]": 14247.450892578332,
        "Initial concentration in positive electrode [mol.m-3]": 13269.135562149922,
        "Initial temperature [K]": 381.7989798079046
    },