{
    "config": {
        "Ideal gas constant [J.K-1.mol-1]": 7.754503785445284,
        "Faraday constant [C.mol-1]": 68977.77236870697,
        "Boltzmann constant [J.K-1]": 1.336598808696704e-23,
        "Electron charge [C]": 1.4157946649832497e-19,
        "Negative current collector thickness [m]": 1.3042295643822034e-05,
        "Negative electrode thickness [m]": 8.923586556443037e-05,
        "Separator thickness [m]": 1.2615307507060975e-05,
        "Positive electrode thickness [m]": 9.645632878132953e-05,
        "Positive current collector thickness [m]": 1.599899521875006e-05,
        "Electrode height [m]": 0.08670638081967488,
        "Electrode width [m]": 1.8906065935006162,
        "Cell cooling surface area [m2]": 0.005205127973786688,
        "Cell volume [m3]": 2.994365756391425e-05,
        "Negative current collector conductivity [S.m-1]": 69470216.42763677,
        "Positive current collector conductivity [S.m-1]": 40400403.43264511,
        "Negative current collector density [kg.m-3]": 5947.193722079657,
        "Positive current collector density [kg.m-3]": 3991.545028104243,
        "Positive current collector thermal conductivity [W.m-1.K-1]": 209.58406175115238,
        "Nominal cell capacity [A.h]": 3.001782050826752,
        "Current function [A]": 5.928894112064399,
        "Contact resistance [Ohm]": 0,
        "Negative electrode conductivity [S.m-1]": 243.9304794082864,
        "Maximum concentration in negative electrode [mol.m-3]": 31280.99973067595,
        "Negative electrode porosity": 0.1810451808057883,
        "Negative electrode active material volume fraction": 0.7527341662909329,
        "Negative particle radius [m]": 7.314698912872219e-06,
        "Negative electrode Bruggeman coefficient (electrolyte)": 1.991933576210459,
        "Negative electrode Bruggeman coefficient (electrode)": 0.0,
        "Negative electrode charge transfer coefficient": 0.4884816048933307,
        "Negative electrode double-layer capacity [F.m-2]": 0.2270547900166889,
        "Negative electrode density [kg.m-3]": 1642.7452848659627,
        "Maximum concentration in positive electrode [mol.m-3]": 55166.55679919871,
        "Positive electrode porosity": 0.22029916165764563,
        "Positive electrode active material volume fraction": 0.3972470112242248,
        "Positive particle radius [m]": 4.136565889739344e-06,
        "Positive electrode Bruggeman coefficient (electrolyte)": 1.5165873305745587,
        "Positive electrode Bruggeman coefficient (electrode)": 0.0,
        "Positive electrode charge transfer coefficient": 0.609940351097231,
        "Positive electrode double-layer capacity [F.m-2]": 0.20827509137387176,
        "Positive electrode density [kg.m-3]": 3442.216883335499,
        "Separator porosity": 0.6157030981302332,
        "Separator Bruggeman coefficient (electrolyte)": 1.5312968278744319,
        "Separator Bruggeman coefficient (electrode)": 1.437592147867212,
        "Separator density [kg.m-3]": 889.7432313981853,
        "Separator thermal conductivity [W.m-1.K-1]": 0.3083931088425132,
        "Initial concentration in electrolyte [mol.m-3]": 1235.6134970591881,
        "Reference temperature [K]": 448.40009164479636,
        "Total heat transfer coefficient [W.m-2.K-1]": 12.08876343967524,
        "Ambient temperature [K]": 332.45543145892225,
        "Number of electrodes connected in parallel to make a cell": 1.03971018103683,
        "Number of cells connected in series to make a battery": 0.8490119321790668,
        "Lower voltage cut-off [V]": 2.513147918854127,
        "Upper voltage cut-off [V]": 5.052634053686661,
        "Open-circuit voltage at 0% SOC [V]": 1.4711707628021042,
        "Open-circuit voltage at 100% SOC [V]": 4.020719263813429,
        "Initial concentration in negative electrode [mol.m-3]": 26477.56132915016,
        "Initial concentration in positive electrode [mol.m-3]": 15976.851220146465,
        "Initial temperature [K]": 311.1462595696989
    },
    "V": [
        4.085536055259013,
        4.009902664230259,
        3.9786818582019965,
        3.955684707737414,
        3.9370587381681617,
        3.9271700381701864,
        3.909998851123593,
        3.891641193250296,
        3.8731510677943644,
        3.8549264072361233,
        3.8383646806323655,
        3.8227842093916333,
        3.8133396371314108,
        3.801136038539144,
        3.788540625150139,
        3.7726830100157165,
        3.760728487526361,
        3.7469532363754867,
        3.7292924016957967,
        3.7245943918430884,
        3.7128963870616136,
        3.6961157074986697,
        3.684107071025483,
        3.6744990342184893,
        3.661616001688438,
        3.6472178189432993,
        3.6342240296763784,
        3.6192683167650443,
        3.6038427387884004,
        3.5913983892577224,
        3.578422555646493,
        3.5622889190234854,
        3.5455526250432197,
        3.532275922333319,
        3.518089111089066,
        3.5054280051715843,
        3.4936469317135534,
        3.480849517277357,
        3.4686750492925857,
        3.4569805532497178,
        3.4476870903376153,
        3.435304379322062,
        3.4245526988910164,
        3.4150528915287044,
        3.403689846417075,
        3.3978108195719603,
        3.386456786161343,
        3.378258743488374,
        3.367602445077616,
        3.3577571438149025,
        3.3493100416419166,
        3.3379149895283904,
        3.3273136143227076,
        3.315998438184274,
        3.305731468294707,
        3.2948601441370253,
        3.285370718033782,
        3.2722162773942474,
        3.2606662352876397,
        3.250811064489757,
        3.2372397484279523,
        3.224810853307214,
        3.213988350465247,
        3.2008071707862378,
        3.1870420767122156,
        3.1742463036260706,
        3.1603269761907384,
        3.147666907861997,
        3.1313313272840344,
        3.1159597892934148,
        3.1003503867657396,
        3.08529746892889,
        3.0672206120431884,
        3.0496019883768866,
        3.0277444160872937,
        3.002729478022898,
        2.9734829692295635,
        2.9234892012031386,
        2.8720995653932233,
        2.7970253257332356,
        2.6671754137561416,
        2.5559240178908365,
        2.513157918853059
    ],