{
    "config": {
        "Ideal gas constant [J.K-1.mol-1]": 8.61552794368232,
        "Faraday constant [C.mol-1]": 95613.14619368692,
        "Boltzmann constant [J.K-1]": 1.0120659396490756e-23,
        "Electron charge [C]": 1.6123982527759139e-19,
        "Ratio of lithium moles to SEI moles": 1.920582352934468,
        "Inner SEI reaction proportion": 0.43662877901003455,
        "Inner SEI partial molar volume [m3.mol-1]": 0.00011717672925388553,
        "Outer SEI partial molar volume [m3.mol-1]": 9.713513574170773e-05,
        "SEI growth transfer coefficient": 0.4651406548584235,
        "SEI reaction exchange current density [A.m-2]": 1.3982480049684336e-07,
        "SEI resistivity [Ohm.m]": 73782.45924384343,
        "Outer SEI solvent diffusivity [m2.s-1]": 2.532483214329963e-22,
        "Bulk solvent concentration [mol.m-3]": 3284.5714062930892,
        "Inner SEI open-circuit potential [V]": 0.12238523464811385,
        "Outer SEI open-circuit potential [V]": 0.7667925633657363,
        "Inner SEI electron conductivity [S.m-1]": 8.443448910900915e-14,
        "Inner SEI lithium interstitial diffusivity [m2.s-1]": 1.0592647638497483e-20,
        "Lithium interstitial reference concentration [mol.m-3]": 17.66914976236301,
        "Initial inner SEI thickness [m]": 2.724543976721029e-09,
        "Initial outer SEI thickness [m]": 2.743768185658019e-09,
        "EC initial concentration in electrolyte [mol.m-3]": 3820.3762281326567,
        "EC diffusivity [m2.s-1]": 1.8355238283117046e-18,
        "SEI kinetic rate constant [m.s-1]": 9.591597171417532e-13,
        "SEI open-circuit potential [V]": 0.47705510763753967,
        "SEI growth activation energy [J.mol-1]": 0.0,
        "Negative electrode reaction-driven LAM factor [m3.mol-1]": 0.0,
        "Positive electrode reaction-driven LAM factor [m3.mol-1]": 0.0,
        "Negative current collector thickness [m]": 2.8094077000370834e-05,
        "Negative electrode thickness [m]": 8.897051604483902e-05,
        "Separator thickness [m]": 2.112328903470911e-05,
        "Positive electrode thickness [m]": 0.00011076955963813115,
        "Positive current collector thickness [m]": 1.8933450383042154e-05,
        "Electrode height [m]": 0.13640211845813852,
        "Electrode width [m]": 0.23636271782535692,
        "Negative tab width [m]": 0.038284591807941235,
        "Negative tab centre y-coordinate [m]": 0.0637801773817202,
        "Negative tab centre z-coordinate [m]": 0.14628091509487914,
        "Positive tab width [m]": 0.03415973005258163,
        "Positive tab centre y-coordinate [m]": 0.13654988526795428,
        "Positive tab centre z-coordinate [m]": 0.12247688031361224,
        "Cell cooling surface area [m2]": 0.06268597332839454,
        "Cell volume [m3]": 6.385230077417883e-06,
        "Negative current collector conductivity [S.m-1]": 72105511.82591021,
        "Positive current collector conductivity [S.m-1]": 34960904.32042758,
        "Negative current collector density [kg.m-3]": 8157.5881183645815,
        "Positive current collector density [kg.m-3]": 2743.196495990611,
        "Negative current collector specific heat capacity [J.kg-1.K-1]": 337.32833765522923,
        "Positive current collector specific heat capacity [J.kg-1.K-1]": 869.1825025394065,
        "Negative current collector thermal conductivity [W.m-1.K-1]": 399.7968044462143,
        "Positive current collector thermal conductivity [W.m-1.K-1]": 204.84305257796697,
        "Nominal cell capacity [A.h]": 0.7488684105929809,
        "Current function [A]": 0.6564800702048113,
        "Contact resistance [Ohm]": 0,
        "Negative electrode conductivity [S.m-1]": 83.57719764118691,
        "Maximum concentration in negative electrode [mol.m-3]": 30028.907695138903,
        "Negative electrode porosity": 0.2550351294290649,
        "Negative electrode active material volume fraction": 0.5188663421749576,
        "Negative particle radius [m]": 7.334560028596864e-06,
        "Negative electrode Bruggeman coefficient (electrolyte)": 1.7699553642337782,
        "Negative electrode Bruggeman coefficient (electrode)": 1.547570873436773,
        "Negative electrode charge transfer coefficient": 0.42841000064903556,
        "Negative electrode double-layer capacity [F.m-2]": 0.21114934156934922,
        "Negative electrode density [kg.m-3]": 2031.7988029316014,
        "Negative electrode specific heat capacity [J.kg-1.K-1]": 771.6980730053293,
        "Negative electrode thermal conductivity [W.m-1.K-1]": 1.5375107354691468,
        "Positive electrode conductivity [S.m-1]": 10.83089901836886,
        "Maximum concentration in positive electrode [mol.m-3]": 43512.01366379802,
        "Positive electrode porosity": 0.287079332687918,
        "Positive electrode active material volume fraction": 0.4969326670372509,
        "Positive particle radius [m]": 9.041946565529169e-06,
        "Positive electrode Bruggeman coefficient (electrolyte)": 1.059223736673066,
        "Positive electrode Bruggeman coefficient (electrode)": 1.5467984847091492,
        "Positive electrode charge transfer coefficient": 0.577412565286212,
        "Positive electrode double-layer capacity [F.m-2]": 0.1819373676815661,
        "Positive electrode density [kg.m-3]": 3639.37277589448,
        "Positive electrode specific heat capacity [J.kg-1.K-1]": 874.7262702260072,
        "Positive electrode thermal conductivity [W.m-1.K-1]": 2.5511489878058535,
        "Separator porosity": 0.857351623455451,
        "Separator Bruggeman coefficient (electrolyte)": 1.6585518556828112,
        "Separator density [kg.m-3]": 322.1120725593042,
        "Separator specific heat capacity [J.kg-1.K-1]": 533.685042349593,
        "Separator thermal conductivity [W.m-1.K-1]": 0.13728876391828929,
        "Initial concentration in electrolyte [mol.m-3]": 1419.8782027915317,
        "Cation transference number": 0.3915705607348119,
        "Thermodynamic factor": 1.071327811637945,
        "Reference temperature [K]": 200.02821057397676,
        "Ambient temperature [K]": 324.3964179146347,
        "Negative current collector surface heat transfer coefficient [W.m-2.K-1]": 0.0,
        "Positive current collector surface heat transfer coefficient [W.m-2.K-1]": 0.0,
        "Negative tab heat transfer coefficient [W.m-2.K-1]": 9.267825454469367,
        "Positive tab heat transfer coefficient [W.m-2.K-1]": 9.350692455678686,
        "Edge heat transfer coefficient [W.m-2.K-1]": 0.24988328556063144,
        "Total heat transfer coefficient [W.m-2.K-1]": 8.213371547907638,
        "Number of electrodes connected in parallel to make a cell": 1.0428034846121066,
        "Number of cells connected in series to make a battery": 0.8868272631486054,
        "Lower voltage cut-off [V]": 3.313655502858177,
        "Upper voltage cut-off [V]": 4.291943941144719,
        "Open-circuit voltage at 0% SOC [V]": 2.8149808679113426,
        "Open-circuit voltage at 100% SOC [V]": 4.001141124503028,
        "Initial concentration in negative electrode [mol.m-3]": 20180.53750200939,
        "Initial concentration in positive electrode [mol.m-3]": 31411.20709410493,
        "Initial temperature [K]": 321.02827908793085
    },