{
    "config": {
        "Ideal gas constant [J.K-1.mol-1]": 6.190376171718677,
        "Faraday constant [C.mol-1]": 119808.03752879493,
        "Boltzmann constant [J.K-1]": 1.6362589458918985e-23,
        "Electron charge [C]": 9.707146517136329e-20,
        "Ratio of lithium moles to SEI moles": 2.009802570635086,
        "Inner SEI reaction proportion": 0.7164014433905885,
        "Inner SEI partial molar volume [m3.mol-1]": 8.59539650854256e-05,
        "Outer SEI partial molar volume [m3.mol-1]": 6.182293757293118e-05,
        "SEI reaction exchange current density [A.m-2]": 1.5830939740042686e-07,
        "SEI resistivity [Ohm.m]": 108934.61827373871,
        "Outer SEI solvent diffusivity [m2.s-1]": 1.425307101286994e-22,
        "Bulk solvent concentration [mol.m-3]": 2802.5527543422395,
        "Inner SEI open-circuit potential [V]": 0.08859457648513246,
        "Outer SEI open-circuit potential [V]": 0.9047700580027079,
        "Inner SEI electron conductivity [S.m-1]": 9.214172107109256e-14,
        "Inner SEI lithium interstitial diffusivity [m2.s-1]": 1.2939950180758367e-20,
        "Lithium interstitial reference concentration [mol.m-3]": 17.900133330170387,
        "Initial inner SEI thickness [m]": 2.914251429025867e-09,
        "Initial outer SEI thickness [m]": 3.2706437987917027e-09,
        "EC initial concentration in electrolyte [mol.m-3]": 3850.842327585984,
        "EC diffusivity [m2.s-1]": 1.504007369877366e-18,
        "SEI kinetic rate constant [m.s-1]": 1.2061305608710592e-12,
        "SEI open-circuit potential [V]": 0.4440568437598309,
        "SEI growth activation energy [J.mol-1]": 0.0,
        "Negative electrode reaction-driven LAM factor [m3.mol-1]": 0.0,
        "Positive electrode reaction-driven LAM factor [m3.mol-1]": 0.0,
        "Negative current collector thickness [m]": 1.4523669589325463e-05,
        "Negative electrode thickness [m]": 8.639977143254409e-05,
        "Separator thickness [m]": 1.718260443585986e-05,
        "Positive electrode thickness [m]": 1.9064622833346224e-05,
        "Positive current collector thickness [m]": 1.3097352515016313e-05,
        "Electrode height [m]": 0.09617126403737752,
        "Electrode width [m]": 0.10030237594859696,
        "Negative tab width [m]": 0.007348314392595994,
        "Negative tab centre y-coordinate [m]": 0.004507516100120532,
        "Negative tab centre z-coordinate [m]": 0.09380383594503382,
        "Positive tab width [m]": 0.00831880011193302,
        "Positive tab centre y-coordinate [m]": 0.03591619915787256,
        "Positive tab centre z-coordinate [m]": 0.07910165761634859,
        "Cell cooling surface area [m2]": 0.01722077266395873,
        "Cell volume [m3]": 1.1651428120740059e-06,
        "Negative current collector conductivity [S.m-1]": 50071807.218876444,
        "Positive current collector conductivity [S.m-1]": 37951455.55840649,
        "Negative current collector density [kg.m-3]": 9052.493623956116,
        "Positive current collector density [kg.m-3]": 2213.0028972728264,
        "Negative current collector specific heat capacity [J.kg-1.K-1]": 417.90302682182664,
        "Positive current collector specific heat capacity [J.kg-1.K-1]": 830.0320174636871,
        "Negative current collector thermal conductivity [W.m-1.K-1]": 383.8241769535917,
        "Positive current collector thermal conductivity [W.m-1.K-1]": 219.4590589568341,
        "Nominal cell capacity [A.h]": 0.17262724529547535,
        "Current function [A]": 0.09962647852293138,
        "Contact resistance [Ohm]": 0,
        "Negative electrode conductivity [S.m-1]": 21.466145847592706,
        "Maximum concentration in negative electrode [mol.m-3]": 37983.86117934716,
        "Negative electrode porosity": 0.38260836219637284,
        "Negative electrode active material volume fraction": 0.5059357817952466,
        "Negative particle radius [m]": 1.0540941225981073e-05,
        "Negative electrode Bruggeman coefficient (electrolyte)": 0.636010116142709,
        "Negative electrode Bruggeman coefficient (electrode)": 0.0,
        "Negative electrode density [kg.m-3]": 1127.9002284757557,
        "Negative electrode specific heat capacity [J.kg-1.K-1]": 1900.4693239991116,
        "Negative electrode thermal conductivity [W.m-1.K-1]": 1.0175960119058303,
        "Negative electrode OCP entropic change [V.K-1]": 0.0,
        "Positive electrode conductivity [S.m-1]": 55.847972879145,
        "Maximum concentration in positive electrode [mol.m-3]": 60552.88768117133,
        "Positive electrode porosity": 0.22515567686840107,
        "Positive electrode active material volume fraction": 0.37918840489155897,
        "Positive particle radius [m]": 7.202761424397891e-06,
        "Positive electrode Bruggeman coefficient (electrolyte)": 1.0108566927802718,
        "Positive electrode Bruggeman coefficient (electrode)": 0.0,
        "Positive electrode density [kg.m-3]": 3321.4405037676984,
        "Positive electrode specific heat capacity [J.kg-1.K-1]": 1156.715115337032,
        "Positive electrode thermal conductivity [W.m-1.K-1]": 0.5085485826387363,
        "Positive electrode OCP entropic change [V.K-1]": 0.0,
        "Separator porosity": 0.39666898162029673,
        "Separator Bruggeman coefficient (electrolyte)": 1.2218621616186875,
        "Separator density [kg.m-3]": 1049.6060371025317,
        "Separator specific heat capacity [J.kg-1.K-1]": 1977.9120546143236,
        "Separator thermal conductivity [W.m-1.K-1]": 0.3923478839686818,
        "Initial concentration in electrolyte [mol.m-3]": 938.1023265323809,
        "Cation transference number": 0.18486414113649463,
        "Thermodynamic factor": 1.376884605147907,
        "Reference temperature [K]": 361.8672523550144,
        "Negative current collector surface heat transfer coefficient [W.m-2.K-1]": 7.089685324214841,
        "Positive current collector surface heat transfer coefficient [W.m-2.K-1]": 10.919787355790726,
        "Negative tab heat transfer coefficient [W.m-2.K-1]": 11.366640433828648,
        "Positive tab heat transfer coefficient [W.m-2.K-1]": 6.6882931998372905,
        "Edge heat transfer coefficient [W.m-2.K-1]": 9.812640719423586,
        "Total heat transfer coefficient [W.m-2.K-1]": 5.304671669037057,
        "Ambient temperature [K]": 402.51162438355124,
        "Number of electrodes connected in parallel to make a cell": 0.5816265654203859,
        "Number of cells connected in series to make a battery": 1.1421325280245929,
        "Lower voltage cut-off [V]": 3.1600587197517216,
        "Upper voltage cut-off [V]": 4.718219002484183,
        "Open-circuit voltage at 0% SOC [V]": 2.3626730230687403,
        "Open-circuit voltage at 100% SOC [V]": 2.296414268928709,
        "Initial concentration in negative electrode [mol.m-3]": 29870.53902650458,
        "Initial concentration in positive electrode [mol.m-3]": 10397.501093290644,
        "Initial temperature [K]": 300.9486426518631
    },