{
    "config": {
        "Ideal gas constant [J.K-1.mol-1]": 7.23663300925814,
        "Faraday constant [C.mol-1]": 106793.49929838222,
        "Boltzmann constant [J.K-1]": 1.2513042377878656e-23,
        "Electron charge [C]": 1.7769858478313626e-19,
        "Lithium metal partial molar volume [m3.mol-1]": 1.5159212411630846e-05,
        "Lithium plating kinetic rate constant [m.s-1]": 8.292940907809974e-10,
        "Initial plated lithium concentration [mol.m-3]": 0.0,
        "Typical plated lithium concentration [mol.m-3]": 882.8552606783078,
        "Lithium plating transfer coefficient": 0.6134248198313951,
        "Dead lithium decay constant [s-1]": 9.401594136071954e-07,
        "Ratio of lithium moles to SEI moles": 1.034989479406303,
        "Inner SEI reaction proportion": 0.0,
        "Inner SEI partial molar volume [m3.mol-1]": 9.490220876932135e-05,
        "Outer SEI partial molar volume [m3.mol-1]": 7.832887640747533e-05,
        "SEI reaction exchange current density [A.m-2]": 1.809742243176125e-07,
        "SEI resistivity [Ohm.m]": 159696.6857940748,
        "Outer SEI solvent diffusivity [m2.s-1]": 2.2051240235468846e-22,
        "Bulk solvent concentration [mol.m-3]": 2505.7134874760077,
        "Inner SEI open-circuit potential [V]": 0.09094106888879913,
        "Outer SEI open-circuit potential [V]": 0.7907382533898635,
        "Inner SEI electron conductivity [S.m-1]": 8.400789669124345e-14,
        "Inner SEI lithium interstitial diffusivity [m2.s-1]": 1.086837065330701e-20,
        "Lithium interstitial reference concentration [mol.m-3]": 16.158557814269916,
        "Initial inner SEI thickness [m]": 0.0,
        "Initial outer SEI thickness [m]": 5.360514187356829e-09,
        "EC initial concentration in electrolyte [mol.m-3]": 4671.487909498294,
        "EC diffusivity [m2.s-1]": 1.5850961112171608e-18,
        "SEI kinetic rate constant [m.s-1]": 1.0327980926301684e-12,
        "SEI open-circuit potential [V]": 0.22348279992975212,
        "SEI growth activation energy [J.mol-1]": 42062.708374480586,
        "Negative electrode reaction-driven LAM factor [m3.mol-1]": 0.0,
        "Positive electrode reaction-driven LAM factor [m3.mol-1]": 0.0,
        "Negative current collector thickness [m]": 1.486942271471868e-05,
        "Negative electrode thickness [m]": 0.00010896119579065394,
        "Separator thickness [m]": 1.3297618019103351e-05,
        "Positive electrode thickness [m]": 7.89233391569591e-05,
        "Positive current collector thickness [m]": 1.120115881779959e-05,
        "Electrode height [m]": 0.06644870759427617,
        "Electrode width [m]": 2.061846855086949,
        "Cell cooling surface area [m2]": 0.0055010094816304485,
        "Cell volume [m3]": 2.9258695966442595e-05,
        "Cell thermal expansion coefficient [m.K-1]": 9.782944581079237e-07,
        "Negative current collector conductivity [S.m-1]": 53852082.017215595,
        "Positive current collector conductivity [S.m-1]": 41964305.10971951,
        "Negative current collector density [kg.m-3]": 6948.54661801974,
        "Positive current collector density [kg.m-3]": 2377.0254000838313,
        "Negative current collector specific heat capacity [J.kg-1.K-1]": 274.3012978377293,
        "Positive current collector specific heat capacity [J.kg-1.K-1]": 1271.1461851573692,
        "Negative current collector thermal conductivity [W.m-1.K-1]": 324.0480337462411,
        "Positive current collector thermal conductivity [W.m-1.K-1]": 192.98489117069482,
        "Nominal cell capacity [A.h]": 4.932725379727712,
        "Current function [A]": 5.399516769589898,
        "Contact resistance [Ohm]": 0,
        "Negative electrode conductivity [S.m-1]": 241.68164036567902,
        "Maximum concentration in negative electrode [mol.m-3]": 33902.27952645545,
        "Negative electrode porosity": 0.2330672293388986,
        "Negative electrode active material volume fraction": 0.6510860337975533,
        "Negative particle radius [m]": 3.4885444915999474e-06,
        "Negative electrode Bruggeman coefficient (electrolyte)": 1.7728204245393824,
        "Negative electrode Bruggeman coefficient (electrode)": 1.4003571130734216,
        "Negative electrode charge transfer coefficient": 0.41282446242557347,
        "Negative electrode double-layer capacity [F.m-2]": 0.2020495083595563,
        "Negative electrode density [kg.m-3]": 1862.5194670940523,
        "Negative electrode specific heat capacity [J.kg-1.K-1]": 611.9791087387074,
        "Negative electrode thermal conductivity [W.m-1.K-1]": 1.726073333783276,
        "Negative electrode OCP entropic change [V.K-1]": 0.0,
        "Negative electrode Poisson's ratio": 0.30703561016238856,
        "Negative electrode Young's modulus [Pa]": 14682073649.879543,
        "Negative electrode reference concentration for free of deformation [mol.m-3]": 0.0,
        "Negative electrode partial molar volume [m3.mol-1]": 3.521710924337746e-06,
        "Negative electrode initial crack length [m]": 1.593306192382498e-08,
        "Negative electrode initial crack width [m]": 1.5798319778497502e-08,
        "Negative electrode number of cracks per unit area [m-2]": 3677832392218388.5,
        "Negative electrode Paris' law constant b": 0.8824466397768826,
        "Negative electrode Paris' law constant m": 2.092218214397303,
        "Negative electrode LAM constant proportional term [s-1]": 2.9641685596897136e-07,
        "Negative electrode LAM constant exponential term": 2.1674440326809545,
        "Negative electrode critical stress [Pa]": 59817264.22763902,
        "Positive electrode conductivity [S.m-1]": 0.19248441416761602,
        "Maximum concentration in positive electrode [mol.m-3]": 69426.90911876067,
        "Positive electrode porosity": 0.3696721776158114,
        "Positive electrode active material volume fraction": 0.5731001374960398,
        "Positive particle radius [m]": 4.7603966748429085e-06,
        "Positive electrode Bruggeman coefficient (electrolyte)": 1.5012118135403505,
        "Positive electrode Bruggeman coefficient (electrode)": 1.661682955294727,
        "Positive electrode charge transfer coefficient": 0.47135110069167424,
        "Positive electrode double-layer capacity [F.m-2]": 0.1928550510404641,
        "Positive electrode density [kg.m-3]": 3461.563929357739,
        "Positive electrode specific heat capacity [J.kg-1.K-1]": 713.8894988360621,
        "Positive electrode thermal conductivity [W.m-1.K-1]": 1.800366127121214,
        "Positive electrode OCP entropic change [V.K-1]": 0.0,
        "Positive electrode Poisson's ratio": 0.19474882140848565,
        "Positive electrode Young's modulus [Pa]": 386594502337.9824,
        "Positive electrode reference concentration for free of deformation [mol.m-3]": 0.0,
        "Positive electrode partial molar volume [m3.mol-1]": 1.231565267808299e-05,
        "Positive electrode initial crack length [m]": 2.526036020300744e-08,
        "Positive electrode initial crack width [m]": 1.8041939574445894e-08,
        "Positive electrode number of cracks per unit area [m-2]": 2540536827123459.5,
        "Positive electrode Paris' law constant b": 1.0985879439569382,
        "Positive electrode Paris' law constant m": 2.366647038785239,
        "Positive electrode LAM constant proportional term [s-1]": 3.108123416453407e-07,
        "Positive electrode LAM constant exponential term": 2.2452394810251874,
        "Positive electrode critical stress [Pa]": 406890231.6432253,
        "Separator porosity": 0.48829743961544547,
        "Separator Bruggeman coefficient (electrolyte)": 1.4736323203100006,
        "Separator density [kg.m-3]": 555.2494933583591,
        "Separator specific heat capacity [J.kg-1.K-1]": 658.1848900034443,
        "Separator thermal conductivity [W.m-1.K-1]": 0.20418673094679857,
        "Initial concentration in electrolyte [mol.m-3]": 946.5396540295536,