{
    "config": {
        "Ideal gas constant [J.K-1.mol-1]": 8.293125244711765,
        "Faraday constant [C.mol-1]": 153647.87752797443,
        "Boltzmann constant [J.K-1]": 1.196705013616095e-23,
        "Electron charge [C]": 1.3841935719573126e-19,
        "Ratio of lithium moles to SEI moles": 2.905747995867363,
        "Inner SEI reaction proportion": 0.5317771190258669,
        "Inner SEI partial molar volume [m3.mol-1]": 9.029940662249472e-05,
        "Outer SEI partial molar volume [m3.mol-1]": 0.00014023219024200431,
        "SEI reaction exchange current density [A.m-2]": 1.405212749165031e-07,
        "SEI resistivity [Ohm.m]": 214122.1192599333,
        "Outer SEI solvent diffusivity [m2.s-1]": 2.0368905595366757e-22,
        "Bulk solvent concentration [mol.m-3]": 2761.8711793087705,
        "Inner SEI open-circuit potential [V]": 0.11128790976616222,
        "Outer SEI open-circuit potential [V]": 1.0138499238614864,
        "Inner SEI electron conductivity [S.m-1]": 9.822088503347154e-14,
        "Inner SEI lithium interstitial diffusivity [m2.s-1]": 9.451252301581561e-21,
        "Lithium interstitial reference concentration [mol.m-3]": 17.774074764134966,
        "Initial inner SEI thickness [m]": 3.177320131576966e-09,
        "Initial outer SEI thickness [m]": 3.3241932104893728e-09,
        "EC initial concentration in electrolyte [mol.m-3]": 6280.440797641655,
        "EC diffusivity [m2.s-1]": 1.810648455640832e-18,
        "SEI kinetic rate constant [m.s-1]": 9.4645450245883e-13,
        "SEI open-circuit potential [V]": 0.38567024894401103,
        "SEI growth activation energy [J.mol-1]": 0.0,
        "Negative electrode reaction-driven LAM factor [m3.mol-1]": 0.0,
        "Positive electrode reaction-driven LAM factor [m3.mol-1]": 0.0,
        "Negative current collector thickness [m]": 6.709677784166617e-06,
        "Negative electrode thickness [m]": 0.00010574645275268125,
        "Separator thickness [m]": 9.179706656650211e-06,
        "Positive electrode thickness [m]": 5.344556007658076e-05,
        "Positive current collector thickness [m]": 1.927927004732285e-05,
        "Electrode height [m]": 0.0660702523119804,
        "Electrode width [m]": 1.6797275250206394,
        "Cell cooling surface area [m2]": 0.006435460589025707,
        "Cell volume [m3]": 1.912998739747435e-05,
        "Cell thermal expansion coefficient [m.K-1]": 1.4999234919912365e-06,
        "Negative current collector conductivity [S.m-1]": 69695005.27057236,
        "Positive current collector conductivity [S.m-1]": 42271656.31003438,
        "Negative current collector density [kg.m-3]": 6456.868493446835,
        "Positive current collector density [kg.m-3]": 3199.6362880353486,
        "Negative current collector specific heat capacity [J.kg-1.K-1]": 394.406011466263,
        "Positive current collector specific heat capacity [J.kg-1.K-1]": 556.7636703970663,
        "Negative current collector thermal conductivity [W.m-1.K-1]": 361.45779189611085,
        "Positive current collector thermal conductivity [W.m-1.K-1]": 175.1843668101468,
        "Nominal cell capacity [A.h]": 5.623947358724667,
        "Current function [A]": 5.367798760751395,
        "Contact resistance [Ohm]": 0,
        "Negative electrode conductivity [S.m-1]": 250.69492759462355,
        "Maximum concentration in negative electrode [mol.m-3]": 50933.92933219945,
        "Negative particle diffusivity [m2.s-1]": 3.508297905704782e-14,
        "Negative electrode porosity": 0.2546742712096938,
        "Negative electrode active material volume fraction": 1.1792550363620087,
        "Negative particle radius [m]": 7.116029977997313e-06,
        "Negative electrode Bruggeman coefficient (electrolyte)": 1.3331603843346103,
        "Negative electrode Bruggeman coefficient (electrode)": 0,
        "Negative electrode charge transfer coefficient": 0.45310695052594674,
        "Negative electrode double-layer capacity [F.m-2]": 0.16766335186459458,
        "Negative electrode density [kg.m-3]": 1868.2328179001202,
        "Negative electrode specific heat capacity [J.kg-1.K-1]": 449.58818189269743,
        "Negative electrode thermal conductivity [W.m-1.K-1]": 0.8721055229577516,
        "Negative electrode OCP entropic change [V.K-1]": 0.0,
        "Positive electrode conductivity [S.m-1]": 0.1393252608690068,
        "Maximum concentration in positive electrode [mol.m-3]": 59712.5714569339,
        "Positive particle diffusivity [m2.s-1]": 3.483540218827206e-15,
        "Positive electrode porosity": 0.3436556506779419,
        "Positive electrode active material volume fraction": 0.8324013990527821,
        "Positive particle radius [m]": 3.5405590254527725e-06,
        "Positive electrode Bruggeman coefficient (electrolyte)": 1.42623810630615,
        "Positive electrode Bruggeman coefficient (electrode)": 0,
        "Positive electrode charge transfer coefficient": 0.6351035036050506,
        "Positive electrode double-layer capacity [F.m-2]": 0.21165161361854049,
        "Positive electrode density [kg.m-3]": 3628.8040017956014,
        "Positive electrode specific heat capacity [J.kg-1.K-1]": 678.8965897359614,
        "Positive electrode thermal conductivity [W.m-1.K-1]": 1.9099585882184777,
        "Positive electrode OCP entropic change [V.K-1]": 0.0,
        "Separator porosity": 0.5504056101009283,
        "Separator Bruggeman coefficient (electrolyte)": 1.854287582362183,
        "Separator density [kg.m-3]": 434.4333895397919,
        "Separator specific heat capacity [J.kg-1.K-1]": 686.7722333164592,
        "Separator thermal conductivity [W.m-1.K-1]": 0.12820833511973512,
        "Initial concentration in electrolyte [mol.m-3]": 598.4120910465742,
        "Cation transference number": 0.24225090822292286,
        "Thermodynamic factor": 0.6243800994459976,
        "Reference temperature [K]": 272.44482568301,
        "Total heat transfer coefficient [W.m-2.K-1]": 12.298116338783288,
        "Ambient temperature [K]": 226.0304920872612,
        "Number of electrodes connected in parallel to make a cell": 0.9133753563086957,
        "Number of cells connected in series to make a battery": 1.0298816374918685,
        "Lower voltage cut-off [V]": 2.899631570028982,
        "Upper voltage cut-off [V]": 4.762645612755107,
        "Open-circuit voltage at 0% SOC [V]": 1.7202623312817298,
        "Open-circuit voltage at 100% SOC [V]": 4.2864765969276215,
        "Initial concentration in negative electrode [mol.m-3]": 25021.576126903572,
        "Initial concentration in positive electrode [mol.m-3]": 18786.45623144262,
        "Initial temperature [K]": 358.55248748829234
    },