{
    "config": {
        "Ideal gas constant [J.K-1.mol-1]": 7.921781250218037,
        "Faraday constant [C.mol-1]": 110843.89626571693,
        "Boltzmann constant [J.K-1]": 1.175642510850996e-23,
        "Electron charge [C]": 1.5281150854453571e-19,
        "Ratio of lithium moles to SEI moles": 2.5247133802410855,
        "Inner SEI reaction proportion": 0.4581845132343661,
        "Inner SEI partial molar volume [m3.mol-1]": 6.819693668029864e-05,
        "Outer SEI partial molar volume [m3.mol-1]": 0.00011820441779561715,
        "SEI reaction exchange current density [A.m-2]": 9.533677341333988e-07,
        "SEI resistivity [Ohm.m]": 154072.23614732674,
        "Outer SEI solvent diffusivity [m2.s-1]": 1.9209540463987478e-22,
        "Bulk solvent concentration [mol.m-3]": 2982.950645765158,
        "Inner SEI open-circuit potential [V]": 0.0955545549269348,
        "Outer SEI open-circuit potential [V]": 0.9744235909735521,
        "Inner SEI electron conductivity [S.m-1]": 7.707214061098785e-14,
        "Inner SEI lithium interstitial diffusivity [m2.s-1]": 1.5135180220678272e-20,
        "Lithium interstitial reference concentration [mol.m-3]": 14.592685975929298,
        "Initial inner SEI thickness [m]": 3.996340746832901e-09,
        "Initial outer SEI thickness [m]": 3.319094442661007e-09,
        "EC initial concentration in electrolyte [mol.m-3]": 3990.659660287592,
        "EC diffusivity [m2.s-1]": 1.9428877929970286e-18,
        "SEI kinetic rate constant [m.s-1]": 7.284847045393311e-13,
        "SEI open-circuit potential [V]": 0.0,
        "SEI growth activation energy [J.mol-1]": 0.0,
        "Negative current collector thickness [m]": 1.7673706172084765e-05,
        "Negative electrode thickness [m]": 7.669566468736431e-05,
        "Separator thickness [m]": 1.926266492725725e-05,
        "Positive electrode thickness [m]": 9.690136964708853e-05,
        "Positive current collector thickness [m]": 1.3029039013672918e-05,
        "Electrode height [m]": 0.05311308351112017,
        "Electrode width [m]": 1.306233870955326,
        "Negative tab width [m]": 0.031881828882889734,
        "Negative tab centre y-coordinate [m]": 0.07638523232900196,
        "Negative tab centre z-coordinate [m]": 0.11762875532404377,
        "Positive tab width [m]": 0.04672181537825186,
        "Positive tab centre y-coordinate [m]": 0.2183455081311031,
        "Positive tab centre z-coordinate [m]": 0.1543869710064908,
        "Negative current collector conductivity [S.m-1]": 68484822.33367799,
        "Positive current collector conductivity [S.m-1]": 42833976.67171996,
        "Negative current collector density [kg.m-3]": 6728.4831246762105,
        "Positive current collector density [kg.m-3]": 2430.6467832610288,
        "Negative current collector specific heat capacity [J.kg-1.K-1]": 452.76975740349883,
        "Positive current collector specific heat capacity [J.kg-1.K-1]": 1210.555078576534,
        "Negative current collector thermal conductivity [W.m-1.K-1]": 368.4628522534625,
        "Positive current collector thermal conductivity [W.m-1.K-1]": 184.54594641832364,
        "Nominal cell capacity [A.h]": 0.6213316868900056,
        "Current function [A]": 0.8437298375781399,
        "Contact resistance [Ohm]": 0,
        "Negative electrode conductivity [S.m-1]": 79.844396520687,
        "Maximum concentration in negative electrode [mol.m-3]": 28152.795923613656,
        "Negative electrode porosity": 0.4640896483144459,
        "Negative electrode active material volume fraction": 0.37937802986216945,
        "Negative particle radius [m]": 2.947151704853238e-06,
        "Negative electrode Bruggeman coefficient (electrolyte)": 4.46023602722278,
        "Negative electrode Bruggeman coefficient (electrode)": 4.124658186534635,
        "Negative electrode charge transfer coefficient": 0.4451936383631062,
        "Negative electrode double-layer capacity [F.m-2]": 0.170044813705757,
        "Negative electrode density [kg.m-3]": 1326.7711044101034,
        "Negative electrode specific heat capacity [J.kg-1.K-1]": 647.6201155430578,
        "Negative electrode thermal conductivity [W.m-1.K-1]": 0.8994740465310251,
        "Positive electrode conductivity [S.m-1]": 87.22274404990614,
        "Maximum concentration in positive electrode [mol.m-3]": 59396.15664746331,
        "Positive electrode porosity": 0.3214882201879473,
        "Positive electrode active material volume fraction": 0.46723597183026533,
        "Positive particle radius [m]": 1.7827155933760282e-06,
        "Positive electrode Bruggeman coefficient (electrolyte)": 4.877315313374221,
        "Positive electrode Bruggeman coefficient (electrode)": 3.3255692108582062,
        "Positive electrode charge transfer coefficient": 0.6236831368437418,
        "Positive electrode double-layer capacity [F.m-2]": 0.1549679988208708,
        "Positive electrode density [kg.m-3]": 2453.271100857279,
        "Positive electrode specific heat capacity [J.kg-1.K-1]": 512.0288984329388,
        "Positive electrode thermal conductivity [W.m-1.K-1]": 2.9403804191716465,
        "Separator porosity": 0.49238786551845504,
        "Separator Bruggeman coefficient (electrolyte)": 2.959175735197988,
        "Separator density [kg.m-3]": 1176.1030841998102,
        "Separator specific heat capacity [J.kg-1.K-1]": 2651.2868732262145,
        "Separator thermal conductivity [W.m-1.K-1]": 0.4185695519803431,
        "Initial concentration in electrolyte [mol.m-3]": 897.3671128624319,
        "Cation transference number": 0.4567400752828713,
        "Thermodynamic factor": 1.227726492609718,
        "Reference temperature [K]": 233.4530418771452,
        "Ambient temperature [K]": 337.8670945253402,
        "Negative current collector surface heat transfer coefficient [W.m-2.K-1]": 0.0,
        "Positive current collector surface heat transfer coefficient [W.m-2.K-1]": 0.0,
        "Negative tab heat transfer coefficient [W.m-2.K-1]": 8.832707980972925,
        "Positive tab heat transfer coefficient [W.m-2.K-1]": 10.232283159322648,
        "Edge heat transfer coefficient [W.m-2.K-1]": 0.3715456425732641,
        "Number of electrodes connected in parallel to make a cell": 1.3345690134821648,
        "Number of cells connected in series to make a battery": 0.9431798860217135,
        "Lower voltage cut-off [V]": 1.769988585937465,
        "Upper voltage cut-off [V]": 4.778877375367888,
        "Open-circuit voltage at 0% SOC [V]": 2.6765421010648587,
        "Open-circuit voltage at 100% SOC [V]": 4.565630771964619,
        "Initial concentration in negative electrode [mol.m-3]": 25819.022689850754,
        "Initial concentration in positive electrode [mol.m-3]": 28328.195659191755,
        "Initial temperature [K]": 347.4109062319536
    },