{
    "config": {
        "Ideal gas constant [J.K-1.mol-1]": 12.969445084566782,
        "Faraday constant [C.mol-1]": 93896.13117445588,
        "Boltzmann constant [J.K-1]": 8.665151808300034e-24,
        "Electron charge [C]": 1.138835719423864e-19,
        "Ratio of lithium moles to SEI moles": 2.3885574457332823,
        "Inner SEI reaction proportion": 0.4852930262010277,
        "Inner SEI partial molar volume [m3.mol-1]": 9.316085744980964e-05,
        "Outer SEI partial molar volume [m3.mol-1]": 9.844039171921525e-05,
        "SEI growth transfer coefficient": 0.4618504579252905,
        "SEI reaction exchange current density [A.m-2]": 9.124229675236905e-08,
        "SEI resistivity [Ohm.m]": 192285.29155112235,
        "Outer SEI solvent diffusivity [m2.s-1]": 2.0403911267612431e-22,
        "Bulk solvent concentration [mol.m-3]": 2484.1335859078795,
        "Inner SEI open-circuit potential [V]": 0.09513454234479074,
        "Outer SEI open-circuit potential [V]": 0.7380095426276144,
        "Inner SEI electron conductivity [S.m-1]": 9.62753977305356e-14,
        "Inner SEI lithium interstitial diffusivity [m2.s-1]": 1.0712726244412915e-20,
        "Lithium interstitial reference concentration [mol.m-3]": 10.954192608223925,
        "Initial inner SEI thickness [m]": 1.5245351956238844e-09,
        "Initial outer SEI thickness [m]": 1.9527830318820956e-09,
        "EC initial concentration in electrolyte [mol.m-3]": 4237.064031367408,
        "EC diffusivity [m2.s-1]": 1.0881211974520623e-18,
        "SEI kinetic rate constant [m.s-1]": 1.1034156257322613e-12,
        "SEI open-circuit potential [V]": 0.29748217195365595,
        "SEI growth activation energy [J.mol-1]": 0.0,
        "Negative electrode reaction-driven LAM factor [m3.mol-1]": 0.0,
        "Positive electrode reaction-driven LAM factor [m3.mol-1]": 0.0,
        "Negative current collector thickness [m]": 3.1601395471165375e-05,
        "Negative electrode thickness [m]": 6.989676389483786e-05,
        "Separator thickness [m]": 2.2580775565515978e-05,
        "Positive electrode thickness [m]": 0.00014722168858893807,
        "Positive current collector thickness [m]": 1.638773436627861e-05,
        "Electrode height [m]": 0.11774619534108448,
        "Electrode width [m]": 0.17084001901466,
        "Negative tab width [m]": 0.03505403989290432,
        "Negative tab centre y-coordinate [m]": 0.032428709802033794,
        "Negative tab centre z-coordinate [m]": 0.16660416841101255,
        "Positive tab width [m]": 0.036745493329509125,
        "Positive tab centre y-coordinate [m]": 0.13772142516533642,
        "Positive tab centre z-coordinate [m]": 0.12756290334605258,
        "Cell cooling surface area [m2]": 0.05814284603651286,
        "Cell volume [m3]": 9.529965224356628e-06,
        "Negative current collector conductivity [S.m-1]": 54759766.85287358,
        "Positive current collector conductivity [S.m-1]": 38045913.76152773,
        "Negative current collector density [kg.m-3]": 6937.285689506834,
        "Positive current collector density [kg.m-3]": 3008.7424629085717,
        "Negative current collector specific heat capacity [J.kg-1.K-1]": 290.0862300170216,
        "Positive current collector specific heat capacity [J.kg-1.K-1]": 867.3115444178835,
        "Negative current collector thermal conductivity [W.m-1.K-1]": 220.33862771840296,
        "Positive current collector thermal conductivity [W.m-1.K-1]": 131.257855464841,
        "Nominal cell capacity [A.h]": 0.9324606179029045,
        "Current function [A]": 0.7686974718850283,
        "Contact resistance [Ohm]": 0,
        "Negative electrode conductivity [S.m-1]": 105.1966202324968,
        "Maximum concentration in negative electrode [mol.m-3]": 21096.081848731577,
        "Negative electrode porosity": 0.16488524961377146,
        "Negative electrode active material volume fraction": 0.568125895660385,
        "Negative particle radius [m]": 1.1767180855749762e-05,
        "Negative electrode Bruggeman coefficient (electrolyte)": 1.7614267596106452,
        "Negative electrode Bruggeman coefficient (electrode)": 1.7931661293039454,
        "Negative electrode charge transfer coefficient": 0.3793337614205027,
        "Negative electrode double-layer capacity [F.m-2]": 0.16187836183936166,
        "Negative electrode density [kg.m-3]": 1916.7903506159478,
        "Negative electrode specific heat capacity [J.kg-1.K-1]": 650.2898156922471,
        "Negative electrode thermal conductivity [W.m-1.K-1]": 1.6672946402241808,
        "Positive electrode conductivity [S.m-1]": 10.269015229700361,
        "Maximum concentration in positive electrode [mol.m-3]": 60682.529820398675,
        "Positive electrode porosity": 0.3573863219605058,
        "Positive electrode active material volume fraction": 0.6052268801558283,
        "Positive particle radius [m]": 1.0091561617648053e-05,
        "Positive electrode Bruggeman coefficient (electrolyte)": 1.5344622638708274,
        "Positive electrode Bruggeman coefficient (electrode)": 1.9334766452370797,
        "Positive electrode charge transfer coefficient": 0.6886111868782085,
        "Positive electrode double-layer capacity [F.m-2]": 0.22560836711737683,
        "Positive electrode density [kg.m-3]": 3619.9832663667994,
        "Positive electrode specific heat capacity [J.kg-1.K-1]": 755.300522312336,
        "Positive electrode thermal conductivity [W.m-1.K-1]": 2.5680653445073003,
        "Separator porosity": 0.7760133722178799,
        "Separator Bruggeman coefficient (electrolyte)": 0.9752521259226264,
        "Separator density [kg.m-3]": 308.66868108724447,
        "Separator specific heat capacity [J.kg-1.K-1]": 414.03721866332904,
        "Separator thermal conductivity [W.m-1.K-1]": 0.2077886981190462,
        "Initial concentration in electrolyte [mol.m-3]": 943.6091557715883,
        "Cation transference number": 0.3399632376440383,
        "Thermodynamic factor": 0.6418741796140774,
        "Reference temperature [K]": 424.4277476609409,
        "Ambient temperature [K]": 273.8198206806477,
        "Negative current collector surface heat transfer coefficient [W.m-2.K-1]": 0.0,
        "Positive current collector surface heat transfer coefficient [W.m-2.K-1]": 0.0,
        "Negative tab heat transfer coefficient [W.m-2.K-1]": 10.268729147714849,
        "Positive tab heat transfer coefficient [W.m-2.K-1]": 9.57634945204362,
        "Edge heat transfer coefficient [W.m-2.K-1]": 0.3637562177030596,
        "Total heat transfer coefficient [W.m-2.K-1]": 10.290580602246562,
        "Number of electrodes connected in parallel to make a cell": 1.3453680317641743,
        "Number of cells connected in series to make a battery": 0.8094387178949011,
        "Lower voltage cut-off [V]": 2.8583936592214982,
        "Upper voltage cut-off [V]": 5.179875031652055,
        "Open-circuit voltage at 0% SOC [V]": 2.3833803756068233,
        "Open-circuit voltage at 100% SOC [V]": 5.38920449938461,
        "Initial concentration in negative electrode [mol.m-3]": 17408.94275685069,
        "Initial concentration in positive electrode [mol.m-3]": 44188.336256811635,
        "Initial temperature [K]": 351.498875827734
    },