{
    "config": {
        "Ideal gas constant [J.K-1.mol-1]": 6.447907284193207,
        "Faraday constant [C.mol-1]": 100392.85556286325,
        "Boltzmann constant [J.K-1]": 1.479574491759405e-23,
        "Electron charge [C]": 2.379545132814491e-19,
        "Ratio of lithium moles to SEI moles": 2.191929368504079,
        "Inner SEI reaction proportion": 0.5188753997430405,
        "Inner SEI partial molar volume [m3.mol-1]": 0.00011087910710446984,
        "Outer SEI partial molar volume [m3.mol-1]": 6.933652308969602e-05,
        "SEI reaction exchange current density [A.m-2]": 1.8540436003086106e-07,
        "SEI resistivity [Ohm.m]": 165040.97766575497,
        "Outer SEI solvent diffusivity [m2.s-1]": 2.8907402145980125e-22,
        "Bulk solvent concentration [mol.m-3]": 3337.478340379588,
        "Inner SEI open-circuit potential [V]": 0.13377163370457557,
        "Outer SEI open-circuit potential [V]": 0.45092224135252545,
        "Inner SEI electron conductivity [S.m-1]": 7.942839245323452e-14,
        "Inner SEI lithium interstitial diffusivity [m2.s-1]": 5.9707343473996354e-21,
        "Lithium interstitial reference concentration [mol.m-3]": 17.0527754000761,
        "Initial inner SEI thickness [m]": 3.6319413378436737e-09,
        "Initial outer SEI thickness [m]": 2.267945645333077e-09,
        "EC initial concentration in electrolyte [mol.m-3]": 5221.104803480976,
        "EC diffusivity [m2.s-1]": 1.3335427802590808e-18,
        "SEI kinetic rate constant [m.s-1]": 7.898367480450614e-13,
        "SEI open-circuit potential [V]": 0.40251011374245677,
        "SEI growth activation energy [J.mol-1]": 0.0,
        "Negative electrode reaction-driven LAM factor [m3.mol-1]": 0.0,
        "Positive electrode reaction-driven LAM factor [m3.mol-1]": 0.0,
        "Negative current collector thickness [m]": 1.1233107733916256e-05,
        "Negative electrode thickness [m]": 0.00010206725671803714,
        "Separator thickness [m]": 1.9632281302681125e-05,
        "Positive electrode thickness [m]": 7.831038052981447e-05,
        "Positive current collector thickness [m]": 1.401517504680581e-05,
        "Electrode height [m]": 0.08864193862077294,
        "Electrode width [m]": 0.06860111237377337,
        "Negative tab width [m]": 0.010069120981739569,
        "Negative tab centre y-coordinate [m]": 0.002963894787602803,
        "Negative tab centre z-coordinate [m]": 0.09933050937817671,
        "Positive tab width [m]": 0.006010594453444717,
        "Positive tab centre y-coordinate [m]": 0.03220872030975838,
        "Positive tab centre z-coordinate [m]": 0.1201071405255111,
        "Cell cooling surface area [m2]": 0.01874815515630728,
        "Cell volume [m3]": 2.4406560712170697e-06,
        "Negative current collector conductivity [S.m-1]": 63100136.216937505,
        "Positive current collector conductivity [S.m-1]": 42188247.47599587,
        "Negative current collector density [kg.m-3]": 6660.378219115852,
        "Positive current collector density [kg.m-3]": 2582.5455518393965,
        "Negative current collector specific heat capacity [J.kg-1.K-1]": 336.48804728377337,
        "Positive current collector specific heat capacity [J.kg-1.K-1]": 894.2491985385092,
        "Negative current collector thermal conductivity [W.m-1.K-1]": 362.9926470133072,
        "Positive current collector thermal conductivity [W.m-1.K-1]": 287.97854602282104,
        "Nominal cell capacity [A.h]": 0.11507457926785358,
        "Current function [A]": 0.19088565574972022,
        "Contact resistance [Ohm]": 0,
        "Negative electrode conductivity [S.m-1]": 14.631326563174529,
        "Maximum concentration in negative electrode [mol.m-3]": 36007.54422055387,
        "Negative electrode porosity": 0.3967529531192934,
        "Negative electrode active material volume fraction": 0.323041705612286,
        "Negative particle radius [m]": 1.003557016756754e-05,
        "Negative electrode Bruggeman coefficient (electrolyte)": 1.639757974730346,
        "Negative electrode Bruggeman coefficient (electrode)": 0.0,
        "Negative electrode density [kg.m-3]": 1279.0034207868994,
        "Negative electrode specific heat capacity [J.kg-1.K-1]": 1223.5464698718981,
        "Negative electrode thermal conductivity [W.m-1.K-1]": 1.409889633547148,
        "Negative electrode OCP entropic change [V.K-1]": 0.0,
        "Positive electrode conductivity [S.m-1]": 47.044516431519696,
        "Maximum concentration in positive electrode [mol.m-3]": 43990.96030679969,
        "Positive electrode porosity": 0.16287319007401208,
        "Positive electrode active material volume fraction": 0.5943532168592301,
        "Positive particle radius [m]": 5.349104944964286e-06,
        "Positive electrode Bruggeman coefficient (electrolyte)": 1.9252658050347469,
        "Positive electrode Bruggeman coefficient (electrode)": 0.0,
        "Positive electrode density [kg.m-3]": 2647.2152299662657,
        "Positive electrode specific heat capacity [J.kg-1.K-1]": 1798.7549178667525,
        "Positive electrode thermal conductivity [W.m-1.K-1]": 1.1996351177323188,
        "Positive electrode OCP entropic change [V.K-1]": 0.0,
        "Separator porosity": 0.7431483198791691,
        "Separator Bruggeman coefficient (electrolyte)": 2.3796352289299287,
        "Separator density [kg.m-3]": 717.5712831040756,
        "Separator specific heat capacity [J.kg-1.K-1]": 2305.408990792856,
        "Separator thermal conductivity [W.m-1.K-1]": 0.33267451933514,
        "Initial concentration in electrolyte [mol.m-3]": 1177.7306346675946,
        "Cation transference number": 0.20307570875563533,
        "Thermodynamic factor": 0.9539238021908454,
        "Reference temperature [K]": 232.25185311559054,
        "Negative current collector surface heat transfer coefficient [W.m-2.K-1]": 7.669204391168058,
        "Positive current collector surface heat transfer coefficient [W.m-2.K-1]": 5.695510401306681,
        "Negative tab heat transfer coefficient [W.m-2.K-1]": 14.620922626394673,
        "Positive tab heat transfer coefficient [W.m-2.K-1]": 9.888280119905254,
        "Edge heat transfer coefficient [W.m-2.K-1]": 12.818284847317674,
        "Total heat transfer coefficient [W.m-2.K-1]": 9.570875011894975,
        "Ambient temperature [K]": 409.6094874643714,
        "Number of electrodes connected in parallel to make a cell": 1.1792084985900497,
        "Number of cells connected in series to make a battery": 1.2673717381996263,
        "Lower voltage cut-off [V]": 3.5527972843926934,
        "Upper voltage cut-off [V]": 4.401942944270724,
        "Open-circuit voltage at 0% SOC [V]": 2.1818777648309635,
        "Open-circuit voltage at 100% SOC [V]": 4.73933384737343,
        "Initial concentration in negative electrode [mol.m-3]": 20233.502731656685,
        "Initial concentration in positive electrode [mol.m-3]": 10016.79665226637,
        "Initial temperature [K]": 225.17832732685832
    },