{
    "config": {
        "Ideal gas constant [J.K-1.mol-1]": 7.292207202194588,
        "Faraday constant [C.mol-1]": 58985.47913506255,
        "Boltzmann constant [J.K-1]": 1.7258284214134268e-23,
        "Electron charge [C]": 2.1640705378266794e-19,
        "Negative electrode thickness [m]": 4.330977540747751e-05,
        "Separator thickness [m]": 2.4464466413547197e-05,
        "Positive electrode thickness [m]": 0.00010715281127578724,
        "Electrode height [m]": 0.7118752688847972,
        "Electrode width [m]": 0.29433846321283924,
        "Nominal cell capacity [A.h]": 2.2902687113138214,
        "Current function [A]": 3.0095676660166757,
        "Contact resistance [Ohm]": 0,
        "Negative electrode conductivity [S.m-1]": 194.66028223343292,
        "Maximum concentration in negative electrode [mol.m-3]": 36961.00578040893,
        "Negative electrode diffusivity [m2.s-1]": 3.014118728665559e-15,
        "Negative electrode porosity": 0.33840041555801215,
        "Negative electrode active material volume fraction": 0.7010111099331657,
        "Negative particle radius [m]": 2.6788843661664955e-06,
        "Negative electrode Bruggeman coefficient (electrolyte)": 1.7392678966118538,
        "Negative electrode Bruggeman coefficient (electrode)": 1.6839848767606278,
        "Negative electrode charge transfer coefficient": 0.40284933296374215,
        "Negative electrode double-layer capacity [F.m-2]": 0.23439198483892063,
        "Negative electrode OCP entropic change [V.K-1]": 0,
        "Positive electrode conductivity [S.m-1]": 0.21856036686638702,
        "Maximum concentration in positive electrode [mol.m-3]": 24678.644136736246,
        "Positive electrode diffusivity [m2.s-1]": 4.3555724262709965e-18,
        "Positive electrode porosity": 0.3835619438114777,
        "Positive electrode active material volume fraction": 0.4914365314478846,
        "Positive particle radius [m]": 4.5146660356110635e-08,
        "Positive electrode Bruggeman coefficient (electrode)": 1.8321636905156373,
        "Positive electrode Bruggeman coefficient (electrolyte)": 1.339709590304807,
        "Positive electrode charge transfer coefficient": 0.3573577136028888,
        "Positive electrode double-layer capacity [F.m-2]": 0.19838660620921672,
        "Positive electrode OCP entropic change [V.K-1]": 0,
        "Separator porosity": 0.44735949213340326,
        "Separator Bruggeman coefficient (electrolyte)": 2.0897337200657438,
        "Initial concentration in electrolyte [mol.m-3]": 1356.3046181911839,
        "Cation transference number": 0.3327106431467833,
        "Thermodynamic factor": 0.588549075066864,
        "Electrolyte diffusivity [m2.s-1]": 2.625517359634012e-10,
        "Reference temperature [K]": 275.7345070366603,
        "Ambient temperature [K]": 375.9511107560645,
        "Number of electrodes connected in parallel to make a cell": 0.918443001817078,
        "Number of cells connected in series to make a battery": 1.2718034400195803,
        "Lower voltage cut-off [V]": 2.4399239382777207,
        "Upper voltage cut-off [V]": 4.139682503822171,
        "Open-circuit voltage at 0% SOC [V]": 1.9640000069595407,
        "Open-circuit voltage at 100% SOC [V]": 3.8985233878851346,
        "Initial concentration in negative electrode [mol.m-3]": 22272.390225904906,
        "Initial concentration in positive electrode [mol.m-3]": 67.12553631580988,
        "Initial temperature [K]": 225.7828860790391
    },
    "V": [
        3.6133304350944684,
        3.304788773676218,
        3.269652970286785,
        3.260158621596001,
        3.2578132663632844,
        3.2565921635401542,
        3.255795610923405,
        3.2552005367129437,
        3.254689988833131,
        3.2542125082673765,
        3.2537453143368005,
        3.253276617692531,
        3.2527987317593086,
        3.252306374788934,
        3.251794948138026,
        3.251258947413457,
        3.250691669178561,
        3.250083999066481,
        3.2494229462716557,
        3.248690480473459,
        3.2478611494518574,
        3.2469003069588025,
        3.2457627568550276,
        3.244393164101531,
        3.2427288506620635,
        3.2407034072313285,
        3.238250196533902,
        3.2353078347682716,
        3.2318269834699853,
        3.2277798573697547,
        3.223171101980139,
        3.2180478136494743,
        3.2125038874292775,
        3.2066779319943404,
        3.2007398974616024,
        3.194871820695366,
        3.189242114332764,
        3.18398550617484,
        3.1791843826484563,
        3.174862660788162,
        3.1709879583859157,
        3.1674631125257564,
        3.1641331569625484,
        3.1607680582762177,
        3.1570512443606367,
        3.1525127696413295,
        3.1464844944446013,
        3.1380435035764753,
        3.126062384484243,
        3.109453191251382,
        3.0876719041620837,
        3.0613258365542375,
        3.032275298302512,
        3.0027558209008927,
        2.9740127253703346,
        2.9455282583119224,
        2.9151536432372,
        2.879543264088788,
        2.834377340054739,
        2.7741704326431833,
        2.691740681040175,
        2.5774220710098805,
        2.4399339382777208
    ],
    "time": [
        0.0,
        36.36363636363637,
        72.72727272727273,
        109.0909090909091,
        145.45454545454547,
        181.81818181818184,
        218.1818181818182,
        254.54545454545456,
        290.90909090909093,
        327.2727272727273,
        363.6363636363637,
        400.00000000000006,
        436.3636363636364,
        472.72727272727275,
        509.0909090909091,
        545.4545454545455,
        581.8181818181819,
        618.1818181818182,
        654.5454545454546,
        690.909090909091,
        727.2727272727274,
        763.6363636363637,
        800.0000000000001,
        836.3636363636365,
        872.7272727272727,
        909.0909090909091,
        945.4545454545455,
        981.8181818181819,
        1018.1818181818182,
        1054.5454545454547,
        1090.909090909091,
        1127.2727272727275,
        1163.6363636363637,
        1200.0,
        1236.3636363636365,
        1272.7272727272727,
        1309.0909090909092,
        1345.4545454545455,
        1381.818181818182,
        1418.1818181818182,
        1454.5454545454547,
        1490.909090909091,
        1527.2727272727275,
        1563.6363636363637,
        1600.0000000000002,
        1636.3636363636365,
        1672.727272727273,
        1709.0909090909092,
        1745.4545454545455,
        1781.818181818182,
        1818.1818181818182,
        1854.5454545454547,
        1890.909090909091,
        1927.2727272727275,
        1963.6363636363637,
        2000.0000000000002,
        2036.3636363636365,
        2072.727272727273,
        2109.0909090909095,
        2145.4545454545455,
        2181.818181818182,
        2218.1818181818185,
        2250.191179698171
    ]
}