{
    "config": {
        "Ideal gas constant [J.K-1.mol-1]": 12.583894918513801,
        "Faraday constant [C.mol-1]": 69405.6765827485,
        "Boltzmann constant [J.K-1]": 1.0231642800220322e-23,
        "Electron charge [C]": 1.6801722854383297e-19,
        "Negative current collector thickness [m]": 1.2999289453609267e-05,
        "Negative electrode thickness [m]": 4.369998095627199e-05,
        "Separator thickness [m]": 1.1841791135390501e-05,
        "Positive electrode thickness [m]": 6.80544796260031e-05,
        "Positive current collector thickness [m]": 1.9474320796477385e-05,
        "Electrode height [m]": 0.056512999017655226,
        "Electrode width [m]": 1.7859804033320787,
        "Cell cooling surface area [m2]": 0.006184886315960273,
        "Cell volume [m3]": 2.5182419718804692e-05,
        "Negative current collector conductivity [S.m-1]": 40615179.194942415,
        "Positive current collector conductivity [S.m-1]": 39704068.7134519,
        "Negative current collector density [kg.m-3]": 8957.181976303127,
        "Positive current collector density [kg.m-3]": 2561.071655250365,
        "Positive current collector thermal conductivity [W.m-1.K-1]": 97.51350092268476,
        "Nominal cell capacity [A.h]": 5.7061531618035195,
        "Current function [A]": 4.542638631757777,
        "Contact resistance [Ohm]": 0,
        "Negative electrode conductivity [S.m-1]": 250.19501389728742,
        "Maximum concentration in negative electrode [mol.m-3]": 29880.073419740012,
        "Negative electrode porosity": 0.23049017743442587,
        "Negative electrode active material volume fraction": 0.6913982765710174,
        "Negative particle radius [m]": 3.6979781660508052e-06,
        "Negative electrode Bruggeman coefficient (electrolyte)": 1.7479419427191654,
        "Negative electrode Bruggeman coefficient (electrode)": 0.0,
        "Negative electrode charge transfer coefficient": 0.510960992848577,
        "Negative electrode double-layer capacity [F.m-2]": 0.1793332947433126,
        "Negative electrode density [kg.m-3]": 1742.4357343046543,
        "Maximum concentration in positive electrode [mol.m-3]": 52592.55349842476,
        "Positive electrode porosity": 0.4608252964003534,
        "Positive electrode active material volume fraction": 0.9764379453227949,
        "Positive particle radius [m]": 5.186936296276226e-06,
        "Positive electrode Bruggeman coefficient (electrolyte)": 1.547181035959136,
        "Positive electrode Bruggeman coefficient (electrode)": 0.0,
        "Positive electrode charge transfer coefficient": 0.2931628959824195,
        "Positive electrode double-layer capacity [F.m-2]": 0.23122260206193523,
        "Positive electrode density [kg.m-3]": 2811.8989073592384,
        "Separator porosity": 0.6087669707274685,
        "Separator Bruggeman coefficient (electrolyte)": 1.5827626201376477,
        "Separator Bruggeman coefficient (electrode)": 2.1669262933697397,
        "Separator density [kg.m-3]": 1599.4610396719993,
        "Separator thermal conductivity [W.m-1.K-1]": 0.3491562261855477,
        "Initial concentration in electrolyte [mol.m-3]": 1432.4232405145485,
        "Reference temperature [K]": 288.1054847151485,
        "Total heat transfer coefficient [W.m-2.K-1]": 10.847822703142093,
        "Ambient temperature [K]": 331.93182926356064,
        "Number of electrodes connected in parallel to make a cell": 0.8410796876706937,
        "Number of cells connected in series to make a battery": 1.5812071218679926,
        "Lower voltage cut-off [V]": 1.4824582344961705,
        "Upper voltage cut-off [V]": 4.9968133557458225,
        "Open-circuit voltage at 0% SOC [V]": 2.221143349933035,
        "Open-circuit voltage at 100% SOC [V]": 4.913507438068775,
        "Initial concentration in negative electrode [mol.m-3]": 26582.15082118133,
        "Initial concentration in positive electrode [mol.m-3]": 10256.364600703586,
        "Initial temperature [K]": 294.9600686188629
    },
    "V": [
        4.34753102999724,
        4.247135590461328,
        4.205967002971903,
        4.177015692661036,
        4.140777000037952,
        4.107252490171094,
        4.0710657266028525,
        4.038324715379696,
        4.005212389783591,
        3.9722795628736822,
        3.9408397986431822,
        3.926102723954309,
        3.9167276782826086,
        3.906901093225454,
        3.893428841066304,
        3.8782856360218725,
        3.8605774476646113,
        3.8420072646222643,
        3.821100510073187,
        3.7996569120917725,
        3.7750649745272353,
        3.7440125623606395,
        3.6956187646332403,
        3.6480408018380457,
        3.5686989016712616,
        3.44449789464249,
        3.1259388546367255,
        2.3748447054283006,
        1.9254979249514645,
        1.597346643592079,
        1.4824682344961737
    ],
    "time": [
        0.0,
        36.36363636363637,
        72.72727272727273,
        109.0909090909091,
        145.45454545454547,
        181.81818181818184,
        218.1818181818182,
        254.54545454545456,
        290.90909090909093,
        327.2727272727273,
        363.6363636363637,
        400.00000000000006,
        436.3636363636364,
        472.72727272727275,
        509.0909090909091,
        545.4545454545455,
        581.8181818181819,
        618.1818181818182,
        654.5454545454546,
        690.909090909091,
        727.2727272727274,
        763.6363636363637,
        800.0000000000001,
        836.3636363636365,
        872.7272727272727,
        909.0909090909091,
        945.4545454545455,
        964.2045454545455,
        968.8920454545455,
        971.2357954545455,
        971.8848152177624
    ]
}