{
    "config": {
        "Ideal gas constant [J.K-1.mol-1]": 9.319257633598045,
        "Faraday constant [C.mol-1]": 90151.83903825958,
        "Boltzmann constant [J.K-1]": 1.619054162764367e-23,
        "Electron charge [C]": 1.0999610304950575e-19,
        "Ratio of lithium moles to SEI moles": 1.5424443526020695,
        "Inner SEI reaction proportion": 0.34160035789362697,
        "Inner SEI partial molar volume [m3.mol-1]": 0.00010837326787472385,
        "Outer SEI partial molar volume [m3.mol-1]": 9.735031550833182e-05,
        "SEI reaction exchange current density [A.m-2]": 1.9910223364085767e-06,
        "SEI resistivity [Ohm.m]": 289688.8410934132,
        "Outer SEI solvent diffusivity [m2.s-1]": 2.7753584178699576e-22,
        "Bulk solvent concentration [mol.m-3]": 1748.1262583956723,
        "Inner SEI open-circuit potential [V]": 0.11757658911248951,
        "Outer SEI open-circuit potential [V]": 0.7395132422355981,
        "Inner SEI electron conductivity [S.m-1]": 9.983031961363724e-14,
        "Inner SEI lithium interstitial diffusivity [m2.s-1]": 9.124701926485825e-21,
        "Lithium interstitial reference concentration [mol.m-3]": 13.778495740089257,
        "Initial inner SEI thickness [m]": 9.688655999624926e-10,
        "Initial outer SEI thickness [m]": 2.5350539658159157e-09,
        "EC initial concentration in electrolyte [mol.m-3]": 3227.552426731426,
        "EC diffusivity [m2.s-1]": 2.0033899956498076e-18,
        "SEI kinetic rate constant [m.s-1]": 8.925653614160147e-13,
        "SEI open-circuit potential [V]": 0.0,
        "SEI growth activation energy [J.mol-1]": 0.0,
        "Negative current collector thickness [m]": 2.3669281357798618e-05,
        "Negative electrode thickness [m]": 7.492884287004016e-05,
        "Separator thickness [m]": 2.511161809787467e-05,
        "Positive electrode thickness [m]": 0.00010921241111387646,
        "Positive current collector thickness [m]": 2.1997652084007552e-05,
        "Electrode height [m]": 0.047604030690224175,
        "Electrode width [m]": 1.0134103799165615,
        "Negative tab width [m]": 0.05599071910020027,
        "Negative tab centre y-coordinate [m]": 0.05848527685350952,
        "Negative tab centre z-coordinate [m]": 0.1470451575846406,
        "Positive tab width [m]": 0.03941498544098844,
        "Positive tab centre y-coordinate [m]": 0.13422954935379575,
        "Positive tab centre z-coordinate [m]": 0.09410971841391028,
        "Negative current collector conductivity [S.m-1]": 59444287.669990055,
        "Positive current collector conductivity [S.m-1]": 25613278.33518117,
        "Negative current collector density [kg.m-3]": 11174.26044214481,
        "Positive current collector density [kg.m-3]": 3108.3370718796145,
        "Negative current collector specific heat capacity [J.kg-1.K-1]": 361.88974365847804,
        "Positive current collector specific heat capacity [J.kg-1.K-1]": 985.9349781875295,
        "Negative current collector thermal conductivity [W.m-1.K-1]": 359.31212230535806,
        "Positive current collector thermal conductivity [W.m-1.K-1]": 275.5235782108447,
        "Nominal cell capacity [A.h]": 0.6420138251215544,
        "Current function [A]": 1.2259484756216095,
        "Contact resistance [Ohm]": 0,
        "Negative electrode conductivity [S.m-1]": 123.47861135175722,
        "Maximum concentration in negative electrode [mol.m-3]": 31804.904784908747,
        "Negative electrode porosity": 0.5478969313264687,
        "Negative electrode active material volume fraction": 0.5180281455652148,
        "Negative particle radius [m]": 2.4948695187832634e-06,
        "Negative electrode Bruggeman coefficient (electrolyte)": 4.67402711368648,
        "Negative electrode Bruggeman coefficient (electrode)": 3.9879402361958096,
        "Negative electrode charge transfer coefficient": 0.3661584601997035,
        "Negative electrode double-layer capacity [F.m-2]": 0.17422136937716826,
        "Negative electrode density [kg.m-3]": 2629.557171110292,
        "Negative electrode specific heat capacity [J.kg-1.K-1]": 839.9672635161571,
        "Negative electrode thermal conductivity [W.m-1.K-1]": 2.2720609447596067,
        "Positive electrode conductivity [S.m-1]": 68.92720768232101,
        "Maximum concentration in positive electrode [mol.m-3]": 42549.68382682683,
        "Positive electrode porosity": 0.2092660868857614,
        "Positive electrode active material volume fraction": 0.6728972656968624,
        "Positive particle radius [m]": 2.219692210773356e-06,
        "Positive electrode Bruggeman coefficient (electrolyte)": 2.8784625360623357,
        "Positive electrode Bruggeman coefficient (electrode)": 3.355952531466678,
        "Positive electrode charge transfer coefficient": 0.23291880174894442,
        "Positive electrode double-layer capacity [F.m-2]": 0.291977670527457,
        "Positive electrode density [kg.m-3]": 4393.024490438211,
        "Positive electrode specific heat capacity [J.kg-1.K-1]": 436.9622249526967,
        "Positive electrode thermal conductivity [W.m-1.K-1]": 1.9730493823565167,
        "Separator porosity": 0.46016318053697175,
        "Separator Bruggeman coefficient (electrolyte)": 2.399624979702305,
        "Separator density [kg.m-3]": 1440.9841240009557,
        "Separator specific heat capacity [J.kg-1.K-1]": 2397.077801857192,
        "Separator thermal conductivity [W.m-1.K-1]": 0.3466971657885163,
        "Initial concentration in electrolyte [mol.m-3]": 1196.1308919970961,
        "Cation transference number": 0.5274938978221846,
        "Thermodynamic factor": 0.759579406596396,
        "Reference temperature [K]": 257.61187475790456,
        "Ambient temperature [K]": 291.6348030739512,
        "Negative current collector surface heat transfer coefficient [W.m-2.K-1]": 0.0,
        "Positive current collector surface heat transfer coefficient [W.m-2.K-1]": 0.0,
        "Negative tab heat transfer coefficient [W.m-2.K-1]": 5.580889754931798,
        "Positive tab heat transfer coefficient [W.m-2.K-1]": 8.207313441371234,
        "Edge heat transfer coefficient [W.m-2.K-1]": 0.31421011358283146,
        "Number of electrodes connected in parallel to make a cell": 0.7507369902486432,
        "Number of cells connected in series to make a battery": 1.0744055363565685,
        "Lower voltage cut-off [V]": 3.2377042429197167,
        "Upper voltage cut-off [V]": 6.583436595808154,
        "Open-circuit voltage at 0% SOC [V]": 3.0840603769158834,
        "Open-circuit voltage at 100% SOC [V]": 4.369336931651105,
        "Initial concentration in negative electrode [mol.m-3]": 21958.87691084664,
        "Initial concentration in positive electrode [mol.m-3]": 17212.423502583293,
        "Initial temperature [K]": 335.648493601835
    },