{
    "config": {
        "Ideal gas constant [J.K-1.mol-1]": 8.933973604784123,
        "Faraday constant [C.mol-1]": 71445.92084823546,
        "Boltzmann constant [J.K-1]": 9.941354824194672e-24,
        "Electron charge [C]": 1.2539727167581328e-19,
        "Ratio of lithium moles to SEI moles": 2.0569511519216506,
        "Inner SEI reaction proportion": 0.4257152766721113,
        "Inner SEI partial molar volume [m3.mol-1]": 8.544715100625792e-05,
        "Outer SEI partial molar volume [m3.mol-1]": 0.00010012976973857429,
        "SEI reaction exchange current density [A.m-2]": 1.8144524209175527e-07,
        "SEI resistivity [Ohm.m]": 169107.8819085303,
        "Outer SEI solvent diffusivity [m2.s-1]": 1.9991064139404718e-22,
        "Bulk solvent concentration [mol.m-3]": 1950.3230173459476,
        "Inner SEI open-circuit potential [V]": 0.09831460771969759,
        "Outer SEI open-circuit potential [V]": 0.6499223137108957,
        "Inner SEI electron conductivity [S.m-1]": 7.137541742721611e-14,
        "Inner SEI lithium interstitial diffusivity [m2.s-1]": 1.0494937931667365e-20,
        "Lithium interstitial reference concentration [mol.m-3]": 14.189379625107033,
        "Initial inner SEI thickness [m]": 2.5210339940701258e-09,
        "Initial outer SEI thickness [m]": 1.709840502094065e-09,
        "EC initial concentration in electrolyte [mol.m-3]": 3098.5710009416935,
        "EC diffusivity [m2.s-1]": 1.816598950180668e-18,
        "SEI kinetic rate constant [m.s-1]": 8.116743020532147e-13,
        "SEI open-circuit potential [V]": 0.40018958232922963,
        "SEI growth activation energy [J.mol-1]": 0.0,
        "Negative electrode reaction-driven LAM factor [m3.mol-1]": 0.0,
        "Positive electrode reaction-driven LAM factor [m3.mol-1]": 0.0,
        "Negative current collector thickness [m]": 7.798122095627068e-06,
        "Negative electrode thickness [m]": 4.94188252354314e-05,
        "Separator thickness [m]": 2.7107595501320835e-05,
        "Positive electrode thickness [m]": 6.344560279128268e-05,
        "Positive current collector thickness [m]": 8.031635816528792e-06,
        "Electrode height [m]": 0.19422024609639213,
        "Electrode width [m]": 0.1453225867047105,
        "Negative tab width [m]": 0.04051955886691889,
        "Negative tab centre y-coordinate [m]": 0.009679917182658815,
        "Negative tab centre z-coordinate [m]": 0.20177017431078023,
        "Positive tab width [m]": 0.0481184576968481,
        "Positive tab centre y-coordinate [m]": 0.13056745729861893,
        "Positive tab centre z-coordinate [m]": 0.15727677899791717,
        "Cell cooling surface area [m2]": 0.05937052667900608,
        "Cell volume [m3]": 3.9120399953017e-06,
        "Negative current collector conductivity [S.m-1]": 77056333.17504896,
        "Positive current collector conductivity [S.m-1]": 46810780.841177985,
        "Negative current collector density [kg.m-3]": 11936.032399409905,
        "Positive current collector density [kg.m-3]": 3686.4864852464398,
        "Negative current collector specific heat capacity [J.kg-1.K-1]": 450.4113289239732,
        "Positive current collector specific heat capacity [J.kg-1.K-1]": 775.3678117961431,
        "Negative current collector thermal conductivity [W.m-1.K-1]": 358.1484280151139,
        "Positive current collector thermal conductivity [W.m-1.K-1]": 131.89192194962158,
        "Nominal cell capacity [A.h]": 0.3316662202557467,
        "Current function [A]": 0.5931383084659569,
        "Contact resistance [Ohm]": 0,
        "Negative electrode conductivity [S.m-1]": 116.017120778881,
        "Maximum concentration in negative electrode [mol.m-3]": 31963.417892218575,
        "Negative electrode porosity": 0.48559554874455213,
        "Negative electrode active material volume fraction": 0.43053602174012723,
        "Negative particle radius [m]": 4.860277432198272e-07,
        "Negative electrode Bruggeman coefficient (electrolyte)": 1.8190721362830073,
        "Negative electrode Bruggeman coefficient (electrode)": 2.726425050932606,
        "Negative electrode charge transfer coefficient": 0.44126272688652624,
        "Negative electrode double-layer capacity [F.m-2]": 0.20378564151199782,
        "Negative electrode density [kg.m-3]": 1883.171786222713,
        "Negative electrode specific heat capacity [J.kg-1.K-1]": 588.281100167985,
        "Negative electrode thermal conductivity [W.m-1.K-1]": 0.9986382340693593,
        "Negative electrode OCP entropic change [V.K-1]": 0.0,
        "Positive electrode conductivity [S.m-1]": 7.672783993552785,
        "Maximum concentration in positive electrode [mol.m-3]": 48872.08272094563,
        "Positive electrode porosity": 0.43430747485961385,
        "Positive electrode active material volume fraction": 0.35148502911212054,
        "Positive particle radius [m]": 1.6392548708825896e-06,
        "Positive electrode Bruggeman coefficient (electrolyte)": 2.191354365572466,
        "Positive electrode Bruggeman coefficient (electrode)": 1.8914957748416594,
        "Positive electrode charge transfer coefficient": 0.5320802922794922,
        "Positive electrode double-layer capacity [F.m-2]": 0.19701088495217142,
        "Positive electrode density [kg.m-3]": 3473.0984388516367,
        "Positive electrode specific heat capacity [J.kg-1.K-1]": 672.3339326883246,
        "Positive electrode thermal conductivity [W.m-1.K-1]": 1.0324727278748995,
        "Positive electrode OCP entropic change [V.K-1]": 0.0,
        "Separator porosity": 0.46341070662346573,
        "Separator Bruggeman coefficient (electrolyte)": 1.7438184716117433,
        "Separator density [kg.m-3]": 598.3500547926385,
        "Separator specific heat capacity [J.kg-1.K-1]": 598.3439207856127,
        "Separator thermal conductivity [W.m-1.K-1]": 0.10889142705094913,
        "Initial concentration in electrolyte [mol.m-3]": 1022.647487650223,
        "Cation transference number": 0.4614236957575252,
        "Thermodynamic factor": 1.208102494100551,
        "Reference temperature [K]": 316.8402855150179,
        "Negative current collector surface heat transfer coefficient [W.m-2.K-1]": 0.0,
        "Positive current collector surface heat transfer coefficient [W.m-2.K-1]": 0.0,
        "Negative tab heat transfer coefficient [W.m-2.K-1]": 29.593074825328003,
        "Positive tab heat transfer coefficient [W.m-2.K-1]": 26.505036857352952,
        "Edge heat transfer coefficient [W.m-2.K-1]": 0.341075887275075,
        "Total heat transfer coefficient [W.m-2.K-1]": 28.37618800312831,
        "Ambient temperature [K]": 293.43709168487874,
        "Number of electrodes connected in parallel to make a cell": 1.1927730457387904,
        "Number of cells connected in series to make a battery": 1.1211270430437057,
        "Lower voltage cut-off [V]": 2.7427203872124366,
        "Upper voltage cut-off [V]": 4.352657426477871,
        "Open-circuit voltage at 0% SOC [V]": 2.4436694451844003,
        "Open-circuit voltage at 100% SOC [V]": 3.596785095451926,
        "Initial concentration in negative electrode [mol.m-3]": 11641.6077618826,
        "Initial concentration in positive electrode [mol.m-3]": 23264.995127034057,
        "Initial temperature [K]": 309.02655485571637
    },