{
    "config": {
        "Ideal gas constant [J.K-1.mol-1]": 10.76376424571513,
        "Faraday constant [C.mol-1]": 84839.1492824819,
        "Boltzmann constant [J.K-1]": 9.996238176252518e-24,
        "Electron charge [C]": 2.0753159696651167e-19,
        "Lithium metal partial molar volume [m3.mol-1]": 1.0498835065938626e-05,
        "Lithium plating kinetic rate constant [m.s-1]": 1.4525427909940753e-09,
        "Initial plated lithium concentration [mol.m-3]": 0.0,
        "Typical plated lithium concentration [mol.m-3]": 1399.1373604965195,
        "Lithium plating transfer coefficient": 0.7155386467753534,
        "Dead lithium decay constant [s-1]": 9.66874793041197e-07,
        "Ratio of lithium moles to SEI moles": 1.1622424464287235,
        "Inner SEI reaction proportion": 0.0,
        "Inner SEI partial molar volume [m3.mol-1]": 0.00014880017353854536,
        "Outer SEI partial molar volume [m3.mol-1]": 8.21985814073607e-05,
        "SEI reaction exchange current density [A.m-2]": 1.4880837153089356e-07,
        "SEI resistivity [Ohm.m]": 191658.09348003575,
        "Outer SEI solvent diffusivity [m2.s-1]": 2.1274630568261306e-22,
        "Bulk solvent concentration [mol.m-3]": 2721.807797615438,
        "Inner SEI open-circuit potential [V]": 0.09589767355326388,
        "Outer SEI open-circuit potential [V]": 0.7647003488989795,
        "Inner SEI electron conductivity [S.m-1]": 8.046328877814244e-14,
        "Inner SEI lithium interstitial diffusivity [m2.s-1]": 6.814666371977027e-21,
        "Lithium interstitial reference concentration [mol.m-3]": 14.635723524403152,
        "Initial inner SEI thickness [m]": 0.0,
        "Initial outer SEI thickness [m]": 3.6026484731765028e-09,
        "EC initial concentration in electrolyte [mol.m-3]": 4966.995914399612,
        "EC diffusivity [m2.s-1]": 2.0621075228454856e-18,
        "SEI kinetic rate constant [m.s-1]": 9.73452523911463e-13,
        "SEI open-circuit potential [V]": 0.33037964026414446,
        "SEI growth activation energy [J.mol-1]": 31796.29783555452,
        "Negative electrode reaction-driven LAM factor [m3.mol-1]": 0.0,
        "Positive electrode reaction-driven LAM factor [m3.mol-1]": 0.0,
        "Negative current collector thickness [m]": 1.0127853163812364e-05,
        "Negative electrode thickness [m]": 9.726064278006216e-05,
        "Separator thickness [m]": 1.1155632832005627e-05,
        "Positive electrode thickness [m]": 6.276067940644239e-05,
        "Positive current collector thickness [m]": 1.695305038693436e-05,
        "Electrode height [m]": 0.05013231835967298,
        "Electrode width [m]": 1.2564923443075295,
        "Cell cooling surface area [m2]": 0.004355153943092339,
        "Cell volume [m3]": 2.3581708104509077e-05,
        "Cell thermal expansion coefficient [m.K-1]": 9.949801928175885e-07,
        "Negative current collector conductivity [S.m-1]": 51087621.04809138,
        "Positive current collector conductivity [S.m-1]": 30196694.035169095,
        "Negative current collector density [kg.m-3]": 6105.419025867501,
        "Positive current collector density [kg.m-3]": 3158.6517992011472,
        "Negative current collector specific heat capacity [J.kg-1.K-1]": 263.898994450178,
        "Positive current collector specific heat capacity [J.kg-1.K-1]": 405.23883306143614,
        "Negative current collector thermal conductivity [W.m-1.K-1]": 384.46762308165836,
        "Positive current collector thermal conductivity [W.m-1.K-1]": 161.30883364546276,
        "Nominal cell capacity [A.h]": 5.3186679334820735,
        "Current function [A]": 5.654389939251074,
        "Contact resistance [Ohm]": 0,
        "Negative electrode conductivity [S.m-1]": 272.28973525890797,
        "Maximum concentration in negative electrode [mol.m-3]": 48795.50988006009,
        "Negative electrode porosity": 0.28157636291241006,
        "Negative electrode active material volume fraction": 0.7427470054600508,
        "Negative particle radius [m]": 5.293673353603257e-06,
        "Negative electrode Bruggeman coefficient (electrolyte)": 1.8169245974817543,
        "Negative electrode Bruggeman coefficient (electrode)": 0.9888156768728825,
        "Negative electrode charge transfer coefficient": 0.5021829890256563,
        "Negative electrode double-layer capacity [F.m-2]": 0.27434421843777496,
        "Negative electrode density [kg.m-3]": 1620.1815944174084,
        "Negative electrode specific heat capacity [J.kg-1.K-1]": 731.2909240392135,
        "Negative electrode thermal conductivity [W.m-1.K-1]": 1.4979497244943656,
        "Negative electrode OCP entropic change [V.K-1]": 0.0,
        "Negative electrode Poisson's ratio": 0.45155842718537603,
        "Negative electrode Young's modulus [Pa]": 18193977454.280693,
        "Negative electrode reference concentration for free of deformation [mol.m-3]": 0.0,
        "Negative electrode partial molar volume [m3.mol-1]": 2.4319673968618802e-06,
        "Negative electrode initial crack length [m]": 1.2301022335476702e-08,
        "Negative electrode initial crack width [m]": 1.6084052125421416e-08,
        "Negative electrode number of cracks per unit area [m-2]": 3922484260213817.5,
        "Negative electrode Paris' law constant b": 1.1909809535862304,
        "Negative electrode Paris' law constant m": 1.860312182290762,
        "Negative electrode LAM constant proportional term [s-1]": 2.7972573018013945e-07,
        "Negative electrode LAM constant exponential term": 2.8465933114917847,
        "Negative electrode critical stress [Pa]": 65509567.08775706,
        "Positive electrode conductivity [S.m-1]": 0.19541227511475215,
        "Maximum concentration in positive electrode [mol.m-3]": 64269.57817840301,
        "Positive electrode porosity": 0.46360662523881657,
        "Positive electrode active material volume fraction": 0.6847639989499353,
        "Positive particle radius [m]": 7.007131912357467e-06,
        "Positive electrode Bruggeman coefficient (electrolyte)": 1.3402634602848378,
        "Positive electrode Bruggeman coefficient (electrode)": 1.5899248099684442,
        "Positive electrode charge transfer coefficient": 0.4338468198617814,
        "Positive electrode double-layer capacity [F.m-2]": 0.21944056466624748,
        "Positive electrode density [kg.m-3]": 4117.848691716557,
        "Positive electrode specific heat capacity [J.kg-1.K-1]": 422.255720495041,
        "Positive electrode thermal conductivity [W.m-1.K-1]": 2.8756940220378375,
        "Positive electrode OCP entropic change [V.K-1]": 0.0,
        "Positive electrode Poisson's ratio": 0.18455057188495577,
        "Positive electrode Young's modulus [Pa]": 292382421581.5273,
        "Positive electrode reference concentration for free of deformation [mol.m-3]": 0.0,
        "Positive electrode partial molar volume [m3.mol-1]": 1.2609056995063387e-05,
        "Positive electrode initial crack length [m]": 1.8584698982464794e-08,
        "Positive electrode initial crack width [m]": 1.485253278801685e-08,
        "Positive electrode number of cracks per unit area [m-2]": 2442711348168673.0,
        "Positive electrode Paris' law constant b": 1.493278296404306,
        "Positive electrode Paris' law constant m": 2.3478280870310053,
        "Positive electrode LAM constant proportional term [s-1]": 3.0290214240450173e-07,
        "Positive electrode LAM constant exponential term": 1.8363345589037066,
        "Positive electrode critical stress [Pa]": 348926833.9819725,
        "Separator porosity": 0.6122957036042939,
        "Separator Bruggeman coefficient (electrolyte)": 1.666386131477967,
        "Separator density [kg.m-3]": 434.2713079125211,
        "Separator specific heat capacity [J.kg-1.K-1]": 940.8509593304385,
        "Separator thermal conductivity [W.m-1.K-1]": 0.18380990486600712,
        "Initial concentration in electrolyte [mol.m-3]": 755.558255640979,