{
    "config": {
        "Ideal gas constant [J.K-1.mol-1]": 10.22204616969502,
        "Faraday constant [C.mol-1]": 44180.00392669673,
        "Boltzmann constant [J.K-1]": 1.4363865294414724e-23,
        "Electron charge [C]": 1.5691431971661676e-19,
        "Ratio of lithium moles to SEI moles": 2.962914260099579,
        "Inner SEI reaction proportion": 0.5532734531195193,
        "Inner SEI partial molar volume [m3.mol-1]": 7.239630485698666e-05,
        "Outer SEI partial molar volume [m3.mol-1]": 0.00010814143409859172,
        "SEI reaction exchange current density [A.m-2]": 1.735640365814694e-07,
        "SEI resistivity [Ohm.m]": 190343.44004321663,
        "Outer SEI solvent diffusivity [m2.s-1]": 2.33274069082008e-22,
        "Bulk solvent concentration [mol.m-3]": 1377.3741772082944,
        "Inner SEI open-circuit potential [V]": 0.1075407023293889,
        "Outer SEI open-circuit potential [V]": 0.5333646540001156,
        "Inner SEI electron conductivity [S.m-1]": 9.095794566320773e-14,
        "Inner SEI lithium interstitial diffusivity [m2.s-1]": 7.198817539162438e-21,
        "Lithium interstitial reference concentration [mol.m-3]": 12.809967748550084,
        "Initial inner SEI thickness [m]": 2.7791183749509396e-09,
        "Initial outer SEI thickness [m]": 1.8494144104783283e-09,
        "EC initial concentration in electrolyte [mol.m-3]": 3686.993710277403,
        "EC diffusivity [m2.s-1]": 1.9069662222067816e-18,
        "SEI kinetic rate constant [m.s-1]": 7.964958632584052e-13,
        "SEI open-circuit potential [V]": 0.29792454474085556,
        "SEI growth activation energy [J.mol-1]": 0.0,
        "Negative electrode reaction-driven LAM factor [m3.mol-1]": 0.0,
        "Positive electrode reaction-driven LAM factor [m3.mol-1]": 0.0,
        "Negative current collector thickness [m]": 1.2708085742110583e-05,
        "Negative electrode thickness [m]": 8.433403119230916e-05,
        "Separator thickness [m]": 1.9056229000567907e-05,
        "Positive electrode thickness [m]": 3.7424914667081875e-05,
        "Positive current collector thickness [m]": 1.0673026725038074e-05,
        "Electrode height [m]": 0.1306267390031621,
        "Electrode width [m]": 0.13546325998479516,
        "Negative tab width [m]": 0.03975046616079479,
        "Negative tab centre y-coordinate [m]": 0.010475044772296768,
        "Negative tab centre z-coordinate [m]": 0.2584827718498405,
        "Positive tab width [m]": 0.038756636687759534,
        "Positive tab centre y-coordinate [m]": 0.10468109723702317,
        "Positive tab centre z-coordinate [m]": 0.13708711066461304,
        "Cell cooling surface area [m2]": 0.04212084697025613,
        "Cell volume [m3]": 4.061850957469734e-06,
        "Negative current collector conductivity [S.m-1]": 51431990.38567292,
        "Positive current collector conductivity [S.m-1]": 44981234.47629169,
        "Negative current collector density [kg.m-3]": 12157.954753288212,
        "Positive current collector density [kg.m-3]": 3415.605350374325,
        "Negative current collector specific heat capacity [J.kg-1.K-1]": 202.34829645229826,
        "Positive current collector specific heat capacity [J.kg-1.K-1]": 333.2423971465114,
        "Negative current collector thermal conductivity [W.m-1.K-1]": 372.02082332145875,
        "Positive current collector thermal conductivity [W.m-1.K-1]": 147.24149132916872,
        "Nominal cell capacity [A.h]": 0.22248943167169638,
        "Current function [A]": 0.5202397981167668,
        "Contact resistance [Ohm]": 0,
        "Negative electrode conductivity [S.m-1]": 86.62708113542308,
        "Maximum concentration in negative electrode [mol.m-3]": 30293.25719282021,
        "Negative electrode porosity": 0.39796123679815626,
        "Negative electrode active material volume fraction": 0.6432793270458053,
        "Negative particle radius [m]": 6.663577776647222e-07,
        "Negative electrode Bruggeman coefficient (electrolyte)": 1.124828999728908,
        "Negative electrode Bruggeman coefficient (electrode)": 1.05042691982294,
        "Negative electrode charge transfer coefficient": 0.758682981561916,
        "Negative electrode double-layer capacity [F.m-2]": 0.20691149851938787,
        "Negative electrode density [kg.m-3]": 2208.092446950328,
        "Negative electrode specific heat capacity [J.kg-1.K-1]": 723.5158505213974,
        "Negative electrode thermal conductivity [W.m-1.K-1]": 1.381965245744341,
        "Negative electrode OCP entropic change [V.K-1]": 0.0,
        "Positive electrode conductivity [S.m-1]": 5.811298637647786,
        "Maximum concentration in positive electrode [mol.m-3]": 66716.76038053988,
        "Positive electrode porosity": 0.2968888292320932,
        "Positive electrode active material volume fraction": 0.44252877283247616,
        "Positive particle radius [m]": 1.5688489309645873e-06,
        "Positive electrode Bruggeman coefficient (electrolyte)": 1.6112010879565437,
        "Positive electrode Bruggeman coefficient (electrode)": 1.0986319845778372,
        "Positive electrode charge transfer coefficient": 0.33713052509767505,
        "Positive electrode double-layer capacity [F.m-2]": 0.2515479056758843,
        "Positive electrode density [kg.m-3]": 4095.627267761184,
        "Positive electrode specific heat capacity [J.kg-1.K-1]": 470.9420749688883,
        "Positive electrode thermal conductivity [W.m-1.K-1]": 1.8026769945992747,
        "Positive electrode OCP entropic change [V.K-1]": 0.0,
        "Separator porosity": 0.49701809888028187,
        "Separator Bruggeman coefficient (electrolyte)": 1.722993579620787,
        "Separator density [kg.m-3]": 797.278160300199,
        "Separator specific heat capacity [J.kg-1.K-1]": 670.5368574083669,
        "Separator thermal conductivity [W.m-1.K-1]": 0.12826190904003293,
        "Initial concentration in electrolyte [mol.m-3]": 1342.8821417036863,
        "Cation transference number": 0.3809628884896481,
        "Thermodynamic factor": 1.3930061321947063,
        "Reference temperature [K]": 290.9280839909564,
        "Negative current collector surface heat transfer coefficient [W.m-2.K-1]": 0.0,
        "Positive current collector surface heat transfer coefficient [W.m-2.K-1]": 0.0,
        "Negative tab heat transfer coefficient [W.m-2.K-1]": 29.28556897031078,
        "Positive tab heat transfer coefficient [W.m-2.K-1]": 10.88831881625873,
        "Edge heat transfer coefficient [W.m-2.K-1]": 0.33159417056493184,
        "Total heat transfer coefficient [W.m-2.K-1]": 22.924629275107215,
        "Ambient temperature [K]": 375.18510248392613,
        "Number of electrodes connected in parallel to make a cell": 0.9038125624693956,
        "Number of cells connected in series to make a battery": 0.82269872490406,
        "Lower voltage cut-off [V]": 3.3559066794419508,
        "Upper voltage cut-off [V]": 5.681448480973953,
        "Open-circuit voltage at 0% SOC [V]": 2.1516870995633117,
        "Open-circuit voltage at 100% SOC [V]": 2.7282236197799055,
        "Initial concentration in negative electrode [mol.m-3]": 15378.818793804987,
        "Initial concentration in positive electrode [mol.m-3]": 23570.371445808054,
        "Initial temperature [K]": 452.4367882239301
    },
    "V": [
        4.157851354443759,
        4.080675989381992,
        4.033788522944022,
        3.9913025417924874,
        3.9509973003974332,
        3.911586398775043,
        3.872575250758082,
        3.833770105667204,
        3.7951182955790204,
        3.756688266388951,
        3.7185963909338655,
        3.680942531691568,
        3.643807866200924,
        3.607274995130015,
        3.5714124646491063,
        3.536201365216593,
        3.50143948860092,
        3.466702337074845,
        3.4314047862883497,
        3.3949489072864885,
        3.3569172267962823,
        3.3559166794419504
    ],