{
    "config": {
        "Ideal gas constant [J.K-1.mol-1]": 9.156939432802831,
        "Faraday constant [C.mol-1]": 94423.19363936405,
        "Boltzmann constant [J.K-1]": 1.2071177938762654e-23,
        "Electron charge [C]": 1.893729552910523e-19,
        "Ratio of lithium moles to SEI moles": 1.5631384279163387,
        "Inner SEI reaction proportion": 0.3735427846250592,
        "Inner SEI partial molar volume [m3.mol-1]": 9.086792479408743e-05,
        "Outer SEI partial molar volume [m3.mol-1]": 0.00012154505649726913,
        "SEI reaction exchange current density [A.m-2]": 1.8127609656055118e-07,
        "SEI resistivity [Ohm.m]": 202543.84858831277,
        "Outer SEI solvent diffusivity [m2.s-1]": 2.762569178985503e-22,
        "Bulk solvent concentration [mol.m-3]": 1856.5208808087375,
        "Inner SEI open-circuit potential [V]": 0.11298912388545494,
        "Outer SEI open-circuit potential [V]": 0.5525077836707338,
        "Inner SEI electron conductivity [S.m-1]": 9.148116904865886e-14,
        "Inner SEI lithium interstitial diffusivity [m2.s-1]": 1.1702962941865992e-20,
        "Lithium interstitial reference concentration [mol.m-3]": 17.677447717171333,
        "Initial inner SEI thickness [m]": 1.9071742237174348e-09,
        "Initial outer SEI thickness [m]": 1.468147145644952e-09,
        "EC initial concentration in electrolyte [mol.m-3]": 3635.203285474366,
        "EC diffusivity [m2.s-1]": 2.2102227725017466e-18,
        "SEI kinetic rate constant [m.s-1]": 1.1231938925295085e-12,
        "SEI open-circuit potential [V]": 0.3224041832803547,
        "SEI growth activation energy [J.mol-1]": 0.0,
        "Negative electrode reaction-driven LAM factor [m3.mol-1]": 0.0,
        "Positive electrode reaction-driven LAM factor [m3.mol-1]": 0.0,
        "Negative current collector thickness [m]": 1.4039957891130665e-05,
        "Negative electrode thickness [m]": 6.799558991547833e-05,
        "Separator thickness [m]": 2.555511144243461e-05,
        "Positive electrode thickness [m]": 6.798899093160981e-05,
        "Positive current collector thickness [m]": 1.3112315791460858e-05,
        "Electrode height [m]": 0.039606943813771986,
        "Electrode width [m]": 0.05640115701382459,
        "Cell cooling surface area [m2]": 0.006333758075372688,
        "Cell volume [m3]": 1.877616430501833e-05,
        "Cell emissivity": 0.6511247068376427,
        "Cell thermal expansion coefficient [m.K-1]": 1.2116102289756257e-06,
        "Negative current collector conductivity [S.m-1]": 71176318.58444571,
        "Positive current collector conductivity [S.m-1]": 42752545.06067449,
        "Negative current collector density [kg.m-3]": 5300.658622827923,
        "Positive current collector density [kg.m-3]": 2197.7831242167913,
        "Negative current collector specific heat capacity [J.kg-1.K-1]": 231.61774155723202,
        "Positive current collector specific heat capacity [J.kg-1.K-1]": 604.98152911318,
        "Negative current collector thermal conductivity [W.m-1.K-1]": 391.5122795436843,
        "Positive current collector thermal conductivity [W.m-1.K-1]": 202.78948200113882,
        "Nominal cell capacity [A.h]": 1.6268523418135725,
        "Current function [A]": 1.831315141598701,
        "Contact resistance [Ohm]": 0,
        "Negative electrode conductivity [S.m-1]": 19.6102590533102,
        "Maximum concentration in negative electrode [mol.m-3]": 37956.743266477846,
        "Negative electrode porosity": 0.29678892003768387,
        "Negative electrode active material volume fraction": 0.6268443175379416,
        "Negative particle radius [m]": 6.9141812214808735e-06,
        "Negative electrode Bruggeman coefficient (electrolyte)": 3.5204867192948157,
        "Negative electrode Bruggeman coefficient (electrode)": 0.0,
        "Negative electrode charge transfer coefficient": 0.22638495849056395,
        "Negative electrode double-layer capacity [F.m-2]": 0.2717287004028992,
        "Negative electrode density [kg.m-3]": 3096.27715798816,
        "Negative electrode specific heat capacity [J.kg-1.K-1]": 1081.649705711937,
        "Negative electrode thermal conductivity [W.m-1.K-1]": 0.9916040095113323,
        "Negative electrode Poisson's ratio": 0.1800661947041478,
        "Negative electrode Young's modulus [Pa]": 12109662501.160381,
        "Negative electrode reference concentration for free of deformation [mol.m-3]": 0.0,
        "Negative electrode partial molar volume [m3.mol-1]": 3.308325059893863e-06,
        "Negative electrode initial crack length [m]": 2.0848672249940704e-08,
        "Negative electrode initial crack width [m]": 1.2039973800288286e-08,
        "Negative electrode number of cracks per unit area [m-2]": 4375914634837867.5,
        "Negative electrode Paris' law constant b": 1.1626914204449847,
        "Negative electrode Paris' law constant m": 2.8675516114496173,
        "Negative electrode activation energy for cracking rate [J.mol-1]": 0.0,
        "Negative electrode LAM constant proportional term [s-1]": 0.0,
        "Negative electrode LAM constant exponential term": 2.004948649491277,
        "Negative electrode critical stress [Pa]": 48784369.42715414,
        "Positive electrode conductivity [S.m-1]": 13.624964727746269,
        "Maximum concentration in positive electrode [mol.m-3]": 42671.99072907522,
        "Positive electrode porosity": 0.4293378110114337,
        "Positive electrode active material volume fraction": 0.7419529056784083,
        "Positive particle radius [m]": 2.91979146295086e-06,
        "Positive electrode surface area to volume ratio [m-1]": 783530.5388244014,
        "Positive electrode Bruggeman coefficient (electrolyte)": 2.193224421497479,
        "Positive electrode Bruggeman coefficient (electrode)": 0.0,
        "Positive electrode charge transfer coefficient": 0.4375934818899151,
        "Positive electrode double-layer capacity [F.m-2]": 0.18333727425634394,
        "Positive electrode density [kg.m-3]": 3194.8133717558585,
        "Positive electrode specific heat capacity [J.kg-1.K-1]": 1058.0266794582276,
        "Positive electrode thermal conductivity [W.m-1.K-1]": 1.9837673918306202,
        "Positive electrode Poisson's ratio": 0.17155716383768915,
        "Positive electrode Young's modulus [Pa]": 385370792556.76337,
        "Positive electrode reference concentration for free of deformation [mol.m-3]": 0.0,
        "Positive electrode partial molar volume [m3.mol-1]": 2.053809758060464e-08,
        "Positive electrode initial crack length [m]": 2.4503037199864842e-08,
        "Positive electrode initial crack width [m]": 9.92285094390388e-09,
        "Positive electrode number of cracks per unit area [m-2]": 3152590334145737.5,
        "Positive electrode Paris' law constant b": 0.9737693245694019,
        "Positive electrode Paris' law constant m": 1.7263835576937985,
        "Positive electrode activation energy for cracking rate [J.mol-1]": 0.0,
        "Positive electrode LAM constant proportional term [s-1]": 3.037709658039761e-13,
        "Positive electrode LAM constant exponential term": 3.1023170868914143,
        "Positive electrode critical stress [Pa]": 365254156.9191965,
        "Separator porosity": 0.6309343409152228,
        "Separator Bruggeman coefficient (electrolyte)": 2.300026855376221,
        "Separator density [kg.m-3]": 2971.5130425702187,
        "Separator specific heat capacity [J.kg-1.K-1]": 866.7806975393174,
        "Separator thermal conductivity [W.m-1.K-1]": 0.2826609333440327,
        "Initial concentration in electrolyte [mol.m-3]": 807.86308867418,
        "Cation transference number": 0.5519640129263585,
        "Reference temperature [K]": 217.47989991371298,
        "Total heat transfer coefficient [W.m-2.K-1]": 36.133776821442375,
        "Ambient temperature [K]": 211.24062263531613,
        "Number of electrodes connected in parallel to make a cell": 35.64978826829375,