{
    "config": {
        "Ideal gas constant [J.K-1.mol-1]": 8.675373449168301,
        "Faraday constant [C.mol-1]": 106009.29677435568,
        "Boltzmann constant [J.K-1]": 1.3693386436193863e-23,
        "Electron charge [C]": 1.463988519629224e-19,
        "Negative current collector thickness [m]": 1.3245078211805906e-05,
        "Negative electrode thickness [m]": 7.274098813141481e-05,
        "Separator thickness [m]": 1.598664180378e-05,
        "Positive electrode thickness [m]": 7.724806822321376e-05,
        "Positive current collector thickness [m]": 1.6828558150526617e-05,
        "Electrode height [m]": 0.06601303286459669,
        "Electrode width [m]": 1.8205942259907837,
        "Cell cooling surface area [m2]": 0.005205961388927803,
        "Cell volume [m3]": 2.8065520440834654e-05,
        "Negative current collector conductivity [S.m-1]": 50295975.4577986,
        "Positive current collector conductivity [S.m-1]": 38777794.370705076,
        "Negative current collector density [kg.m-3]": 8086.0395452328385,
        "Positive current collector density [kg.m-3]": 2588.213703179963,
        "Positive current collector thermal conductivity [W.m-1.K-1]": 274.3322334885697,
        "Nominal cell capacity [A.h]": 5.216272922612879,
        "Current function [A]": 3.671557779607017,
        "Contact resistance [Ohm]": 0,
        "Negative electrode conductivity [S.m-1]": 180.12552576495986,
        "Maximum concentration in negative electrode [mol.m-3]": 36422.95558420661,
        "Negative electrode porosity": 0.25445152198094856,
        "Negative electrode active material volume fraction": 0.8490295538554871,
        "Negative particle radius [m]": 5.580110381910826e-06,
        "Negative electrode Bruggeman coefficient (electrolyte)": 1.5865193966382358,
        "Negative electrode Bruggeman coefficient (electrode)": 0.0,
        "Negative electrode charge transfer coefficient": 0.5613370869728092,
        "Negative electrode double-layer capacity [F.m-2]": 0.19763246169594695,
        "Negative electrode density [kg.m-3]": 2064.6064987922405,
        "Maximum concentration in positive electrode [mol.m-3]": 54540.478557390015,
        "Positive electrode porosity": 0.4053590704412878,
        "Positive electrode active material volume fraction": 0.6474829562906892,
        "Positive particle radius [m]": 5.349379046368269e-06,
        "Positive electrode Bruggeman coefficient (electrolyte)": 1.6451384013174684,
        "Positive electrode Bruggeman coefficient (electrode)": 0.0,
        "Positive electrode charge transfer coefficient": 0.4801679287391679,
        "Positive electrode double-layer capacity [F.m-2]": 0.22117874241876997,
        "Positive electrode density [kg.m-3]": 3618.1609961872814,
        "Separator porosity": 0.48985822551950525,
        "Separator Bruggeman coefficient (electrolyte)": 1.2116693350944856,
        "Separator Bruggeman coefficient (electrode)": 1.364176437061077,
        "Separator density [kg.m-3]": 1177.5586197260668,
        "Separator thermal conductivity [W.m-1.K-1]": 0.43922295679716783,
        "Initial concentration in electrolyte [mol.m-3]": 996.7455723709127,
        "Reference temperature [K]": 220.18189785792205,
        "Total heat transfer coefficient [W.m-2.K-1]": 9.03231013590174,
        "Ambient temperature [K]": 317.7166560966417,
        "Number of electrodes connected in parallel to make a cell": 0.9431821975890865,
        "Number of cells connected in series to make a battery": 1.0038341342083965,
        "Lower voltage cut-off [V]": 1.8201672168798728,
        "Upper voltage cut-off [V]": 4.509887771489888,
        "Open-circuit voltage at 0% SOC [V]": 2.707311581026506,
        "Open-circuit voltage at 100% SOC [V]": 3.713057309395595,
        "Initial concentration in negative electrode [mol.m-3]": 30569.066887381396,
        "Initial concentration in positive electrode [mol.m-3]": 13175.527210825949,
        "Initial temperature [K]": 311.42455958470595
    },
    "V": [
        4.255756365080462,
        4.215741482493488,
        4.196962914175755,
        4.178261992676996,
        4.160182038193719,
        4.14280676536506,
        4.125955263701329,
        4.109596971803428,
        4.09377332609297,
        4.07869132140878,
        4.065353108586166,
        4.054931157080045,
        4.047649850331297,
        4.043337223143512,
        4.04119408257251,
        4.037953950557361,
        4.03481005990015,
        4.031203030959976,
        4.027106675333532,
        4.023273974811999,
        4.019264114526002,
        4.01503259886527,
        4.010955906297206,
        4.0067068141070745,
        4.0022357488842495,
        3.997760556671525,
        3.993035163585997,
        3.9880592534342805,
        3.983078695473687,
        3.9779696650024565,
        3.9726629484749685,
        3.9672378174068936,
        3.961641920835996,
        3.9558915186734294,
        3.9500067003656096,
        3.9439271198454415,
        3.9376801149725096,
        3.931317074330389,
        3.9248425772279782,
        3.918208102676341,
        3.911473706622648,
        3.9046867472504934,
        3.897780482512763,
        3.8907469761048845,
        3.883698192573481,
        3.87667018639372,
        3.869647391043431,
        3.862755524034391,
        3.85602898703027,
        3.8494223356631485,
        3.8430348370763117,
        3.83686619214111,
        3.8308616188362943,
        3.825048553311472,
        3.8193581932349336,
        3.8137419909488415,
        3.808223768784445,
        3.80279205839446,
        3.79739619453897,
        3.79198398352655,
        3.7865227633455305,
        3.780986540304731,
        3.7753435502828463,
        3.769552681983975,
        3.7635940583658236,
        3.7574721911695392,
        3.7512070471248724,
        3.744821393282546,
        3.7383350685066095,
        3.731756373492595,
        3.7250809710670696,
        3.7182987795781983,
        3.711410384013109,
        3.7044276339248396,
        3.6973685007983597,
        3.69025763905863,
        3.6831317171217224,
        3.676031485089183,
        3.6689937527142518,
        3.662049948963115,
        3.6552244144288712,
        3.64852872997944,
        3.64196751639875,
        3.635545945893484,
        3.629266727225955,
        3.6231237602085917,
        3.6171054384145487,
        3.6111972139985107,
        3.605384572297205,
        3.599657397762292,
        3.5940031256888814,
        3.588403161739455,
        3.582843415418947,
        3.5773126266187605,
        3.5718015190638086,
        3.5662991542835294,
        3.5607905612071544,
        3.555270906778417,
        3.5497329107050164,
        3.5441692991554654
    ],