{
    "config": {
        "Ideal gas constant [J.K-1.mol-1]": 8.294135095446682,
        "Faraday constant [C.mol-1]": 109633.58939582975,
        "Boltzmann constant [J.K-1]": 1.589566424447297e-23,
        "Electron charge [C]": 1.8314885440197836e-19,
        "Ratio of lithium moles to SEI moles": 1.7955123233274581,
        "Inner SEI reaction proportion": 0.5821871264804955,
        "Inner SEI partial molar volume [m3.mol-1]": 0.00010189878402940675,
        "Outer SEI partial molar volume [m3.mol-1]": 8.605347341504043e-05,
        "SEI reaction exchange current density [A.m-2]": 1.3207006498510317e-07,
        "SEI resistivity [Ohm.m]": 218897.1816016151,
        "Outer SEI solvent diffusivity [m2.s-1]": 2.631146687353354e-22,
        "Bulk solvent concentration [mol.m-3]": 3286.970532862168,
        "Inner SEI open-circuit potential [V]": 0.10138834593483881,
        "Outer SEI open-circuit potential [V]": 0.8458463865132301,
        "Inner SEI electron conductivity [S.m-1]": 9.564570779620805e-14,
        "Inner SEI lithium interstitial diffusivity [m2.s-1]": 1.247949704783726e-20,
        "Lithium interstitial reference concentration [mol.m-3]": 15.472212444330397,
        "Initial inner SEI thickness [m]": 2.0614109331750075e-09,
        "Initial outer SEI thickness [m]": 2.5297159542481512e-09,
        "EC initial concentration in electrolyte [mol.m-3]": 5172.730643767204,
        "EC diffusivity [m2.s-1]": 1.9244376815541496e-18,
        "SEI kinetic rate constant [m.s-1]": 1.0691396439642455e-12,
        "SEI open-circuit potential [V]": 0.470040679201443,
        "SEI growth activation energy [J.mol-1]": 0.0,
        "Negative electrode reaction-driven LAM factor [m3.mol-1]": 0.0,
        "Positive electrode reaction-driven LAM factor [m3.mol-1]": 0.0,
        "Negative current collector thickness [m]": 8.932382640864157e-06,
        "Negative electrode thickness [m]": 8.269352319705154e-05,
        "Separator thickness [m]": 2.5058751268906443e-05,
        "Positive electrode thickness [m]": 5.346581837500062e-05,
        "Positive current collector thickness [m]": 1.1434904479260592e-05,
        "Electrode height [m]": 0.23283022222607141,
        "Electrode width [m]": 0.1393461379836483,
        "Negative tab width [m]": 0.04202305535853498,
        "Negative tab centre y-coordinate [m]": 0.014191976984574379,
        "Negative tab centre z-coordinate [m]": 0.22379202561850134,
        "Positive tab width [m]": 0.04517605855486398,
        "Positive tab centre y-coordinate [m]": 0.12163804096837173,
        "Positive tab centre z-coordinate [m]": 0.2345771711322032,
        "Cell cooling surface area [m2]": 0.05768448387145703,
        "Cell volume [m3]": 4.006799251137296e-06,
        "Negative current collector conductivity [S.m-1]": 48865303.02483298,
        "Positive current collector conductivity [S.m-1]": 37955027.83382399,
        "Negative current collector density [kg.m-3]": 13688.269970785066,
        "Positive current collector density [kg.m-3]": 3835.3213559633277,
        "Negative current collector specific heat capacity [J.kg-1.K-1]": 350.9283610214271,
        "Positive current collector specific heat capacity [J.kg-1.K-1]": 807.0538367362607,
        "Negative current collector thermal conductivity [W.m-1.K-1]": 241.22926412605364,
        "Positive current collector thermal conductivity [W.m-1.K-1]": 155.82033934668738,
        "Nominal cell capacity [A.h]": 0.49471057303606036,
        "Current function [A]": 0.517235223683016,
        "Contact resistance [Ohm]": 0,
        "Negative electrode conductivity [S.m-1]": 91.45927768814649,
        "Maximum concentration in negative electrode [mol.m-3]": 26561.536272755075,
        "Negative electrode porosity": 0.4279774432629037,
        "Negative electrode active material volume fraction": 0.4503461508526607,
        "Negative particle radius [m]": 4.1444922952349163e-07,
        "Negative electrode Bruggeman coefficient (electrolyte)": 2.4729322113600984,
        "Negative electrode Bruggeman coefficient (electrode)": 2.0740702618302906,
        "Negative electrode charge transfer coefficient": 0.4914220735010739,
        "Negative electrode double-layer capacity [F.m-2]": 0.23207265626327878,
        "Negative electrode density [kg.m-3]": 2347.0908610787574,
        "Negative electrode specific heat capacity [J.kg-1.K-1]": 668.3451950938407,
        "Negative electrode thermal conductivity [W.m-1.K-1]": 1.0366505490683426,
        "Negative electrode OCP entropic change [V.K-1]": 0.0,
        "Positive electrode conductivity [S.m-1]": 10.456037948148468,
        "Maximum concentration in positive electrode [mol.m-3]": 48294.86020950862,
        "Positive electrode porosity": 0.45585762602762336,
        "Positive electrode active material volume fraction": 0.358818635624767,
        "Positive particle radius [m]": 1.9972821739183107e-06,
        "Positive electrode Bruggeman coefficient (electrolyte)": 1.7542551621499713,
        "Positive electrode Bruggeman coefficient (electrode)": 1.7864985550554477,
        "Positive electrode charge transfer coefficient": 0.49329331464042553,
        "Positive electrode double-layer capacity [F.m-2]": 0.21770737666128043,
        "Positive electrode density [kg.m-3]": 4067.1009486595035,
        "Positive electrode specific heat capacity [J.kg-1.K-1]": 981.0485085268313,
        "Positive electrode thermal conductivity [W.m-1.K-1]": 1.3680799321650379,
        "Positive electrode OCP entropic change [V.K-1]": 0.0,
        "Separator porosity": 0.37936454030494604,
        "Separator Bruggeman coefficient (electrolyte)": 2.5606767162100303,
        "Separator density [kg.m-3]": 438.4134056668678,
        "Separator specific heat capacity [J.kg-1.K-1]": 640.8946673713405,
        "Separator thermal conductivity [W.m-1.K-1]": 0.10646666830206396,
        "Initial concentration in electrolyte [mol.m-3]": 944.2707784564394,
        "Cation transference number": 0.3588469511751114,
        "Thermodynamic factor": 0.8578349059901649,
        "Reference temperature [K]": 320.1866760416242,
        "Negative current collector surface heat transfer coefficient [W.m-2.K-1]": 0.0,
        "Positive current collector surface heat transfer coefficient [W.m-2.K-1]": 0.0,
        "Negative tab heat transfer coefficient [W.m-2.K-1]": 27.043510654460448,
        "Positive tab heat transfer coefficient [W.m-2.K-1]": 27.990355324116802,
        "Edge heat transfer coefficient [W.m-2.K-1]": 0.35071511889342905,
        "Total heat transfer coefficient [W.m-2.K-1]": 27.80339080128677,
        "Ambient temperature [K]": 354.9739751590232,
        "Number of electrodes connected in parallel to make a cell": 1.0072430918886985,
        "Number of cells connected in series to make a battery": 1.0596394090203576,
        "Lower voltage cut-off [V]": 3.606735031935564,
        "Upper voltage cut-off [V]": 4.225523839124036,
        "Open-circuit voltage at 0% SOC [V]": 2.7026396074105685,
        "Open-circuit voltage at 100% SOC [V]": 4.513777165191021,
        "Initial concentration in negative electrode [mol.m-3]": 19907.63311414557,
        "Initial concentration in positive electrode [mol.m-3]": 20718.140909693633,
        "Initial temperature [K]": 292.90399089379036
    },