{
    "config": {
        "Ideal gas constant [J.K-1.mol-1]": 6.5699187006006134,
        "Faraday constant [C.mol-1]": 109037.83077889655,
        "Boltzmann constant [J.K-1]": 1.236033911551557e-23,
        "Electron charge [C]": 2.0029226463385805e-19,
        "Ratio of lithium moles to SEI moles": 2.088787456533426,
        "Inner SEI reaction proportion": 0.7010066515326512,
        "Inner SEI partial molar volume [m3.mol-1]": 8.926450840254571e-05,
        "Outer SEI partial molar volume [m3.mol-1]": 9.295778681602975e-05,
        "SEI reaction exchange current density [A.m-2]": 9.062596435297054e-07,
        "SEI resistivity [Ohm.m]": 172048.4194379548,
        "Outer SEI solvent diffusivity [m2.s-1]": 2.2432119170763787e-22,
        "Bulk solvent concentration [mol.m-3]": 2437.4089823054883,
        "Inner SEI open-circuit potential [V]": 0.09343998759104952,
        "Outer SEI open-circuit potential [V]": 0.7460104307190942,
        "Inner SEI electron conductivity [S.m-1]": 9.217741501346926e-14,
        "Inner SEI lithium interstitial diffusivity [m2.s-1]": 1.1864075695901058e-20,
        "Lithium interstitial reference concentration [mol.m-3]": 19.83655534395193,
        "Initial inner SEI thickness [m]": 2.0804120915163675e-09,
        "Initial outer SEI thickness [m]": 2.4859949670096615e-09,
        "EC initial concentration in electrolyte [mol.m-3]": 3605.2103292792835,
        "EC diffusivity [m2.s-1]": 2.172093887238692e-18,
        "SEI kinetic rate constant [m.s-1]": 9.856544339425313e-13,
        "SEI open-circuit potential [V]": 0.0,
        "SEI growth activation energy [J.mol-1]": 0.0,
        "Negative current collector thickness [m]": 1.8322529951459515e-05,
        "Negative electrode thickness [m]": 4.7282257773053315e-05,
        "Separator thickness [m]": 2.226681826795512e-05,
        "Positive electrode thickness [m]": 8.158163682118166e-05,
        "Positive current collector thickness [m]": 2.191980400419866e-05,
        "Electrode height [m]": 0.056144584373655236,
        "Electrode width [m]": 1.104939629800394,
        "Negative tab width [m]": 0.048620427029535014,
        "Negative tab centre y-coordinate [m]": 0.06619642473250226,
        "Negative tab centre z-coordinate [m]": 0.14110962153540696,
        "Positive tab width [m]": 0.04483705499936751,
        "Positive tab centre y-coordinate [m]": 0.15548473978871072,
        "Positive tab centre z-coordinate [m]": 0.14108306465418935,
        "Negative current collector conductivity [S.m-1]": 59980402.19982532,
        "Positive current collector conductivity [S.m-1]": 37342965.085354984,
        "Negative current collector density [kg.m-3]": 9547.180095199421,
        "Positive current collector density [kg.m-3]": 2718.284833203316,
        "Negative current collector specific heat capacity [J.kg-1.K-1]": 398.0008215025813,
        "Positive current collector specific heat capacity [J.kg-1.K-1]": 992.8547050503346,
        "Negative current collector thermal conductivity [W.m-1.K-1]": 428.05296285795146,
        "Positive current collector thermal conductivity [W.m-1.K-1]": 241.6881881204862,
        "Nominal cell capacity [A.h]": 1.0300149671346448,
        "Current function [A]": 0.8656361054423642,
        "Contact resistance [Ohm]": 0,
        "Negative electrode conductivity [S.m-1]": 100.46237106604075,
        "Maximum concentration in negative electrode [mol.m-3]": 27651.687253595876,
        "Negative electrode porosity": 0.5222055982357728,
        "Negative electrode active material volume fraction": 0.6285017967721608,
        "Negative particle radius [m]": 1.795633275113062e-06,
        "Negative electrode Bruggeman coefficient (electrolyte)": 4.598977352862095,
        "Negative electrode Bruggeman coefficient (electrode)": 4.606264449108737,
        "Negative electrode charge transfer coefficient": 0.4410575844582724,
        "Negative electrode double-layer capacity [F.m-2]": 0.11112536762009105,
        "Negative electrode density [kg.m-3]": 1513.3217383380784,
        "Negative electrode specific heat capacity [J.kg-1.K-1]": 756.7769932306643,
        "Negative electrode thermal conductivity [W.m-1.K-1]": 1.4757899175260079,
        "Positive electrode conductivity [S.m-1]": 83.84180476793495,
        "Maximum concentration in positive electrode [mol.m-3]": 60435.88487293174,
        "Positive electrode porosity": 0.38879911003522416,
        "Positive electrode active material volume fraction": 0.5850047538775419,
        "Positive particle radius [m]": 2.169821988837927e-06,
        "Positive electrode Bruggeman coefficient (electrolyte)": 3.7352110235453075,
        "Positive electrode Bruggeman coefficient (electrode)": 3.240256103256488,
        "Positive electrode charge transfer coefficient": 0.44062752110440706,
        "Positive electrode double-layer capacity [F.m-2]": 0.17852404285907467,
        "Positive electrode density [kg.m-3]": 3492.076827850578,
        "Positive electrode specific heat capacity [J.kg-1.K-1]": 696.4445335890706,
        "Positive electrode thermal conductivity [W.m-1.K-1]": 1.305344979718165,
        "Separator porosity": 0.441737662641409,
        "Separator Bruggeman coefficient (electrolyte)": 2.0089832966984535,
        "Separator density [kg.m-3]": 781.1976200521821,
        "Separator specific heat capacity [J.kg-1.K-1]": 1783.8107560362737,
        "Separator thermal conductivity [W.m-1.K-1]": 0.360164176991713,
        "Initial concentration in electrolyte [mol.m-3]": 968.9925459953581,
        "Cation transference number": 0.44688185404848546,
        "Thermodynamic factor": 0.9762888924729509,
        "Reference temperature [K]": 295.2411923175494,
        "Ambient temperature [K]": 298.57684444829243,
        "Negative current collector surface heat transfer coefficient [W.m-2.K-1]": 0.0,
        "Positive current collector surface heat transfer coefficient [W.m-2.K-1]": 0.0,
        "Negative tab heat transfer coefficient [W.m-2.K-1]": 8.704963873675297,
        "Positive tab heat transfer coefficient [W.m-2.K-1]": 10.17666354982596,
        "Edge heat transfer coefficient [W.m-2.K-1]": 0.3182311431055411,
        "Number of electrodes connected in parallel to make a cell": 0.719459531033305,
        "Number of cells connected in series to make a battery": 1.1689014096494987,
        "Lower voltage cut-off [V]": 2.9820159545655893,
        "Upper voltage cut-off [V]": 5.108415030503193,
        "Open-circuit voltage at 0% SOC [V]": 2.3438047703869227,
        "Open-circuit voltage at 100% SOC [V]": 3.9489344233030974,
        "Initial concentration in negative electrode [mol.m-3]": 26791.668593532533,
        "Initial concentration in positive electrode [mol.m-3]": 20866.556211103263,
        "Initial temperature [K]": 219.85661202518196
    },
    "V": [
        3.825876236136207,
        3.777014416567704,
        3.741174849616111,
        3.699879212075574,
        3.6490342047164104,
        3.5840141804601817,
        3.4976245010388474,
        3.3769774385851052,
        3.1962365160149333,
        2.9820259545655894
    ],
    "time": [
        0.0,
        36.36363636363637,
        72.72727272727273,
        109.0909090909091,
        145.45454545454547,
        181.81818181818184,
        218.1818181818182,
        254.54545454545456,
        290.90909090909093,
        318.7707177602779
    ]
}