{
    "config": {
        "Ideal gas constant [J.K-1.mol-1]": 8.973142361428161,
        "Faraday constant [C.mol-1]": 100414.16949642777,
        "Boltzmann constant [J.K-1]": 1.314852808253415e-23,
        "Electron charge [C]": 1.1927222640874604e-19,
        "Ratio of lithium moles to SEI moles": 2.1964396924752996,
        "Inner SEI reaction proportion": 0.7169730336010754,
        "Inner SEI partial molar volume [m3.mol-1]": 4.5931630139112e-05,
        "Outer SEI partial molar volume [m3.mol-1]": 6.8739879976166e-05,
        "SEI reaction exchange current density [A.m-2]": 1.1642157550406772e-07,
        "SEI resistivity [Ohm.m]": 215380.70042188646,
        "Outer SEI solvent diffusivity [m2.s-1]": 2.5123849360731625e-22,
        "Bulk solvent concentration [mol.m-3]": 2837.196324789728,
        "Inner SEI open-circuit potential [V]": 0.12563098706479536,
        "Outer SEI open-circuit potential [V]": 0.738914088832819,
        "Inner SEI electron conductivity [S.m-1]": 8.234770511151199e-14,
        "Inner SEI lithium interstitial diffusivity [m2.s-1]": 9.386976793606312e-21,
        "Lithium interstitial reference concentration [mol.m-3]": 12.649351897168184,
        "Initial inner SEI thickness [m]": 2.201752139145555e-09,
        "Initial outer SEI thickness [m]": 2.225255935000849e-09,
        "EC initial concentration in electrolyte [mol.m-3]": 4238.792212377721,
        "EC diffusivity [m2.s-1]": 9.929639557859468e-19,
        "SEI kinetic rate constant [m.s-1]": 9.717839647237678e-13,
        "SEI open-circuit potential [V]": 0.3404767679622586,
        "SEI growth activation energy [J.mol-1]": 0.0,
        "Negative electrode reaction-driven LAM factor [m3.mol-1]": 0.0,
        "Positive electrode reaction-driven LAM factor [m3.mol-1]": 0.0,
        "Negative current collector thickness [m]": 1.0441183686109238e-05,
        "Negative electrode thickness [m]": 8.538342622145752e-05,
        "Separator thickness [m]": 2.095258966615102e-05,
        "Positive electrode thickness [m]": 4.53561681896286e-05,
        "Positive current collector thickness [m]": 8.178231650001466e-06,
        "Electrode height [m]": 0.113494801961192,
        "Electrode width [m]": 0.07701816391315476,
        "Negative tab width [m]": 0.06414934389021634,
        "Negative tab centre y-coordinate [m]": 0.01578227671009368,
        "Negative tab centre z-coordinate [m]": 0.16518834968127183,
        "Positive tab width [m]": 0.05397323448960357,
        "Positive tab centre y-coordinate [m]": 0.15147502224874154,
        "Positive tab centre z-coordinate [m]": 0.195599168003654,
        "Cell cooling surface area [m2]": 0.04769127250912898,
        "Cell volume [m3]": 6.52637198335535e-06,
        "Negative current collector conductivity [S.m-1]": 50977426.76715269,
        "Positive current collector conductivity [S.m-1]": 42092767.93252788,
        "Negative current collector density [kg.m-3]": 10402.90747269901,
        "Positive current collector density [kg.m-3]": 3617.4179473189465,
        "Negative current collector specific heat capacity [J.kg-1.K-1]": 410.6188938531159,
        "Positive current collector specific heat capacity [J.kg-1.K-1]": 714.7011419639764,
        "Negative current collector thermal conductivity [W.m-1.K-1]": 395.00932487021885,
        "Positive current collector thermal conductivity [W.m-1.K-1]": 145.65380164492177,
        "Nominal cell capacity [A.h]": 0.5383605567367595,
        "Current function [A]": 0.5541698076874297,
        "Contact resistance [Ohm]": 0,
        "Negative electrode conductivity [S.m-1]": 107.30981685018634,
        "Maximum concentration in negative electrode [mol.m-3]": 23830.579290673162,
        "Negative electrode porosity": 0.2499634634235619,
        "Negative electrode active material volume fraction": 0.3587744163670294,
        "Negative particle radius [m]": 5.064406202523045e-07,
        "Negative electrode Bruggeman coefficient (electrolyte)": 1.9815609547219195,
        "Negative electrode Bruggeman coefficient (electrode)": 1.8610134526859836,
        "Negative electrode charge transfer coefficient": 0.19569672643339164,
        "Negative electrode double-layer capacity [F.m-2]": 0.2782444519735815,
        "Negative electrode density [kg.m-3]": 1718.9185353700873,
        "Negative electrode specific heat capacity [J.kg-1.K-1]": 632.237606435374,
        "Negative electrode thermal conductivity [W.m-1.K-1]": 0.7785141650138929,
        "Negative electrode OCP entropic change [V.K-1]": 0.0,
        "Positive electrode conductivity [S.m-1]": 10.622762781522473,
        "Maximum concentration in positive electrode [mol.m-3]": 33234.048496247735,
        "Positive electrode porosity": 0.478420722131418,
        "Positive electrode active material volume fraction": 0.44310209922559946,
        "Positive particle radius [m]": 2.0555755440218027e-06,
        "Positive electrode Bruggeman coefficient (electrolyte)": 1.7685808067135942,
        "Positive electrode Bruggeman coefficient (electrode)": 2.1724248334200618,
        "Positive electrode charge transfer coefficient": 0.6250508245639712,
        "Positive electrode double-layer capacity [F.m-2]": 0.32017983719378257,
        "Positive electrode density [kg.m-3]": 4819.109532692502,
        "Positive electrode specific heat capacity [J.kg-1.K-1]": 534.59969372717,
        "Positive electrode thermal conductivity [W.m-1.K-1]": 1.5560781850172924,
        "Positive electrode OCP entropic change [V.K-1]": 0.0,
        "Separator porosity": 0.4037889917916386,
        "Separator Bruggeman coefficient (electrolyte)": 2.398094922861968,
        "Separator density [kg.m-3]": 579.6399201638139,
        "Separator specific heat capacity [J.kg-1.K-1]": 612.7027015513278,
        "Separator thermal conductivity [W.m-1.K-1]": 0.14548990680044527,
        "Initial concentration in electrolyte [mol.m-3]": 979.0060719320348,
        "Cation transference number": 0.4540624993542866,
        "Thermodynamic factor": 0.9520472780177356,
        "Reference temperature [K]": 274.15073654587195,
        "Negative current collector surface heat transfer coefficient [W.m-2.K-1]": 0.0,
        "Positive current collector surface heat transfer coefficient [W.m-2.K-1]": 0.0,
        "Negative tab heat transfer coefficient [W.m-2.K-1]": 30.11027548599477,
        "Positive tab heat transfer coefficient [W.m-2.K-1]": 27.26029993463837,
        "Edge heat transfer coefficient [W.m-2.K-1]": 0.3873372541442835,
        "Total heat transfer coefficient [W.m-2.K-1]": 34.40610264909768,
        "Ambient temperature [K]": 253.40939018522224,
        "Number of electrodes connected in parallel to make a cell": 1.1401985138863293,
        "Number of cells connected in series to make a battery": 1.0036513084790153,
        "Lower voltage cut-off [V]": 2.8217972888198646,
        "Upper voltage cut-off [V]": 4.816104980499512,
        "Open-circuit voltage at 0% SOC [V]": 3.331286360863503,
        "Open-circuit voltage at 100% SOC [V]": 4.237271977684828,
        "Initial concentration in negative electrode [mol.m-3]": 20356.603887718018,
        "Initial concentration in positive electrode [mol.m-3]": 18177.442293122876,
        "Initial temperature [K]": 226.34571447646098
    },
    "V": [
        3.7411004269123396,
        3.519282371749525,
        3.4029767042533337,
        3.318660463086911,
        3.2189783279282906,
        3.0959940597379894,
        3.021344970256374,
        2.9288765253118774,
        2.8218072888198655
    ],
    "time": [
        0.0,
        36.36363636363637,
        72.72727272727273,
        91.47727272727273,
        100.85227272727273,
        105.53977272727273,
        106.71164772727273,
        107.29758522727273,
        107.56400559786208
    ]
}