{
    "config": {
        "Ideal gas constant [J.K-1.mol-1]": 9.055197656428248,
        "Faraday constant [C.mol-1]": 120895.37608681216,
        "Boltzmann constant [J.K-1]": 1.179132011866469e-23,
        "Electron charge [C]": 1.7022905994937796e-19,
        "Ratio of lithium moles to SEI moles": 2.1853913333225092,
        "Inner SEI reaction proportion": 0.48009521265212535,
        "Inner SEI partial molar volume [m3.mol-1]": 0.00013380473129403242,
        "Outer SEI partial molar volume [m3.mol-1]": 8.976799490310434e-05,
        "SEI reaction exchange current density [A.m-2]": 1.383514671253548e-07,
        "SEI resistivity [Ohm.m]": 171633.99663101873,
        "Outer SEI solvent diffusivity [m2.s-1]": 2.707899707030611e-22,
        "Bulk solvent concentration [mol.m-3]": 2038.6120900347228,
        "Inner SEI open-circuit potential [V]": 0.10616118166692344,
        "Outer SEI open-circuit potential [V]": 0.4913361209163767,
        "Inner SEI electron conductivity [S.m-1]": 9.69391970332804e-14,
        "Inner SEI lithium interstitial diffusivity [m2.s-1]": 1.3987658806814968e-20,
        "Lithium interstitial reference concentration [mol.m-3]": 19.091065570992086,
        "Initial inner SEI thickness [m]": 4.1307762148372434e-10,
        "Initial outer SEI thickness [m]": 2.0373548943763213e-09,
        "EC initial concentration in electrolyte [mol.m-3]": 5457.377950581445,
        "EC diffusivity [m2.s-1]": 2.2641126821210845e-18,
        "SEI kinetic rate constant [m.s-1]": 8.851749015049024e-13,
        "SEI open-circuit potential [V]": 0.43064932512379467,
        "SEI growth activation energy [J.mol-1]": 0.0,
        "Negative electrode reaction-driven LAM factor [m3.mol-1]": 0.0,
        "Positive electrode reaction-driven LAM factor [m3.mol-1]": 0.0,
        "Negative current collector thickness [m]": 9.391939719780972e-06,
        "Negative electrode thickness [m]": 5.043140131089992e-05,
        "Separator thickness [m]": 1.8825522021431544e-05,
        "Positive electrode thickness [m]": 9.337371205609582e-05,
        "Positive current collector thickness [m]": 1.506649626579471e-05,
        "Electrode height [m]": 0.0791421795785389,
        "Electrode width [m]": 0.06486980656313371,
        "Negative tab width [m]": 0.0076812488982313165,
        "Negative tab centre y-coordinate [m]": 0.005668422246855868,
        "Negative tab centre z-coordinate [m]": 0.12477931260289883,
        "Positive tab width [m]": 0.004930600947705985,
        "Positive tab centre y-coordinate [m]": 0.031059501877805408,
        "Positive tab centre z-coordinate [m]": 0.13108564070090672,
        "Cell cooling surface area [m2]": 0.013078982797895496,
        "Cell volume [m3]": 8.737645160835165e-07,
        "Negative current collector conductivity [S.m-1]": 33938124.20559116,
        "Positive current collector conductivity [S.m-1]": 21199089.896496583,
        "Negative current collector density [kg.m-3]": 11943.353356263988,
        "Positive current collector density [kg.m-3]": 2962.3295140078217,
        "Negative current collector specific heat capacity [J.kg-1.K-1]": 255.94487619852111,
        "Positive current collector specific heat capacity [J.kg-1.K-1]": 1034.2513570005085,
        "Negative current collector thermal conductivity [W.m-1.K-1]": 478.3215685678229,
        "Positive current collector thermal conductivity [W.m-1.K-1]": 204.03203733086744,
        "Nominal cell capacity [A.h]": 0.18891541049706928,
        "Current function [A]": 0.15221699075615655,
        "Contact resistance [Ohm]": 0,
        "Negative electrode conductivity [S.m-1]": 16.61173516316675,
        "Maximum concentration in negative electrode [mol.m-3]": 32898.4892132183,
        "Negative electrode porosity": 0.2363479360297383,
        "Negative electrode active material volume fraction": 0.4248875512676211,
        "Negative particle radius [m]": 7.78185969943835e-06,
        "Negative electrode Bruggeman coefficient (electrolyte)": 1.6152909130214463,
        "Negative electrode Bruggeman coefficient (electrode)": 0.0,
        "Negative electrode density [kg.m-3]": 1880.0056875185533,
        "Negative electrode specific heat capacity [J.kg-1.K-1]": 489.413833672878,
        "Negative electrode thermal conductivity [W.m-1.K-1]": 0.6823019109027685,
        "Negative electrode OCP entropic change [V.K-1]": 0.0,
        "Positive electrode conductivity [S.m-1]": 61.29679040678157,
        "Maximum concentration in positive electrode [mol.m-3]": 41166.54960153556,
        "Positive electrode porosity": 0.28259951670605327,
        "Positive electrode active material volume fraction": 0.3680289710762201,
        "Positive particle radius [m]": 5.295872126097896e-06,
        "Positive electrode Bruggeman coefficient (electrolyte)": 1.5797361313843825,
        "Positive electrode Bruggeman coefficient (electrode)": 0.0,
        "Positive electrode density [kg.m-3]": 3077.1865920170626,
        "Positive electrode specific heat capacity [J.kg-1.K-1]": 1557.1271637036439,
        "Positive electrode thermal conductivity [W.m-1.K-1]": 0.87409271957199,
        "Positive electrode OCP entropic change [V.K-1]": 0.0,
        "Separator porosity": 0.47548608725618785,
        "Separator Bruggeman coefficient (electrolyte)": 2.5632322280855564,
        "Separator density [kg.m-3]": 781.8865930671852,
        "Separator specific heat capacity [J.kg-1.K-1]": 2453.8121595218586,
        "Separator thermal conductivity [W.m-1.K-1]": 0.2547693905056557,
        "Initial concentration in electrolyte [mol.m-3]": 1063.165390723528,
        "Cation transference number": 0.2515545219277651,
        "Thermodynamic factor": 0.6105129528516042,
        "Reference temperature [K]": 339.4829267693044,
        "Negative current collector surface heat transfer coefficient [W.m-2.K-1]": 10.821124695820119,
        "Positive current collector surface heat transfer coefficient [W.m-2.K-1]": 10.786574681840673,
        "Negative tab heat transfer coefficient [W.m-2.K-1]": 6.02288103022638,
        "Positive tab heat transfer coefficient [W.m-2.K-1]": 15.66381462722956,
        "Edge heat transfer coefficient [W.m-2.K-1]": 11.462607258561633,
        "Total heat transfer coefficient [W.m-2.K-1]": 11.873974424435664,
        "Ambient temperature [K]": 301.0232850797377,
        "Number of electrodes connected in parallel to make a cell": 1.1188397547822002,
        "Number of cells connected in series to make a battery": 1.0961052058036866,
        "Lower voltage cut-off [V]": 2.660248516793269,
        "Upper voltage cut-off [V]": 4.605915475604659,
        "Open-circuit voltage at 0% SOC [V]": 2.51575669725315,
        "Open-circuit voltage at 100% SOC [V]": 4.031252003581731,
        "Initial concentration in negative electrode [mol.m-3]": 27609.520288531334,
        "Initial concentration in positive electrode [mol.m-3]": 12200.752657345658,
        "Initial temperature [K]": 326.2758800024676
    },