{
    "config": {
        "Ideal gas constant [J.K-1.mol-1]": 6.169483927077016,
        "Faraday constant [C.mol-1]": 78608.19833037266,
        "Boltzmann constant [J.K-1]": 1.2127219289396754e-23,
        "Electron charge [C]": 1.0333969831740057e-19,
        "Negative current collector thickness [m]": 1.3462412605393083e-05,
        "Negative electrode thickness [m]": 6.512699687662038e-05,
        "Separator thickness [m]": 1.1105501852252166e-05,
        "Positive electrode thickness [m]": 5.5955535935310835e-05,
        "Positive current collector thickness [m]": 2.1756135687273262e-05,
        "Electrode height [m]": 0.07854188784072029,
        "Electrode width [m]": 2.4143657249573756,
        "Cell cooling surface area [m2]": 0.005622497553912948,
        "Cell volume [m3]": 2.0610513941632315e-05,
        "Negative current collector conductivity [S.m-1]": 56362931.096887134,
        "Positive current collector conductivity [S.m-1]": 51545305.10625924,
        "Negative current collector density [kg.m-3]": 10981.885563668686,
        "Positive current collector density [kg.m-3]": 4112.195698798865,
        "Positive current collector thermal conductivity [W.m-1.K-1]": 122.98657722469271,
        "Nominal cell capacity [A.h]": 5.151133951977478,
        "Current function [A]": 5.129034175593119,
        "Contact resistance [Ohm]": 0,
        "Negative electrode conductivity [S.m-1]": 182.1833079160531,
        "Maximum concentration in negative electrode [mol.m-3]": 52697.748162109434,
        "Negative electrode porosity": 0.19621066870518247,
        "Negative electrode active material volume fraction": 0.7045665634696142,
        "Negative particle radius [m]": 6.88799907444276e-06,
        "Negative electrode Bruggeman coefficient (electrolyte)": 1.427776926552676,
        "Negative electrode Bruggeman coefficient (electrode)": 0.0,
        "Negative electrode charge transfer coefficient": 0.6022828808834307,
        "Negative electrode double-layer capacity [F.m-2]": 0.20649525089404933,
        "Negative electrode density [kg.m-3]": 2042.9802507159225,
        "Maximum concentration in positive electrode [mol.m-3]": 72564.541654228,
        "Positive electrode porosity": 0.22284635898823052,
        "Positive electrode active material volume fraction": 0.8052779271803816,
        "Positive particle radius [m]": 2.6681363768664225e-06,
        "Positive electrode Bruggeman coefficient (electrolyte)": 1.2505943273932243,
        "Positive electrode Bruggeman coefficient (electrode)": 0.0,
        "Positive electrode charge transfer coefficient": 0.49222533829644455,
        "Positive electrode double-layer capacity [F.m-2]": 0.07762407807483869,
        "Positive electrode density [kg.m-3]": 3366.327414217451,
        "Separator porosity": 0.40145253426787586,
        "Separator Bruggeman coefficient (electrolyte)": 1.2127122476047174,
        "Separator Bruggeman coefficient (electrode)": 1.7322528836700788,
        "Separator density [kg.m-3]": 1489.8197025241634,
        "Separator thermal conductivity [W.m-1.K-1]": 0.3354872854817914,
        "Initial concentration in electrolyte [mol.m-3]": 1415.388513870473,
        "Reference temperature [K]": 360.0785897058329,
        "Total heat transfer coefficient [W.m-2.K-1]": 10.217054895706882,
        "Ambient temperature [K]": 340.0090019833621,
        "Number of electrodes connected in parallel to make a cell": 0.9803241359558131,
        "Number of cells connected in series to make a battery": 1.1278917238727695,
        "Lower voltage cut-off [V]": 1.8227994170231372,
        "Upper voltage cut-off [V]": 4.8612845487110805,
        "Open-circuit voltage at 0% SOC [V]": 2.0450047484923566,
        "Open-circuit voltage at 100% SOC [V]": 3.328376652600971,
        "Initial concentration in negative electrode [mol.m-3]": 31597.223951286243,
        "Initial concentration in positive electrode [mol.m-3]": 16543.412598327464,
        "Initial temperature [K]": 299.7544754491052
    },
    "V": [
        4.271725481704208,
        4.24068161827416,
        4.225713898602515,
        4.21188328561177,
        4.198157479701253,
        4.183951233388393,
        4.169343870387959,
        4.154727327641406,
        4.140356611189574,
        4.126442480858021,
        4.113161397216831,
        4.100521331625318,
        4.088350766514952,
        4.076711921820928,
        4.065907669516905,
        4.0561520083259595,
        4.0475596790036725,
        4.040284702037992,
        4.034414301932909,
        4.029857563995863,
        4.026375969247874,
        4.023621110619208,
        4.021234323815617,
        4.018978008764419,
        4.0167222758128895,
        4.014392531683077,
        4.011909765525225,
        4.009206094769486,
        4.00623646864117,
        4.0029687863432795,
        3.9993759780257463,
        3.9954438499214504,
        3.9911629573973513,
        3.986515437802824,
        3.98148367242704,
        3.97606056191748,
        3.9702494790265677,
        3.964069155594014,
        3.9575542043199388,
        3.9507467917052943,
        3.943698525617845,
        3.9364652962173277,
        3.9290936815372723,
        3.9216258067972745,
        3.9141015911721144,
        3.9065549421736785,
        3.8990118687269923,
        3.8914905722044386,
        3.884011064845849,
        3.8765850095438132,
        3.86921835526476,
        3.861916701135053,
        3.8546838110919897,
        3.8475153512585782,
        3.840408475959829,
        3.8333576910354443,
        3.826350636223766,
        3.8193823846669996,
        3.812444544211191,
        3.8055294207046817,
        3.798628618179852,
        3.791726155504975,
        3.784803929885882,
        3.777829215466848,
        3.770754982488076,
        3.7635047081300246,
        3.7559726779919216,
        3.7480626447808123,
        3.739740507794658,
        3.7309411360323264,
        3.7214128845773997,
        3.7112808105799875,
        3.7016097571898654,
        3.6933675416539393,
        3.6853495336077673,
        3.6781656948902093,
        3.671029789890712,
        3.6628941621157844,
        3.6543258445576665,
        3.645264103001494,
        3.635604515596133,
        3.62523583542164,
        3.6139999828505522,
        3.6016757741877568,
        3.5879848572749555,
        3.5726084404923637,
        3.5552433412279623,
        3.5357103365327585,
        3.514035060740871,
        3.490531261222911,
        3.465798522787477,
        3.440577555437864,
        3.4153423042775914,
        3.3900506014720264,
        3.3641348842752707,
        3.336539544735329,
        3.3057229470774843,
        3.269579011809192,
        3.2252555510693544,
        3.168802692467126
    ],