{
    "config": {
        "Ideal gas constant [J.K-1.mol-1]": 7.26302989233719,
        "Faraday constant [C.mol-1]": 86220.93011100662,
        "Boltzmann constant [J.K-1]": 1.2687833791740342e-23,
        "Electron charge [C]": 1.7679210337562639e-19,
        "Ratio of lithium moles to SEI moles": 1.341676826216811,
        "Inner SEI reaction proportion": 0.5268475888222706,
        "Inner SEI partial molar volume [m3.mol-1]": 6.374917027570566e-05,
        "Outer SEI partial molar volume [m3.mol-1]": 0.00011664342400079231,
        "SEI reaction exchange current density [A.m-2]": 1.289584749734379e-07,
        "SEI resistivity [Ohm.m]": 206294.26688493308,
        "Outer SEI solvent diffusivity [m2.s-1]": 3.440145398438824e-22,
        "Bulk solvent concentration [mol.m-3]": 1920.5422191957373,
        "Inner SEI open-circuit potential [V]": 0.10677963432165419,
        "Outer SEI open-circuit potential [V]": 0.7459007750331001,
        "Inner SEI electron conductivity [S.m-1]": 1.0676335336576302e-13,
        "Inner SEI lithium interstitial diffusivity [m2.s-1]": 1.1883198525307321e-20,
        "Lithium interstitial reference concentration [mol.m-3]": 18.100154999854876,
        "Initial inner SEI thickness [m]": 2.159071592728112e-09,
        "Initial outer SEI thickness [m]": 2.9442377351753285e-09,
        "EC initial concentration in electrolyte [mol.m-3]": 4743.050574437706,
        "EC diffusivity [m2.s-1]": 2.7634007237137047e-18,
        "SEI kinetic rate constant [m.s-1]": 3.98839661029956e-13,
        "SEI open-circuit potential [V]": 0.3757332550575702,
        "SEI growth activation energy [J.mol-1]": 0.0,
        "Negative electrode reaction-driven LAM factor [m3.mol-1]": 0.0,
        "Positive electrode reaction-driven LAM factor [m3.mol-1]": 0.0,
        "Negative current collector thickness [m]": 7.0896562983992224e-06,
        "Negative electrode thickness [m]": 5.31575523190949e-05,
        "Separator thickness [m]": 1.5014074887292253e-05,
        "Positive electrode thickness [m]": 7.562111916532783e-05,
        "Positive current collector thickness [m]": 1.3830886890778001e-05,
        "Electrode height [m]": 0.09148009596096393,
        "Electrode width [m]": 0.09788122392765311,
        "Negative tab width [m]": 0.008816988073387912,
        "Negative tab centre y-coordinate [m]": 0.004541859868336726,
        "Negative tab centre z-coordinate [m]": 0.08159639823518192,
        "Positive tab width [m]": 0.009473403822865902,
        "Positive tab centre y-coordinate [m]": 0.03462588602656128,
        "Positive tab centre z-coordinate [m]": 0.1147596786755662,
        "Cell cooling surface area [m2]": 0.015662695426465124,
        "Cell volume [m3]": 1.1627851383067244e-06,
        "Negative current collector conductivity [S.m-1]": 68437263.35648021,
        "Positive current collector conductivity [S.m-1]": 43687575.78644288,
        "Negative current collector density [kg.m-3]": 4822.036662296103,
        "Positive current collector density [kg.m-3]": 1807.7990523611425,
        "Negative current collector specific heat capacity [J.kg-1.K-1]": 373.4220514377754,
        "Positive current collector specific heat capacity [J.kg-1.K-1]": 1020.1370673614563,
        "Negative current collector thermal conductivity [W.m-1.K-1]": 430.1477107191497,
        "Positive current collector thermal conductivity [W.m-1.K-1]": 229.47272975883584,
        "Nominal cell capacity [A.h]": 0.10891711416485939,
        "Current function [A]": 0.16419030628561496,
        "Contact resistance [Ohm]": 0,
        "Negative electrode conductivity [S.m-1]": 18.086872860626073,
        "Maximum concentration in negative electrode [mol.m-3]": 39743.14567505769,
        "Negative electrode porosity": 0.32306174880066335,
        "Negative electrode active material volume fraction": 0.3100507829846561,
        "Negative particle radius [m]": 1.9170672926051268e-05,
        "Negative electrode Bruggeman coefficient (electrolyte)": 1.5322418041813128,
        "Negative electrode Bruggeman coefficient (electrode)": 0.0,
        "Negative electrode density [kg.m-3]": 1837.185123748562,
        "Negative electrode specific heat capacity [J.kg-1.K-1]": 1592.1560183468223,
        "Negative electrode thermal conductivity [W.m-1.K-1]": 2.1147384515826064,
        "Negative electrode OCP entropic change [V.K-1]": 0.0,
        "Positive electrode conductivity [S.m-1]": 38.696173234850775,
        "Maximum concentration in positive electrode [mol.m-3]": 32113.30957505719,
        "Positive electrode porosity": 0.28877162084145824,
        "Positive electrode active material volume fraction": 0.3112277916890973,
        "Positive particle radius [m]": 5.916108355593421e-06,
        "Positive electrode Bruggeman coefficient (electrolyte)": 1.2098441979896224,
        "Positive electrode Bruggeman coefficient (electrode)": 0.0,
        "Positive electrode density [kg.m-3]": 3010.7250258825943,
        "Positive electrode specific heat capacity [J.kg-1.K-1]": 924.0803159843786,
        "Positive electrode thermal conductivity [W.m-1.K-1]": 1.019815700569916,
        "Positive electrode OCP entropic change [V.K-1]": 0.0,
        "Separator porosity": 0.5362688810963164,
        "Separator Bruggeman coefficient (electrolyte)": 2.419060974763213,
        "Separator density [kg.m-3]": 1092.8634553356928,
        "Separator specific heat capacity [J.kg-1.K-1]": 1971.6682283882326,
        "Separator thermal conductivity [W.m-1.K-1]": 0.35845913849628613,
        "Initial concentration in electrolyte [mol.m-3]": 999.0320498807903,
        "Cation transference number": 0.27515395130651277,
        "Thermodynamic factor": 1.1309310707907723,
        "Reference temperature [K]": 366.61960352583117,
        "Negative current collector surface heat transfer coefficient [W.m-2.K-1]": 9.242160282363251,
        "Positive current collector surface heat transfer coefficient [W.m-2.K-1]": 10.666490351257753,
        "Negative tab heat transfer coefficient [W.m-2.K-1]": 8.26492310378514,
        "Positive tab heat transfer coefficient [W.m-2.K-1]": 10.838430330109414,
        "Edge heat transfer coefficient [W.m-2.K-1]": 12.005824163473344,
        "Total heat transfer coefficient [W.m-2.K-1]": 9.093152917702618,
        "Ambient temperature [K]": 262.84464567513476,
        "Number of electrodes connected in parallel to make a cell": 1.278831900558325,
        "Number of cells connected in series to make a battery": 0.9869298593626835,
        "Lower voltage cut-off [V]": 2.6636481664053853,
        "Upper voltage cut-off [V]": 5.167288656637876,
        "Open-circuit voltage at 0% SOC [V]": 2.3253589275655413,
        "Open-circuit voltage at 100% SOC [V]": 4.379818714233887,
        "Initial concentration in negative electrode [mol.m-3]": 19794.5454419532,
        "Initial concentration in positive electrode [mol.m-3]": 13589.931602074164,
        "Initial temperature [K]": 339.4404362044099
    },