{
    "config": {
        "Ideal gas constant [J.K-1.mol-1]": 11.063785219170137,
        "Faraday constant [C.mol-1]": 77591.55012162738,
        "Boltzmann constant [J.K-1]": 1.26624745998926e-23,
        "Electron charge [C]": 1.3540410639207975e-19,
        "Negative electrode thickness [m]": 2.811165739438966e-05,
        "Separator thickness [m]": 2.4520316787131533e-05,
        "Positive electrode thickness [m]": 9.292308402111837e-05,
        "Electrode height [m]": 0.5297301948832818,
        "Electrode width [m]": 0.21800794987712485,
        "Nominal cell capacity [A.h]": 1.8454074220924945,
        "Current function [A]": 2.506043520562188,
        "Contact resistance [Ohm]": 0,
        "Negative electrode conductivity [S.m-1]": 187.28348396214528,
        "Maximum concentration in negative electrode [mol.m-3]": 28433.033794713847,
        "Negative electrode diffusivity [m2.s-1]": 3.3607153751545248e-15,
        "Negative electrode porosity": 0.3795824883620924,
        "Negative electrode active material volume fraction": 0.8488643495380666,
        "Negative particle radius [m]": 3.546468541484529e-06,
        "Negative electrode Bruggeman coefficient (electrolyte)": 1.7316419309437936,
        "Negative electrode Bruggeman coefficient (electrode)": 1.257867947336483,
        "Negative electrode charge transfer coefficient": 0.36148108640554566,
        "Negative electrode double-layer capacity [F.m-2]": 0.19905633614395263,
        "Negative electrode OCP entropic change [V.K-1]": 0,
        "Positive electrode conductivity [S.m-1]": 0.30034496286642515,
        "Maximum concentration in positive electrode [mol.m-3]": 23143.74019486888,
        "Positive electrode diffusivity [m2.s-1]": 4.474485798508922e-18,
        "Positive electrode porosity": 0.3169585068296254,
        "Positive electrode active material volume fraction": 0.2985630720635509,
        "Positive particle radius [m]": 4.895894529357405e-08,
        "Positive electrode Bruggeman coefficient (electrode)": 1.1739777905673652,
        "Positive electrode Bruggeman coefficient (electrolyte)": 1.4091546810095488,
        "Positive electrode charge transfer coefficient": 0.49346891594711545,
        "Positive electrode double-layer capacity [F.m-2]": 0.19956194194532445,
        "Positive electrode OCP entropic change [V.K-1]": 0,
        "Separator porosity": 0.5772664635206342,
        "Separator Bruggeman coefficient (electrolyte)": 1.1026840430397837,
        "Initial concentration in electrolyte [mol.m-3]": 966.9520184319927,
        "Cation transference number": 0.3647969830645027,
        "Thermodynamic factor": 1.2586463660712592,
        "Electrolyte diffusivity [m2.s-1]": 2.1982748666472416e-10,
        "Reference temperature [K]": 333.1532999820251,
        "Ambient temperature [K]": 328.88417097979925,
        "Number of electrodes connected in parallel to make a cell": 0.8663366247345597,
        "Number of cells connected in series to make a battery": 1.0522151531748642,
        "Lower voltage cut-off [V]": 2.273085182966553,
        "Upper voltage cut-off [V]": 3.5833904050877523,
        "Open-circuit voltage at 0% SOC [V]": 1.5130394043351876,
        "Open-circuit voltage at 100% SOC [V]": 2.6959121816111913,
        "Initial concentration in negative electrode [mol.m-3]": 13573.994598472413,
        "Initial concentration in positive electrode [mol.m-3]": 113.24401573245672,
        "Initial temperature [K]": 295.77352872718495
    },
    "V": [
        3.4460862880116503,
        3.1934482652107516,
        3.1877905821905426,
        3.180816245182076,
        3.170284973288809,
        3.156252038168024,
        3.140381054022873,
        3.1252075614817882,
        3.112470387073965,
        3.1022226942643774,
        3.0929410689851426,
        3.0813042160705066,
        3.0607940334495076,
        3.021672506933974,
        2.9618707072532215,
        2.8965247929546853,
        2.8305233775117404,
        2.7410349785951187,
        2.5838454986212165,
        2.2813860071709167,
        2.2730951829665536
    ],
    "time": [
        0.0,
        36.36363636363637,
        72.72727272727273,
        109.0909090909091,
        145.45454545454547,
        181.81818181818184,
        218.1818181818182,
        254.54545454545456,
        290.90909090909093,
        327.2727272727273,
        363.6363636363637,
        400.00000000000006,
        436.3636363636364,
        472.72727272727275,
        509.0909090909091,
        545.4545454545455,
        581.8181818181819,
        618.1818181818182,
        654.5454545454546,
        690.909090909091,
        691.6286188435079
    ]
}