{
    "config": {
        "Ideal gas constant [J.K-1.mol-1]": 10.469842144239493,
        "Faraday constant [C.mol-1]": 45558.34045607681,
        "Boltzmann constant [J.K-1]": 7.592510716027693e-24,
        "Electron charge [C]": 1.507557282846048e-19,
        "Ratio of lithium moles to SEI moles": 2.211456702736009,
        "Inner SEI reaction proportion": 0.6917809689170676,
        "Inner SEI partial molar volume [m3.mol-1]": 0.00010760281185796754,
        "Outer SEI partial molar volume [m3.mol-1]": 8.974399748337077e-05,
        "SEI reaction exchange current density [A.m-2]": 2.0298441556741134e-07,
        "SEI resistivity [Ohm.m]": 188262.32190599127,
        "Outer SEI solvent diffusivity [m2.s-1]": 1.415431397402795e-22,
        "Bulk solvent concentration [mol.m-3]": 2197.3847350798633,
        "Inner SEI open-circuit potential [V]": 0.09973706893385932,
        "Outer SEI open-circuit potential [V]": 0.6797764049286162,
        "Inner SEI electron conductivity [S.m-1]": 9.207421758218985e-14,
        "Inner SEI lithium interstitial diffusivity [m2.s-1]": 9.735707672841903e-21,
        "Lithium interstitial reference concentration [mol.m-3]": 10.30642578885736,
        "Initial inner SEI thickness [m]": 2.1156128498531138e-09,
        "Initial outer SEI thickness [m]": 2.183077944017908e-09,
        "EC initial concentration in electrolyte [mol.m-3]": 4273.896668441863,
        "EC diffusivity [m2.s-1]": 1.2931689427874525e-18,
        "SEI kinetic rate constant [m.s-1]": 1.0087629593472382e-12,
        "SEI open-circuit potential [V]": 0.415106654162219,
        "SEI growth activation energy [J.mol-1]": 0.0,
        "Negative electrode reaction-driven LAM factor [m3.mol-1]": 0.0,
        "Positive electrode reaction-driven LAM factor [m3.mol-1]": 0.0,
        "Negative current collector thickness [m]": 1.0113441735410359e-05,
        "Negative electrode thickness [m]": 4.98594140134208e-05,
        "Separator thickness [m]": 2.7906365175531422e-05,
        "Positive electrode thickness [m]": 3.778436870101095e-05,
        "Positive current collector thickness [m]": 9.89863388770633e-06,
        "Electrode height [m]": 0.22432638633294666,
        "Electrode width [m]": 0.15330101499136475,
        "Negative tab width [m]": 0.04122719791926468,
        "Negative tab centre y-coordinate [m]": 0.014735043401572704,
        "Negative tab centre z-coordinate [m]": 0.12468352666387093,
        "Positive tab width [m]": 0.04501860352999333,
        "Positive tab centre y-coordinate [m]": 0.07023605181197405,
        "Positive tab centre z-coordinate [m]": 0.20896053586405805,
        "Cell cooling surface area [m2]": 0.06214756859151793,
        "Cell volume [m3]": 4.326390270349281e-06,
        "Negative current collector conductivity [S.m-1]": 50482943.15671352,
        "Positive current collector conductivity [S.m-1]": 37007531.47535151,
        "Negative current collector density [kg.m-3]": 12554.13747361869,
        "Positive current collector density [kg.m-3]": 2463.7672724587032,
        "Negative current collector specific heat capacity [J.kg-1.K-1]": 318.4728508731277,
        "Positive current collector specific heat capacity [J.kg-1.K-1]": 686.4907526514733,
        "Negative current collector thermal conductivity [W.m-1.K-1]": 269.3317995859889,
        "Positive current collector thermal conductivity [W.m-1.K-1]": 123.37026794803997,
        "Nominal cell capacity [A.h]": 0.3573094743669541,
        "Current function [A]": 0.3653920657506067,
        "Contact resistance [Ohm]": 0,
        "Negative electrode conductivity [S.m-1]": 97.67179383519662,
        "Maximum concentration in negative electrode [mol.m-3]": 23522.700041089964,
        "Negative electrode porosity": 0.28846997816472475,
        "Negative electrode active material volume fraction": 0.3890143170828821,
        "Negative particle radius [m]": 4.5232150433810614e-07,
        "Negative electrode Bruggeman coefficient (electrolyte)": 2.7308459109841414,
        "Negative electrode Bruggeman coefficient (electrode)": 1.8168867316577761,
        "Negative electrode charge transfer coefficient": 0.38501866602697393,
        "Negative electrode double-layer capacity [F.m-2]": 0.20834647400324569,
        "Negative electrode density [kg.m-3]": 2674.239302478737,
        "Negative electrode specific heat capacity [J.kg-1.K-1]": 854.8731349860337,
        "Negative electrode thermal conductivity [W.m-1.K-1]": 1.4152270886277383,
        "Negative electrode OCP entropic change [V.K-1]": 0.0,
        "Positive electrode conductivity [S.m-1]": 9.446641823475051,
        "Maximum concentration in positive electrode [mol.m-3]": 34113.23970410114,
        "Positive electrode porosity": 0.3825221986907915,
        "Positive electrode active material volume fraction": 0.46307126291842293,
        "Positive particle radius [m]": 1.8211516381467854e-06,
        "Positive electrode Bruggeman coefficient (electrolyte)": 2.1775009132478083,
        "Positive electrode Bruggeman coefficient (electrode)": 1.3978907445916908,
        "Positive electrode charge transfer coefficient": 0.5169976344926112,
        "Positive electrode double-layer capacity [F.m-2]": 0.2043783788549542,
        "Positive electrode density [kg.m-3]": 3412.611454378608,
        "Positive electrode specific heat capacity [J.kg-1.K-1]": 1058.9187342414336,
        "Positive electrode thermal conductivity [W.m-1.K-1]": 1.5035038810913397,
        "Positive electrode OCP entropic change [V.K-1]": 0.0,
        "Separator porosity": 0.2852767570600765,
        "Separator Bruggeman coefficient (electrolyte)": 1.3998308120274519,
        "Separator density [kg.m-3]": 677.2294194233759,
        "Separator specific heat capacity [J.kg-1.K-1]": 671.0047032033091,
        "Separator thermal conductivity [W.m-1.K-1]": 0.14121689836440288,
        "Initial concentration in electrolyte [mol.m-3]": 1232.3076032468855,
        "Cation transference number": 0.38276991314236336,
        "Thermodynamic factor": 0.8079898362761491,
        "Reference temperature [K]": 272.1242952616425,
        "Negative current collector surface heat transfer coefficient [W.m-2.K-1]": 0.0,
        "Positive current collector surface heat transfer coefficient [W.m-2.K-1]": 0.0,
        "Negative tab heat transfer coefficient [W.m-2.K-1]": 24.04993604571486,
        "Positive tab heat transfer coefficient [W.m-2.K-1]": 30.351302214530254,
        "Edge heat transfer coefficient [W.m-2.K-1]": 0.2703200551344096,
        "Total heat transfer coefficient [W.m-2.K-1]": 16.24702477054194,
        "Ambient temperature [K]": 222.34919689873516,
        "Number of electrodes connected in parallel to make a cell": 0.7483484322165285,
        "Number of cells connected in series to make a battery": 1.1337459843860125,
        "Lower voltage cut-off [V]": 2.630039562057549,
        "Upper voltage cut-off [V]": 6.8027932193567215,
        "Open-circuit voltage at 0% SOC [V]": 1.7781478058755642,
        "Open-circuit voltage at 100% SOC [V]": 4.007818195638375,
        "Initial concentration in negative electrode [mol.m-3]": 14289.114272362425,
        "Initial concentration in positive electrode [mol.m-3]": 24303.682026241404,
        "Initial temperature [K]": 300.0977594088834
    },
    "V": [
        3.3692505105498247,
        3.177922078585429,
        2.972321943870915,
        2.7385561816955786,
        2.6300495620575486
    ],
    "time": [
        0.0,
        36.36363636363637,
        72.72727272727273,
        91.47727272727273,
        94.37796431970627
    ]
}