{
    "config": {
        "Ideal gas constant [J.K-1.mol-1]": 4.352432312801397,
        "Faraday constant [C.mol-1]": 116910.62255389702,
        "Boltzmann constant [J.K-1]": 7.861005121659693e-24,
        "Electron charge [C]": 1.376518553071612e-19,
        "Ratio of lithium moles to SEI moles": 1.1647149513416877,
        "Inner SEI reaction proportion": 0.4590617797389591,
        "Inner SEI partial molar volume [m3.mol-1]": 0.0001098513230317511,
        "Outer SEI partial molar volume [m3.mol-1]": 7.694021093937643e-05,
        "SEI reaction exchange current density [A.m-2]": 1.1117999840972647e-07,
        "SEI resistivity [Ohm.m]": 225215.9887487546,
        "Outer SEI solvent diffusivity [m2.s-1]": 2.308592984572857e-22,
        "Bulk solvent concentration [mol.m-3]": 2519.624347599531,
        "Inner SEI open-circuit potential [V]": 0.1018343673150487,
        "Outer SEI open-circuit potential [V]": 0.8160429476639983,
        "Inner SEI electron conductivity [S.m-1]": 1.1917235617758742e-13,
        "Inner SEI lithium interstitial diffusivity [m2.s-1]": 9.756797745160414e-21,
        "Lithium interstitial reference concentration [mol.m-3]": 12.770302374247569,
        "Initial inner SEI thickness [m]": 2.683850500080053e-09,
        "Initial outer SEI thickness [m]": 1.5551515605430737e-09,
        "EC initial concentration in electrolyte [mol.m-3]": 4079.7943309379166,
        "EC diffusivity [m2.s-1]": 2.471816078056181e-18,
        "SEI kinetic rate constant [m.s-1]": 1.3702370808262276e-12,
        "SEI open-circuit potential [V]": 0.3682806160378435,
        "SEI growth activation energy [J.mol-1]": 0.0,
        "Negative electrode reaction-driven LAM factor [m3.mol-1]": 0.0,
        "Positive electrode reaction-driven LAM factor [m3.mol-1]": 0.0,
        "Negative current collector thickness [m]": 7.794984113561462e-06,
        "Negative electrode thickness [m]": 8.388285898481944e-05,
        "Separator thickness [m]": 2.3264860377359756e-05,
        "Positive electrode thickness [m]": 5.359439487207932e-05,
        "Positive current collector thickness [m]": 1.579716665584399e-05,
        "Electrode height [m]": 0.28259012309231596,
        "Electrode width [m]": 0.1693033127323083,
        "Negative tab width [m]": 0.05245395230117114,
        "Negative tab centre y-coordinate [m]": 0.015188637824200844,
        "Negative tab centre z-coordinate [m]": 0.17679386680963494,
        "Positive tab width [m]": 0.04416501439510882,
        "Positive tab centre y-coordinate [m]": 0.09792876331274436,
        "Positive tab centre z-coordinate [m]": 0.18716863402563577,
        "Cell cooling surface area [m2]": 0.0572871102817755,
        "Cell volume [m3]": 3.4788250236662214e-06,
        "Negative current collector conductivity [S.m-1]": 69148115.72356264,
        "Positive current collector conductivity [S.m-1]": 41025630.39814219,
        "Negative current collector density [kg.m-3]": 12363.07109122753,
        "Positive current collector density [kg.m-3]": 3692.942132767553,
        "Negative current collector specific heat capacity [J.kg-1.K-1]": 456.346969637401,
        "Positive current collector specific heat capacity [J.kg-1.K-1]": 850.7764120179838,
        "Negative current collector thermal conductivity [W.m-1.K-1]": 153.95148437399985,
        "Positive current collector thermal conductivity [W.m-1.K-1]": 128.20366563984726,
        "Nominal cell capacity [A.h]": 0.5193398868266348,
        "Current function [A]": 0.30679411754640973,
        "Contact resistance [Ohm]": 0,
        "Negative electrode conductivity [S.m-1]": 56.583886824788515,
        "Maximum concentration in negative electrode [mol.m-3]": 33113.956519144784,
        "Negative electrode porosity": 0.6036077815455669,
        "Negative electrode active material volume fraction": 0.29751706346824924,
        "Negative particle radius [m]": 4.541924140229156e-07,
        "Negative electrode Bruggeman coefficient (electrolyte)": 2.556820423523284,
        "Negative electrode Bruggeman coefficient (electrode)": 1.7568839885235186,
        "Negative electrode charge transfer coefficient": 0.583132350471697,
        "Negative electrode double-layer capacity [F.m-2]": 0.23426218064359802,
        "Negative electrode density [kg.m-3]": 1696.8019245319679,
        "Negative electrode specific heat capacity [J.kg-1.K-1]": 497.41248889732526,
        "Negative electrode thermal conductivity [W.m-1.K-1]": 0.5704722956808248,
        "Negative electrode OCP entropic change [V.K-1]": 0.0,
        "Positive electrode conductivity [S.m-1]": 5.389406685723326,
        "Maximum concentration in positive electrode [mol.m-3]": 36198.624819311066,
        "Positive electrode porosity": 0.4781497058334355,
        "Positive electrode active material volume fraction": 0.28400974811286445,
        "Positive particle radius [m]": 1.752032039277857e-06,
        "Positive electrode Bruggeman coefficient (electrolyte)": 2.455615179004336,
        "Positive electrode Bruggeman coefficient (electrode)": 1.4242755588034224,
        "Positive electrode charge transfer coefficient": 0.2715701996348904,
        "Positive electrode double-layer capacity [F.m-2]": 0.2618666009031574,
        "Positive electrode density [kg.m-3]": 4444.770751955373,
        "Positive electrode specific heat capacity [J.kg-1.K-1]": 646.7277712968661,
        "Positive electrode thermal conductivity [W.m-1.K-1]": 1.514659892670176,
        "Positive electrode OCP entropic change [V.K-1]": 0.0,
        "Separator porosity": 0.32072054714360454,
        "Separator Bruggeman coefficient (electrolyte)": 1.868444244211676,
        "Separator density [kg.m-3]": 363.6646979684624,
        "Separator specific heat capacity [J.kg-1.K-1]": 992.3207431040166,
        "Separator thermal conductivity [W.m-1.K-1]": 0.1677901109909375,
        "Initial concentration in electrolyte [mol.m-3]": 1428.6519377445695,
        "Cation transference number": 0.2844904399506349,
        "Thermodynamic factor": 1.1902269047870866,
        "Reference temperature [K]": 295.85680933745846,
        "Negative current collector surface heat transfer coefficient [W.m-2.K-1]": 0.0,
        "Positive current collector surface heat transfer coefficient [W.m-2.K-1]": 0.0,
        "Negative tab heat transfer coefficient [W.m-2.K-1]": 20.36881858038825,
        "Positive tab heat transfer coefficient [W.m-2.K-1]": 31.940855116696724,
        "Edge heat transfer coefficient [W.m-2.K-1]": 0.27243106586034443,
        "Total heat transfer coefficient [W.m-2.K-1]": 18.12876130298256,
        "Ambient temperature [K]": 359.80120696194376,
        "Number of electrodes connected in parallel to make a cell": 0.6608340349856128,
        "Number of cells connected in series to make a battery": 1.3418443866617524,
        "Lower voltage cut-off [V]": 2.8228136536036854,
        "Upper voltage cut-off [V]": 5.294141910614127,
        "Open-circuit voltage at 0% SOC [V]": 2.6468158376432376,
        "Open-circuit voltage at 100% SOC [V]": 4.867558275654032,
        "Initial concentration in negative electrode [mol.m-3]": 17124.69576590334,
        "Initial concentration in positive electrode [mol.m-3]": 9279.02163477853,
        "Initial temperature [K]": 228.9314470385525
    },