{
    "config": {
        "Ideal gas constant [J.K-1.mol-1]": 10.647476297481582,
        "Faraday constant [C.mol-1]": 106078.88824061782,
        "Boltzmann constant [J.K-1]": 1.1076273002200338e-23,
        "Electron charge [C]": 2.2350037365264003e-19,
        "Ratio of lithium moles to SEI moles": 2.8591174084708024,
        "Inner SEI reaction proportion": 0.5197303890681888,
        "Inner SEI partial molar volume [m3.mol-1]": 6.841217414426694e-05,
        "Outer SEI partial molar volume [m3.mol-1]": 0.00010511169132850681,
        "SEI reaction exchange current density [A.m-2]": 1.1086136674206761e-06,
        "SEI resistivity [Ohm.m]": 263234.5356076629,
        "Outer SEI solvent diffusivity [m2.s-1]": 1.6867472361974485e-22,
        "Bulk solvent concentration [mol.m-3]": 3036.0844235999007,
        "Inner SEI open-circuit potential [V]": 0.10384485005511862,
        "Outer SEI open-circuit potential [V]": 0.8401749082358555,
        "Inner SEI electron conductivity [S.m-1]": 5.069797431406065e-14,
        "Inner SEI lithium interstitial diffusivity [m2.s-1]": 5.014753284185129e-21,
        "Lithium interstitial reference concentration [mol.m-3]": 16.722366919334817,
        "Initial inner SEI thickness [m]": 2.704268348306055e-09,
        "Initial outer SEI thickness [m]": 2.8688987304649824e-09,
        "EC initial concentration in electrolyte [mol.m-3]": 4116.736054374026,
        "EC diffusivity [m2.s-1]": 1.4657025930057277e-18,
        "SEI kinetic rate constant [m.s-1]": 7.760010875598894e-13,
        "SEI open-circuit potential [V]": 0.0,
        "SEI growth activation energy [J.mol-1]": 0.0,
        "Negative current collector thickness [m]": 1.3184973293629148e-05,
        "Negative electrode thickness [m]": 0.00011456266382320663,
        "Separator thickness [m]": 2.9914040875545016e-05,
        "Positive electrode thickness [m]": 5.518172062972935e-05,
        "Positive current collector thickness [m]": 3.032654038104391e-05,
        "Electrode height [m]": 0.0620491761866282,
        "Electrode width [m]": 1.361025131018001,
        "Negative tab width [m]": 0.03502243229422683,
        "Negative tab centre y-coordinate [m]": 0.03406013026890169,
        "Negative tab centre z-coordinate [m]": 0.07187335661418587,
        "Positive tab width [m]": 0.03156685554279758,
        "Positive tab centre y-coordinate [m]": 0.0830512881931866,
        "Positive tab centre z-coordinate [m]": 0.147904120918889,
        "Negative current collector conductivity [S.m-1]": 58295767.088656425,
        "Positive current collector conductivity [S.m-1]": 15324569.039397594,
        "Negative current collector density [kg.m-3]": 4923.471532327367,
        "Positive current collector density [kg.m-3]": 3072.752090412453,
        "Negative current collector specific heat capacity [J.kg-1.K-1]": 349.0324665995017,
        "Positive current collector specific heat capacity [J.kg-1.K-1]": 1122.4305260356068,
        "Negative current collector thermal conductivity [W.m-1.K-1]": 658.481787659527,
        "Positive current collector thermal conductivity [W.m-1.K-1]": 253.85217338931355,
        "Nominal cell capacity [A.h]": 0.4981806774100346,
        "Current function [A]": 1.1239489325064576,
        "Contact resistance [Ohm]": 0,
        "Negative electrode conductivity [S.m-1]": 124.48091551486422,
        "Maximum concentration in negative electrode [mol.m-3]": 34509.38848442601,
        "Negative electrode porosity": 0.4671330947646101,
        "Negative electrode active material volume fraction": 0.31973282205028697,
        "Negative particle radius [m]": 2.1306117579054687e-06,
        "Negative electrode Bruggeman coefficient (electrolyte)": 4.390209459221481,
        "Negative electrode Bruggeman coefficient (electrode)": 4.373458641602921,
        "Negative electrode charge transfer coefficient": 0.6474690714932463,
        "Negative electrode double-layer capacity [F.m-2]": 0.23522361778783513,
        "Negative electrode density [kg.m-3]": 1418.2716471350282,
        "Negative electrode specific heat capacity [J.kg-1.K-1]": 541.8275892041269,
        "Negative electrode thermal conductivity [W.m-1.K-1]": 1.659822534186778,
        "Positive electrode conductivity [S.m-1]": 91.07054157633237,
        "Maximum concentration in positive electrode [mol.m-3]": 51604.4859414011,
        "Positive electrode porosity": 0.3809963587272101,
        "Positive electrode active material volume fraction": 0.5200876163324106,
        "Positive particle radius [m]": 1.5705792111020195e-06,
        "Positive electrode Bruggeman coefficient (electrolyte)": 4.106114834706204,
        "Positive electrode Bruggeman coefficient (electrode)": 4.650965181470114,
        "Positive electrode charge transfer coefficient": 0.5097175466803977,
        "Positive electrode double-layer capacity [F.m-2]": 0.18352345098994366,
        "Positive electrode density [kg.m-3]": 4487.463655479556,
        "Positive electrode specific heat capacity [J.kg-1.K-1]": 560.3217963798766,
        "Positive electrode thermal conductivity [W.m-1.K-1]": 2.376228313806595,
        "Separator porosity": 0.4900987564059872,
        "Separator Bruggeman coefficient (electrolyte)": 1.8770718514730342,
        "Separator density [kg.m-3]": 1005.3390210724633,
        "Separator specific heat capacity [J.kg-1.K-1]": 1758.9729372574643,
        "Separator thermal conductivity [W.m-1.K-1]": 0.3760989909550289,
        "Initial concentration in electrolyte [mol.m-3]": 557.8155236062489,
        "Cation transference number": 0.5035279524597486,
        "Thermodynamic factor": 0.637517029774266,
        "Reference temperature [K]": 308.89614819619163,
        "Ambient temperature [K]": 238.39779731166496,
        "Negative current collector surface heat transfer coefficient [W.m-2.K-1]": 0.0,
        "Positive current collector surface heat transfer coefficient [W.m-2.K-1]": 0.0,
        "Negative tab heat transfer coefficient [W.m-2.K-1]": 12.911690719563037,
        "Positive tab heat transfer coefficient [W.m-2.K-1]": 10.250370163054805,
        "Edge heat transfer coefficient [W.m-2.K-1]": 0.4012926453228639,
        "Number of electrodes connected in parallel to make a cell": 0.9053452055521822,
        "Number of cells connected in series to make a battery": 1.0024385456885494,
        "Lower voltage cut-off [V]": 2.773527312854675,
        "Upper voltage cut-off [V]": 4.851681694658781,
        "Open-circuit voltage at 0% SOC [V]": 2.4982602717979976,
        "Open-circuit voltage at 100% SOC [V]": 3.7661832381564224,
        "Initial concentration in negative electrode [mol.m-3]": 20591.079392121086,
        "Initial concentration in positive electrode [mol.m-3]": 35780.285790971095,
        "Initial temperature [K]": 375.1808994981142
    },
    "V": [
        3.398496237966275,
        3.3489824417262333,
        3.316933338627827,
        3.2833791511776194,
        3.241305166183236,
        3.175625488851845,
        3.050075263787738,
        2.824741766689923,
        2.7735373128546748
    ],
    "time": [
        0.0,
        36.36363636363637,
        72.72727272727273,
        109.0909090909091,
        145.45454545454547,
        181.81818181818184,
        218.1818181818182,
        254.54545454545456,
        259.1738439719309
    ]
}