{
    "config": {
        "Ideal gas constant [J.K-1.mol-1]": 6.909718600105843,
        "Faraday constant [C.mol-1]": 111361.67161227166,
        "Boltzmann constant [J.K-1]": 1.0539250119726036e-23,
        "Electron charge [C]": 1.3585589155346646e-19,
        "Ratio of lithium moles to SEI moles": 1.5750175928110948,
        "Inner SEI reaction proportion": 0.5320973929693875,
        "Inner SEI partial molar volume [m3.mol-1]": 0.0001016296244350362,
        "Outer SEI partial molar volume [m3.mol-1]": 8.596695091649787e-05,
        "SEI reaction exchange current density [A.m-2]": 1.1295948780384381e-07,
        "SEI resistivity [Ohm.m]": 233774.74080584286,
        "Outer SEI solvent diffusivity [m2.s-1]": 3.369921933314504e-22,
        "Bulk solvent concentration [mol.m-3]": 2439.7502412403237,
        "Inner SEI open-circuit potential [V]": 0.07808550386552518,
        "Outer SEI open-circuit potential [V]": 0.8136607509758282,
        "Inner SEI electron conductivity [S.m-1]": 9.829688352361312e-14,
        "Inner SEI lithium interstitial diffusivity [m2.s-1]": 1.1866400996667511e-20,
        "Lithium interstitial reference concentration [mol.m-3]": 24.6406540841135,
        "Initial inner SEI thickness [m]": 2.9069582278596936e-09,
        "Initial outer SEI thickness [m]": 3.4209353690949273e-09,
        "EC initial concentration in electrolyte [mol.m-3]": 2126.408091342135,
        "EC diffusivity [m2.s-1]": 2.5160543132418198e-18,
        "SEI kinetic rate constant [m.s-1]": 8.01441840930465e-13,
        "SEI open-circuit potential [V]": 0.47104710465721833,
        "SEI growth activation energy [J.mol-1]": 0.0,
        "Negative electrode reaction-driven LAM factor [m3.mol-1]": 0.0,
        "Positive electrode reaction-driven LAM factor [m3.mol-1]": 0.0,
        "Negative current collector thickness [m]": 1.4282557872156182e-05,
        "Negative electrode thickness [m]": 8.847775866483573e-05,
        "Separator thickness [m]": 2.2038917202638246e-05,
        "Positive electrode thickness [m]": 5.1494241478444966e-05,
        "Positive current collector thickness [m]": 1.8174792775374762e-05,
        "Electrode height [m]": 0.09100302704300198,
        "Electrode width [m]": 0.061818246473759095,
        "Negative tab width [m]": 0.006925580487224471,
        "Negative tab centre y-coordinate [m]": 0.005445673245754212,
        "Negative tab centre z-coordinate [m]": 0.12278718787358807,
        "Positive tab width [m]": 0.007854476634563873,
        "Positive tab centre y-coordinate [m]": 0.020286399974972683,
        "Positive tab centre z-coordinate [m]": 0.09151243274862803,
        "Cell cooling surface area [m2]": 0.023016906391567536,
        "Cell volume [m3]": 1.628157677407779e-06,
        "Negative current collector conductivity [S.m-1]": 26991075.305252746,
        "Positive current collector conductivity [S.m-1]": 37761622.415092126,
        "Negative current collector density [kg.m-3]": 8302.622277357197,
        "Positive current collector density [kg.m-3]": 2580.5311014603417,
        "Negative current collector specific heat capacity [J.kg-1.K-1]": 379.36996594891957,
        "Positive current collector specific heat capacity [J.kg-1.K-1]": 1277.818976036293,
        "Negative current collector thermal conductivity [W.m-1.K-1]": 447.48208121679477,
        "Positive current collector thermal conductivity [W.m-1.K-1]": 230.4364687645848,
        "Nominal cell capacity [A.h]": 0.15034166370411373,
        "Current function [A]": 0.1374538068839179,
        "Contact resistance [Ohm]": 0,
        "Negative electrode conductivity [S.m-1]": 11.81692591125852,
        "Maximum concentration in negative electrode [mol.m-3]": 31269.491985818968,
        "Negative electrode porosity": 0.3199354426565061,
        "Negative electrode active material volume fraction": 0.16318629487590275,
        "Negative particle radius [m]": 1.91812763176889e-05,
        "Negative electrode Bruggeman coefficient (electrolyte)": 1.5869616137805953,
        "Negative electrode Bruggeman coefficient (electrode)": 0.0,
        "Negative electrode density [kg.m-3]": 1298.0638132274607,
        "Negative electrode specific heat capacity [J.kg-1.K-1]": 1830.291217936632,
        "Negative electrode thermal conductivity [W.m-1.K-1]": 1.22176643429215,
        "Negative electrode OCP entropic change [V.K-1]": 0.0,
        "Positive electrode conductivity [S.m-1]": 74.2003011573274,
        "Maximum concentration in positive electrode [mol.m-3]": 51923.523926975206,
        "Positive electrode porosity": 0.3960824744219552,
        "Positive electrode active material volume fraction": 0.37355369605166083,
        "Positive particle radius [m]": 4.523440567416051e-06,
        "Positive electrode Bruggeman coefficient (electrolyte)": 1.7947518313735609,
        "Positive electrode Bruggeman coefficient (electrode)": 0.0,
        "Positive electrode density [kg.m-3]": 2651.0964946024937,
        "Positive electrode specific heat capacity [J.kg-1.K-1]": 1349.5625150712456,
        "Positive electrode thermal conductivity [W.m-1.K-1]": 1.1833089936964278,
        "Positive electrode OCP entropic change [V.K-1]": 0.0,
        "Separator porosity": 0.5231673394775753,
        "Separator Bruggeman coefficient (electrolyte)": 0.9026944519450859,
        "Separator density [kg.m-3]": 407.5910083028027,
        "Separator specific heat capacity [J.kg-1.K-1]": 1565.3228488168786,
        "Separator thermal conductivity [W.m-1.K-1]": 0.3003688475151695,
        "Initial concentration in electrolyte [mol.m-3]": 1008.2804717208712,
        "Cation transference number": 0.30385385650038793,
        "Thermodynamic factor": 1.1884077407325901,
        "Reference temperature [K]": 251.22147491414415,
        "Negative current collector surface heat transfer coefficient [W.m-2.K-1]": 9.928914010262456,
        "Positive current collector surface heat transfer coefficient [W.m-2.K-1]": 12.180142746876466,
        "Negative tab heat transfer coefficient [W.m-2.K-1]": 11.347840777343015,
        "Positive tab heat transfer coefficient [W.m-2.K-1]": 10.006665775527189,
        "Edge heat transfer coefficient [W.m-2.K-1]": 9.162569604379303,
        "Total heat transfer coefficient [W.m-2.K-1]": 8.913621157055543,
        "Ambient temperature [K]": 416.61120230438,
        "Number of electrodes connected in parallel to make a cell": 1.4427156689786402,
        "Number of cells connected in series to make a battery": 1.1311926566364987,
        "Lower voltage cut-off [V]": 3.0177843256849144,
        "Upper voltage cut-off [V]": 5.160024997634236,
        "Open-circuit voltage at 0% SOC [V]": 3.165251127464761,
        "Open-circuit voltage at 100% SOC [V]": 3.706395456773676,
        "Initial concentration in negative electrode [mol.m-3]": 26436.830147526278,
        "Initial concentration in positive electrode [mol.m-3]": 9516.657415909529,
        "Initial temperature [K]": 476.63280076550046
    },