{
    "config": {
        "Ideal gas constant [J.K-1.mol-1]": 6.508833698753204,
        "Faraday constant [C.mol-1]": 91336.0659429239,
        "Boltzmann constant [J.K-1]": 1.2820719518522327e-23,
        "Electron charge [C]": 8.80585448667075e-20,
        "Ratio of lithium moles to SEI moles": 2.20304479303339,
        "Inner SEI reaction proportion": 0.556598888379158,
        "Inner SEI partial molar volume [m3.mol-1]": 9.43124402573841e-05,
        "Outer SEI partial molar volume [m3.mol-1]": 9.616469048439867e-05,
        "SEI reaction exchange current density [A.m-2]": 1.7502455372727267e-07,
        "SEI resistivity [Ohm.m]": 158442.34887711736,
        "Outer SEI solvent diffusivity [m2.s-1]": 1.8208179436187186e-22,
        "Bulk solvent concentration [mol.m-3]": 3269.295146664771,
        "Inner SEI open-circuit potential [V]": 0.10447069550038778,
        "Outer SEI open-circuit potential [V]": 0.7897229993644952,
        "Inner SEI electron conductivity [S.m-1]": 9.941545621116015e-14,
        "Inner SEI lithium interstitial diffusivity [m2.s-1]": 9.064820193442049e-21,
        "Lithium interstitial reference concentration [mol.m-3]": 16.001943376187594,
        "Initial inner SEI thickness [m]": 2.0707167105542793e-09,
        "Initial outer SEI thickness [m]": 2.6613550067370466e-09,
        "EC initial concentration in electrolyte [mol.m-3]": 6070.934699197551,
        "EC diffusivity [m2.s-1]": 1.9084592352971035e-18,
        "SEI kinetic rate constant [m.s-1]": 8.12726324777019e-13,
        "SEI open-circuit potential [V]": 0.23778005766843685,
        "SEI growth activation energy [J.mol-1]": 0.0,
        "Negative electrode reaction-driven LAM factor [m3.mol-1]": 0.0,
        "Positive electrode reaction-driven LAM factor [m3.mol-1]": 0.0,
        "Negative current collector thickness [m]": 6.613676134321392e-06,
        "Negative electrode thickness [m]": 7.629716151789908e-05,
        "Separator thickness [m]": 1.6658061638245356e-05,
        "Positive electrode thickness [m]": 7.044490051758188e-05,
        "Positive current collector thickness [m]": 1.5346338728971374e-05,
        "Electrode height [m]": 0.08938409541578099,
        "Electrode width [m]": 1.2869931840103024,
        "Cell cooling surface area [m2]": 0.006133363361988932,
        "Cell volume [m3]": 2.5073956051086828e-05,
        "Cell thermal expansion coefficient [m.K-1]": 6.464888833626082e-07,
        "Negative current collector conductivity [S.m-1]": 68208251.8393966,
        "Positive current collector conductivity [S.m-1]": 38857387.464074075,
        "Negative current collector density [kg.m-3]": 6835.394610696838,
        "Positive current collector density [kg.m-3]": 2579.227811180935,
        "Negative current collector specific heat capacity [J.kg-1.K-1]": 445.7753216652858,
        "Positive current collector specific heat capacity [J.kg-1.K-1]": 778.9280231168789,
        "Negative current collector thermal conductivity [W.m-1.K-1]": 200.81420602316499,
        "Positive current collector thermal conductivity [W.m-1.K-1]": 226.28662057820216,
        "Nominal cell capacity [A.h]": 6.013074042228179,
        "Current function [A]": 7.168402078026597,
        "Contact resistance [Ohm]": 0,
        "Negative electrode conductivity [S.m-1]": 274.34576143899983,
        "Maximum concentration in negative electrode [mol.m-3]": 33670.33029792843,
        "Negative particle diffusivity [m2.s-1]": 2.7788875691673972e-14,
        "Negative electrode porosity": 0.20722474103260577,
        "Negative electrode active material volume fraction": 0.947409140056574,
        "Negative particle radius [m]": 4.9905400057139455e-06,
        "Negative electrode Bruggeman coefficient (electrolyte)": 1.1917876475004348,
        "Negative electrode Bruggeman coefficient (electrode)": 0,
        "Negative electrode charge transfer coefficient": 0.5147477664691804,
        "Negative electrode double-layer capacity [F.m-2]": 0.3047553965776212,
        "Negative electrode density [kg.m-3]": 845.2098197946762,
        "Negative electrode specific heat capacity [J.kg-1.K-1]": 675.057544543641,
        "Negative electrode thermal conductivity [W.m-1.K-1]": 1.7382835345880425,
        "Negative electrode OCP entropic change [V.K-1]": 0.0,
        "Positive electrode conductivity [S.m-1]": 0.23846700375519692,
        "Maximum concentration in positive electrode [mol.m-3]": 46844.128472478216,
        "Positive particle diffusivity [m2.s-1]": 3.332780512218362e-15,
        "Positive electrode porosity": 0.2172352833303774,
        "Positive electrode active material volume fraction": 0.9120959572526168,
        "Positive particle radius [m]": 5.405317575333739e-06,
        "Positive electrode Bruggeman coefficient (electrolyte)": 1.2212500788250384,
        "Positive electrode Bruggeman coefficient (electrode)": 0,
        "Positive electrode charge transfer coefficient": 0.4060071761089248,
        "Positive electrode double-layer capacity [F.m-2]": 0.24210548205199262,
        "Positive electrode density [kg.m-3]": 2380.86366036819,
        "Positive electrode specific heat capacity [J.kg-1.K-1]": 915.5844935732498,
        "Positive electrode thermal conductivity [W.m-1.K-1]": 2.3211754969721667,
        "Positive electrode OCP entropic change [V.K-1]": 0.0,
        "Separator porosity": 0.5317694906054712,
        "Separator Bruggeman coefficient (electrolyte)": 1.2284948985075705,
        "Separator density [kg.m-3]": 499.47837245726276,
        "Separator specific heat capacity [J.kg-1.K-1]": 228.46601144661332,
        "Separator thermal conductivity [W.m-1.K-1]": 0.1345647857700279,
        "Initial concentration in electrolyte [mol.m-3]": 1102.403683995007,
        "Cation transference number": 0.28188637465300626,
        "Thermodynamic factor": 1.065522995919007,
        "Reference temperature [K]": 174.3073252731308,
        "Total heat transfer coefficient [W.m-2.K-1]": 12.347232641468974,
        "Ambient temperature [K]": 307.3729139164768,
        "Number of electrodes connected in parallel to make a cell": 1.150284635766639,
        "Number of cells connected in series to make a battery": 0.9332030212462098,
        "Lower voltage cut-off [V]": 3.2804377225239474,
        "Upper voltage cut-off [V]": 6.224729650753767,
        "Open-circuit voltage at 0% SOC [V]": 2.5984147916663107,
        "Open-circuit voltage at 100% SOC [V]": 3.62977653549582,
        "Initial concentration in negative electrode [mol.m-3]": 14726.440977793927,
        "Initial concentration in positive electrode [mol.m-3]": 23712.067432209948,
        "Initial temperature [K]": 521.7853286027927
    },
    "V": [
        3.7534988081374077,
        3.6713757315095688,
        3.632050861286988,
        3.6053120524552718,
        3.584873715957361,
        3.5680572004022926,
        3.5533855046159895,
        3.53996776042465,
        3.5272475146536606,
        3.514864307574048,
        3.502592519452717,
        3.4902715667827398,
        3.477807793085687,
        3.4651490245990173,
        3.452289036478712,
        3.4392696094310313,
        3.4261799722760307,
        3.4131490227453902,
        3.400320866274667,
        3.3878308543826945,
        3.375773667720604,
        3.364181032875498,
        3.3530084004428335,
        3.342131291363308,
        3.3313439574853385,
        3.32038217673489,
        3.3089496270320127,
        3.2967294763580055,
        3.2833499021815973,
        3.280447722523948
    ],