{
    "config": {
        "Ideal gas constant [J.K-1.mol-1]": 7.159040826117014,
        "Faraday constant [C.mol-1]": 140018.5649005327,
        "Boltzmann constant [J.K-1]": 1.415724870655355e-23,
        "Electron charge [C]": 1.7861880548160142e-19,
        "Ratio of lithium moles to SEI moles": 1.9181281884230295,
        "Inner SEI reaction proportion": 0.4903338212406872,
        "Inner SEI partial molar volume [m3.mol-1]": 0.00010330318753719638,
        "Outer SEI partial molar volume [m3.mol-1]": 9.424891734779686e-05,
        "SEI reaction exchange current density [A.m-2]": 1.554888262464649e-07,
        "SEI resistivity [Ohm.m]": 251117.0754310956,
        "Outer SEI solvent diffusivity [m2.s-1]": 2.7404217397984314e-22,
        "Bulk solvent concentration [mol.m-3]": 2554.031862601667,
        "Inner SEI open-circuit potential [V]": 0.09514158820738344,
        "Outer SEI open-circuit potential [V]": 1.0108814315907502,
        "Inner SEI electron conductivity [S.m-1]": 9.162760923456754e-14,
        "Inner SEI lithium interstitial diffusivity [m2.s-1]": 1.0456643852480706e-20,
        "Lithium interstitial reference concentration [mol.m-3]": 17.11549984735411,
        "Initial inner SEI thickness [m]": 2.8591108611364516e-09,
        "Initial outer SEI thickness [m]": 2.313321963817749e-09,
        "EC initial concentration in electrolyte [mol.m-3]": 4948.180395367763,
        "EC diffusivity [m2.s-1]": 2.0911555466069602e-18,
        "SEI kinetic rate constant [m.s-1]": 1.1838761556658322e-12,
        "SEI open-circuit potential [V]": 0.41226223974502346,
        "SEI growth activation energy [J.mol-1]": 0.0,
        "Negative electrode reaction-driven LAM factor [m3.mol-1]": 0.0,
        "Positive electrode reaction-driven LAM factor [m3.mol-1]": 0.0,
        "Negative current collector thickness [m]": 1.9148262497058304e-05,
        "Negative electrode thickness [m]": 7.983827037814743e-05,
        "Separator thickness [m]": 1.8905031049123978e-05,
        "Positive electrode thickness [m]": 6.224700327733878e-05,
        "Positive current collector thickness [m]": 1.5092480885360692e-05,
        "Electrode height [m]": 0.10797769382848364,
        "Electrode width [m]": 0.08696357373531072,
        "Negative tab width [m]": 0.00935394044201715,
        "Negative tab centre y-coordinate [m]": 0.00408407575260842,
        "Negative tab centre z-coordinate [m]": 0.10171645960075833,
        "Positive tab width [m]": 0.008247886166773313,
        "Positive tab centre y-coordinate [m]": 0.02683198241896667,
        "Positive tab centre z-coordinate [m]": 0.09681839993253759,
        "Cell cooling surface area [m2]": 0.020113630287852603,
        "Cell volume [m3]": 1.7396461311573516e-06,
        "Negative current collector conductivity [S.m-1]": 54715991.4784855,
        "Positive current collector conductivity [S.m-1]": 39511728.08325328,
        "Negative current collector density [kg.m-3]": 7206.28484749546,
        "Positive current collector density [kg.m-3]": 1907.72920576889,
        "Negative current collector specific heat capacity [J.kg-1.K-1]": 301.6326011864184,
        "Positive current collector specific heat capacity [J.kg-1.K-1]": 802.9815205953412,
        "Negative current collector thermal conductivity [W.m-1.K-1]": 518.9969282933723,
        "Positive current collector thermal conductivity [W.m-1.K-1]": 272.3053706709678,
        "Nominal cell capacity [A.h]": 0.16495364350073471,
        "Current function [A]": 0.14963547689033482,
        "Contact resistance [Ohm]": 0,
        "Negative electrode conductivity [S.m-1]": 17.970235248196786,
        "Maximum concentration in negative electrode [mol.m-3]": 32730.963100969962,
        "Negative electrode porosity": 0.3414551123126046,
        "Negative electrode active material volume fraction": 0.47428886052741037,
        "Negative particle radius [m]": 1.4400040969941992e-05,
        "Negative electrode Bruggeman coefficient (electrolyte)": 1.5696035792397216,
        "Negative electrode Bruggeman coefficient (electrode)": 0.0,
        "Negative electrode density [kg.m-3]": 1541.2386354520443,
        "Negative electrode specific heat capacity [J.kg-1.K-1]": 1559.2001235236419,
        "Negative electrode thermal conductivity [W.m-1.K-1]": 1.7595452495442994,
        "Negative electrode OCP entropic change [V.K-1]": 0.0,
        "Positive electrode conductivity [S.m-1]": 61.03802547208213,
        "Maximum concentration in positive electrode [mol.m-3]": 47594.80526484399,
        "Positive electrode porosity": 0.2577169181585063,
        "Positive electrode active material volume fraction": 0.353470387232272,
        "Positive particle radius [m]": 7.941790957484422e-06,
        "Positive electrode Bruggeman coefficient (electrolyte)": 1.6722973147652116,
        "Positive electrode Bruggeman coefficient (electrode)": 0.0,
        "Positive electrode density [kg.m-3]": 2933.2494297957433,
        "Positive electrode specific heat capacity [J.kg-1.K-1]": 957.4377827803836,
        "Positive electrode thermal conductivity [W.m-1.K-1]": 1.2253744045968504,
        "Positive electrode OCP entropic change [V.K-1]": 0.0,
        "Separator porosity": 0.406094254319272,
        "Separator Bruggeman coefficient (electrolyte)": 2.3143784307946045,
        "Separator density [kg.m-3]": 1051.4327247472324,
        "Separator specific heat capacity [J.kg-1.K-1]": 1252.467192304276,
        "Separator thermal conductivity [W.m-1.K-1]": 0.36992993045551376,
        "Initial concentration in electrolyte [mol.m-3]": 938.9287686527376,
        "Cation transference number": 0.18552500144804085,
        "Thermodynamic factor": 0.949297626808418,
        "Reference temperature [K]": 268.71255077592764,
        "Negative current collector surface heat transfer coefficient [W.m-2.K-1]": 7.392340202423741,
        "Positive current collector surface heat transfer coefficient [W.m-2.K-1]": 10.829457771247151,
        "Negative tab heat transfer coefficient [W.m-2.K-1]": 10.783891486205187,
        "Positive tab heat transfer coefficient [W.m-2.K-1]": 9.62460572623245,
        "Edge heat transfer coefficient [W.m-2.K-1]": 8.047750559382022,
        "Total heat transfer coefficient [W.m-2.K-1]": 9.445594621951301,
        "Ambient temperature [K]": 263.2036948226352,
        "Number of electrodes connected in parallel to make a cell": 1.0004257439972968,
        "Number of cells connected in series to make a battery": 1.2364548451259918,
        "Lower voltage cut-off [V]": 1.8056026696512852,
        "Upper voltage cut-off [V]": 4.386604939032266,
        "Open-circuit voltage at 0% SOC [V]": 2.739636811712191,
        "Open-circuit voltage at 100% SOC [V]": 5.0273416211201996,
        "Initial concentration in negative electrode [mol.m-3]": 29902.802994441783,
        "Initial concentration in positive electrode [mol.m-3]": 13525.678941340419,
        "Initial temperature [K]": 197.02274355830872
    },