{
    "config": {
        "Ideal gas constant [J.K-1.mol-1]": 7.093026974341769,
        "Faraday constant [C.mol-1]": 87955.38130844227,
        "Boltzmann constant [J.K-1]": 1.2631286793619904e-23,
        "Electron charge [C]": 1.8411369407461695e-19,
        "Ratio of lithium moles to SEI moles": 0.5656762785069183,
        "Inner SEI reaction proportion": 0.5018680140737095,
        "Inner SEI partial molar volume [m3.mol-1]": 6.959093931867435e-05,
        "Outer SEI partial molar volume [m3.mol-1]": 0.00012013619946019484,
        "SEI reaction exchange current density [A.m-2]": 1.0035728338851327e-06,
        "SEI resistivity [Ohm.m]": 163292.91872163358,
        "Outer SEI solvent diffusivity [m2.s-1]": 3.4553162298136916e-22,
        "Bulk solvent concentration [mol.m-3]": 2425.820525336511,
        "Inner SEI open-circuit potential [V]": 0.09473264355668584,
        "Outer SEI open-circuit potential [V]": 0.7521297679828598,
        "Inner SEI electron conductivity [S.m-1]": 9.113163583568766e-14,
        "Inner SEI lithium interstitial diffusivity [m2.s-1]": 9.895691818780626e-21,
        "Lithium interstitial reference concentration [mol.m-3]": 20.657461814836893,
        "Initial inner SEI thickness [m]": 3.1297352817205e-09,
        "Initial outer SEI thickness [m]": 2.373613347845226e-09,
        "EC initial concentration in electrolyte [mol.m-3]": 3246.25148843707,
        "EC diffusivity [m2.s-1]": 3.0387374094989427e-18,
        "SEI kinetic rate constant [m.s-1]": 1.1639240362935761e-12,
        "SEI open-circuit potential [V]": 0.0,
        "SEI growth activation energy [J.mol-1]": 0.0,
        "Negative current collector thickness [m]": 1.9644626015146765e-05,
        "Negative electrode thickness [m]": 0.00010077164242943205,
        "Separator thickness [m]": 2.7968926039778524e-05,
        "Positive electrode thickness [m]": 8.870857114168546e-05,
        "Positive current collector thickness [m]": 1.356374150582434e-05,
        "Electrode height [m]": 0.046735388188699926,
        "Electrode width [m]": 1.1432028756505297,
        "Negative tab width [m]": 0.02935315071802144,
        "Negative tab centre y-coordinate [m]": 0.05151109770841386,
        "Negative tab centre z-coordinate [m]": 0.16240945826239178,
        "Positive tab width [m]": 0.03669139851966106,
        "Positive tab centre y-coordinate [m]": 0.14161836846223774,
        "Positive tab centre z-coordinate [m]": 0.14193631139920557,
        "Negative current collector conductivity [S.m-1]": 53279850.663792565,
        "Positive current collector conductivity [S.m-1]": 49187762.034969375,
        "Negative current collector density [kg.m-3]": 8724.79080822943,
        "Positive current collector density [kg.m-3]": 2257.126213002821,
        "Negative current collector specific heat capacity [J.kg-1.K-1]": 583.7178602533244,
        "Positive current collector specific heat capacity [J.kg-1.K-1]": 693.0986069166289,
        "Negative current collector thermal conductivity [W.m-1.K-1]": 515.9807643391102,
        "Positive current collector thermal conductivity [W.m-1.K-1]": 219.75500591282702,
        "Nominal cell capacity [A.h]": 1.4395285100572375,
        "Current function [A]": 1.2994409866049645,
        "Contact resistance [Ohm]": 0,
        "Negative electrode conductivity [S.m-1]": 107.60312800927464,
        "Maximum concentration in negative electrode [mol.m-3]": 30021.86496413172,
        "Negative electrode porosity": 0.39191388652882586,
        "Negative electrode active material volume fraction": 0.49299970246378044,
        "Negative particle radius [m]": 2.906356234214879e-06,
        "Negative electrode Bruggeman coefficient (electrolyte)": 4.010037455221406,
        "Negative electrode Bruggeman coefficient (electrode)": 4.549831957402662,
        "Negative electrode charge transfer coefficient": 0.4755280625115601,
        "Negative electrode double-layer capacity [F.m-2]": 0.10290281960895142,
        "Negative electrode density [kg.m-3]": 1348.911335025135,
        "Negative electrode specific heat capacity [J.kg-1.K-1]": 605.1694440929872,
        "Negative electrode thermal conductivity [W.m-1.K-1]": 0.9048956135607465,
        "Positive electrode conductivity [S.m-1]": 91.96972330555987,
        "Maximum concentration in positive electrode [mol.m-3]": 63894.53579115818,
        "Positive electrode porosity": 0.36426088412657665,
        "Positive electrode active material volume fraction": 0.9476171392262407,
        "Positive particle radius [m]": 2.090411241797083e-06,
        "Positive electrode Bruggeman coefficient (electrolyte)": 2.785271184536607,
        "Positive electrode Bruggeman coefficient (electrode)": 3.5618092470377984,
        "Positive electrode charge transfer coefficient": 0.3636889908571106,
        "Positive electrode double-layer capacity [F.m-2]": 0.15914327660531824,
        "Positive electrode density [kg.m-3]": 4310.685094921569,
        "Positive electrode specific heat capacity [J.kg-1.K-1]": 677.4660863974922,
        "Positive electrode thermal conductivity [W.m-1.K-1]": 1.352974865184084,
        "Separator porosity": 0.5695511530976706,
        "Separator Bruggeman coefficient (electrolyte)": 1.7808970281765215,
        "Separator density [kg.m-3]": 1254.8155202219327,
        "Separator specific heat capacity [J.kg-1.K-1]": 2127.8927658323814,
        "Separator thermal conductivity [W.m-1.K-1]": 0.3501036632820192,
        "Initial concentration in electrolyte [mol.m-3]": 1021.4926330538246,
        "Cation transference number": 0.2647086437475603,
        "Thermodynamic factor": 1.160446169133597,
        "Reference temperature [K]": 369.48514433020887,
        "Ambient temperature [K]": 428.54386295424246,
        "Negative current collector surface heat transfer coefficient [W.m-2.K-1]": 0.0,
        "Positive current collector surface heat transfer coefficient [W.m-2.K-1]": 0.0,
        "Negative tab heat transfer coefficient [W.m-2.K-1]": 10.713568394505032,
        "Positive tab heat transfer coefficient [W.m-2.K-1]": 13.413127728850103,
        "Edge heat transfer coefficient [W.m-2.K-1]": 0.2752023319327565,
        "Number of electrodes connected in parallel to make a cell": 1.148842548725467,
        "Number of cells connected in series to make a battery": 0.8010180816708515,
        "Lower voltage cut-off [V]": 1.1290736556299843,
        "Upper voltage cut-off [V]": 4.652132910940976,
        "Open-circuit voltage at 0% SOC [V]": 2.2374645635063914,
        "Open-circuit voltage at 100% SOC [V]": 4.3510812077206715,
        "Initial concentration in negative electrode [mol.m-3]": 25975.883715115793,
        "Initial concentration in positive electrode [mol.m-3]": 22269.74901921093,
        "Initial temperature [K]": 357.9245483705866
    },
    "V": [
        3.7917231808084724,
        3.7672846461636014,
        3.7416133796478803,
        3.7119875207868733,
        3.6773803692742613,
        3.636384419293588,
        3.587006047562859,
        3.5263216435385525,
        3.449857393078945,
        3.3504114340634654,
        3.2155882108201603,
        3.022105700891853,
        2.7204578070530445,
        2.183537727801156,
        1.1290836556299877
    ],
    "time": [
        0.0,
        36.36363636363637,
        72.72727272727273,
        109.0909090909091,
        145.45454545454547,
        181.81818181818184,
        218.1818181818182,
        254.54545454545456,
        290.90909090909093,
        327.2727272727273,
        363.6363636363637,
        400.00000000000006,
        436.3636363636364,
        472.72727272727275,
        505.8010887948031
    ]
}