{
    "config": {
        "Ideal gas constant [J.K-1.mol-1]": 6.9931387893762595,
        "Faraday constant [C.mol-1]": 80102.84655084099,
        "Boltzmann constant [J.K-1]": 1.1469178550005381e-23,
        "Electron charge [C]": 1.3001283824050376e-19,
        "Negative current collector thickness [m]": 1.105048518401732e-05,
        "Negative electrode thickness [m]": 8.525120132644412e-05,
        "Separator thickness [m]": 8.972183733854636e-06,
        "Positive electrode thickness [m]": 6.430474338194816e-05,
        "Positive current collector thickness [m]": 1.8550539753300323e-05,
        "Electrode height [m]": 0.0679637186014992,
        "Electrode width [m]": 1.8040981566396603,
        "Cell cooling surface area [m2]": 0.003900702112654043,
        "Cell volume [m3]": 2.107221349697113e-05,
        "Negative current collector conductivity [S.m-1]": 67357415.92464314,
        "Positive current collector conductivity [S.m-1]": 32548103.06806058,
        "Negative current collector density [kg.m-3]": 8715.809563685825,
        "Positive current collector density [kg.m-3]": 3036.705826541632,
        "Positive current collector thermal conductivity [W.m-1.K-1]": 225.61034685098608,
        "Nominal cell capacity [A.h]": 4.56427631557306,
        "Current function [A]": 4.345453436047327,
        "Contact resistance [Ohm]": 0,
        "Negative electrode conductivity [S.m-1]": 234.47769262399896,
        "Maximum concentration in negative electrode [mol.m-3]": 34457.44489721622,
        "Negative electrode porosity": 0.2620216339054654,
        "Negative electrode active material volume fraction": 0.8340503390815373,
        "Negative particle radius [m]": 6.253064446474316e-06,
        "Negative electrode Bruggeman coefficient (electrolyte)": 1.2390488068056813,
        "Negative electrode Bruggeman coefficient (electrode)": 0.0,
        "Negative electrode charge transfer coefficient": 0.49901417758546474,
        "Negative electrode double-layer capacity [F.m-2]": 0.16069957990592218,
        "Negative electrode density [kg.m-3]": 2327.2455144996343,
        "Maximum concentration in positive electrode [mol.m-3]": 49898.58141438676,
        "Positive electrode porosity": 0.4273435672487767,
        "Positive electrode active material volume fraction": 0.7439859890002571,
        "Positive particle radius [m]": 4.859496885701227e-06,
        "Positive electrode Bruggeman coefficient (electrolyte)": 1.28609846118361,
        "Positive electrode Bruggeman coefficient (electrode)": 0.0,
        "Positive electrode charge transfer coefficient": 0.4453568897234311,
        "Positive electrode double-layer capacity [F.m-2]": 0.20384729536142873,
        "Positive electrode density [kg.m-3]": 4919.466213112846,
        "Separator porosity": 0.5047312171760927,
        "Separator Bruggeman coefficient (electrolyte)": 1.4675358468093678,
        "Separator Bruggeman coefficient (electrode)": 1.2312963994176467,
        "Separator density [kg.m-3]": 979.5813483756647,
        "Separator thermal conductivity [W.m-1.K-1]": 0.4191082513566123,
        "Initial concentration in electrolyte [mol.m-3]": 960.5120652870021,
        "Reference temperature [K]": 263.509037660787,
        "Total heat transfer coefficient [W.m-2.K-1]": 11.124119413841001,
        "Ambient temperature [K]": 297.0487696766784,
        "Number of electrodes connected in parallel to make a cell": 1.0442314086301163,
        "Number of cells connected in series to make a battery": 1.0022050721956823,
        "Lower voltage cut-off [V]": 1.8866950896356092,
        "Upper voltage cut-off [V]": 5.491091753012253,
        "Open-circuit voltage at 0% SOC [V]": 2.6192034238526465,
        "Open-circuit voltage at 100% SOC [V]": 5.193308538131454,
        "Initial concentration in negative electrode [mol.m-3]": 23525.63892628505,
        "Initial concentration in positive electrode [mol.m-3]": 15111.323222560328,
        "Initial temperature [K]": 294.34979689419464
    },
    "V": [
        4.072740438425614,
        4.0171830689077215,
        3.983773915739965,
        3.9697082027641777,
        3.963923778392811,
        3.9534086224910223,
        3.9425677931541196,
        3.931883799053345,
        3.9214148995123175,
        3.9109704235393066,
        3.9005352792638446,
        3.889537802050258,
        3.877573635557302,
        3.8650439368271963,
        3.852037908754921,
        3.8386956855548817,
        3.8249718806490813,
        3.810881521813678,
        3.7962813962729243,
        3.780237030554201,
        3.7612957501856226,
        3.7417556021235794,
        3.726916210401029,
        3.723004083429509,
        3.726580227969806,
        3.7249642897949706,
        3.7198921715188886,
        3.7140495524329857,
        3.708430203253659,
        3.70129236272347,
        3.6919499031678904,
        3.68124460180994,
        3.670215572504431,
        3.6594262771745907,
        3.6485587799149934,
        3.637480665995534,
        3.626345002018054,
        3.615261964076839,
        3.6042334140437844,
        3.593342760952448,
        3.5827681480598916,
        3.572800053488082,
        3.5632108199529196,
        3.553569995441789,
        3.5439814332001887,
        3.534764617098387,
        3.525885027591853,
        3.5170601359121485,
        3.5080968271820785,
        3.4991628527268333,
        3.4903294791798283,
        3.481569647547598,
        3.4727373147064613,
        3.463741660149034,
        3.454687258184864,
        3.445671554458745,
        3.4365054182966097,
        3.4269120129107113,
        3.416838745482341,
        3.4065321253489786,
        3.396037731111306,
        3.3853859419993415,
        3.3747543233102757,
        3.3640850865448373,
        3.3526890874677937,
        3.339966723486904,
        3.325437635766978,
        3.307216777092822,
        3.289256241351401,
        3.2788986344164117,
        3.263020498932719,
        3.2423728062453305,
        3.2312779751733776,
        3.2270963625785916,
        3.2242160661794803,
        3.2202809217534853,
        3.2108159839250274,
        3.197276832321971,
        3.186686332283365,
        3.1701648552499453,
        3.156443416993735,
        3.1374441506760684,
        3.119873919273008,
        3.098101493985301,
        3.076505730026444,
        3.0525489295407544,
        3.027318278918048,
        3.001103521267762,
        2.9731879834775468,
        2.943117812530666,
        2.909497226162009,
        2.8697636171924104,
        2.819600801154771,
        2.7516929601573907,
        2.6533907877906806,
        2.5017894885497163,
        2.2521637610032204,
        1.8867050896356057
    ],