{
    "config": {
        "Ideal gas constant [J.K-1.mol-1]": 9.671447012460247,
        "Faraday constant [C.mol-1]": 70592.26840642345,
        "Boltzmann constant [J.K-1]": 1.0158218970027605e-23,
        "Electron charge [C]": 2.097081844203756e-19,
        "Ratio of lithium moles to SEI moles": 2.212603303714907,
        "Inner SEI reaction proportion": 0.6233115036377466,
        "Inner SEI partial molar volume [m3.mol-1]": 0.00012743321450068288,
        "Outer SEI partial molar volume [m3.mol-1]": 6.832637860397414e-05,
        "SEI growth transfer coefficient": 0.6821886486729656,
        "SEI reaction exchange current density [A.m-2]": 2.049303514089026e-07,
        "SEI resistivity [Ohm.m]": 251545.96286310628,
        "Outer SEI solvent diffusivity [m2.s-1]": 2.8637538886318378e-22,
        "Bulk solvent concentration [mol.m-3]": 2106.2066459760817,
        "Inner SEI open-circuit potential [V]": 0.06932003118107244,
        "Outer SEI open-circuit potential [V]": 0.8987015773837399,
        "Inner SEI electron conductivity [S.m-1]": 1.0096189660860409e-13,
        "Inner SEI lithium interstitial diffusivity [m2.s-1]": 1.295180642362184e-20,
        "Lithium interstitial reference concentration [mol.m-3]": 18.543981105600146,
        "Initial inner SEI thickness [m]": 2.315580651716169e-09,
        "Initial outer SEI thickness [m]": 2.946175558979013e-09,
        "EC initial concentration in electrolyte [mol.m-3]": 2740.882096277128,
        "EC diffusivity [m2.s-1]": 2.6663965095367457e-18,
        "SEI kinetic rate constant [m.s-1]": 1.1084499239932468e-12,
        "SEI open-circuit potential [V]": 0.4506817285674793,
        "SEI growth activation energy [J.mol-1]": 0.0,
        "Negative electrode reaction-driven LAM factor [m3.mol-1]": 0.0,
        "Positive electrode reaction-driven LAM factor [m3.mol-1]": 0.0,
        "Negative current collector thickness [m]": 2.1946499759595567e-05,
        "Negative electrode thickness [m]": 8.378157541635964e-05,
        "Separator thickness [m]": 3.76597041103037e-05,
        "Positive electrode thickness [m]": 0.00011797059513969262,
        "Positive current collector thickness [m]": 3.1395797761618816e-05,
        "Electrode height [m]": 0.15261130369258397,
        "Electrode width [m]": 0.2777218894284114,
        "Negative tab width [m]": 0.027709581919699557,
        "Negative tab centre y-coordinate [m]": 0.05992193878077549,
        "Negative tab centre z-coordinate [m]": 0.0955566847685071,
        "Positive tab width [m]": 0.02813300754025521,
        "Positive tab centre y-coordinate [m]": 0.21054931557763426,
        "Positive tab centre z-coordinate [m]": 0.13406514250691143,
        "Cell cooling surface area [m2]": 0.062313693349352973,
        "Cell volume [m3]": 9.426195837047053e-06,
        "Negative current collector conductivity [S.m-1]": 38774204.452152714,
        "Positive current collector conductivity [S.m-1]": 36922848.00842871,
        "Negative current collector density [kg.m-3]": 10722.440133777844,
        "Positive current collector density [kg.m-3]": 3568.3501107591755,
        "Negative current collector specific heat capacity [J.kg-1.K-1]": 167.81934022331032,
        "Positive current collector specific heat capacity [J.kg-1.K-1]": 703.3759873944846,
        "Negative current collector thermal conductivity [W.m-1.K-1]": 432.8013338460274,
        "Positive current collector thermal conductivity [W.m-1.K-1]": 224.49306991648365,
        "Nominal cell capacity [A.h]": 0.6358743259177533,
        "Current function [A]": 0.8269735154509825,
        "Contact resistance [Ohm]": 0,
        "Negative electrode conductivity [S.m-1]": 134.49750981210985,
        "Maximum concentration in negative electrode [mol.m-3]": 17953.384326727417,
        "Negative electrode porosity": 0.15929531686205856,
        "Negative electrode active material volume fraction": 0.7738019624224993,
        "Negative particle radius [m]": 1.2741804346811245e-05,
        "Negative electrode Bruggeman coefficient (electrolyte)": 1.8054981881958674,
        "Negative electrode Bruggeman coefficient (electrode)": 1.8032142091386143,
        "Negative electrode charge transfer coefficient": 0.3001636444721968,
        "Negative electrode double-layer capacity [F.m-2]": 0.17463736577316877,
        "Negative electrode density [kg.m-3]": 1435.7616191951977,
        "Negative electrode specific heat capacity [J.kg-1.K-1]": 900.2814552825037,
        "Negative electrode thermal conductivity [W.m-1.K-1]": 1.8735504108362515,
        "Positive electrode conductivity [S.m-1]": 7.136545272920911,
        "Maximum concentration in positive electrode [mol.m-3]": 53153.54890045173,
        "Positive electrode porosity": 0.4336782146530226,
        "Positive electrode active material volume fraction": 0.42121291704270836,
        "Positive particle radius [m]": 1.1356181471730488e-05,
        "Positive electrode Bruggeman coefficient (electrolyte)": 1.3027275397603022,
        "Positive electrode Bruggeman coefficient (electrode)": 0.8254085560886774,
        "Positive electrode charge transfer coefficient": 0.5848663404804593,
        "Positive electrode double-layer capacity [F.m-2]": 0.28192551157490786,
        "Positive electrode density [kg.m-3]": 3119.4610590108596,
        "Positive electrode specific heat capacity [J.kg-1.K-1]": 718.0171864563945,
        "Positive electrode thermal conductivity [W.m-1.K-1]": 2.0944775191611056,
        "Separator porosity": 0.9110159919758724,
        "Separator Bruggeman coefficient (electrolyte)": 1.9378482055024138,
        "Separator density [kg.m-3]": 301.5265557169063,
        "Separator specific heat capacity [J.kg-1.K-1]": 614.2024713739074,
        "Separator thermal conductivity [W.m-1.K-1]": 0.1222445214845034,
        "Initial concentration in electrolyte [mol.m-3]": 956.5496689491498,
        "Cation transference number": 0.4423996757536317,
        "Thermodynamic factor": 0.6708319334179464,
        "Reference temperature [K]": 374.1218953152139,
        "Ambient temperature [K]": 291.21529332114227,
        "Negative current collector surface heat transfer coefficient [W.m-2.K-1]": 0.0,
        "Positive current collector surface heat transfer coefficient [W.m-2.K-1]": 0.0,
        "Negative tab heat transfer coefficient [W.m-2.K-1]": 6.780864740726597,
        "Positive tab heat transfer coefficient [W.m-2.K-1]": 4.61315348506662,
        "Edge heat transfer coefficient [W.m-2.K-1]": 0.2903064787433779,
        "Total heat transfer coefficient [W.m-2.K-1]": 10.964874340927338,
        "Number of electrodes connected in parallel to make a cell": 1.1978784742680957,
        "Number of cells connected in series to make a battery": 1.0673085731122813,
        "Lower voltage cut-off [V]": 3.5478137858638767,
        "Upper voltage cut-off [V]": 3.7659671897882383,
        "Open-circuit voltage at 0% SOC [V]": 3.9260246656449906,
        "Open-circuit voltage at 100% SOC [V]": 2.410853188001144,
        "Initial concentration in negative electrode [mol.m-3]": 13751.600294507603,
        "Initial concentration in positive electrode [mol.m-3]": 32223.37868008844,
        "Initial temperature [K]": 285.1633959105708
    },