{
    "config": {
        "Ideal gas constant [J.K-1.mol-1]": 3.9046454993728776,
        "Faraday constant [C.mol-1]": 106440.9328795469,
        "Boltzmann constant [J.K-1]": 1.4911074103037832e-23,
        "Electron charge [C]": 2.2946259400908806e-19,
        "Ratio of lithium moles to SEI moles": 2.7923155991448625,
        "Inner SEI reaction proportion": 0.6406225473197608,
        "Inner SEI partial molar volume [m3.mol-1]": 5.3959927057396943e-05,
        "Outer SEI partial molar volume [m3.mol-1]": 0.0001169376875305835,
        "SEI growth transfer coefficient": 0.7074755775281734,
        "SEI reaction exchange current density [A.m-2]": 1.148208226339188e-07,
        "SEI resistivity [Ohm.m]": 149264.0582964801,
        "Outer SEI solvent diffusivity [m2.s-1]": 2.4820903032107303e-22,
        "Bulk solvent concentration [mol.m-3]": 3572.622874879355,
        "Inner SEI open-circuit potential [V]": 0.052361692954767114,
        "Outer SEI open-circuit potential [V]": 0.6072962078405332,
        "Inner SEI electron conductivity [S.m-1]": 8.113528467217994e-14,
        "Inner SEI lithium interstitial diffusivity [m2.s-1]": 1.429280648831659e-20,
        "Lithium interstitial reference concentration [mol.m-3]": 16.85724024016143,
        "Initial inner SEI thickness [m]": 3.056897517415242e-09,
        "Initial outer SEI thickness [m]": 1.037600781790591e-09,
        "EC initial concentration in electrolyte [mol.m-3]": 4608.747837654105,
        "EC diffusivity [m2.s-1]": 2.3383095077815012e-18,
        "SEI kinetic rate constant [m.s-1]": 8.692196995748436e-13,
        "SEI open-circuit potential [V]": 0.413712929926861,
        "SEI growth activation energy [J.mol-1]": 0.0,
        "Negative electrode reaction-driven LAM factor [m3.mol-1]": 0.0,
        "Positive electrode reaction-driven LAM factor [m3.mol-1]": 0.0,
        "Negative current collector thickness [m]": 3.862532827852637e-05,
        "Negative electrode thickness [m]": 0.00013554878802115607,
        "Separator thickness [m]": 1.619706422023418e-05,
        "Positive electrode thickness [m]": 0.0001225094279274155,
        "Positive current collector thickness [m]": 2.5618982073415138e-05,
        "Electrode height [m]": 0.13403590185174583,
        "Electrode width [m]": 0.17405387608454534,
        "Negative tab width [m]": 0.05905721490659161,
        "Negative tab centre y-coordinate [m]": 0.08072620589299884,
        "Negative tab centre z-coordinate [m]": 0.1327579591685803,
        "Positive tab width [m]": 0.030173074728520252,
        "Positive tab centre y-coordinate [m]": 0.10361766446282644,
        "Positive tab centre z-coordinate [m]": 0.13484999475579204,
        "Cell cooling surface area [m2]": 0.06304372185686793,
        "Cell volume [m3]": 5.805729090097576e-06,
        "Negative current collector conductivity [S.m-1]": 60997760.48088312,
        "Positive current collector conductivity [S.m-1]": 29244335.452068597,
        "Negative current collector density [kg.m-3]": 10450.417667571333,
        "Positive current collector density [kg.m-3]": 3006.864345952025,
        "Negative current collector specific heat capacity [J.kg-1.K-1]": 340.47654431693906,
        "Positive current collector specific heat capacity [J.kg-1.K-1]": 976.3987115054707,
        "Negative current collector thermal conductivity [W.m-1.K-1]": 323.758404934649,
        "Positive current collector thermal conductivity [W.m-1.K-1]": 243.6366965881926,
        "Nominal cell capacity [A.h]": 0.9539052716853937,
        "Current function [A]": 0.6595185078259287,
        "Contact resistance [Ohm]": 0,
        "Negative electrode conductivity [S.m-1]": 151.30890714716713,
        "Maximum concentration in negative electrode [mol.m-3]": 44663.9808111436,
        "Negative electrode porosity": 0.4269399575674623,
        "Negative electrode active material volume fraction": 0.6039555482457561,
        "Negative particle radius [m]": 1.045488335122363e-05,
        "Negative electrode Bruggeman coefficient (electrolyte)": 1.2162766811647874,
        "Negative electrode Bruggeman coefficient (electrode)": 1.7016961388972722,
        "Negative electrode charge transfer coefficient": 0.3474024558577922,
        "Negative electrode double-layer capacity [F.m-2]": 0.17277925655949078,
        "Negative electrode density [kg.m-3]": 1057.3793020379921,
        "Negative electrode specific heat capacity [J.kg-1.K-1]": 525.6114688940182,
        "Negative electrode thermal conductivity [W.m-1.K-1]": 1.7267818403656519,
        "Positive electrode conductivity [S.m-1]": 12.991319423393094,
        "Maximum concentration in positive electrode [mol.m-3]": 41568.537139837026,
        "Positive electrode porosity": 0.22265398694115554,
        "Positive electrode active material volume fraction": 0.5034707650224888,
        "Positive particle radius [m]": 9.999463646646363e-06,
        "Positive electrode Bruggeman coefficient (electrolyte)": 1.2349124913301202,
        "Positive electrode Bruggeman coefficient (electrode)": 1.0923279387772569,
        "Positive electrode charge transfer coefficient": 0.5430196400273445,
        "Positive electrode double-layer capacity [F.m-2]": 0.1422794655888941,
        "Positive electrode density [kg.m-3]": 3666.1506947656667,
        "Positive electrode specific heat capacity [J.kg-1.K-1]": 763.8957446199547,
        "Positive electrode thermal conductivity [W.m-1.K-1]": 1.2472980276143186,
        "Separator porosity": 0.8949434684722815,
        "Separator Bruggeman coefficient (electrolyte)": 1.2631905548652256,
        "Separator density [kg.m-3]": 340.46650247978977,
        "Separator specific heat capacity [J.kg-1.K-1]": 949.1615984858461,
        "Separator thermal conductivity [W.m-1.K-1]": 0.1840977287557835,
        "Initial concentration in electrolyte [mol.m-3]": 916.4545572266006,
        "Cation transference number": 0.49360161806930214,
        "Thermodynamic factor": 0.8252730379255766,
        "Reference temperature [K]": 417.8768913157544,
        "Ambient temperature [K]": 300.4011518911376,
        "Negative current collector surface heat transfer coefficient [W.m-2.K-1]": 0.0,
        "Positive current collector surface heat transfer coefficient [W.m-2.K-1]": 0.0,
        "Negative tab heat transfer coefficient [W.m-2.K-1]": 9.135522134640812,
        "Positive tab heat transfer coefficient [W.m-2.K-1]": 6.818251265019967,
        "Edge heat transfer coefficient [W.m-2.K-1]": 0.3715896006978221,
        "Total heat transfer coefficient [W.m-2.K-1]": 13.096882798230729,
        "Number of electrodes connected in parallel to make a cell": 0.9284955395939185,
        "Number of cells connected in series to make a battery": 1.0716567594882034,
        "Lower voltage cut-off [V]": 3.5684104440354836,
        "Upper voltage cut-off [V]": 4.795934924757474,
        "Open-circuit voltage at 0% SOC [V]": 3.1744643555785554,
        "Open-circuit voltage at 100% SOC [V]": 3.1275034513368127,
        "Initial concentration in negative electrode [mol.m-3]": 21461.048488606204,
        "Initial concentration in positive electrode [mol.m-3]": 25221.36406128956,
        "Initial temperature [K]": 343.85822540807294
    },