{
    "config": {
        "Ideal gas constant [J.K-1.mol-1]": 10.460481001049304,
        "Faraday constant [C.mol-1]": 80505.96742163395,
        "Boltzmann constant [J.K-1]": 4.140365512668105e-24,
        "Electron charge [C]": 1.2670139487754874e-19,
        "Ratio of lithium moles to SEI moles": 2.0123941194836257,
        "Inner SEI reaction proportion": 0.35938531713034716,
        "Inner SEI partial molar volume [m3.mol-1]": 0.0001310646055242042,
        "Outer SEI partial molar volume [m3.mol-1]": 8.08656522740544e-05,
        "SEI reaction exchange current density [A.m-2]": 1.3513620326975134e-06,
        "SEI resistivity [Ohm.m]": 215058.50299386022,
        "Outer SEI solvent diffusivity [m2.s-1]": 1.7841602204622743e-22,
        "Bulk solvent concentration [mol.m-3]": 4088.8949115514533,
        "Inner SEI open-circuit potential [V]": 0.09151843917685136,
        "Outer SEI open-circuit potential [V]": 1.0527592904662555,
        "Inner SEI electron conductivity [S.m-1]": 8.092227809531206e-14,
        "Inner SEI lithium interstitial diffusivity [m2.s-1]": 1.0855005389517615e-20,
        "Lithium interstitial reference concentration [mol.m-3]": 16.445996351057342,
        "Initial inner SEI thickness [m]": 2.203586933354887e-09,
        "Initial outer SEI thickness [m]": 3.915672030434822e-09,
        "EC initial concentration in electrolyte [mol.m-3]": 5140.34688059905,
        "EC diffusivity [m2.s-1]": 2.5876872422067077e-18,
        "SEI kinetic rate constant [m.s-1]": 1.1241467640875615e-12,
        "SEI open-circuit potential [V]": 0.0,
        "SEI growth activation energy [J.mol-1]": 0.0,
        "Negative current collector thickness [m]": 2.1847552008818656e-05,
        "Negative electrode thickness [m]": 8.860176477793042e-05,
        "Separator thickness [m]": 1.940483168026571e-05,
        "Positive electrode thickness [m]": 9.683872509263534e-05,
        "Positive current collector thickness [m]": 3.101021909923985e-05,
        "Electrode height [m]": 0.040654696888329206,
        "Electrode width [m]": 1.3337768980311728,
        "Negative tab width [m]": 0.061629789151635146,
        "Negative tab centre y-coordinate [m]": 0.05681365918856525,
        "Negative tab centre z-coordinate [m]": 0.10387399847132861,
        "Positive tab width [m]": 0.03537150728849234,
        "Positive tab centre y-coordinate [m]": 0.14307158478412757,
        "Positive tab centre z-coordinate [m]": 0.12812518175392976,
        "Negative current collector conductivity [S.m-1]": 71981513.76356135,
        "Positive current collector conductivity [S.m-1]": 38926312.8031372,
        "Negative current collector density [kg.m-3]": 9130.548615333582,
        "Positive current collector density [kg.m-3]": 3020.2710056242777,
        "Negative current collector specific heat capacity [J.kg-1.K-1]": 497.5084438367334,
        "Positive current collector specific heat capacity [J.kg-1.K-1]": 793.4770087986471,
        "Negative current collector thermal conductivity [W.m-1.K-1]": 409.1973947768962,
        "Positive current collector thermal conductivity [W.m-1.K-1]": 233.9177246031945,
        "Nominal cell capacity [A.h]": 1.0761597608121891,
        "Current function [A]": 0.8150339040383521,
        "Contact resistance [Ohm]": 0,
        "Negative electrode conductivity [S.m-1]": 130.80856289769946,
        "Maximum concentration in negative electrode [mol.m-3]": 46745.83619804746,
        "Negative electrode porosity": 0.47115893165423434,
        "Negative electrode active material volume fraction": 0.29498679021221513,
        "Negative particle radius [m]": 1.8667248098251678e-06,
        "Negative electrode Bruggeman coefficient (electrolyte)": 4.708573640912581,
        "Negative electrode Bruggeman coefficient (electrode)": 4.553345444081233,
        "Negative electrode charge transfer coefficient": 0.7058822151574373,
        "Negative electrode double-layer capacity [F.m-2]": 0.1261767506311463,
        "Negative electrode density [kg.m-3]": 1081.4952612705492,
        "Negative electrode specific heat capacity [J.kg-1.K-1]": 901.099156133839,
        "Negative electrode thermal conductivity [W.m-1.K-1]": 1.3133472651313136,
        "Positive electrode conductivity [S.m-1]": 98.27920106620151,
        "Maximum concentration in positive electrode [mol.m-3]": 45753.68401713099,
        "Positive electrode porosity": 0.31371954691310194,
        "Positive electrode active material volume fraction": 0.4037870494320417,
        "Positive particle radius [m]": 1.8099415239379448e-06,
        "Positive electrode Bruggeman coefficient (electrolyte)": 1.8934178276859903,
        "Positive electrode Bruggeman coefficient (electrode)": 3.4256965324485082,
        "Positive electrode charge transfer coefficient": 0.7796421259635881,
        "Positive electrode double-layer capacity [F.m-2]": 0.31489040546532826,
        "Positive electrode density [kg.m-3]": 2985.1119944735506,
        "Positive electrode specific heat capacity [J.kg-1.K-1]": 893.5570194112863,
        "Positive electrode thermal conductivity [W.m-1.K-1]": 2.2374524125840605,
        "Separator porosity": 0.4768955061749637,
        "Separator Bruggeman coefficient (electrolyte)": 2.2586363511460053,
        "Separator density [kg.m-3]": 1123.5968586382794,
        "Separator specific heat capacity [J.kg-1.K-1]": 1855.2740405298662,
        "Separator thermal conductivity [W.m-1.K-1]": 0.40745654410619814,
        "Initial concentration in electrolyte [mol.m-3]": 865.3861510779118,
        "Cation transference number": 0.22719547149407793,
        "Thermodynamic factor": 0.5874521812460416,
        "Reference temperature [K]": 246.3779788429379,
        "Ambient temperature [K]": 324.80892493556263,
        "Negative current collector surface heat transfer coefficient [W.m-2.K-1]": 0.0,
        "Positive current collector surface heat transfer coefficient [W.m-2.K-1]": 0.0,
        "Negative tab heat transfer coefficient [W.m-2.K-1]": 13.492511978629938,
        "Positive tab heat transfer coefficient [W.m-2.K-1]": 7.566998233634565,
        "Edge heat transfer coefficient [W.m-2.K-1]": 0.18641810961672048,
        "Number of electrodes connected in parallel to make a cell": 0.9852003312779286,
        "Number of cells connected in series to make a battery": 0.7139470352989034,
        "Lower voltage cut-off [V]": 2.379756910819685,
        "Upper voltage cut-off [V]": 4.571905666892963,
        "Open-circuit voltage at 0% SOC [V]": 3.4181625592305713,
        "Open-circuit voltage at 100% SOC [V]": 5.952384948226169,
        "Initial concentration in negative electrode [mol.m-3]": 28057.10220245503,
        "Initial concentration in positive electrode [mol.m-3]": 30801.572124393064,
        "Initial temperature [K]": 249.76043501981508
    },