{
    "config": {
        "Ideal gas constant [J.K-1.mol-1]": 7.426968012090173,
        "Faraday constant [C.mol-1]": 87297.6870382912,
        "Boltzmann constant [J.K-1]": 1.4072605390829052e-23,
        "Electron charge [C]": 1.9379424239937055e-19,
        "Ratio of lithium moles to SEI moles": 1.9818581036603116,
        "Inner SEI reaction proportion": 0.7080129518139974,
        "Inner SEI partial molar volume [m3.mol-1]": 7.428852558850869e-05,
        "Outer SEI partial molar volume [m3.mol-1]": 4.7693575874528536e-05,
        "SEI reaction exchange current density [A.m-2]": 1.3382501995707677e-06,
        "SEI resistivity [Ohm.m]": 333521.4498994885,
        "Outer SEI solvent diffusivity [m2.s-1]": 1.9848436603969093e-22,
        "Bulk solvent concentration [mol.m-3]": 2607.5993625998467,
        "Inner SEI open-circuit potential [V]": 0.11066232481463797,
        "Outer SEI open-circuit potential [V]": 1.0537713548970558,
        "Inner SEI electron conductivity [S.m-1]": 1.2853018221478447e-13,
        "Inner SEI lithium interstitial diffusivity [m2.s-1]": 1.54017570828528e-20,
        "Lithium interstitial reference concentration [mol.m-3]": 19.7400303436648,
        "Initial inner SEI thickness [m]": 1.6571065643014104e-09,
        "Initial outer SEI thickness [m]": 2.899968917834101e-09,
        "EC initial concentration in electrolyte [mol.m-3]": 5786.751694685169,
        "EC diffusivity [m2.s-1]": 2.4172735862927226e-18,
        "SEI kinetic rate constant [m.s-1]": 1.0386381801336704e-12,
        "SEI open-circuit potential [V]": 0.0,
        "SEI growth activation energy [J.mol-1]": 0.0,
        "Negative current collector thickness [m]": 1.5767102284966467e-05,
        "Negative electrode thickness [m]": 6.0649902723540066e-05,
        "Separator thickness [m]": 2.090952447852954e-05,
        "Positive electrode thickness [m]": 6.030239323259039e-05,
        "Positive current collector thickness [m]": 2.5172171642446393e-05,
        "Electrode height [m]": 0.039514360999098594,
        "Electrode width [m]": 1.1301005957168222,
        "Negative tab width [m]": 0.043336970839100396,
        "Negative tab centre y-coordinate [m]": 0.07278054892092686,
        "Negative tab centre z-coordinate [m]": 0.09154700008929961,
        "Positive tab width [m]": 0.04199833343891163,
        "Positive tab centre y-coordinate [m]": 0.12042744656595473,
        "Positive tab centre z-coordinate [m]": 0.16481835112730195,
        "Negative current collector conductivity [S.m-1]": 51098045.571710296,
        "Positive current collector conductivity [S.m-1]": 35435172.038251944,
        "Negative current collector density [kg.m-3]": 10721.972602384543,
        "Positive current collector density [kg.m-3]": 2245.678108863167,
        "Negative current collector specific heat capacity [J.kg-1.K-1]": 546.4413580144217,
        "Positive current collector specific heat capacity [J.kg-1.K-1]": 742.2439000522443,
        "Negative current collector thermal conductivity [W.m-1.K-1]": 576.9201022355492,
        "Positive current collector thermal conductivity [W.m-1.K-1]": 226.60381190276271,
        "Nominal cell capacity [A.h]": 0.9965401308538938,
        "Current function [A]": 0.7679228048002805,
        "Contact resistance [Ohm]": 0,
        "Negative electrode conductivity [S.m-1]": 130.94481045588137,
        "Maximum concentration in negative electrode [mol.m-3]": 41382.88905102438,
        "Negative electrode porosity": 0.49188915089326146,
        "Negative electrode active material volume fraction": 0.6509761059448533,
        "Negative particle radius [m]": 1.919487442870667e-06,
        "Negative electrode Bruggeman coefficient (electrolyte)": 5.109170105233193,
        "Negative electrode Bruggeman coefficient (electrode)": 3.409685485648507,
        "Negative electrode charge transfer coefficient": 0.3306539686984997,
        "Negative electrode double-layer capacity [F.m-2]": 0.1741342931659138,
        "Negative electrode density [kg.m-3]": 1640.0898590918891,
        "Negative electrode specific heat capacity [J.kg-1.K-1]": 952.9211138552138,
        "Negative electrode thermal conductivity [W.m-1.K-1]": 1.8609585017583574,
        "Positive electrode conductivity [S.m-1]": 119.21219041347412,
        "Maximum concentration in positive electrode [mol.m-3]": 33903.15724624558,
        "Positive electrode porosity": 0.4094431125331188,
        "Positive electrode active material volume fraction": 0.5627665355975413,
        "Positive particle radius [m]": 2.049397341024292e-06,
        "Positive electrode Bruggeman coefficient (electrolyte)": 5.268713927029575,
        "Positive electrode Bruggeman coefficient (electrode)": 5.157800928037983,
        "Positive electrode charge transfer coefficient": 0.40395105676857257,
        "Positive electrode double-layer capacity [F.m-2]": 0.08801108645588847,
        "Positive electrode density [kg.m-3]": 4091.865990629489,
        "Positive electrode specific heat capacity [J.kg-1.K-1]": 612.1414446234669,
        "Positive electrode thermal conductivity [W.m-1.K-1]": 1.923008792297207,
        "Separator porosity": 0.39081959737795596,
        "Separator Bruggeman coefficient (electrolyte)": 3.7377542794899705,
        "Separator density [kg.m-3]": 1034.577341673559,
        "Separator specific heat capacity [J.kg-1.K-1]": 1582.1266744743764,
        "Separator thermal conductivity [W.m-1.K-1]": 0.2851965262722821,
        "Initial concentration in electrolyte [mol.m-3]": 1154.088196024888,
        "Cation transference number": 0.23001694687672444,
        "Thermodynamic factor": 1.3302381711800284,
        "Reference temperature [K]": 341.4648511651592,
        "Ambient temperature [K]": 333.69682900824165,
        "Negative current collector surface heat transfer coefficient [W.m-2.K-1]": 0.0,
        "Positive current collector surface heat transfer coefficient [W.m-2.K-1]": 0.0,
        "Negative tab heat transfer coefficient [W.m-2.K-1]": 7.165836512046175,
        "Positive tab heat transfer coefficient [W.m-2.K-1]": 11.680563848554886,
        "Edge heat transfer coefficient [W.m-2.K-1]": 0.3197595699543316,
        "Number of electrodes connected in parallel to make a cell": 0.5472049446757536,
        "Number of cells connected in series to make a battery": 1.0303525425785152,
        "Lower voltage cut-off [V]": 3.3117772928431237,
        "Upper voltage cut-off [V]": 4.146127999877132,
        "Open-circuit voltage at 0% SOC [V]": 2.406028942578424,
        "Open-circuit voltage at 100% SOC [V]": 6.90452122491921,
        "Initial concentration in negative electrode [mol.m-3]": 32091.189005213448,
        "Initial concentration in positive electrode [mol.m-3]": 30837.483134113372,
        "Initial temperature [K]": 310.0152046205914
    },
    "V": [
        4.114890244647643,
        3.9771711040649476,
        3.935954530202257,
        3.91447339397784,
        3.9061334909672754,
        3.8979320563036444,
        3.888107350668501,
        3.866040990780741,
        3.8164204680009357,
        3.776461474290895,
        3.7274125100361486,
        3.628824943360395,
        3.5269686252781938,
        3.316913189075083,
        3.311787292842762
    ],
    "time": [
        0.0,
        36.36363636363637,
        72.72727272727273,
        109.0909090909091,
        145.45454545454547,
        181.81818181818184,
        218.1818181818182,
        254.54545454545456,
        273.29545454545456,
        275.63920454545456,
        276.22514204545456,
        276.37162642045456,
        276.38993696732956,
        276.39909224076706,
        276.3991990825868
    ]
}