{
    "config": {
        "Ideal gas constant [J.K-1.mol-1]": 8.714435130808962,
        "Faraday constant [C.mol-1]": 92246.16363846677,
        "Boltzmann constant [J.K-1]": 1.8646269295991925e-23,
        "Electron charge [C]": 1.3537893178402e-19,
        "Ratio of lithium moles to SEI moles": 2.189086084515321,
        "Inner SEI reaction proportion": 0.4862641984174317,
        "Inner SEI partial molar volume [m3.mol-1]": 0.00010012852489871447,
        "Outer SEI partial molar volume [m3.mol-1]": 0.00012241010463630162,
        "SEI growth transfer coefficient": 0.45787837942578863,
        "SEI reaction exchange current density [A.m-2]": 1.9969120542017987e-07,
        "SEI resistivity [Ohm.m]": 161801.17369004744,
        "Outer SEI solvent diffusivity [m2.s-1]": 3.317679304545028e-22,
        "Bulk solvent concentration [mol.m-3]": 2473.351237953981,
        "Inner SEI open-circuit potential [V]": 0.07906024538698934,
        "Outer SEI open-circuit potential [V]": 0.531587204908399,
        "Inner SEI electron conductivity [S.m-1]": 1.080700416648793e-13,
        "Inner SEI lithium interstitial diffusivity [m2.s-1]": 9.983159345978674e-21,
        "Lithium interstitial reference concentration [mol.m-3]": 13.559519108709953,
        "Initial inner SEI thickness [m]": 2.0637069443857585e-09,
        "Initial outer SEI thickness [m]": 2.4143754295687566e-09,
        "EC initial concentration in electrolyte [mol.m-3]": 6280.126613329459,
        "EC diffusivity [m2.s-1]": 2.8302897210396137e-18,
        "SEI kinetic rate constant [m.s-1]": 1.2065777974037836e-12,
        "SEI open-circuit potential [V]": 0.38491254273298336,
        "SEI growth activation energy [J.mol-1]": 0.0,
        "Negative electrode reaction-driven LAM factor [m3.mol-1]": 0.0,
        "Positive electrode reaction-driven LAM factor [m3.mol-1]": 0.0,
        "Negative current collector thickness [m]": 2.774699480307099e-05,
        "Negative electrode thickness [m]": 0.00010868793765282833,
        "Separator thickness [m]": 1.8216209006260436e-05,
        "Positive electrode thickness [m]": 0.00012336965199448644,
        "Positive current collector thickness [m]": 2.1517810030757623e-05,
        "Electrode height [m]": 0.21131700189401637,
        "Electrode width [m]": 0.1879323424179564,
        "Negative tab width [m]": 0.04483616957180725,
        "Negative tab centre y-coordinate [m]": 0.0675952662665636,
        "Negative tab centre z-coordinate [m]": 0.139967161823251,
        "Positive tab width [m]": 0.048109631207630635,
        "Positive tab centre y-coordinate [m]": 0.1758561337729922,
        "Positive tab centre z-coordinate [m]": 0.11642728350067641,
        "Cell cooling surface area [m2]": 0.04696806331634318,
        "Cell volume [m3]": 9.67739841072001e-06,
        "Negative current collector conductivity [S.m-1]": 55542204.61569564,
        "Positive current collector conductivity [S.m-1]": 45602501.97940645,
        "Negative current collector density [kg.m-3]": 9444.00468385521,
        "Positive current collector density [kg.m-3]": 1402.812946383637,
        "Negative current collector specific heat capacity [J.kg-1.K-1]": 502.17681554877316,
        "Positive current collector specific heat capacity [J.kg-1.K-1]": 1036.8526240109286,
        "Negative current collector thermal conductivity [W.m-1.K-1]": 441.1287715257636,
        "Positive current collector thermal conductivity [W.m-1.K-1]": 136.4045529543535,
        "Nominal cell capacity [A.h]": 0.7786659877261752,
        "Current function [A]": 0.5816150537453199,
        "Contact resistance [Ohm]": 0,
        "Negative electrode conductivity [S.m-1]": 137.22265406176433,
        "Maximum concentration in negative electrode [mol.m-3]": 24320.985693936316,
        "Negative electrode porosity": 0.3752042228959527,
        "Negative electrode active material volume fraction": 0.6399614210836122,
        "Negative particle radius [m]": 6.302134054362633e-06,
        "Negative electrode Bruggeman coefficient (electrolyte)": 1.383107198366322,
        "Negative electrode Bruggeman coefficient (electrode)": 0.5889306472845026,
        "Negative electrode charge transfer coefficient": 0.5346543311897298,
        "Negative electrode double-layer capacity [F.m-2]": 0.24495193194640738,
        "Negative electrode density [kg.m-3]": 1586.201787289555,
        "Negative electrode specific heat capacity [J.kg-1.K-1]": 798.5513425453614,
        "Negative electrode thermal conductivity [W.m-1.K-1]": 1.6301307326146648,
        "Positive electrode conductivity [S.m-1]": 10.372189287337935,
        "Maximum concentration in positive electrode [mol.m-3]": 49579.299788185424,
        "Positive electrode porosity": 0.3105345769669639,
        "Positive electrode active material volume fraction": 0.48190807759632015,
        "Positive particle radius [m]": 8.317000842145932e-06,
        "Positive electrode Bruggeman coefficient (electrolyte)": 1.4336852743365074,
        "Positive electrode Bruggeman coefficient (electrode)": 1.0257763672206692,
        "Positive electrode charge transfer coefficient": 0.4084861761466907,
        "Positive electrode double-layer capacity [F.m-2]": 0.2684332966109673,
        "Positive electrode density [kg.m-3]": 1562.7117581837274,
        "Positive electrode specific heat capacity [J.kg-1.K-1]": 585.4131496181136,
        "Positive electrode thermal conductivity [W.m-1.K-1]": 2.2641844644883875,
        "Separator porosity": 1.1970366290009424,
        "Separator Bruggeman coefficient (electrolyte)": 1.5662751505706538,
        "Separator density [kg.m-3]": 477.0064068665854,
        "Separator specific heat capacity [J.kg-1.K-1]": 482.5287475810562,
        "Separator thermal conductivity [W.m-1.K-1]": 0.16050559841022588,
        "Initial concentration in electrolyte [mol.m-3]": 1246.2201410155735,
        "Cation transference number": 0.5006770156455127,
        "Thermodynamic factor": 1.366163865149795,
        "Reference temperature [K]": 288.14822824828406,
        "Ambient temperature [K]": 240.3188373455863,
        "Negative current collector surface heat transfer coefficient [W.m-2.K-1]": 0.0,
        "Positive current collector surface heat transfer coefficient [W.m-2.K-1]": 0.0,
        "Negative tab heat transfer coefficient [W.m-2.K-1]": 9.9268296455798,
        "Positive tab heat transfer coefficient [W.m-2.K-1]": 9.268951676187676,
        "Edge heat transfer coefficient [W.m-2.K-1]": 0.28187277265915267,
        "Total heat transfer coefficient [W.m-2.K-1]": 9.79936866263697,
        "Number of electrodes connected in parallel to make a cell": 1.0622176623592443,
        "Number of cells connected in series to make a battery": 0.9369348024361634,
        "Lower voltage cut-off [V]": 3.3521272977924896,
        "Upper voltage cut-off [V]": 4.633437920803237,
        "Open-circuit voltage at 0% SOC [V]": 3.2646368938940284,
        "Open-circuit voltage at 100% SOC [V]": 3.870504479183318,
        "Initial concentration in negative electrode [mol.m-3]": 22882.505232846168,
        "Initial concentration in positive electrode [mol.m-3]": 38845.163907584065,
        "Initial temperature [K]": 265.05307412148466
    },
    "V": [
        3.4898014770688004,
        3.44931128919844,
        3.4171273823258868,
        3.4055634160322454,
        3.400529175539565,
        3.397130162621485,
        3.39428755950228,
        3.3916759967009953,
        3.3891583649106627,
        3.3866401114114426,
        3.3839641449535653,
        3.380848621389959,
        3.3773789847341993,
        3.3738492231220283,
        3.370108495868121,
        3.366147109970391,
        3.3619727165724647,
        3.357435562009478,
        3.3525582946754766,
        3.352137297792489
    ],