{
    "config": {
        "Ideal gas constant [J.K-1.mol-1]": 5.360153954038391,
        "Faraday constant [C.mol-1]": 117082.84232102132,
        "Boltzmann constant [J.K-1]": 1.218119781356991e-23,
        "Electron charge [C]": 2.037164610581328e-19,
        "Negative electrode thickness [m]": 2.4566721851120383e-05,
        "Separator thickness [m]": 2.1506376792777047e-05,
        "Positive electrode thickness [m]": 8.203068104259516e-05,
        "Electrode height [m]": 0.3677639499609026,
        "Electrode width [m]": 0.26801865363143673,
        "Nominal cell capacity [A.h]": 1.7690724485215892,
        "Current function [A]": 1.9860441769046093,
        "Contact resistance [Ohm]": 0,
        "Negative electrode conductivity [S.m-1]": 139.58456486275742,
        "Maximum concentration in negative electrode [mol.m-3]": 41865.91901490312,
        "Negative electrode diffusivity [m2.s-1]": 2.6653624846596558e-15,
        "Negative electrode porosity": 0.1500775744901115,
        "Negative electrode active material volume fraction": 0.49766099312302015,
        "Negative particle radius [m]": 6.411796001083637e-06,
        "Negative electrode Bruggeman coefficient (electrolyte)": 1.51318217238196,
        "Negative electrode Bruggeman coefficient (electrode)": 1.714103388922273,
        "Negative electrode charge transfer coefficient": 0.34239199756058725,
        "Negative electrode double-layer capacity [F.m-2]": 0.22181502099420516,
        "Negative electrode OCP entropic change [V.K-1]": 0,
        "Positive electrode conductivity [S.m-1]": 0.3231775341267317,
        "Maximum concentration in positive electrode [mol.m-3]": 22502.46164226794,
        "Positive electrode diffusivity [m2.s-1]": 4.4494059711599176e-18,
        "Positive electrode porosity": 0.5009889323648049,
        "Positive electrode active material volume fraction": 0.33254127100772474,
        "Positive particle radius [m]": 5.96471187629614e-08,
        "Positive electrode Bruggeman coefficient (electrode)": 1.4779727494494672,
        "Positive electrode Bruggeman coefficient (electrolyte)": 1.325380654640781,
        "Positive electrode charge transfer coefficient": 0.5399075354239028,
        "Positive electrode double-layer capacity [F.m-2]": 0.2654854196549686,
        "Positive electrode OCP entropic change [V.K-1]": 0,
        "Separator porosity": 0.2952483025317443,
        "Separator Bruggeman coefficient (electrolyte)": 1.6830796647641812,
        "Initial concentration in electrolyte [mol.m-3]": 870.6722637548462,
        "Cation transference number": 0.3733647110895031,
        "Thermodynamic factor": 0.8709018358076603,
        "Electrolyte diffusivity [m2.s-1]": 2.0890334380058915e-10,
        "Reference temperature [K]": 363.85850915817264,
        "Ambient temperature [K]": 267.30519394951864,
        "Number of electrodes connected in parallel to make a cell": 0.991941405751695,
        "Number of cells connected in series to make a battery": 0.9256213404954567,
        "Lower voltage cut-off [V]": 2.781551720435152,
        "Upper voltage cut-off [V]": 3.947406685801135,
        "Open-circuit voltage at 0% SOC [V]": 1.7416128197887404,
        "Open-circuit voltage at 100% SOC [V]": 4.194098455282293,
        "Initial concentration in negative electrode [mol.m-3]": 19819.12376422015,
        "Initial concentration in positive electrode [mol.m-3]": 109.11430047366889,
        "Initial temperature [K]": 427.97089241071126
    },
    "V": [
        3.379522932892921,
        3.1741511682886188,
        3.157025364431809,
        3.143121332815531,
        3.126502624479561,
        3.1061245984337464,
        3.0883601441193766,
        3.075877525228914,
        3.0662822427015968,
        3.053570732332683,
        3.0264751471649545,
        2.9731569941726548,
        2.904479274088043,
        2.838607586468305,
        2.7815617204351515
    ],
    "time": [
        0.0,
        18.75,
        36.36363636363637,
        72.72727272727273,
        109.0909090909091,
        145.45454545454547,
        181.81818181818184,
        218.1818181818182,
        254.54545454545456,
        290.90909090909093,
        327.2727272727273,
        363.6363636363637,
        400.00000000000006,
        436.3636363636364,
        463.97054603956616
    ]
}