{
    "config": {
        "Ideal gas constant [J.K-1.mol-1]": 6.08771408861057,
        "Faraday constant [C.mol-1]": 116079.13193539361,
        "Boltzmann constant [J.K-1]": 1.62879042730156e-23,
        "Electron charge [C]": 2.0501377037150829e-19,
        "Ratio of lithium moles to SEI moles": 2.358002041704952,
        "Inner SEI reaction proportion": 0.6170911695993688,
        "Inner SEI partial molar volume [m3.mol-1]": 0.00013257894708572007,
        "Outer SEI partial molar volume [m3.mol-1]": 0.00011342055932308273,
        "SEI growth transfer coefficient": 0.3095598229833198,
        "SEI reaction exchange current density [A.m-2]": 2.0096757906635133e-07,
        "SEI resistivity [Ohm.m]": 248976.22706558416,
        "Outer SEI solvent diffusivity [m2.s-1]": 2.0544065780636535e-22,
        "Bulk solvent concentration [mol.m-3]": 2295.8183154429394,
        "Inner SEI open-circuit potential [V]": 0.10668218063007401,
        "Outer SEI open-circuit potential [V]": 0.7790846481593504,
        "Inner SEI electron conductivity [S.m-1]": 9.607878784711851e-14,
        "Inner SEI lithium interstitial diffusivity [m2.s-1]": 8.985957248119129e-21,
        "Lithium interstitial reference concentration [mol.m-3]": 16.53100017937576,
        "Initial inner SEI thickness [m]": 9.884212608251685e-10,
        "Initial outer SEI thickness [m]": 2.1979388368175063e-09,
        "EC initial concentration in electrolyte [mol.m-3]": 6106.1508030918885,
        "EC diffusivity [m2.s-1]": 2.3662807851631213e-18,
        "SEI kinetic rate constant [m.s-1]": 8.090242453383681e-13,
        "SEI open-circuit potential [V]": 0.35605170568722144,
        "SEI growth activation energy [J.mol-1]": 0.0,
        "Negative electrode reaction-driven LAM factor [m3.mol-1]": 0.0,
        "Positive electrode reaction-driven LAM factor [m3.mol-1]": 0.0,
        "Negative current collector thickness [m]": 3.850456218101691e-05,
        "Negative electrode thickness [m]": 0.00015849937259690191,
        "Separator thickness [m]": 1.9569754882491553e-05,
        "Positive electrode thickness [m]": 7.563015497952633e-05,
        "Positive current collector thickness [m]": 2.826303512638293e-05,
        "Electrode height [m]": 0.15684446228785104,
        "Electrode width [m]": 0.22000231885369478,
        "Negative tab width [m]": 0.05023353885230526,
        "Negative tab centre y-coordinate [m]": 0.07764163587695173,
        "Negative tab centre z-coordinate [m]": 0.08718279629739321,
        "Positive tab width [m]": 0.04403084037459914,
        "Positive tab centre y-coordinate [m]": 0.17568550709177638,
        "Positive tab centre z-coordinate [m]": 0.12411661740446897,
        "Cell cooling surface area [m2]": 0.03673460068864255,
        "Cell volume [m3]": 7.3146916180912055e-06,
        "Negative current collector conductivity [S.m-1]": 88375236.23014833,
        "Positive current collector conductivity [S.m-1]": 24094062.42848169,
        "Negative current collector density [kg.m-3]": 11534.67039387815,
        "Positive current collector density [kg.m-3]": 2646.976020878321,
        "Negative current collector specific heat capacity [J.kg-1.K-1]": 477.72474937429706,
        "Positive current collector specific heat capacity [J.kg-1.K-1]": 742.8416007768877,
        "Negative current collector thermal conductivity [W.m-1.K-1]": 449.1655677350692,
        "Positive current collector thermal conductivity [W.m-1.K-1]": 161.31546581855525,
        "Nominal cell capacity [A.h]": 0.7767736383273667,
        "Current function [A]": 0.5684347979534758,
        "Contact resistance [Ohm]": 0,
        "Negative electrode conductivity [S.m-1]": 120.85570108497521,
        "Maximum concentration in negative electrode [mol.m-3]": 29621.550173996817,
        "Negative electrode porosity": 0.17519449829867464,
        "Negative electrode active material volume fraction": 0.5081829590807672,
        "Negative particle radius [m]": 8.919972343246281e-06,
        "Negative electrode Bruggeman coefficient (electrolyte)": 1.3582776145493543,
        "Negative electrode Bruggeman coefficient (electrode)": 1.329540643526647,
        "Negative electrode charge transfer coefficient": 0.5061943957301739,
        "Negative electrode double-layer capacity [F.m-2]": 0.19111534309728087,
        "Negative electrode density [kg.m-3]": 1970.925079066657,
        "Negative electrode specific heat capacity [J.kg-1.K-1]": 526.8511519612043,
        "Negative electrode thermal conductivity [W.m-1.K-1]": 2.012828856639829,
        "Positive electrode conductivity [S.m-1]": 9.894164385228446,
        "Maximum concentration in positive electrode [mol.m-3]": 47572.977855750185,
        "Positive electrode porosity": 0.3117362584202171,
        "Positive electrode active material volume fraction": 0.6774779945476431,
        "Positive particle radius [m]": 6.309844186235182e-06,
        "Positive electrode Bruggeman coefficient (electrolyte)": 1.4345890762873938,
        "Positive electrode Bruggeman coefficient (electrode)": 1.3349917442547337,
        "Positive electrode charge transfer coefficient": 0.39993629464298697,
        "Positive electrode double-layer capacity [F.m-2]": 0.19295472317199644,
        "Positive electrode density [kg.m-3]": 3716.0229270061454,
        "Positive electrode specific heat capacity [J.kg-1.K-1]": 602.920176212944,
        "Positive electrode thermal conductivity [W.m-1.K-1]": 3.146005646887744,
        "Separator porosity": 0.7700053435721838,
        "Separator Bruggeman coefficient (electrolyte)": 1.0545778570907773,
        "Separator density [kg.m-3]": 439.17961518924596,
        "Separator specific heat capacity [J.kg-1.K-1]": 639.4889830927426,
        "Separator thermal conductivity [W.m-1.K-1]": 0.056351967136870865,
        "Initial concentration in electrolyte [mol.m-3]": 691.1138720407449,
        "Cation transference number": 0.30975051907402223,
        "Thermodynamic factor": 0.8034920849381889,
        "Reference temperature [K]": 309.1733745995863,
        "Ambient temperature [K]": 314.24237934072136,
        "Negative current collector surface heat transfer coefficient [W.m-2.K-1]": 0.0,
        "Positive current collector surface heat transfer coefficient [W.m-2.K-1]": 0.0,
        "Negative tab heat transfer coefficient [W.m-2.K-1]": 5.522021576826473,
        "Positive tab heat transfer coefficient [W.m-2.K-1]": 10.418321566411253,
        "Edge heat transfer coefficient [W.m-2.K-1]": 0.31433336362437647,
        "Total heat transfer coefficient [W.m-2.K-1]": 10.610533574797966,
        "Number of electrodes connected in parallel to make a cell": 1.006065522260614,
        "Number of cells connected in series to make a battery": 1.3553374141306849,
        "Lower voltage cut-off [V]": 2.3297732989000455,
        "Upper voltage cut-off [V]": 4.849633449423571,
        "Open-circuit voltage at 0% SOC [V]": 4.0644232859686085,
        "Open-circuit voltage at 100% SOC [V]": 5.1786977997794725,
        "Initial concentration in negative electrode [mol.m-3]": 21637.112704306655,
        "Initial concentration in positive electrode [mol.m-3]": 37375.527374779675,
        "Initial temperature [K]": 305.44883766269413
    },