{
    "config": {
        "Ideal gas constant [J.K-1.mol-1]": 7.341124730938338,
        "Faraday constant [C.mol-1]": 123355.43171596093,
        "Boltzmann constant [J.K-1]": 1.1058624301921878e-23,
        "Electron charge [C]": 1.0592452294162572e-19,
        "Ratio of lithium moles to SEI moles": 1.3789970461454435,
        "Inner SEI reaction proportion": 0.5076056715477535,
        "Inner SEI partial molar volume [m3.mol-1]": 4.767138267802626e-05,
        "Outer SEI partial molar volume [m3.mol-1]": 7.341677774190094e-05,
        "SEI reaction exchange current density [A.m-2]": 1.3436772552471172e-07,
        "SEI resistivity [Ohm.m]": 188950.68302890263,
        "Outer SEI solvent diffusivity [m2.s-1]": 3.0497275880628555e-22,
        "Bulk solvent concentration [mol.m-3]": 3049.691611315286,
        "Inner SEI open-circuit potential [V]": 0.12016936746059091,
        "Outer SEI open-circuit potential [V]": 0.637058077570268,
        "Inner SEI electron conductivity [S.m-1]": 9.788261812852659e-14,
        "Inner SEI lithium interstitial diffusivity [m2.s-1]": 1.0250638673016354e-20,
        "Lithium interstitial reference concentration [mol.m-3]": 22.027694002482214,
        "Initial inner SEI thickness [m]": 1.928220202381471e-09,
        "Initial outer SEI thickness [m]": 2.394282882323935e-09,
        "EC initial concentration in electrolyte [mol.m-3]": 5219.344001013726,
        "EC diffusivity [m2.s-1]": 2.2581090201796727e-18,
        "SEI kinetic rate constant [m.s-1]": 1.4896664707374038e-12,
        "SEI open-circuit potential [V]": 0.34952616684504384,
        "SEI growth activation energy [J.mol-1]": 0.0,
        "Negative electrode reaction-driven LAM factor [m3.mol-1]": 0.0,
        "Positive electrode reaction-driven LAM factor [m3.mol-1]": 0.0,
        "Negative current collector thickness [m]": 1.737095483678468e-05,
        "Negative electrode thickness [m]": 9.213200333703985e-05,
        "Separator thickness [m]": 1.4181615850092187e-05,
        "Positive electrode thickness [m]": 8.620644826607675e-05,
        "Positive current collector thickness [m]": 9.931881471792205e-06,
        "Electrode height [m]": 0.06162225047595436,
        "Electrode width [m]": 1.5905338923155936,
        "Cell cooling surface area [m2]": 0.004905721892553825,
        "Cell volume [m3]": 2.2163785703402433e-05,
        "Cell thermal expansion coefficient [m.K-1]": 6.952621649741912e-07,
        "Negative current collector conductivity [S.m-1]": 84623030.67627862,
        "Positive current collector conductivity [S.m-1]": 38572930.01664976,
        "Negative current collector density [kg.m-3]": 10410.09488083337,
        "Positive current collector density [kg.m-3]": 2604.979179175465,
        "Negative current collector specific heat capacity [J.kg-1.K-1]": 440.69804467330573,
        "Positive current collector specific heat capacity [J.kg-1.K-1]": 974.8981430067346,
        "Negative current collector thermal conductivity [W.m-1.K-1]": 444.16694613865934,
        "Positive current collector thermal conductivity [W.m-1.K-1]": 182.3812419828361,
        "Nominal cell capacity [A.h]": 6.673800295851197,
        "Current function [A]": 5.630527994509319,
        "Contact resistance [Ohm]": 0,
        "Negative electrode conductivity [S.m-1]": 250.27297909048318,
        "Maximum concentration in negative electrode [mol.m-3]": 33625.68354749787,
        "Negative particle diffusivity [m2.s-1]": 3.779931249028725e-14,
        "Negative electrode porosity": 0.2479310683411688,
        "Negative electrode active material volume fraction": 0.5575634199502806,
        "Negative particle radius [m]": 6.5393404029226485e-06,
        "Negative electrode Bruggeman coefficient (electrolyte)": 1.4475435915003505,
        "Negative electrode Bruggeman coefficient (electrode)": 0,
        "Negative electrode charge transfer coefficient": 0.3086716318277394,
        "Negative electrode double-layer capacity [F.m-2]": 0.20929691295106018,
        "Negative electrode density [kg.m-3]": 1177.4104331548822,
        "Negative electrode specific heat capacity [J.kg-1.K-1]": 756.7774110211127,
        "Negative electrode thermal conductivity [W.m-1.K-1]": 0.9983720508748404,
        "Negative electrode OCP entropic change [V.K-1]": 0.0,
        "Positive electrode conductivity [S.m-1]": 0.1922481845566328,
        "Maximum concentration in positive electrode [mol.m-3]": 75879.30017561211,
        "Positive particle diffusivity [m2.s-1]": 3.772930179982557e-15,
        "Positive electrode porosity": 0.33211273506126304,
        "Positive electrode active material volume fraction": 0.37082124723054866,
        "Positive particle radius [m]": 5.3898990393754205e-06,
        "Positive electrode Bruggeman coefficient (electrolyte)": 1.0424667187207879,
        "Positive electrode Bruggeman coefficient (electrode)": 0,
        "Positive electrode charge transfer coefficient": 0.4179747405521527,
        "Positive electrode double-layer capacity [F.m-2]": 0.2382972429504132,
        "Positive electrode density [kg.m-3]": 4239.973428554198,
        "Positive electrode specific heat capacity [J.kg-1.K-1]": 830.4806955788429,
        "Positive electrode thermal conductivity [W.m-1.K-1]": 1.6883717833397536,
        "Positive electrode OCP entropic change [V.K-1]": 0.0,
        "Separator porosity": 0.5127417559911028,
        "Separator Bruggeman coefficient (electrolyte)": 2.0973486608534975,
        "Separator density [kg.m-3]": 446.0394328457304,
        "Separator specific heat capacity [J.kg-1.K-1]": 811.2923434970553,
        "Separator thermal conductivity [W.m-1.K-1]": 0.13906141538061453,
        "Initial concentration in electrolyte [mol.m-3]": 944.956534297454,
        "Cation transference number": 0.29144286155784044,
        "Thermodynamic factor": 0.8412147832518694,
        "Reference temperature [K]": 251.67743131701172,
        "Total heat transfer coefficient [W.m-2.K-1]": 13.151933847571556,
        "Ambient temperature [K]": 308.9626378355413,
        "Number of electrodes connected in parallel to make a cell": 1.0236296212986808,
        "Number of cells connected in series to make a battery": 1.4097763398473018,
        "Lower voltage cut-off [V]": 2.480743765797275,
        "Upper voltage cut-off [V]": 4.310549854311824,
        "Open-circuit voltage at 0% SOC [V]": 3.2187546221408265,
        "Open-circuit voltage at 100% SOC [V]": 5.970531878707338,
        "Initial concentration in negative electrode [mol.m-3]": 23357.413065902198,
        "Initial concentration in positive electrode [mol.m-3]": 23150.943379426983,
        "Initial temperature [K]": 376.19785287875936
    },