{
    "config": {
        "Ideal gas constant [J.K-1.mol-1]": 6.863118841220328,
        "Faraday constant [C.mol-1]": 100803.12797656181,
        "Boltzmann constant [J.K-1]": 1.6919534309334287e-23,
        "Electron charge [C]": 1.520436961674253e-19,
        "Ratio of lithium moles to SEI moles": 2.348171361011879,
        "Inner SEI reaction proportion": 0.4973974889221133,
        "Inner SEI partial molar volume [m3.mol-1]": 7.93663430295776e-05,
        "Outer SEI partial molar volume [m3.mol-1]": 8.147219070893682e-05,
        "SEI reaction exchange current density [A.m-2]": 1.431390759553978e-06,
        "SEI resistivity [Ohm.m]": 205467.6264500253,
        "Outer SEI solvent diffusivity [m2.s-1]": 2.655950489439994e-22,
        "Bulk solvent concentration [mol.m-3]": 3062.278459033652,
        "Inner SEI open-circuit potential [V]": 0.11093193448687737,
        "Outer SEI open-circuit potential [V]": 0.7603182177005317,
        "Inner SEI electron conductivity [S.m-1]": 7.549126345379334e-14,
        "Inner SEI lithium interstitial diffusivity [m2.s-1]": 8.618069474190507e-21,
        "Lithium interstitial reference concentration [mol.m-3]": 11.21572010752525,
        "Initial inner SEI thickness [m]": 2.1129419777177583e-09,
        "Initial outer SEI thickness [m]": 2.980491310795056e-09,
        "EC initial concentration in electrolyte [mol.m-3]": 5284.385900261364,
        "EC diffusivity [m2.s-1]": 2.2477109137280514e-18,
        "SEI kinetic rate constant [m.s-1]": 9.277508135642046e-13,
        "SEI open-circuit potential [V]": 0.0,
        "SEI growth activation energy [J.mol-1]": 0.0,
        "Negative current collector thickness [m]": 1.2422486859396342e-05,
        "Negative electrode thickness [m]": 0.00010838312610272167,
        "Separator thickness [m]": 2.2060688514236898e-05,
        "Positive electrode thickness [m]": 6.956838932110127e-05,
        "Positive current collector thickness [m]": 1.763421671927068e-05,
        "Electrode height [m]": 0.04949686640617375,
        "Electrode width [m]": 0.9994842554385487,
        "Negative tab width [m]": 0.046763923844739735,
        "Negative tab centre y-coordinate [m]": 0.05993187255206328,
        "Negative tab centre z-coordinate [m]": 0.140955816294466,
        "Positive tab width [m]": 0.041705257462481375,
        "Positive tab centre y-coordinate [m]": 0.13827500411405053,
        "Positive tab centre z-coordinate [m]": 0.13711866688632474,
        "Negative current collector conductivity [S.m-1]": 62066752.81677006,
        "Positive current collector conductivity [S.m-1]": 37818226.83276282,
        "Negative current collector density [kg.m-3]": 9755.050288485214,
        "Positive current collector density [kg.m-3]": 2558.3471757297198,
        "Negative current collector specific heat capacity [J.kg-1.K-1]": 418.26340444833244,
        "Positive current collector specific heat capacity [J.kg-1.K-1]": 787.3614510464186,
        "Negative current collector thermal conductivity [W.m-1.K-1]": 409.5994513566744,
        "Positive current collector thermal conductivity [W.m-1.K-1]": 221.12797033120387,
        "Nominal cell capacity [A.h]": 0.7561216601692892,
        "Current function [A]": 1.0659520435097871,
        "Contact resistance [Ohm]": 0,
        "Negative electrode conductivity [S.m-1]": 93.22869470234282,
        "Maximum concentration in negative electrode [mol.m-3]": 28374.933395304997,
        "Negative electrode porosity": 0.46905986593266924,
        "Negative electrode active material volume fraction": 0.49734123036014827,
        "Negative particle radius [m]": 2.0928551917001533e-06,
        "Negative electrode Bruggeman coefficient (electrolyte)": 3.290685197984134,
        "Negative electrode Bruggeman coefficient (electrode)": 3.2397625445322147,
        "Negative electrode charge transfer coefficient": 0.5832415976469609,
        "Negative electrode double-layer capacity [F.m-2]": 0.18597039289817177,
        "Negative electrode density [kg.m-3]": 1549.49380955046,
        "Negative electrode specific heat capacity [J.kg-1.K-1]": 701.0484687667686,
        "Negative electrode thermal conductivity [W.m-1.K-1]": 1.9483711374023778,
        "Positive electrode conductivity [S.m-1]": 102.10510346899446,
        "Maximum concentration in positive electrode [mol.m-3]": 51676.26760991868,
        "Positive electrode porosity": 0.4085690737702635,
        "Positive electrode active material volume fraction": 0.5001858552506113,
        "Positive particle radius [m]": 2.2434536827601847e-06,
        "Positive electrode Bruggeman coefficient (electrolyte)": 4.432097963635897,
        "Positive electrode Bruggeman coefficient (electrode)": 4.0641896018392,
        "Positive electrode charge transfer coefficient": 0.5423919954959204,
        "Positive electrode double-layer capacity [F.m-2]": 0.21494019382956434,
        "Positive electrode density [kg.m-3]": 3366.5356008122158,
        "Positive electrode specific heat capacity [J.kg-1.K-1]": 580.6408633891492,
        "Positive electrode thermal conductivity [W.m-1.K-1]": 2.0630194546253042,
        "Separator porosity": 0.4279304212436176,
        "Separator Bruggeman coefficient (electrolyte)": 1.7951298592591498,
        "Separator density [kg.m-3]": 862.6798553839888,
        "Separator specific heat capacity [J.kg-1.K-1]": 1385.2439719012914,
        "Separator thermal conductivity [W.m-1.K-1]": 0.35526051658161584,
        "Initial concentration in electrolyte [mol.m-3]": 973.4819423154103,
        "Cation transference number": 0.31120092587349035,
        "Thermodynamic factor": 0.8062161505626759,
        "Reference temperature [K]": 388.8423356929523,
        "Ambient temperature [K]": 281.3069278427765,
        "Negative current collector surface heat transfer coefficient [W.m-2.K-1]": 0.0,
        "Positive current collector surface heat transfer coefficient [W.m-2.K-1]": 0.0,
        "Negative tab heat transfer coefficient [W.m-2.K-1]": 9.708114760598498,
        "Positive tab heat transfer coefficient [W.m-2.K-1]": 11.362993327876868,
        "Edge heat transfer coefficient [W.m-2.K-1]": 0.36284845831618207,
        "Number of electrodes connected in parallel to make a cell": 1.0115199519327542,
        "Number of cells connected in series to make a battery": 0.8413667247508057,
        "Lower voltage cut-off [V]": 3.348758254408078,
        "Upper voltage cut-off [V]": 4.305105711934778,
        "Open-circuit voltage at 0% SOC [V]": 3.094578021938303,
        "Open-circuit voltage at 100% SOC [V]": 4.697212077796596,
        "Initial concentration in negative electrode [mol.m-3]": 21096.222899720407,
        "Initial concentration in positive electrode [mol.m-3]": 26392.7771269247,
        "Initial temperature [K]": 311.39490157599016
    },