{
    "config": {
        "Ideal gas constant [J.K-1.mol-1]": 10.113424126528567,
        "Faraday constant [C.mol-1]": 92839.07604682683,
        "Boltzmann constant [J.K-1]": 9.646521317819053e-24,
        "Electron charge [C]": 1.738041898066576e-19,
        "Negative electrode thickness [m]": 3.862001524959184e-05,
        "Separator thickness [m]": 3.90398131992873e-05,
        "Positive electrode thickness [m]": 6.139318371577031e-05,
        "Electrode height [m]": 0.5240705864518269,
        "Electrode width [m]": 0.27334167138770105,
        "Nominal cell capacity [A.h]": 2.01510762793306,
        "Current function [A]": 2.4096964167534147,
        "Contact resistance [Ohm]": 0,
        "Negative electrode conductivity [S.m-1]": 272.9618645598882,
        "Maximum concentration in negative electrode [mol.m-3]": 29397.89136572992,
        "Negative electrode diffusivity [m2.s-1]": 3.01583525466801e-15,
        "Negative electrode porosity": 0.5240284666278152,
        "Negative electrode active material volume fraction": 0.6605284635414869,
        "Negative particle radius [m]": 4.018478914388403e-06,
        "Negative electrode Bruggeman coefficient (electrolyte)": 1.6394837153770911,
        "Negative electrode Bruggeman coefficient (electrode)": 1.0315637142184173,
        "Negative electrode charge transfer coefficient": 0.6099914752250366,
        "Negative electrode double-layer capacity [F.m-2]": 0.12102588389098018,
        "Negative electrode OCP entropic change [V.K-1]": 0,
        "Positive electrode conductivity [S.m-1]": 0.24886492476293032,
        "Maximum concentration in positive electrode [mol.m-3]": 30960.62889974549,
        "Positive electrode diffusivity [m2.s-1]": 9.44747465100186e-18,
        "Positive electrode porosity": 0.4116833082527915,
        "Positive electrode active material volume fraction": 0.315451777287856,
        "Positive particle radius [m]": 6.803703161563907e-08,
        "Positive electrode Bruggeman coefficient (electrode)": 1.0748351376115055,
        "Positive electrode Bruggeman coefficient (electrolyte)": 0.33922128599406953,
        "Positive electrode charge transfer coefficient": 0.5111292438105105,
        "Positive electrode double-layer capacity [F.m-2]": 0.18622136003644396,
        "Positive electrode OCP entropic change [V.K-1]": 0,
        "Separator porosity": 0.3674458525965418,
        "Separator Bruggeman coefficient (electrolyte)": 1.7057147906451622,
        "Initial concentration in electrolyte [mol.m-3]": 1502.0992506413318,
        "Cation transference number": 0.44829508030998727,
        "Thermodynamic factor": 0.7481044997128892,
        "Electrolyte diffusivity [m2.s-1]": 2.3184584382501468e-10,
        "Reference temperature [K]": 386.33274823334665,
        "Ambient temperature [K]": 246.3240181858579,
        "Number of electrodes connected in parallel to make a cell": 1.1660910145631105,
        "Number of cells connected in series to make a battery": 0.6490869894687197,
        "Lower voltage cut-off [V]": 1.9880702776098056,
        "Upper voltage cut-off [V]": 4.170130585136153,
        "Open-circuit voltage at 0% SOC [V]": 3.151012610473011,
        "Open-circuit voltage at 100% SOC [V]": 2.654683511539782,
        "Initial concentration in negative electrode [mol.m-3]": 23652.131660296385,
        "Initial concentration in positive electrode [mol.m-3]": 97.10191960330113,
        "Initial temperature [K]": 315.5895242939301
    },
    "V": [
        3.277307980862865,
        3.0385868750042144,
        3.0300382678621993,
        3.032999396865703,
        3.0372819168498424,
        3.0411814185808637,
        3.044475676915778,
        3.047210763946063,
        3.04944846472664,
        3.0512129925164952,
        3.0524784658310935,
        3.0531631085668414,
        3.053129526402965,
        3.052204395067989,
        3.0502391632221952,
        3.0472181140655734,
        3.043370413599592,
        3.0391824420148357,
        3.035229530381679,
        3.031951493556848,
        3.029520102761861,
        3.0278823274715694,
        3.0268745747788017,
        3.0263159249828555,
        3.026051353197324,
        3.0259680392064343,
        3.025988327384275,
        3.0260600899017938,
        3.026150818082802,
        3.0262396774945355,
        3.0263119365543503,
        3.02636028438169,
        3.026380483942031,
        3.0263669601054195,
        3.026316977379561,
        3.0262277369344024,
        3.0260958452127626,
        3.0259178454784634,
        3.025689118167588,
        3.0254033026899227,
        3.0250541659178887,
        3.0246343216440614,
        3.0241312777270277,
        3.0235319320180682,
        3.0228193305873736,
        3.0219752875547403,
        3.0209752477166347,
        3.019792511410411,
        3.0183946122246113,
        3.0167454177526567,
        3.014805033399959,
        3.0125316988482256,
        3.0098831086525397,
        3.006820282777912,
        3.003312445294177,
        2.9993423756270676,
        2.9949132384432247,
        2.9900514234445765,
        2.984811561408306,
        2.9792774693674904,
        2.973551991755186,
        2.967756810432432,
        2.962010229643525,
        2.95642271302016,
        2.951082002957806,
        2.9460455825540235,
        2.9413365848092283,
        2.9369450096270016,
        2.932823792052196,
        2.928889966051649,
        2.925025323701086,
        2.9210597278310133,
        2.9167616851862372,
        2.9118130788468415,
        2.9057794051156125,
        2.8980851447192926,
        2.888011743771092,
        2.8747668742868027,
        2.857660255171281,
        2.836414667228517,
        2.8114773421206243,
        2.7840559711561577,
        2.755675798297186,
        2.7274430447682567,
        2.6994762689351157,
        2.6708188199837144,
        2.6396254518275164,
        2.6033907121301065,
        2.5589993896140393,
        2.502597753603366,
        2.429312615070752,
        2.332805848055682,
        2.204709518748131,
        2.0337965255809136,
        1.9880802776098074
    ],