{
    "config": {
        "Ideal gas constant [J.K-1.mol-1]": 7.6965855945155655,
        "Faraday constant [C.mol-1]": 91727.08159743504,
        "Boltzmann constant [J.K-1]": 1.45266286882697e-23,
        "Electron charge [C]": 1.9214810398986497e-19,
        "Negative current collector thickness [m]": 1.122810763897442e-05,
        "Negative electrode thickness [m]": 7.281298273700068e-05,
        "Separator thickness [m]": 1.445203475754933e-05,
        "Positive electrode thickness [m]": 6.288493426064262e-05,
        "Positive current collector thickness [m]": 1.299836865565915e-05,
        "Electrode height [m]": 0.06773577892140814,
        "Electrode width [m]": 1.5363030867083618,
        "Cell cooling surface area [m2]": 0.005253994480865644,
        "Cell volume [m3]": 2.438060504006287e-05,
        "Negative current collector conductivity [S.m-1]": 63647924.89786413,
        "Positive current collector conductivity [S.m-1]": 33314116.792744756,
        "Negative current collector density [kg.m-3]": 8007.87779965622,
        "Positive current collector density [kg.m-3]": 2946.678348322857,
        "Positive current collector thermal conductivity [W.m-1.K-1]": 187.47809503436247,
        "Nominal cell capacity [A.h]": 4.50125183414916,
        "Current function [A]": 5.085630136402051,
        "Contact resistance [Ohm]": 0,
        "Negative electrode conductivity [S.m-1]": 210.82908248481192,
        "Maximum concentration in negative electrode [mol.m-3]": 27769.296974872264,
        "Negative electrode porosity": 0.14377272523063042,
        "Negative electrode active material volume fraction": 0.6911693874382723,
        "Negative particle radius [m]": 4.9142821249606e-06,
        "Negative electrode Bruggeman coefficient (electrolyte)": 1.4546914421744082,
        "Negative electrode Bruggeman coefficient (electrode)": 0.0,
        "Negative electrode charge transfer coefficient": 0.5711821525208487,
        "Negative electrode double-layer capacity [F.m-2]": 0.18438690893540224,
        "Negative electrode density [kg.m-3]": 1715.0024013188156,
        "Maximum concentration in positive electrode [mol.m-3]": 55307.2204649502,
        "Positive electrode porosity": 0.27088188952237796,
        "Positive electrode active material volume fraction": 0.8039217757014929,
        "Positive particle radius [m]": 4.474387092947846e-06,
        "Positive electrode Bruggeman coefficient (electrolyte)": 1.7027524356456876,
        "Positive electrode Bruggeman coefficient (electrode)": 0.0,
        "Positive electrode charge transfer coefficient": 0.502801529422211,
        "Positive electrode double-layer capacity [F.m-2]": 0.18208945185873787,
        "Positive electrode density [kg.m-3]": 4148.843204156941,
        "Separator porosity": 0.2765239636030652,
        "Separator Bruggeman coefficient (electrolyte)": 1.3534642637943493,
        "Separator Bruggeman coefficient (electrode)": 1.6861646184442742,
        "Separator density [kg.m-3]": 1646.350747701515,
        "Separator thermal conductivity [W.m-1.K-1]": 0.28244646004085117,
        "Initial concentration in electrolyte [mol.m-3]": 824.3337773443386,
        "Reference temperature [K]": 302.0311939912504,
        "Total heat transfer coefficient [W.m-2.K-1]": 9.19359138149311,
        "Ambient temperature [K]": 338.7621401376879,
        "Number of electrodes connected in parallel to make a cell": 0.9834755499065153,
        "Number of cells connected in series to make a battery": 0.9949599522249082,
        "Lower voltage cut-off [V]": 2.4974653397314786,
        "Upper voltage cut-off [V]": 4.150118346276213,
        "Open-circuit voltage at 0% SOC [V]": 2.8132782427497665,
        "Open-circuit voltage at 100% SOC [V]": 3.5541507263805054,
        "Initial concentration in negative electrode [mol.m-3]": 25326.052211856455,
        "Initial concentration in positive electrode [mol.m-3]": 16392.22399325507,
        "Initial temperature [K]": 275.9012161990007
    },
    "V": [
        4.094457182534155,
        4.044993266125294,
        4.022369216747904,
        4.00835052350765,
        3.9988807218211244,
        3.9894385836653603,
        3.978879526152242,
        3.969357673620145,
        3.9591828259499096,
        3.9497044832298385,
        3.938264487042985,
        3.9277185390090503,
        3.9167119985164325,
        3.9049674340282023,
        3.8934656990830936,
        3.881317185026396,
        3.868575764940978,
        3.856034435207459,
        3.8452261955312825,
        3.8342238311158603,
        3.82292427216054,
        3.812934903282141,
        3.8022212770903407,
        3.7920729791850354,
        3.782069384825879,
        3.771747948208982,
        3.762041366887681,
        3.7516142689075047,
        3.74123557051171,
        3.7299354312817057,
        3.7181137144333776,
        3.706111700706618,
        3.693869661961584,
        3.6811901261545037,
        3.668008134397754,
        3.6542191789093157,
        3.6400746513808615,
        3.625834444151529,
        3.6115428321228613,
        3.5973794425627816,
        3.583236987442393,
        3.5691014543442003,
        3.5549252481979554,
        3.540678935967819,
        3.5265506970356224,
        3.5128283166981644,
        3.499126584623218,
        3.485110874934589,
        3.4704881007775317,
        3.4540165518207386,
        3.4332767098301993,
        3.412262276791485,
        3.3939256532365105,
        3.3698145651604934,
        3.336946859600036,
        3.291983434064111,
        3.2372356192122957,
        3.1762800935778164,
        3.0993331241343314,
        2.9639867931319905,
        2.641592506008247,
        2.4974753397314746
    ],
    "time": [
        0.0,
        36.36363636363637,
        72.72727272727273,
        109.0909090909091,
        145.45454545454547,
        181.81818181818184,
        218.1818181818182,
        254.54545454545456,
        290.90909090909093,
        327.2727272727273,
        363.6363636363637,
        400.00000000000006,
        436.3636363636364,
        472.72727272727275,
        509.0909090909091,
        545.4545454545455,
        581.8181818181819,
        618.1818181818182,
        654.5454545454546,
        690.909090909091,
        727.2727272727274,
        763.6363636363637,
        800.0000000000001,
        836.3636363636365,
        872.7272727272727,
        909.0909090909091,
        945.4545454545455,
        981.8181818181819,
        1018.1818181818182,
        1054.5454545454547,
        1090.909090909091,
        1127.2727272727275,
        1163.6363636363637,
        1200.0,
        1236.3636363636365,
        1272.7272727272727,
        1309.0909090909092,
        1345.4545454545455,
        1381.818181818182,
        1418.1818181818182,
        1454.5454545454547,
        1490.909090909091,
        1527.2727272727275,
        1563.6363636363637,
        1600.0000000000002,
        1636.3636363636365,
        1672.727272727273,
        1709.0909090909092,
        1745.4545454545455,
        1781.818181818182,
        1818.1818181818182,
        1854.5454545454547,
        1890.909090909091,
        1927.2727272727275,
        1963.6363636363637,
        2000.0000000000002,
        2036.3636363636365,
        2072.727272727273,
        2109.0909090909095,
        2145.4545454545455,
        2181.818181818182,
        2190.7283299204173
    ]
}