{
    "config": {
        "Ideal gas constant [J.K-1.mol-1]": 4.911673252319567,
        "Faraday constant [C.mol-1]": 95238.54311683678,
        "Boltzmann constant [J.K-1]": 1.359544338447429e-23,
        "Electron charge [C]": 1.2934735402075714e-19,
        "Ratio of lithium moles to SEI moles": 2.2028237632257914,
        "Inner SEI reaction proportion": 0.5187863199654956,
        "Inner SEI partial molar volume [m3.mol-1]": 0.00013211225700946903,
        "Outer SEI partial molar volume [m3.mol-1]": 0.00012573341971509642,
        "SEI growth transfer coefficient": 0.4129007644607813,
        "SEI reaction exchange current density [A.m-2]": 1.9704610431312538e-07,
        "SEI resistivity [Ohm.m]": 222917.8723048693,
        "Outer SEI solvent diffusivity [m2.s-1]": 1.9004223911223958e-22,
        "Bulk solvent concentration [mol.m-3]": 2442.8817543696086,
        "Inner SEI open-circuit potential [V]": 0.04472371860414503,
        "Outer SEI open-circuit potential [V]": 0.7288193620144889,
        "Inner SEI electron conductivity [S.m-1]": 1.298270565715703e-13,
        "Inner SEI lithium interstitial diffusivity [m2.s-1]": 1.553720688503542e-20,
        "Lithium interstitial reference concentration [mol.m-3]": 17.826872582539668,
        "Initial inner SEI thickness [m]": 3.899357099040626e-09,
        "Initial outer SEI thickness [m]": 3.889071470042012e-09,
        "EC initial concentration in electrolyte [mol.m-3]": 3950.0922971804976,
        "EC diffusivity [m2.s-1]": 1.690566400013862e-18,
        "SEI kinetic rate constant [m.s-1]": 1.2770107708192883e-12,
        "SEI open-circuit potential [V]": 0.35050190495445677,
        "SEI growth activation energy [J.mol-1]": 0.0,
        "Negative electrode reaction-driven LAM factor [m3.mol-1]": 0.0,
        "Positive electrode reaction-driven LAM factor [m3.mol-1]": 0.0,
        "Negative current collector thickness [m]": 2.7427339797000955e-05,
        "Negative electrode thickness [m]": 7.857710343137916e-05,
        "Separator thickness [m]": 2.1181961005487847e-05,
        "Positive electrode thickness [m]": 0.0001472980113021145,
        "Positive current collector thickness [m]": 1.1992506387413812e-05,
        "Electrode height [m]": 0.13762132581783026,
        "Electrode width [m]": 0.20680566762994237,
        "Negative tab width [m]": 0.03588344432611284,
        "Negative tab centre y-coordinate [m]": 0.05901804713589667,
        "Negative tab centre z-coordinate [m]": 0.12881223893544894,
        "Positive tab width [m]": 0.039891055671321535,
        "Positive tab centre y-coordinate [m]": 0.13275367638807067,
        "Positive tab centre z-coordinate [m]": 0.11720373587079914,
        "Cell cooling surface area [m2]": 0.05383776948484764,
        "Cell volume [m3]": 6.893039980488771e-06,
        "Negative current collector conductivity [S.m-1]": 37662198.51194994,
        "Positive current collector conductivity [S.m-1]": 39995977.37024407,
        "Negative current collector density [kg.m-3]": 12140.540671155093,
        "Positive current collector density [kg.m-3]": 2956.0781812698874,
        "Negative current collector specific heat capacity [J.kg-1.K-1]": 208.91179977294166,
        "Positive current collector specific heat capacity [J.kg-1.K-1]": 744.9494787959119,
        "Negative current collector thermal conductivity [W.m-1.K-1]": 591.1534148743206,
        "Positive current collector thermal conductivity [W.m-1.K-1]": 150.9509129128474,
        "Nominal cell capacity [A.h]": 0.6296331985982498,
        "Current function [A]": 0.7479332194936347,
        "Contact resistance [Ohm]": 0,
        "Negative electrode conductivity [S.m-1]": 134.4447300929274,
        "Maximum concentration in negative electrode [mol.m-3]": 31625.974136491255,
        "Negative electrode porosity": 0.3069281703163954,
        "Negative electrode active material volume fraction": 0.4204028647303433,
        "Negative particle radius [m]": 8.618650504088693e-06,
        "Negative electrode Bruggeman coefficient (electrolyte)": 0.947239233818119,
        "Negative electrode Bruggeman coefficient (electrode)": 1.9958677200232957,
        "Negative electrode charge transfer coefficient": 0.47994589685516786,
        "Negative electrode double-layer capacity [F.m-2]": 0.2693142725838031,
        "Negative electrode density [kg.m-3]": 2234.054513459966,
        "Negative electrode specific heat capacity [J.kg-1.K-1]": 624.8979430338882,
        "Negative electrode thermal conductivity [W.m-1.K-1]": 1.6582833451367125,
        "Positive electrode conductivity [S.m-1]": 9.530178755777742,
        "Maximum concentration in positive electrode [mol.m-3]": 44588.130693657324,
        "Positive electrode porosity": 0.2324776861313229,
        "Positive electrode active material volume fraction": 0.46555175484936606,
        "Positive particle radius [m]": 1.0805387533213736e-05,
        "Positive electrode Bruggeman coefficient (electrolyte)": 1.6464069530478866,
        "Positive electrode Bruggeman coefficient (electrode)": 1.6259171275919058,
        "Positive electrode charge transfer coefficient": 0.4709156820422058,
        "Positive electrode double-layer capacity [F.m-2]": 0.30224736949024145,
        "Positive electrode density [kg.m-3]": 4478.48322348619,
        "Positive electrode specific heat capacity [J.kg-1.K-1]": 549.2540106217833,
        "Positive electrode thermal conductivity [W.m-1.K-1]": 2.3113647074373933,
        "Separator porosity": 1.0332914462541045,
        "Separator Bruggeman coefficient (electrolyte)": 1.2751809148354778,
        "Separator density [kg.m-3]": 396.93955154781753,
        "Separator specific heat capacity [J.kg-1.K-1]": 788.7006049780982,
        "Separator thermal conductivity [W.m-1.K-1]": 0.2141651743893336,
        "Initial concentration in electrolyte [mol.m-3]": 913.5851655534883,
        "Cation transference number": 0.3822848360010036,
        "Thermodynamic factor": 1.1897571532661144,
        "Reference temperature [K]": 79.31458350659605,
        "Ambient temperature [K]": 382.8417781120038,
        "Negative current collector surface heat transfer coefficient [W.m-2.K-1]": 0.0,
        "Positive current collector surface heat transfer coefficient [W.m-2.K-1]": 0.0,
        "Negative tab heat transfer coefficient [W.m-2.K-1]": 9.354148833498629,
        "Positive tab heat transfer coefficient [W.m-2.K-1]": 14.818706243281,
        "Edge heat transfer coefficient [W.m-2.K-1]": 0.35154335497694555,
        "Total heat transfer coefficient [W.m-2.K-1]": 7.8911549979273765,
        "Number of electrodes connected in parallel to make a cell": 1.2476165306317069,
        "Number of cells connected in series to make a battery": 1.1692282387495032,
        "Lower voltage cut-off [V]": 3.617076435019887,
        "Upper voltage cut-off [V]": 5.197304960310007,
        "Open-circuit voltage at 0% SOC [V]": 4.62465227265862,
        "Open-circuit voltage at 100% SOC [V]": 5.524233476056072,
        "Initial concentration in negative electrode [mol.m-3]": 21989.899933207882,
        "Initial concentration in positive electrode [mol.m-3]": 28310.79378726756,
        "Initial temperature [K]": 258.6978710941757
    },