{
    "config": {
        "Ideal gas constant [J.K-1.mol-1]": 8.530409193006431,
        "Faraday constant [C.mol-1]": 97071.61460540502,
        "Boltzmann constant [J.K-1]": 1.6085580483682476e-23,
        "Electron charge [C]": 1.5870299560271148e-19,
        "Ratio of lithium moles to SEI moles": 1.888439793000514,
        "Inner SEI reaction proportion": 0.45802965297144593,
        "Inner SEI partial molar volume [m3.mol-1]": 9.76452110340226e-05,
        "Outer SEI partial molar volume [m3.mol-1]": 0.00010910426566517122,
        "SEI reaction exchange current density [A.m-2]": 1.6756434949614423e-07,
        "SEI resistivity [Ohm.m]": 205794.2720236622,
        "Outer SEI solvent diffusivity [m2.s-1]": 2.57407759647426e-22,
        "Bulk solvent concentration [mol.m-3]": 1963.3763985933438,
        "Inner SEI open-circuit potential [V]": 0.12403212157610356,
        "Outer SEI open-circuit potential [V]": 0.6640632404676257,
        "Inner SEI electron conductivity [S.m-1]": 7.448169965711595e-14,
        "Inner SEI lithium interstitial diffusivity [m2.s-1]": 1.1312494417959898e-20,
        "Lithium interstitial reference concentration [mol.m-3]": 6.968952212329418,
        "Initial inner SEI thickness [m]": 2.4386101067819895e-09,
        "Initial outer SEI thickness [m]": 2.1738406514954423e-09,
        "EC initial concentration in electrolyte [mol.m-3]": 3639.4156984474143,
        "EC diffusivity [m2.s-1]": 1.6513675791837873e-18,
        "SEI kinetic rate constant [m.s-1]": 7.919879498332172e-13,
        "SEI open-circuit potential [V]": 0.3385935113482996,
        "SEI growth activation energy [J.mol-1]": 0.0,
        "Negative electrode reaction-driven LAM factor [m3.mol-1]": 0.0,
        "Positive electrode reaction-driven LAM factor [m3.mol-1]": 0.0,
        "Negative current collector thickness [m]": 1.2439126903556756e-05,
        "Negative electrode thickness [m]": 5.7598074224279006e-05,
        "Separator thickness [m]": 1.81175775598077e-05,
        "Positive electrode thickness [m]": 5.577709778916904e-05,
        "Positive current collector thickness [m]": 1.2433516353654898e-05,
        "Electrode height [m]": 0.10121965947417685,
        "Electrode width [m]": 0.10402103693527688,
        "Negative tab width [m]": 0.006909459263473437,
        "Negative tab centre y-coordinate [m]": 0.004372038771219052,
        "Negative tab centre z-coordinate [m]": 0.10312885809314908,
        "Positive tab width [m]": 0.006683302785072289,
        "Positive tab centre y-coordinate [m]": 0.0395056120664394,
        "Positive tab centre z-coordinate [m]": 0.0858893954913541,
        "Cell cooling surface area [m2]": 0.016317972954339344,
        "Cell volume [m3]": 1.914557730032393e-06,
        "Negative current collector conductivity [S.m-1]": 54435500.904586144,
        "Positive current collector conductivity [S.m-1]": 29774045.039426066,
        "Negative current collector density [kg.m-3]": 7561.422687507931,
        "Positive current collector density [kg.m-3]": 2064.870316390362,
        "Negative current collector specific heat capacity [J.kg-1.K-1]": 357.6176083839336,
        "Positive current collector specific heat capacity [J.kg-1.K-1]": 854.5418341737837,
        "Negative current collector thermal conductivity [W.m-1.K-1]": 451.45383036775763,
        "Positive current collector thermal conductivity [W.m-1.K-1]": 142.98107194519073,
        "Nominal cell capacity [A.h]": 0.19001076449526658,
        "Current function [A]": 0.12876463790245718,
        "Contact resistance [Ohm]": 0,
        "Negative electrode conductivity [S.m-1]": 12.158167263462547,
        "Maximum concentration in negative electrode [mol.m-3]": 42012.81059122891,
        "Negative electrode porosity": 0.3759034105163209,
        "Negative electrode active material volume fraction": 0.41426348951478864,
        "Negative particle radius [m]": 1.6786944348583786e-05,
        "Negative electrode Bruggeman coefficient (electrolyte)": 1.9003164208017178,
        "Negative electrode Bruggeman coefficient (electrode)": 0.0,
        "Negative electrode density [kg.m-3]": 1845.2361843625147,
        "Negative electrode specific heat capacity [J.kg-1.K-1]": 1578.3383627739051,
        "Negative electrode thermal conductivity [W.m-1.K-1]": 1.6694316348591132,
        "Negative electrode OCP entropic change [V.K-1]": 0.0,
        "Positive electrode conductivity [S.m-1]": 72.04274382952195,
        "Maximum concentration in positive electrode [mol.m-3]": 46753.19338901679,
        "Positive electrode porosity": 0.3619615470282118,
        "Positive electrode active material volume fraction": 0.4371463616114298,
        "Positive particle radius [m]": 6.510625333264182e-06,
        "Positive electrode Bruggeman coefficient (electrolyte)": 1.5181866759051164,
        "Positive electrode Bruggeman coefficient (electrode)": 0.0,
        "Positive electrode density [kg.m-3]": 2317.881291922161,
        "Positive electrode specific heat capacity [J.kg-1.K-1]": 1271.8125334990054,
        "Positive electrode thermal conductivity [W.m-1.K-1]": 1.3425656901393401,
        "Positive electrode OCP entropic change [V.K-1]": 0.0,
        "Separator porosity": 0.6460637297169282,
        "Separator Bruggeman coefficient (electrolyte)": 1.648448549828814,
        "Separator density [kg.m-3]": 994.4366856644245,
        "Separator specific heat capacity [J.kg-1.K-1]": 1966.1080792373675,
        "Separator thermal conductivity [W.m-1.K-1]": 0.37945673181290895,
        "Initial concentration in electrolyte [mol.m-3]": 1201.6586020709042,
        "Cation transference number": 0.24574918747140231,
        "Thermodynamic factor": 1.069068806674545,
        "Reference temperature [K]": 218.03036153605302,
        "Negative current collector surface heat transfer coefficient [W.m-2.K-1]": 8.012546137715164,
        "Positive current collector surface heat transfer coefficient [W.m-2.K-1]": 7.370934569652985,
        "Negative tab heat transfer coefficient [W.m-2.K-1]": 11.523211513823759,
        "Positive tab heat transfer coefficient [W.m-2.K-1]": 10.695704804694088,
        "Edge heat transfer coefficient [W.m-2.K-1]": 10.968308739181529,
        "Total heat transfer coefficient [W.m-2.K-1]": 12.211277327733004,
        "Ambient temperature [K]": 287.6686174890813,
        "Number of electrodes connected in parallel to make a cell": 1.2222495865658194,
        "Number of cells connected in series to make a battery": 0.8148469488282386,
        "Lower voltage cut-off [V]": 2.206390497719787,
        "Upper voltage cut-off [V]": 4.538738242952396,
        "Open-circuit voltage at 0% SOC [V]": 2.904733045819974,
        "Open-circuit voltage at 100% SOC [V]": 4.120906092052884,
        "Initial concentration in negative electrode [mol.m-3]": 29641.235567994525,
        "Initial concentration in positive electrode [mol.m-3]": 9004.386415187986,
        "Initial temperature [K]": 334.3903810101959
    },