{
    "config": {
        "Ideal gas constant [J.K-1.mol-1]": 7.900277842696354,
        "Faraday constant [C.mol-1]": 95308.84084332125,
        "Boltzmann constant [J.K-1]": 1.5760132227605397e-23,
        "Electron charge [C]": 8.165097942173287e-20,
        "Ratio of lithium moles to SEI moles": 2.3617060068567453,
        "Inner SEI reaction proportion": 0.4280412655408025,
        "Inner SEI partial molar volume [m3.mol-1]": 0.00010542107432289358,
        "Outer SEI partial molar volume [m3.mol-1]": 0.00012025469667935992,
        "SEI reaction exchange current density [A.m-2]": 2.2501161612717688e-07,
        "SEI resistivity [Ohm.m]": 174556.98656201092,
        "Outer SEI solvent diffusivity [m2.s-1]": 1.6867085968070846e-22,
        "Bulk solvent concentration [mol.m-3]": 2436.4674806642624,
        "Inner SEI open-circuit potential [V]": 0.07393966604292308,
        "Outer SEI open-circuit potential [V]": 1.018615139100696,
        "Inner SEI electron conductivity [S.m-1]": 1.2726407808796629e-13,
        "Inner SEI lithium interstitial diffusivity [m2.s-1]": 9.215669547545875e-21,
        "Lithium interstitial reference concentration [mol.m-3]": 14.083845795147203,
        "Initial inner SEI thickness [m]": 2.5464678164515556e-09,
        "Initial outer SEI thickness [m]": 2.7388910991307727e-09,
        "EC initial concentration in electrolyte [mol.m-3]": 2737.7727761230462,
        "EC diffusivity [m2.s-1]": 1.6874973624386886e-18,
        "SEI kinetic rate constant [m.s-1]": 1.0053826054928575e-12,
        "SEI open-circuit potential [V]": 0.315638442931947,
        "SEI growth activation energy [J.mol-1]": 0.0,
        "Negative electrode reaction-driven LAM factor [m3.mol-1]": 0.0,
        "Positive electrode reaction-driven LAM factor [m3.mol-1]": 0.0,
        "Negative current collector thickness [m]": 1.648397201636603e-05,
        "Negative electrode thickness [m]": 6.262396863408306e-05,
        "Separator thickness [m]": 1.39319783200031e-05,
        "Positive electrode thickness [m]": 9.571541746477136e-05,
        "Positive current collector thickness [m]": 1.9492046102220778e-05,
        "Electrode height [m]": 0.05891657687737423,
        "Electrode width [m]": 1.5935925882060908,
        "Cell cooling surface area [m2]": 0.006333555237243946,
        "Cell volume [m3]": 2.624450094549788e-05,
        "Cell thermal expansion coefficient [m.K-1]": 1.1258712723556006e-06,
        "Negative current collector conductivity [S.m-1]": 59082537.44375846,
        "Positive current collector conductivity [S.m-1]": 26909437.16216745,
        "Negative current collector density [kg.m-3]": 6666.37514365035,
        "Positive current collector density [kg.m-3]": 2226.989674437792,
        "Negative current collector specific heat capacity [J.kg-1.K-1]": 465.99861343642795,
        "Positive current collector specific heat capacity [J.kg-1.K-1]": 1297.223438168719,
        "Negative current collector thermal conductivity [W.m-1.K-1]": 422.50264253388144,
        "Positive current collector thermal conductivity [W.m-1.K-1]": 279.56867917814554,
        "Nominal cell capacity [A.h]": 4.8670143864618725,
        "Current function [A]": 8.282652869188833,
        "Contact resistance [Ohm]": 0,
        "Negative electrode conductivity [S.m-1]": 284.09490276816035,
        "Maximum concentration in negative electrode [mol.m-3]": 42994.910954957384,
        "Negative particle diffusivity [m2.s-1]": 3.566603857488348e-14,
        "Negative electrode porosity": 0.34453532142488336,
        "Negative electrode active material volume fraction": 0.6939567646416155,
        "Negative particle radius [m]": 7.816843946821376e-06,
        "Negative electrode Bruggeman coefficient (electrolyte)": 1.9170439147186245,
        "Negative electrode Bruggeman coefficient (electrode)": 0,
        "Negative electrode charge transfer coefficient": 0.6353028568073698,
        "Negative electrode double-layer capacity [F.m-2]": 0.16364491448429533,
        "Negative electrode density [kg.m-3]": 1996.6159817943885,
        "Negative electrode specific heat capacity [J.kg-1.K-1]": 862.3897656588834,
        "Negative electrode thermal conductivity [W.m-1.K-1]": 1.9945660362445854,
        "Negative electrode OCP entropic change [V.K-1]": 0.0,
        "Positive electrode conductivity [S.m-1]": 0.16493198572869744,
        "Maximum concentration in positive electrode [mol.m-3]": 70578.43373669223,
        "Positive particle diffusivity [m2.s-1]": 3.1162824271484404e-15,
        "Positive electrode porosity": 0.21821201952768876,
        "Positive electrode active material volume fraction": 0.7241807994047356,
        "Positive particle radius [m]": 2.895199396008041e-06,
        "Positive electrode Bruggeman coefficient (electrolyte)": 1.4760950100491252,
        "Positive electrode Bruggeman coefficient (electrode)": 0,
        "Positive electrode charge transfer coefficient": 0.36492361282045993,
        "Positive electrode double-layer capacity [F.m-2]": 0.3134604625916644,
        "Positive electrode density [kg.m-3]": 3039.511500788709,
        "Positive electrode specific heat capacity [J.kg-1.K-1]": 596.0290662235166,
        "Positive electrode thermal conductivity [W.m-1.K-1]": 2.7419060919992555,
        "Positive electrode OCP entropic change [V.K-1]": 0.0,
        "Separator porosity": 0.5563471364405164,
        "Separator Bruggeman coefficient (electrolyte)": 1.4790795132097108,
        "Separator density [kg.m-3]": 431.4082488384882,
        "Separator specific heat capacity [J.kg-1.K-1]": 761.3281851499517,
        "Separator thermal conductivity [W.m-1.K-1]": 0.1893216219416527,
        "Initial concentration in electrolyte [mol.m-3]": 1270.353548302014,
        "Cation transference number": 0.33926058406249915,
        "Thermodynamic factor": 1.3209560321472158,
        "Reference temperature [K]": 97.39806631788761,
        "Total heat transfer coefficient [W.m-2.K-1]": 3.533257692723163,
        "Ambient temperature [K]": 310.19471182529986,
        "Number of electrodes connected in parallel to make a cell": 0.725516252543565,
        "Number of cells connected in series to make a battery": 1.2178971787528288,
        "Lower voltage cut-off [V]": 3.430795453767184,
        "Upper voltage cut-off [V]": 4.485548208220109,
        "Open-circuit voltage at 0% SOC [V]": 2.6396494572432068,
        "Open-circuit voltage at 100% SOC [V]": 5.014175389720506,
        "Initial concentration in negative electrode [mol.m-3]": 34102.09912077794,
        "Initial concentration in positive electrode [mol.m-3]": 15583.661826135156,
        "Initial temperature [K]": 365.93358123819246
    },
    "V": [
        4.120039072667191,
        3.9579961850515915,
        3.861254451472731,
        3.815199382610341,
        3.7816652729072966,
        3.7528839367585602,
        3.7267204253521644,
        3.7030346206034688,
        3.680399168342867,
        3.657285712635062,
        3.633275096755237,
        3.608428945426315,
        3.5828116479316914,
        3.556387581293313,
        3.5290456808655515,
        3.500645498985579,
        3.471048870693198,
        3.440026293827434,
        3.4308054537671846
    ],
    "time": [
        0.0,
        36.36363636363637,
        72.72727272727273,
        109.0909090909091,
        145.45454545454547,
        181.81818181818184,
        218.1818181818182,
        254.54545454545456,
        290.90909090909093,
        327.2727272727273,
        363.6363636363637,
        400.00000000000006,
        436.3636363636364,
        472.72727272727275,
        509.0909090909091,
        545.4545454545455,
        581.8181818181819,
        618.1818181818182,
        628.5992477654204
    ]
}