{
    "config": {
        "Ideal gas constant [J.K-1.mol-1]": 10.201337543833967,
        "Faraday constant [C.mol-1]": 91289.80791733264,
        "Boltzmann constant [J.K-1]": 1.5325331485483837e-23,
        "Electron charge [C]": 2.5566028056280927e-19,
        "Ratio of lithium moles to SEI moles": 1.8156946788109438,
        "Inner SEI reaction proportion": 0.5065475853804331,
        "Inner SEI partial molar volume [m3.mol-1]": 0.00011758209253348074,
        "Outer SEI partial molar volume [m3.mol-1]": 0.00010450117801666443,
        "SEI reaction exchange current density [A.m-2]": 1.5300032974069084e-06,
        "SEI resistivity [Ohm.m]": 221909.24512717756,
        "Outer SEI solvent diffusivity [m2.s-1]": 2.3941498089290154e-22,
        "Bulk solvent concentration [mol.m-3]": 2529.331308989875,
        "Inner SEI open-circuit potential [V]": 0.13780080161595396,
        "Outer SEI open-circuit potential [V]": 0.8275816878406752,
        "Inner SEI electron conductivity [S.m-1]": 1.171874525220988e-13,
        "Inner SEI lithium interstitial diffusivity [m2.s-1]": 9.495990724212607e-21,
        "Lithium interstitial reference concentration [mol.m-3]": 16.90700163591598,
        "Initial inner SEI thickness [m]": 3.2839511980136225e-09,
        "Initial outer SEI thickness [m]": 1.5759655206845438e-09,
        "EC initial concentration in electrolyte [mol.m-3]": 1921.7293424851832,
        "EC diffusivity [m2.s-1]": 1.787945524359538e-18,
        "SEI kinetic rate constant [m.s-1]": 9.527424574359371e-13,
        "SEI open-circuit potential [V]": 0.0,
        "SEI growth activation energy [J.mol-1]": 0.0,
        "Negative current collector thickness [m]": 2.038922887785833e-05,
        "Negative electrode thickness [m]": 7.393725238312069e-05,
        "Separator thickness [m]": 9.386168283982694e-06,
        "Positive electrode thickness [m]": 7.565278945435493e-05,
        "Positive current collector thickness [m]": 3.3936836663806895e-05,
        "Electrode height [m]": 0.04792899287510922,
        "Electrode width [m]": 0.7627374184215441,
        "Negative tab width [m]": 0.05263707013411198,
        "Negative tab centre y-coordinate [m]": 0.06968182081966687,
        "Negative tab centre z-coordinate [m]": 0.1768087489355124,
        "Positive tab width [m]": 0.03474675318378995,
        "Positive tab centre y-coordinate [m]": 0.1474060565661156,
        "Positive tab centre z-coordinate [m]": 0.09749314129344441,
        "Negative current collector conductivity [S.m-1]": 35550762.412329875,
        "Positive current collector conductivity [S.m-1]": 41497385.091902345,
        "Negative current collector density [kg.m-3]": 9208.2842132065,
        "Positive current collector density [kg.m-3]": 3146.6923242073954,
        "Negative current collector specific heat capacity [J.kg-1.K-1]": 469.53509532464966,
        "Positive current collector specific heat capacity [J.kg-1.K-1]": 877.5448088951282,
        "Negative current collector thermal conductivity [W.m-1.K-1]": 400.60762238912804,
        "Positive current collector thermal conductivity [W.m-1.K-1]": 310.7265922942411,
        "Nominal cell capacity [A.h]": 1.5468615573305038,
        "Current function [A]": 0.81191788655256,
        "Contact resistance [Ohm]": 0,
        "Negative electrode conductivity [S.m-1]": 71.07920163788677,
        "Maximum concentration in negative electrode [mol.m-3]": 42896.69124221725,
        "Negative electrode porosity": 0.29970621168315725,
        "Negative electrode active material volume fraction": 0.5098111973220282,
        "Negative particle radius [m]": 1.8829089216050463e-06,
        "Negative electrode Bruggeman coefficient (electrolyte)": 4.512391057490112,
        "Negative electrode Bruggeman coefficient (electrode)": 4.0414525791979035,
        "Negative electrode charge transfer coefficient": 0.3341204090544283,
        "Negative electrode double-layer capacity [F.m-2]": 0.1304535584078544,
        "Negative electrode density [kg.m-3]": 1458.5084308469332,
        "Negative electrode specific heat capacity [J.kg-1.K-1]": 693.4341431260192,
        "Negative electrode thermal conductivity [W.m-1.K-1]": 1.1006889910927296,
        "Positive electrode conductivity [S.m-1]": 69.91825502164724,
        "Maximum concentration in positive electrode [mol.m-3]": 55399.68124209111,
        "Positive electrode porosity": 0.3933460988011239,
        "Positive electrode active material volume fraction": 0.25058506801714914,
        "Positive particle radius [m]": 2.3185013558009385e-06,
        "Positive electrode Bruggeman coefficient (electrolyte)": 4.69554609398948,
        "Positive electrode Bruggeman coefficient (electrode)": 3.4027070942587923,
        "Positive electrode charge transfer coefficient": 0.7047465091567279,
        "Positive electrode double-layer capacity [F.m-2]": 0.2593373714514914,
        "Positive electrode density [kg.m-3]": 2187.8248731603135,
        "Positive electrode specific heat capacity [J.kg-1.K-1]": 954.0997081847343,
        "Positive electrode thermal conductivity [W.m-1.K-1]": 2.0131558649199044,
        "Separator porosity": 0.5171474969015776,
        "Separator Bruggeman coefficient (electrolyte)": 1.0813036956257776,
        "Separator density [kg.m-3]": 685.0914686381365,
        "Separator specific heat capacity [J.kg-1.K-1]": 1566.492050275764,
        "Separator thermal conductivity [W.m-1.K-1]": 0.24013566747803,
        "Initial concentration in electrolyte [mol.m-3]": 1653.24650067001,
        "Cation transference number": 0.21666143883565947,
        "Thermodynamic factor": 1.2221796972489543,
        "Reference temperature [K]": 111.03077190080728,
        "Ambient temperature [K]": 270.7194692352081,
        "Negative current collector surface heat transfer coefficient [W.m-2.K-1]": 0.0,
        "Positive current collector surface heat transfer coefficient [W.m-2.K-1]": 0.0,
        "Negative tab heat transfer coefficient [W.m-2.K-1]": 12.70835877223703,
        "Positive tab heat transfer coefficient [W.m-2.K-1]": 12.145142851364625,
        "Edge heat transfer coefficient [W.m-2.K-1]": 0.3277022296416543,
        "Number of electrodes connected in parallel to make a cell": 0.9675320045130219,
        "Number of cells connected in series to make a battery": 1.4026000278769513,
        "Lower voltage cut-off [V]": 2.882745784705323,
        "Upper voltage cut-off [V]": 3.823163561367684,
        "Open-circuit voltage at 0% SOC [V]": 2.743062633510559,
        "Open-circuit voltage at 100% SOC [V]": 5.944898863563268,
        "Initial concentration in negative electrode [mol.m-3]": 13367.519187228781,
        "Initial concentration in positive electrode [mol.m-3]": 26245.63398618683,
        "Initial temperature [K]": 343.1120535693663
    },
    "V": [
        3.8220932306070035,
        3.728206966349446,
        3.677009402886501,
        3.6270797956173135,
        3.5764227608749666,
        3.526890254345868,
        3.4776997002670242,
        3.430521291525694,
        3.384376336202882,
        3.3377452196730895,
        3.2883320098731788,
        3.235030341583249,
        3.177504262677795,
        3.1062623290484623,
        3.0041517772485635,
        2.8827557847053225
    ],
    "time": [
        0.0,
        36.36363636363637,
        72.72727272727273,
        109.0909090909091,
        145.45454545454547,
        181.81818181818184,
        218.1818181818182,
        254.54545454545456,
        290.90909090909093,
        327.2727272727273,
        363.6363636363637,
        400.00000000000006,
        436.3636363636364,
        472.72727272727275,
        509.0909090909091,
        531.090514078903
    ]
}