{
    "config": {
        "Ideal gas constant [J.K-1.mol-1]": 4.157962461166115,
        "Faraday constant [C.mol-1]": 116450.41585830845,
        "Boltzmann constant [J.K-1]": 1.368487648538411e-23,
        "Electron charge [C]": 1.7091528864329147e-19,
        "Ratio of lithium moles to SEI moles": 1.9441374700139826,
        "Inner SEI reaction proportion": 0.5044275281440441,
        "Inner SEI partial molar volume [m3.mol-1]": 9.029851042008067e-05,
        "Outer SEI partial molar volume [m3.mol-1]": 0.00015118201951272155,
        "SEI growth transfer coefficient": 0.5040595481807189,
        "SEI reaction exchange current density [A.m-2]": 1.4421175686869463e-07,
        "SEI resistivity [Ohm.m]": 231583.082341438,
        "Outer SEI solvent diffusivity [m2.s-1]": 1.5497901438538506e-22,
        "Bulk solvent concentration [mol.m-3]": 2567.199762714971,
        "Inner SEI open-circuit potential [V]": 0.10203910187792599,
        "Outer SEI open-circuit potential [V]": 0.6936021645184738,
        "Inner SEI electron conductivity [S.m-1]": 7.451395128400096e-14,
        "Inner SEI lithium interstitial diffusivity [m2.s-1]": 1.1796074069717665e-20,
        "Lithium interstitial reference concentration [mol.m-3]": 14.268890978425965,
        "Initial inner SEI thickness [m]": 2.7550607238942047e-09,
        "Initial outer SEI thickness [m]": 3.1255094388944076e-09,
        "EC initial concentration in electrolyte [mol.m-3]": 5160.202307977611,
        "EC diffusivity [m2.s-1]": 1.7767933671294774e-18,
        "SEI kinetic rate constant [m.s-1]": 1.0165174424633613e-12,
        "SEI open-circuit potential [V]": 0.3963379336342451,
        "SEI growth activation energy [J.mol-1]": 0.0,
        "Negative electrode reaction-driven LAM factor [m3.mol-1]": 0.0,
        "Positive electrode reaction-driven LAM factor [m3.mol-1]": 0.0,
        "Negative current collector thickness [m]": 1.087919259871172e-05,
        "Negative electrode thickness [m]": 0.00013314208097112287,
        "Separator thickness [m]": 3.5485248964358965e-05,
        "Positive electrode thickness [m]": 0.00010250354373177604,
        "Positive current collector thickness [m]": 2.7187525817609122e-05,
        "Electrode height [m]": 0.19420197996440128,
        "Electrode width [m]": 0.1672534258776114,
        "Negative tab width [m]": 0.03613600595345301,
        "Negative tab centre y-coordinate [m]": 0.058814905574534435,
        "Negative tab centre z-coordinate [m]": 0.10484475815583635,
        "Positive tab width [m]": 0.04642627555290439,
        "Positive tab centre y-coordinate [m]": 0.20038835890209492,
        "Positive tab centre z-coordinate [m]": 0.20043921448140914,
        "Cell cooling surface area [m2]": 0.05298337935559116,
        "Cell volume [m3]": 8.197304498089306e-06,
        "Negative current collector conductivity [S.m-1]": 59987595.65679139,
        "Positive current collector conductivity [S.m-1]": 24619892.89169067,
        "Negative current collector density [kg.m-3]": 7003.1064472975795,
        "Positive current collector density [kg.m-3]": 2979.707797176594,
        "Negative current collector specific heat capacity [J.kg-1.K-1]": 332.95486078099975,
        "Positive current collector specific heat capacity [J.kg-1.K-1]": 899.8485125889814,
        "Negative current collector thermal conductivity [W.m-1.K-1]": 353.9360278697674,
        "Positive current collector thermal conductivity [W.m-1.K-1]": 158.63691815679692,
        "Nominal cell capacity [A.h]": 0.5851865787512196,
        "Current function [A]": 0.5458005468408293,
        "Contact resistance [Ohm]": 0,
        "Negative electrode conductivity [S.m-1]": 62.04227509729102,
        "Maximum concentration in negative electrode [mol.m-3]": 18609.71408583333,
        "Negative electrode porosity": 0.29537011731703045,
        "Negative electrode active material volume fraction": 0.572094121535308,
        "Negative particle radius [m]": 9.74858715258205e-06,
        "Negative electrode Bruggeman coefficient (electrolyte)": 1.477732200864023,
        "Negative electrode Bruggeman coefficient (electrode)": 0.9864788679278553,
        "Negative electrode charge transfer coefficient": 0.7199323633469571,
        "Negative electrode double-layer capacity [F.m-2]": 0.17798487673335048,
        "Negative electrode density [kg.m-3]": 2129.1216563169965,
        "Negative electrode specific heat capacity [J.kg-1.K-1]": 1089.1049609979727,
        "Negative electrode thermal conductivity [W.m-1.K-1]": 2.1708230914626103,
        "Positive electrode conductivity [S.m-1]": 7.773317056548361,
        "Maximum concentration in positive electrode [mol.m-3]": 55680.619466248885,
        "Positive electrode porosity": 0.3720794151484272,
        "Positive electrode active material volume fraction": 0.5859116493955548,
        "Positive particle radius [m]": 9.2862697800022e-06,
        "Positive electrode Bruggeman coefficient (electrolyte)": 1.8291839156310807,
        "Positive electrode Bruggeman coefficient (electrode)": 1.6726056657466255,
        "Positive electrode charge transfer coefficient": 0.5061581330353481,
        "Positive electrode double-layer capacity [F.m-2]": 0.2432996849222394,
        "Positive electrode density [kg.m-3]": 3310.905211398559,
        "Positive electrode specific heat capacity [J.kg-1.K-1]": 728.2369533338298,
        "Positive electrode thermal conductivity [W.m-1.K-1]": 1.4252565539152147,
        "Separator porosity": 1.0021543876580958,
        "Separator Bruggeman coefficient (electrolyte)": 1.5788152891148217,
        "Separator density [kg.m-3]": 355.4611166443581,
        "Separator specific heat capacity [J.kg-1.K-1]": 825.4621804562885,
        "Separator thermal conductivity [W.m-1.K-1]": 0.20175625542395276,
        "Initial concentration in electrolyte [mol.m-3]": 1117.9222626649785,
        "Cation transference number": 0.5689136190280016,
        "Thermodynamic factor": 1.206621737336855,
        "Reference temperature [K]": 339.5099336101465,
        "Ambient temperature [K]": 233.62529569757916,
        "Negative current collector surface heat transfer coefficient [W.m-2.K-1]": 0.0,
        "Positive current collector surface heat transfer coefficient [W.m-2.K-1]": 0.0,
        "Negative tab heat transfer coefficient [W.m-2.K-1]": 5.957372725208548,
        "Positive tab heat transfer coefficient [W.m-2.K-1]": 10.152599578555249,
        "Edge heat transfer coefficient [W.m-2.K-1]": 0.1939134505026055,
        "Total heat transfer coefficient [W.m-2.K-1]": 7.689479634413829,
        "Number of electrodes connected in parallel to make a cell": 1.1196666870653456,
        "Number of cells connected in series to make a battery": 1.0556968722423226,
        "Lower voltage cut-off [V]": 1.5949878544906828,
        "Upper voltage cut-off [V]": 4.428581768708409,
        "Open-circuit voltage at 0% SOC [V]": 2.56167870026976,
        "Open-circuit voltage at 100% SOC [V]": 4.270585934381052,
        "Initial concentration in negative electrode [mol.m-3]": 17321.30523464138,
        "Initial concentration in positive electrode [mol.m-3]": 25924.799876623052,
        "Initial temperature [K]": 260.72346051675567
    },