{
    "config": {
        "Ideal gas constant [J.K-1.mol-1]": 8.01806424906612,
        "Faraday constant [C.mol-1]": 124008.26299592179,
        "Boltzmann constant [J.K-1]": 1.209851527008447e-23,
        "Electron charge [C]": 1.2371623212416893e-19,
        "Ratio of lithium moles to SEI moles": 2.1686566144860815,
        "Inner SEI reaction proportion": 0.4036874003830261,
        "Inner SEI partial molar volume [m3.mol-1]": 0.0001079688727344066,
        "Outer SEI partial molar volume [m3.mol-1]": 6.0112292014218026e-05,
        "SEI reaction exchange current density [A.m-2]": 1.9932325789476516e-06,
        "SEI resistivity [Ohm.m]": 133743.3749587265,
        "Outer SEI solvent diffusivity [m2.s-1]": 2.451094975235273e-22,
        "Bulk solvent concentration [mol.m-3]": 3449.9225397511896,
        "Inner SEI open-circuit potential [V]": 0.06646888010224561,
        "Outer SEI open-circuit potential [V]": 0.8685173009655269,
        "Inner SEI electron conductivity [S.m-1]": 7.040904513788447e-14,
        "Inner SEI lithium interstitial diffusivity [m2.s-1]": 1.1372491266321698e-20,
        "Lithium interstitial reference concentration [mol.m-3]": 21.568683292454345,
        "Initial inner SEI thickness [m]": 2.6860934517890254e-09,
        "Initial outer SEI thickness [m]": 3.1917144240683143e-09,
        "EC initial concentration in electrolyte [mol.m-3]": 6481.204675569461,
        "EC diffusivity [m2.s-1]": 1.7209175234657579e-18,
        "SEI kinetic rate constant [m.s-1]": 9.935746698704394e-13,
        "SEI open-circuit potential [V]": 0.0,
        "SEI growth activation energy [J.mol-1]": 0.0,
        "Negative current collector thickness [m]": 1.8051707076822007e-05,
        "Negative electrode thickness [m]": 6.378830312436343e-05,
        "Separator thickness [m]": 2.3997532468860085e-05,
        "Positive electrode thickness [m]": 6.80872450853511e-05,
        "Positive current collector thickness [m]": 1.3394325610134967e-05,
        "Electrode height [m]": 0.0645124122497722,
        "Electrode width [m]": 1.0703579460564172,
        "Negative tab width [m]": 0.03906543730067738,
        "Negative tab centre y-coordinate [m]": 0.06483549508193581,
        "Negative tab centre z-coordinate [m]": 0.1524388136434787,
        "Positive tab width [m]": 0.036630585793087485,
        "Positive tab centre y-coordinate [m]": 0.13961544750129903,
        "Positive tab centre z-coordinate [m]": 0.19017840944120962,
        "Negative current collector conductivity [S.m-1]": 44480726.914688036,
        "Positive current collector conductivity [S.m-1]": 44490093.64296092,
        "Negative current collector density [kg.m-3]": 10734.492838095946,
        "Positive current collector density [kg.m-3]": 3560.6426578773167,
        "Negative current collector specific heat capacity [J.kg-1.K-1]": 362.51753906088766,
        "Positive current collector specific heat capacity [J.kg-1.K-1]": 1067.060258368909,
        "Negative current collector thermal conductivity [W.m-1.K-1]": 450.861002110282,
        "Positive current collector thermal conductivity [W.m-1.K-1]": 307.8989411021575,
        "Nominal cell capacity [A.h]": 0.9538700046980835,
        "Current function [A]": 1.149894926833344,
        "Contact resistance [Ohm]": 0,
        "Negative electrode conductivity [S.m-1]": 98.50806264192093,
        "Maximum concentration in negative electrode [mol.m-3]": 30136.19333817061,
        "Negative electrode porosity": 0.5108611106061667,
        "Negative electrode active material volume fraction": 0.48099954014917123,
        "Negative particle radius [m]": 2.5491857405285846e-06,
        "Negative electrode Bruggeman coefficient (electrolyte)": 4.484938329548944,
        "Negative electrode Bruggeman coefficient (electrode)": 3.756192457344558,
        "Negative electrode charge transfer coefficient": 0.5299492832250767,
        "Negative electrode double-layer capacity [F.m-2]": 0.14931110251342986,
        "Negative electrode density [kg.m-3]": 1827.0771571180537,
        "Negative electrode specific heat capacity [J.kg-1.K-1]": 548.3627938393697,
        "Negative electrode thermal conductivity [W.m-1.K-1]": 2.067736375693243,
        "Positive electrode conductivity [S.m-1]": 86.20006136383456,
        "Maximum concentration in positive electrode [mol.m-3]": 36471.42395212032,
        "Positive electrode porosity": 0.44781489169395455,
        "Positive electrode active material volume fraction": 0.6694038744080224,
        "Positive particle radius [m]": 1.108070266756569e-06,
        "Positive electrode Bruggeman coefficient (electrolyte)": 4.547837203936335,
        "Positive electrode Bruggeman coefficient (electrode)": 4.081177305531749,
        "Positive electrode charge transfer coefficient": 0.2924235391416971,
        "Positive electrode double-layer capacity [F.m-2]": 0.2860533719647308,
        "Positive electrode density [kg.m-3]": 5088.108539341669,
        "Positive electrode specific heat capacity [J.kg-1.K-1]": 741.1842532408336,
        "Positive electrode thermal conductivity [W.m-1.K-1]": 2.4043493764040367,
        "Separator porosity": 0.5565159702698523,
        "Separator Bruggeman coefficient (electrolyte)": 1.6467181093403411,
        "Separator density [kg.m-3]": 983.5041589544309,
        "Separator specific heat capacity [J.kg-1.K-1]": 646.6075156650195,
        "Separator thermal conductivity [W.m-1.K-1]": 0.24563595505070102,
        "Initial concentration in electrolyte [mol.m-3]": 1245.8690094433932,
        "Cation transference number": 0.3454564634498451,
        "Thermodynamic factor": 1.1420803564797444,
        "Reference temperature [K]": 280.7668858557782,
        "Ambient temperature [K]": 297.1188715429612,
        "Negative current collector surface heat transfer coefficient [W.m-2.K-1]": 0.0,
        "Positive current collector surface heat transfer coefficient [W.m-2.K-1]": 0.0,
        "Negative tab heat transfer coefficient [W.m-2.K-1]": 8.22543415787491,
        "Positive tab heat transfer coefficient [W.m-2.K-1]": 12.24674126330393,
        "Edge heat transfer coefficient [W.m-2.K-1]": 0.43006990177054044,
        "Number of electrodes connected in parallel to make a cell": 0.7905220772894336,
        "Number of cells connected in series to make a battery": 1.5922905709637722,
        "Lower voltage cut-off [V]": 3.1754551957864092,
        "Upper voltage cut-off [V]": 4.9229571286689735,
        "Open-circuit voltage at 0% SOC [V]": 3.371502987735833,
        "Open-circuit voltage at 100% SOC [V]": 5.600548091903919,
        "Initial concentration in negative electrode [mol.m-3]": 21827.241375425412,
        "Initial concentration in positive electrode [mol.m-3]": 20754.58134678108,
        "Initial temperature [K]": 304.0910558808281
    },