{
    "config": {
        "Ideal gas constant [J.K-1.mol-1]": 5.713641139880802,
        "Faraday constant [C.mol-1]": 104439.18223615136,
        "Boltzmann constant [J.K-1]": 1.996377841121022e-23,
        "Electron charge [C]": 2.3832252189248904e-19,
        "Ratio of lithium moles to SEI moles": 1.5022596805049946,
        "Inner SEI reaction proportion": 0.38050414123107124,
        "Inner SEI partial molar volume [m3.mol-1]": 0.00012696272465942057,
        "Outer SEI partial molar volume [m3.mol-1]": 6.460460497049942e-05,
        "SEI reaction exchange current density [A.m-2]": 1.4107028055352263e-07,
        "SEI resistivity [Ohm.m]": 184869.44608279443,
        "Outer SEI solvent diffusivity [m2.s-1]": 2.3685030534132963e-22,
        "Bulk solvent concentration [mol.m-3]": 2720.8584370106837,
        "Inner SEI open-circuit potential [V]": 0.12787999090969723,
        "Outer SEI open-circuit potential [V]": 0.8634743221106446,
        "Inner SEI electron conductivity [S.m-1]": 9.106464993153624e-14,
        "Inner SEI lithium interstitial diffusivity [m2.s-1]": 8.803185128550197e-21,
        "Lithium interstitial reference concentration [mol.m-3]": 15.970020903587118,
        "Initial inner SEI thickness [m]": 2.2731381944852296e-09,
        "Initial outer SEI thickness [m]": 2.003457548577549e-09,
        "EC initial concentration in electrolyte [mol.m-3]": 4700.921787967277,
        "EC diffusivity [m2.s-1]": 2.2577091725823864e-18,
        "SEI kinetic rate constant [m.s-1]": 1.3235370893861374e-12,
        "SEI open-circuit potential [V]": 0.578502290392618,
        "SEI growth activation energy [J.mol-1]": 0.0,
        "Negative electrode reaction-driven LAM factor [m3.mol-1]": 0.0,
        "Positive electrode reaction-driven LAM factor [m3.mol-1]": 0.0,
        "Negative current collector thickness [m]": 1.4296881151976027e-05,
        "Negative electrode thickness [m]": 0.00010196135131358244,
        "Separator thickness [m]": 1.949627310151585e-05,
        "Positive electrode thickness [m]": 7.645098251977023e-05,
        "Positive current collector thickness [m]": 1.7088573164067955e-05,
        "Electrode height [m]": 0.08815729081016906,
        "Electrode width [m]": 0.09293864122319348,
        "Negative tab width [m]": 0.006282509026892588,
        "Negative tab centre y-coordinate [m]": 0.0028040705007388337,
        "Negative tab centre z-coordinate [m]": 0.0902996240047621,
        "Positive tab width [m]": 0.00311880840989635,
        "Positive tab centre y-coordinate [m]": 0.03668017672416164,
        "Positive tab centre z-coordinate [m]": 0.08155543942812443,
        "Cell cooling surface area [m2]": 0.00997271050791523,
        "Cell volume [m3]": 1.6857210908807358e-06,
        "Negative current collector conductivity [S.m-1]": 21904686.478736438,
        "Positive current collector conductivity [S.m-1]": 40062485.16207117,
        "Negative current collector density [kg.m-3]": 10018.623731019026,
        "Positive current collector density [kg.m-3]": 911.6411286047551,
        "Negative current collector specific heat capacity [J.kg-1.K-1]": 221.89369329339334,
        "Positive current collector specific heat capacity [J.kg-1.K-1]": 723.0542152238313,
        "Negative current collector thermal conductivity [W.m-1.K-1]": 555.630343917087,
        "Positive current collector thermal conductivity [W.m-1.K-1]": 189.41124913328983,
        "Nominal cell capacity [A.h]": 0.12869891189485164,
        "Current function [A]": 0.11584324982476446,
        "Contact resistance [Ohm]": 0,
        "Negative electrode conductivity [S.m-1]": 10.105692756994706,
        "Maximum concentration in negative electrode [mol.m-3]": 50018.0128923756,
        "Negative electrode porosity": 0.3095115350496256,
        "Negative electrode active material volume fraction": 0.27047668506157213,
        "Negative particle radius [m]": 1.2286979427541534e-05,
        "Negative electrode Bruggeman coefficient (electrolyte)": 1.9185618286457915,
        "Negative electrode Bruggeman coefficient (electrode)": 0.0,
        "Negative electrode density [kg.m-3]": 1522.219138179656,
        "Negative electrode specific heat capacity [J.kg-1.K-1]": 1867.246259471094,
        "Negative electrode thermal conductivity [W.m-1.K-1]": 1.5872822293235236,
        "Negative electrode OCP entropic change [V.K-1]": 0.0,
        "Positive electrode conductivity [S.m-1]": 68.42186826180408,
        "Maximum concentration in positive electrode [mol.m-3]": 46356.28367964105,
        "Positive electrode porosity": 0.40041269274299235,
        "Positive electrode active material volume fraction": 0.3978100804659799,
        "Positive particle radius [m]": 7.180871511808279e-06,
        "Positive electrode Bruggeman coefficient (electrolyte)": 1.537665689700146,
        "Positive electrode Bruggeman coefficient (electrode)": 0.0,
        "Positive electrode density [kg.m-3]": 1663.5975079201585,
        "Positive electrode specific heat capacity [J.kg-1.K-1]": 873.9517055093295,
        "Positive electrode thermal conductivity [W.m-1.K-1]": 1.1649842185321067,
        "Positive electrode OCP entropic change [V.K-1]": 0.0,
        "Separator porosity": 0.46847281160778687,
        "Separator Bruggeman coefficient (electrolyte)": 2.9124219430954095,
        "Separator density [kg.m-3]": 769.6226484282412,
        "Separator specific heat capacity [J.kg-1.K-1]": 2126.087599012352,
        "Separator thermal conductivity [W.m-1.K-1]": 0.44345903851645396,
        "Initial concentration in electrolyte [mol.m-3]": 1076.3226396382436,
        "Cation transference number": 0.2217529517825984,
        "Thermodynamic factor": 1.2143304791885554,
        "Reference temperature [K]": 308.5650774855938,
        "Negative current collector surface heat transfer coefficient [W.m-2.K-1]": 6.587704476855887,
        "Positive current collector surface heat transfer coefficient [W.m-2.K-1]": 14.168868120632368,
        "Negative tab heat transfer coefficient [W.m-2.K-1]": 10.859929719804065,
        "Positive tab heat transfer coefficient [W.m-2.K-1]": 11.267980587079125,
        "Edge heat transfer coefficient [W.m-2.K-1]": 12.84717423372578,
        "Total heat transfer coefficient [W.m-2.K-1]": 10.498379778775549,
        "Ambient temperature [K]": 258.713669083376,
        "Number of electrodes connected in parallel to make a cell": 0.9175408714756065,
        "Number of cells connected in series to make a battery": 0.5034350480136116,
        "Lower voltage cut-off [V]": 2.4222992986335297,
        "Upper voltage cut-off [V]": 4.896795715566382,
        "Open-circuit voltage at 0% SOC [V]": 2.4628905503326957,
        "Open-circuit voltage at 100% SOC [V]": 4.524504276007518,
        "Initial concentration in negative electrode [mol.m-3]": 31206.631613061563,
        "Initial concentration in positive electrode [mol.m-3]": 13178.896089545973,
        "Initial temperature [K]": 287.7395341623709
    },