{
    "config": {
        "Ideal gas constant [J.K-1.mol-1]": 10.439243750870464,
        "Faraday constant [C.mol-1]": 97087.50215963194,
        "Boltzmann constant [J.K-1]": 1.0847878054464232e-23,
        "Electron charge [C]": 2.2781261487062563e-19,
        "Ratio of lithium moles to SEI moles": 1.8389947001929952,
        "Inner SEI reaction proportion": 0.4169982344278341,
        "Inner SEI partial molar volume [m3.mol-1]": 8.878111575310372e-05,
        "Outer SEI partial molar volume [m3.mol-1]": 0.00010993213072201335,
        "SEI growth transfer coefficient": 0.46710626250637594,
        "SEI reaction exchange current density [A.m-2]": 1.4574298736813536e-07,
        "SEI resistivity [Ohm.m]": 229195.19685602852,
        "Outer SEI solvent diffusivity [m2.s-1]": 2.949737305304123e-22,
        "Bulk solvent concentration [mol.m-3]": 2143.7473827224435,
        "Inner SEI open-circuit potential [V]": 0.08438695061807688,
        "Outer SEI open-circuit potential [V]": 0.8861829038869178,
        "Inner SEI electron conductivity [S.m-1]": 1.0658981856148091e-13,
        "Inner SEI lithium interstitial diffusivity [m2.s-1]": 1.2607789869748554e-20,
        "Lithium interstitial reference concentration [mol.m-3]": 16.022725573431078,
        "Initial inner SEI thickness [m]": 3.295087496780014e-09,
        "Initial outer SEI thickness [m]": 2.9592973863404554e-09,
        "EC initial concentration in electrolyte [mol.m-3]": 4312.776286232444,
        "EC diffusivity [m2.s-1]": 2.360349152514765e-18,
        "SEI kinetic rate constant [m.s-1]": 7.016257681297575e-13,
        "SEI open-circuit potential [V]": 0.4520065240589884,
        "SEI growth activation energy [J.mol-1]": 0.0,
        "Negative electrode reaction-driven LAM factor [m3.mol-1]": 0.0,
        "Positive electrode reaction-driven LAM factor [m3.mol-1]": 0.0,
        "Negative current collector thickness [m]": 2.9125798428211536e-05,
        "Negative electrode thickness [m]": 8.240616409934164e-05,
        "Separator thickness [m]": 2.559271760293613e-05,
        "Positive electrode thickness [m]": 0.00011937954587058781,
        "Positive current collector thickness [m]": 2.658043216996426e-05,
        "Electrode height [m]": 0.1156064781986721,
        "Electrode width [m]": 0.3280548362541883,
        "Negative tab width [m]": 0.03141237792789016,
        "Negative tab centre y-coordinate [m]": 0.04747809438122308,
        "Negative tab centre z-coordinate [m]": 0.17401139244581498,
        "Positive tab width [m]": 0.0370042460233721,
        "Positive tab centre y-coordinate [m]": 0.18977998440300678,
        "Positive tab centre z-coordinate [m]": 0.18069395868215732,
        "Cell cooling surface area [m2]": 0.07674257668805726,
        "Cell volume [m3]": 5.213892406929596e-06,
        "Negative current collector conductivity [S.m-1]": 85836344.4892127,
        "Positive current collector conductivity [S.m-1]": 38480775.869580925,
        "Negative current collector density [kg.m-3]": 8271.304858211935,
        "Positive current collector density [kg.m-3]": 3879.8601933927894,
        "Negative current collector specific heat capacity [J.kg-1.K-1]": 390.62183851988243,
        "Positive current collector specific heat capacity [J.kg-1.K-1]": 705.2809039916237,
        "Negative current collector thermal conductivity [W.m-1.K-1]": 287.13273671700176,
        "Positive current collector thermal conductivity [W.m-1.K-1]": 253.1975176386697,
        "Nominal cell capacity [A.h]": 0.6983652811086649,
        "Current function [A]": 0.7788910089113111,
        "Contact resistance [Ohm]": 0,
        "Negative electrode conductivity [S.m-1]": 77.7782848634094,
        "Maximum concentration in negative electrode [mol.m-3]": 29397.474904993815,
        "Negative electrode porosity": 0.2960175446844964,
        "Negative electrode active material volume fraction": 0.5384866817863678,
        "Negative particle radius [m]": 1.0537021407020273e-05,
        "Negative electrode Bruggeman coefficient (electrolyte)": 2.3089648012137616,
        "Negative electrode Bruggeman coefficient (electrode)": 1.0544281217020965,
        "Negative electrode charge transfer coefficient": 0.6199428438444945,
        "Negative electrode double-layer capacity [F.m-2]": 0.07752425512114186,
        "Negative electrode density [kg.m-3]": 1366.2271503343277,
        "Negative electrode specific heat capacity [J.kg-1.K-1]": 987.5383136884393,
        "Negative electrode thermal conductivity [W.m-1.K-1]": 2.726860719897095,
        "Positive electrode conductivity [S.m-1]": 8.205888876226425,
        "Maximum concentration in positive electrode [mol.m-3]": 59923.90406589648,
        "Positive electrode porosity": 0.3598047778727007,
        "Positive electrode active material volume fraction": 0.5966345071128306,
        "Positive particle radius [m]": 7.477285013700423e-06,
        "Positive electrode Bruggeman coefficient (electrolyte)": 1.4212838165828554,
        "Positive electrode Bruggeman coefficient (electrode)": 1.1860499633232107,
        "Positive electrode charge transfer coefficient": 0.47059654886037366,
        "Positive electrode double-layer capacity [F.m-2]": 0.162870198539142,
        "Positive electrode density [kg.m-3]": 5268.167591753987,
        "Positive electrode specific heat capacity [J.kg-1.K-1]": 823.1039428217468,
        "Positive electrode thermal conductivity [W.m-1.K-1]": 2.417138227716092,
        "Separator porosity": 1.0748908117152887,
        "Separator Bruggeman coefficient (electrolyte)": 1.3875509350157533,
        "Separator density [kg.m-3]": 471.97004831963153,
        "Separator specific heat capacity [J.kg-1.K-1]": 901.4798188442883,
        "Separator thermal conductivity [W.m-1.K-1]": 0.14629513580948916,
        "Initial concentration in electrolyte [mol.m-3]": 1232.3934904465818,
        "Cation transference number": 0.4864618236953271,
        "Thermodynamic factor": 0.6220213787800302,
        "Reference temperature [K]": 357.70389820359594,
        "Ambient temperature [K]": 283.6169336289615,
        "Negative current collector surface heat transfer coefficient [W.m-2.K-1]": 0.0,
        "Positive current collector surface heat transfer coefficient [W.m-2.K-1]": 0.0,
        "Negative tab heat transfer coefficient [W.m-2.K-1]": 14.280295878472455,
        "Positive tab heat transfer coefficient [W.m-2.K-1]": 9.685004674096675,
        "Edge heat transfer coefficient [W.m-2.K-1]": 0.36297937368562483,
        "Total heat transfer coefficient [W.m-2.K-1]": 12.303969008286373,
        "Number of electrodes connected in parallel to make a cell": 0.8533763347741841,
        "Number of cells connected in series to make a battery": 1.1709074211835524,
        "Lower voltage cut-off [V]": 2.305594082657452,
        "Upper voltage cut-off [V]": 4.135593403380816,
        "Open-circuit voltage at 0% SOC [V]": 2.5702375351138267,
        "Open-circuit voltage at 100% SOC [V]": 2.1235362228630965,
        "Initial concentration in negative electrode [mol.m-3]": 18624.412742383825,
        "Initial concentration in positive electrode [mol.m-3]": 28662.649205978643,
        "Initial temperature [K]": 370.12750946207206
    },