{
    "config": {
        "Ideal gas constant [J.K-1.mol-1]": 5.485408729493017,
        "Faraday constant [C.mol-1]": 96537.33690100184,
        "Boltzmann constant [J.K-1]": 1.1639743378112241e-23,
        "Electron charge [C]": 8.884979906494615e-20,
        "Ratio of lithium moles to SEI moles": 1.7389030610809244,
        "Inner SEI reaction proportion": 0.5490906222900372,
        "Inner SEI partial molar volume [m3.mol-1]": 0.00013448247387448924,
        "Outer SEI partial molar volume [m3.mol-1]": 0.0001031780517962235,
        "SEI reaction exchange current density [A.m-2]": 9.681981657353609e-08,
        "SEI resistivity [Ohm.m]": 308228.8723167324,
        "Outer SEI solvent diffusivity [m2.s-1]": 2.667972533661729e-22,
        "Bulk solvent concentration [mol.m-3]": 2532.3253415434338,
        "Inner SEI open-circuit potential [V]": 0.07514179352483347,
        "Outer SEI open-circuit potential [V]": 1.169040151993698,
        "Inner SEI electron conductivity [S.m-1]": 9.338916483819173e-14,
        "Inner SEI lithium interstitial diffusivity [m2.s-1]": 5.282870931088742e-21,
        "Lithium interstitial reference concentration [mol.m-3]": 17.215367499452018,
        "Initial inner SEI thickness [m]": 1.9462005712671443e-09,
        "Initial outer SEI thickness [m]": 1.3621725344924268e-09,
        "EC initial concentration in electrolyte [mol.m-3]": 5348.064948903151,
        "EC diffusivity [m2.s-1]": 1.9620881560984545e-18,
        "SEI kinetic rate constant [m.s-1]": 1.0006694142920653e-12,
        "SEI open-circuit potential [V]": 0.2888103512370013,
        "SEI growth activation energy [J.mol-1]": 0.0,
        "Negative electrode reaction-driven LAM factor [m3.mol-1]": 0.0,
        "Positive electrode reaction-driven LAM factor [m3.mol-1]": 0.0,
        "Negative current collector thickness [m]": 1.1552311428836533e-05,
        "Negative electrode thickness [m]": 0.00010666727193079525,
        "Separator thickness [m]": 9.392589427851714e-06,
        "Positive electrode thickness [m]": 9.880192899981851e-05,
        "Positive current collector thickness [m]": 1.653387440025241e-05,
        "Electrode height [m]": 0.08964982236416247,
        "Electrode width [m]": 1.492640207109758,
        "Cell cooling surface area [m2]": 0.00792370648357279,
        "Cell volume [m3]": 3.271349543634506e-05,
        "Cell thermal expansion coefficient [m.K-1]": 1.2084993193059732e-06,
        "Negative current collector conductivity [S.m-1]": 61209398.80363084,
        "Positive current collector conductivity [S.m-1]": 18413371.56372405,
        "Negative current collector density [kg.m-3]": 6798.151710653325,
        "Positive current collector density [kg.m-3]": 2153.8535029450495,
        "Negative current collector specific heat capacity [J.kg-1.K-1]": 318.4058833034426,
        "Positive current collector specific heat capacity [J.kg-1.K-1]": 782.158450302254,
        "Negative current collector thermal conductivity [W.m-1.K-1]": 567.738719958244,
        "Positive current collector thermal conductivity [W.m-1.K-1]": 257.32415936297366,
        "Nominal cell capacity [A.h]": 4.09996118634243,
        "Current function [A]": 6.831970733511239,
        "Contact resistance [Ohm]": 0,
        "Negative electrode conductivity [S.m-1]": 184.59659165331047,
        "Maximum concentration in negative electrode [mol.m-3]": 29547.383849435464,
        "Negative particle diffusivity [m2.s-1]": 4.871308047911827e-14,
        "Negative electrode porosity": 0.2867707856560637,
        "Negative electrode active material volume fraction": 0.9046358701514408,
        "Negative particle radius [m]": 8.83905159254217e-06,
        "Negative electrode Bruggeman coefficient (electrolyte)": 0.8941234291780216,
        "Negative electrode Bruggeman coefficient (electrode)": 0,
        "Negative electrode charge transfer coefficient": 0.39462425137725804,
        "Negative electrode double-layer capacity [F.m-2]": 0.15648441745666777,
        "Negative electrode density [kg.m-3]": 1284.6741979976885,
        "Negative electrode specific heat capacity [J.kg-1.K-1]": 386.29626792123867,
        "Negative electrode thermal conductivity [W.m-1.K-1]": 2.248293493807911,
        "Negative electrode OCP entropic change [V.K-1]": 0.0,
        "Positive electrode conductivity [S.m-1]": 0.1414135241257818,
        "Maximum concentration in positive electrode [mol.m-3]": 58641.57684932284,
        "Positive particle diffusivity [m2.s-1]": 3.877053481896709e-15,
        "Positive electrode porosity": 0.4313659449259608,
        "Positive electrode active material volume fraction": 0.5696531468356965,
        "Positive particle radius [m]": 4.360314576473277e-06,
        "Positive electrode Bruggeman coefficient (electrolyte)": 1.614742787310112,
        "Positive electrode Bruggeman coefficient (electrode)": 0,
        "Positive electrode charge transfer coefficient": 0.723022324287097,
        "Positive electrode double-layer capacity [F.m-2]": 0.24133764074368325,
        "Positive electrode density [kg.m-3]": 2825.45212107415,
        "Positive electrode specific heat capacity [J.kg-1.K-1]": 533.0475223133121,
        "Positive electrode thermal conductivity [W.m-1.K-1]": 1.9099567833742939,
        "Positive electrode OCP entropic change [V.K-1]": 0.0,
        "Separator porosity": 0.3673290580020999,
        "Separator Bruggeman coefficient (electrolyte)": 0.9001902659574743,
        "Separator density [kg.m-3]": 496.5710482174884,
        "Separator specific heat capacity [J.kg-1.K-1]": 630.6712644850744,
        "Separator thermal conductivity [W.m-1.K-1]": 0.17645512524363816,
        "Initial concentration in electrolyte [mol.m-3]": 968.6534651022981,
        "Cation transference number": 0.4147922711978234,
        "Thermodynamic factor": 1.0056226326165718,
        "Reference temperature [K]": 391.5219934764369,
        "Total heat transfer coefficient [W.m-2.K-1]": 10.944127507054622,
        "Ambient temperature [K]": 253.84845526317025,
        "Number of electrodes connected in parallel to make a cell": 1.3540111481845485,
        "Number of cells connected in series to make a battery": 0.9550716471624944,
        "Lower voltage cut-off [V]": 2.3245268110965425,
        "Upper voltage cut-off [V]": 5.456958206507042,
        "Open-circuit voltage at 0% SOC [V]": 2.414019952644309,
        "Open-circuit voltage at 100% SOC [V]": 4.398877305697324,
        "Initial concentration in negative electrode [mol.m-3]": 27353.87845528076,
        "Initial concentration in positive electrode [mol.m-3]": 18661.868310568894,
        "Initial temperature [K]": 439.9990399601831
    },