{
    "config": {
        "Ideal gas constant [J.K-1.mol-1]": 6.048003804187434,
        "Faraday constant [C.mol-1]": 90386.2265195394,
        "Boltzmann constant [J.K-1]": 1.9156368987361763e-23,
        "Electron charge [C]": 1.8023223846918212e-19,
        "Ratio of lithium moles to SEI moles": 1.572989539904051,
        "Inner SEI reaction proportion": 0.4400562108876446,
        "Inner SEI partial molar volume [m3.mol-1]": 8.03555341150972e-05,
        "Outer SEI partial molar volume [m3.mol-1]": 8.918014191413346e-05,
        "SEI reaction exchange current density [A.m-2]": 9.060639321532607e-08,
        "SEI resistivity [Ohm.m]": 159912.64861049343,
        "Outer SEI solvent diffusivity [m2.s-1]": 3.0442868427684637e-22,
        "Bulk solvent concentration [mol.m-3]": 2860.5820800481065,
        "Inner SEI open-circuit potential [V]": 0.10820799691971289,
        "Outer SEI open-circuit potential [V]": 0.91395247194305,
        "Inner SEI electron conductivity [S.m-1]": 1.357114707494265e-13,
        "Inner SEI lithium interstitial diffusivity [m2.s-1]": 1.0776685719565917e-20,
        "Lithium interstitial reference concentration [mol.m-3]": 10.773157763538851,
        "Initial inner SEI thickness [m]": 3.0123011525521876e-09,
        "Initial outer SEI thickness [m]": 2.2729602378207503e-09,
        "EC initial concentration in electrolyte [mol.m-3]": 5805.915483306794,
        "EC diffusivity [m2.s-1]": 2.2641659599497806e-18,
        "SEI kinetic rate constant [m.s-1]": 1.115251887702974e-12,
        "SEI open-circuit potential [V]": 0.3268967254592865,
        "SEI growth activation energy [J.mol-1]": 0.0,
        "Negative electrode reaction-driven LAM factor [m3.mol-1]": 0.0,
        "Positive electrode reaction-driven LAM factor [m3.mol-1]": 0.0,
        "Negative current collector thickness [m]": 1.422241726179218e-05,
        "Negative electrode thickness [m]": 9.694016076462929e-05,
        "Separator thickness [m]": 1.1819582121601892e-05,
        "Positive electrode thickness [m]": 6.900386789221802e-05,
        "Positive current collector thickness [m]": 1.8951804648701573e-05,
        "Electrode height [m]": 0.07523714096022585,
        "Electrode width [m]": 1.8890011948325869,
        "Cell cooling surface area [m2]": 0.006130585733444625,
        "Cell volume [m3]": 3.697794504247671e-05,
        "Cell thermal expansion coefficient [m.K-1]": 9.940217667241252e-07,
        "Negative current collector conductivity [S.m-1]": 64911987.65570633,
        "Positive current collector conductivity [S.m-1]": 28850480.428038437,
        "Negative current collector density [kg.m-3]": 10900.811214286263,
        "Positive current collector density [kg.m-3]": 1379.8922852292785,
        "Negative current collector specific heat capacity [J.kg-1.K-1]": 405.41386507415046,
        "Positive current collector specific heat capacity [J.kg-1.K-1]": 1082.1869779783988,
        "Negative current collector thermal conductivity [W.m-1.K-1]": 411.97340081183734,
        "Positive current collector thermal conductivity [W.m-1.K-1]": 233.69335754116597,
        "Nominal cell capacity [A.h]": 3.4949218948572502,
        "Current function [A]": 4.70951333342309,
        "Contact resistance [Ohm]": 0,
        "Negative electrode conductivity [S.m-1]": 190.4569994730501,
        "Maximum concentration in negative electrode [mol.m-3]": 44672.909841618726,
        "Negative particle diffusivity [m2.s-1]": 2.4132417748130244e-14,
        "Negative electrode porosity": 0.27906954399695255,
        "Negative electrode active material volume fraction": 0.8566346981608656,
        "Negative particle radius [m]": 3.904398610979421e-06,
        "Negative electrode Bruggeman coefficient (electrolyte)": 1.5185961633538334,
        "Negative electrode Bruggeman coefficient (electrode)": 0,
        "Negative electrode charge transfer coefficient": 0.41848527631573545,
        "Negative electrode double-layer capacity [F.m-2]": 0.215727988709391,
        "Negative electrode density [kg.m-3]": 1901.3568175827581,
        "Negative electrode specific heat capacity [J.kg-1.K-1]": 529.2695206169668,
        "Negative electrode thermal conductivity [W.m-1.K-1]": 1.610186635454117,
        "Negative electrode OCP entropic change [V.K-1]": 0.0,
        "Positive electrode conductivity [S.m-1]": 0.21850856948174205,
        "Maximum concentration in positive electrode [mol.m-3]": 50501.91284830112,
        "Positive particle diffusivity [m2.s-1]": 4.57922055604202e-15,
        "Positive electrode porosity": 0.3159288658743956,
        "Positive electrode active material volume fraction": 0.38206857156387997,
        "Positive particle radius [m]": 5.525123885709792e-06,
        "Positive electrode Bruggeman coefficient (electrolyte)": 1.1552959136592438,
        "Positive electrode Bruggeman coefficient (electrode)": 0,
        "Positive electrode charge transfer coefficient": 0.4733997143961506,
        "Positive electrode double-layer capacity [F.m-2]": 0.1748153365793298,
        "Positive electrode density [kg.m-3]": 3155.660034054853,
        "Positive electrode specific heat capacity [J.kg-1.K-1]": 793.6871937203654,
        "Positive electrode thermal conductivity [W.m-1.K-1]": 2.1642691145120123,
        "Positive electrode OCP entropic change [V.K-1]": 0.0,
        "Separator porosity": 0.48312291815358577,
        "Separator Bruggeman coefficient (electrolyte)": 0.9805578881884689,
        "Separator density [kg.m-3]": 381.5485959129706,
        "Separator specific heat capacity [J.kg-1.K-1]": 387.5700429643978,
        "Separator thermal conductivity [W.m-1.K-1]": 0.27522554904775126,
        "Initial concentration in electrolyte [mol.m-3]": 1132.957191028071,
        "Cation transference number": 0.2841225742551823,
        "Thermodynamic factor": 1.0046441332694902,
        "Reference temperature [K]": 381.7975061145425,
        "Total heat transfer coefficient [W.m-2.K-1]": 5.624364391098633,
        "Ambient temperature [K]": 346.40953868589617,
        "Number of electrodes connected in parallel to make a cell": 1.0491930698444214,
        "Number of cells connected in series to make a battery": 0.5671574242745053,
        "Lower voltage cut-off [V]": 2.3141166718516724,
        "Upper voltage cut-off [V]": 5.071134226592316,
        "Open-circuit voltage at 0% SOC [V]": 2.9079637552510817,
        "Open-circuit voltage at 100% SOC [V]": 5.759989111020556,
        "Initial concentration in negative electrode [mol.m-3]": 35130.980608391896,
        "Initial concentration in positive electrode [mol.m-3]": 12722.378198730798,
        "Initial temperature [K]": 399.5195964707866
    },