{
    "config": {
        "Ideal gas constant [J.K-1.mol-1]": 8.729181807380899,
        "Faraday constant [C.mol-1]": 87586.02900996263,
        "Boltzmann constant [J.K-1]": 8.330036407014582e-24,
        "Electron charge [C]": 1.6945762248426602e-19,
        "Ratio of lithium moles to SEI moles": 1.0019342477988125,
        "Inner SEI reaction proportion": 0.6047543225441648,
        "Inner SEI partial molar volume [m3.mol-1]": 0.00011792002980920627,
        "Outer SEI partial molar volume [m3.mol-1]": 7.965902603445849e-05,
        "SEI reaction exchange current density [A.m-2]": 2.143211261928559e-07,
        "SEI resistivity [Ohm.m]": 279857.5553971939,
        "Outer SEI solvent diffusivity [m2.s-1]": 2.323647757426692e-22,
        "Bulk solvent concentration [mol.m-3]": 3788.4992689839037,
        "Inner SEI open-circuit potential [V]": 0.12012230893252974,
        "Outer SEI open-circuit potential [V]": 0.5789621690618938,
        "Inner SEI electron conductivity [S.m-1]": 7.653820801692894e-14,
        "Inner SEI lithium interstitial diffusivity [m2.s-1]": 1.0753970891832084e-20,
        "Lithium interstitial reference concentration [mol.m-3]": 19.809055334901018,
        "Initial inner SEI thickness [m]": 2.772550947976254e-09,
        "Initial outer SEI thickness [m]": 2.0852148581948775e-09,
        "EC initial concentration in electrolyte [mol.m-3]": 4964.89204583749,
        "EC diffusivity [m2.s-1]": 2.501514350909342e-18,
        "SEI kinetic rate constant [m.s-1]": 1.2214986187766893e-12,
        "SEI open-circuit potential [V]": 0.4732262107681551,
        "SEI growth activation energy [J.mol-1]": 0.0,
        "Negative electrode reaction-driven LAM factor [m3.mol-1]": 0.0,
        "Positive electrode reaction-driven LAM factor [m3.mol-1]": 0.0,
        "Negative current collector thickness [m]": 1.2836696508536043e-05,
        "Negative electrode thickness [m]": 5.990739259586773e-05,
        "Separator thickness [m]": 8.80452296795241e-06,
        "Positive electrode thickness [m]": 8.969612393469148e-05,
        "Positive current collector thickness [m]": 1.5614260950943684e-05,
        "Electrode height [m]": 0.053668655536347545,
        "Electrode width [m]": 1.5892181918873594,
        "Cell cooling surface area [m2]": 0.006572502927484541,
        "Cell volume [m3]": 2.8957622104914987e-05,
        "Cell thermal expansion coefficient [m.K-1]": 1.2369716695979252e-06,
        "Negative current collector conductivity [S.m-1]": 49180032.3518937,
        "Positive current collector conductivity [S.m-1]": 40635857.534857444,
        "Negative current collector density [kg.m-3]": 6338.342217926089,
        "Positive current collector density [kg.m-3]": 3186.508147578391,
        "Negative current collector specific heat capacity [J.kg-1.K-1]": 308.16761080023207,
        "Positive current collector specific heat capacity [J.kg-1.K-1]": 892.1690782870207,
        "Negative current collector thermal conductivity [W.m-1.K-1]": 278.57660613305336,
        "Positive current collector thermal conductivity [W.m-1.K-1]": 126.6416964942484,
        "Nominal cell capacity [A.h]": 3.393193354519347,
        "Current function [A]": 6.16880054773096,
        "Contact resistance [Ohm]": 0,
        "Negative electrode conductivity [S.m-1]": 173.94806308113752,
        "Maximum concentration in negative electrode [mol.m-3]": 29313.283410682536,
        "Negative particle diffusivity [m2.s-1]": 3.727903736932661e-14,
        "Negative electrode porosity": 0.3367118284341503,
        "Negative electrode active material volume fraction": 0.9829148205641671,
        "Negative particle radius [m]": 5.9583129038042155e-06,
        "Negative electrode Bruggeman coefficient (electrolyte)": 1.6672015396356397,
        "Negative electrode Bruggeman coefficient (electrode)": 0,
        "Negative electrode charge transfer coefficient": 0.6247260177463932,
        "Negative electrode double-layer capacity [F.m-2]": 0.209654242138438,
        "Negative electrode density [kg.m-3]": 1710.3384989063272,
        "Negative electrode specific heat capacity [J.kg-1.K-1]": 522.9041353270035,
        "Negative electrode thermal conductivity [W.m-1.K-1]": 1.6751260350050334,
        "Negative electrode OCP entropic change [V.K-1]": 0.0,
        "Positive electrode conductivity [S.m-1]": 0.28937572540723155,
        "Maximum concentration in positive electrode [mol.m-3]": 62099.05582929436,
        "Positive particle diffusivity [m2.s-1]": 2.3717513956162133e-15,
        "Positive electrode porosity": 0.2770717825465384,
        "Positive electrode active material volume fraction": 0.7643229253610926,
        "Positive particle radius [m]": 6.555151529655771e-06,
        "Positive electrode Bruggeman coefficient (electrolyte)": 0.7879911687663363,
        "Positive electrode Bruggeman coefficient (electrode)": 0,
        "Positive electrode charge transfer coefficient": 0.6013362555003223,
        "Positive electrode double-layer capacity [F.m-2]": 0.1660766238167196,
        "Positive electrode density [kg.m-3]": 4162.32192224493,
        "Positive electrode specific heat capacity [J.kg-1.K-1]": 712.887872669529,
        "Positive electrode thermal conductivity [W.m-1.K-1]": 3.1576587891519043,
        "Positive electrode OCP entropic change [V.K-1]": 0.0,
        "Separator porosity": 0.4563090772777472,
        "Separator Bruggeman coefficient (electrolyte)": 1.598710486881303,
        "Separator density [kg.m-3]": 559.8536970914832,
        "Separator specific heat capacity [J.kg-1.K-1]": 761.7824670991517,
        "Separator thermal conductivity [W.m-1.K-1]": 0.1581082304997917,
        "Initial concentration in electrolyte [mol.m-3]": 742.8729286990746,
        "Cation transference number": 0.288269695431981,
        "Thermodynamic factor": 0.9689176007256507,
        "Reference temperature [K]": 404.0682046335587,
        "Total heat transfer coefficient [W.m-2.K-1]": 8.656362513128869,
        "Ambient temperature [K]": 257.160387540614,
        "Number of electrodes connected in parallel to make a cell": 1.0676712656647753,
        "Number of cells connected in series to make a battery": 0.64303969249039,
        "Lower voltage cut-off [V]": 2.693238648970963,
        "Upper voltage cut-off [V]": 5.3531417045641945,
        "Open-circuit voltage at 0% SOC [V]": 2.686823153879964,
        "Open-circuit voltage at 100% SOC [V]": 2.7278211151677345,
        "Initial concentration in negative electrode [mol.m-3]": 25638.785813184957,
        "Initial concentration in positive electrode [mol.m-3]": 12437.220603079428,
        "Initial temperature [K]": 308.44884686740346
    },