{
    "config": {
        "Ideal gas constant [J.K-1.mol-1]": 9.09447805728356,
        "Faraday constant [C.mol-1]": 125132.74144090581,
        "Boltzmann constant [J.K-1]": 1.648377348310059e-23,
        "Electron charge [C]": 1.6724930057901936e-19,
        "Ratio of lithium moles to SEI moles": 2.371110845919945,
        "Inner SEI reaction proportion": 0.45198401927456405,
        "Inner SEI partial molar volume [m3.mol-1]": 0.00010247755639376513,
        "Outer SEI partial molar volume [m3.mol-1]": 9.013029931000067e-05,
        "SEI reaction exchange current density [A.m-2]": 1.5156875590078477e-07,
        "SEI resistivity [Ohm.m]": 251984.98901248365,
        "Outer SEI solvent diffusivity [m2.s-1]": 2.141354002867166e-22,
        "Bulk solvent concentration [mol.m-3]": 2570.328129627716,
        "Inner SEI open-circuit potential [V]": 0.09311574664654365,
        "Outer SEI open-circuit potential [V]": 0.9420993102917046,
        "Inner SEI electron conductivity [S.m-1]": 7.028190701789116e-14,
        "Inner SEI lithium interstitial diffusivity [m2.s-1]": 1.0016068196084685e-20,
        "Lithium interstitial reference concentration [mol.m-3]": 17.95036215250412,
        "Initial inner SEI thickness [m]": 2.606267157346431e-09,
        "Initial outer SEI thickness [m]": 2.569074225019393e-09,
        "EC initial concentration in electrolyte [mol.m-3]": 5249.139432649804,
        "EC diffusivity [m2.s-1]": 2.010501585723068e-18,
        "SEI kinetic rate constant [m.s-1]": 8.793253281806118e-13,
        "SEI open-circuit potential [V]": 0.4047621925829683,
        "SEI growth activation energy [J.mol-1]": 0.0,
        "Negative electrode reaction-driven LAM factor [m3.mol-1]": 0.0,
        "Positive electrode reaction-driven LAM factor [m3.mol-1]": 0.0,
        "Negative current collector thickness [m]": 1.4319117550124694e-05,
        "Negative electrode thickness [m]": 0.00010059045620572772,
        "Separator thickness [m]": 1.716683120200111e-05,
        "Positive electrode thickness [m]": 6.207491482405595e-05,
        "Positive current collector thickness [m]": 1.747247495798937e-05,
        "Electrode height [m]": 0.09405692157818207,
        "Electrode width [m]": 0.08367436050211557,
        "Negative tab width [m]": 0.007768622258646979,
        "Negative tab centre y-coordinate [m]": 0.004486650178887604,
        "Negative tab centre z-coordinate [m]": 0.10485568587717974,
        "Positive tab width [m]": 0.00621313048399543,
        "Positive tab centre y-coordinate [m]": 0.03601078137391066,
        "Positive tab centre z-coordinate [m]": 0.11880020229468943,
        "Cell cooling surface area [m2]": 0.019434944567063406,
        "Cell volume [m3]": 1.4309090842231776e-06,
        "Negative current collector conductivity [S.m-1]": 48282280.21661728,
        "Positive current collector conductivity [S.m-1]": 30504068.529273383,
        "Negative current collector density [kg.m-3]": 10165.982607778866,
        "Positive current collector density [kg.m-3]": 2252.4415432578044,
        "Negative current collector specific heat capacity [J.kg-1.K-1]": 345.9309479766208,
        "Positive current collector specific heat capacity [J.kg-1.K-1]": 784.7050301297205,
        "Negative current collector thermal conductivity [W.m-1.K-1]": 358.4774276355953,
        "Positive current collector thermal conductivity [W.m-1.K-1]": 205.7084867533875,
        "Nominal cell capacity [A.h]": 0.1511369966860225,
        "Current function [A]": 0.1281491961425995,
        "Contact resistance [Ohm]": 0,
        "Negative electrode conductivity [S.m-1]": 16.388375352770563,
        "Maximum concentration in negative electrode [mol.m-3]": 33565.49575478062,
        "Negative electrode porosity": 0.3137809687675851,
        "Negative electrode active material volume fraction": 0.3141950771357667,
        "Negative particle radius [m]": 9.540919157683112e-06,
        "Negative electrode Bruggeman coefficient (electrolyte)": 1.9323448283195592,
        "Negative electrode Bruggeman coefficient (electrode)": 0.0,
        "Negative electrode density [kg.m-3]": 1175.0131504495585,
        "Negative electrode specific heat capacity [J.kg-1.K-1]": 1440.1031300524157,
        "Negative electrode thermal conductivity [W.m-1.K-1]": 1.3026190621016445,
        "Negative electrode OCP entropic change [V.K-1]": 0.0,
        "Positive electrode conductivity [S.m-1]": 59.2253013414807,
        "Maximum concentration in positive electrode [mol.m-3]": 49254.13313257554,
        "Positive electrode porosity": 0.32082867187180936,
        "Positive electrode active material volume fraction": 0.26786313226717384,
        "Positive particle radius [m]": 7.312285642214878e-06,
        "Positive electrode Bruggeman coefficient (electrolyte)": 1.417484862161953,
        "Positive electrode Bruggeman coefficient (electrode)": 0.0,
        "Positive electrode density [kg.m-3]": 2547.947945174025,
        "Positive electrode specific heat capacity [J.kg-1.K-1]": 1361.467181542641,
        "Positive electrode thermal conductivity [W.m-1.K-1]": 0.9543987371216249,
        "Positive electrode OCP entropic change [V.K-1]": 0.0,
        "Separator porosity": 0.4479951607100865,
        "Separator Bruggeman coefficient (electrolyte)": 1.9951793983154222,
        "Separator density [kg.m-3]": 816.6999996688052,
        "Separator specific heat capacity [J.kg-1.K-1]": 2007.7024905478372,
        "Separator thermal conductivity [W.m-1.K-1]": 0.41041546818499547,
        "Initial concentration in electrolyte [mol.m-3]": 911.9643565223369,
        "Cation transference number": 0.2538037603095986,
        "Thermodynamic factor": 1.0448994829980602,
        "Reference temperature [K]": 321.51610030003803,
        "Negative current collector surface heat transfer coefficient [W.m-2.K-1]": 9.62635963815354,
        "Positive current collector surface heat transfer coefficient [W.m-2.K-1]": 8.45005447681713,
        "Negative tab heat transfer coefficient [W.m-2.K-1]": 8.623598634304095,
        "Positive tab heat transfer coefficient [W.m-2.K-1]": 12.082720772734096,
        "Edge heat transfer coefficient [W.m-2.K-1]": 10.8738961368459,
        "Total heat transfer coefficient [W.m-2.K-1]": 10.611185362394817,
        "Ambient temperature [K]": 224.05854905247753,
        "Number of electrodes connected in parallel to make a cell": 1.1826292527702154,
        "Number of cells connected in series to make a battery": 1.0217165500590655,
        "Lower voltage cut-off [V]": 1.9132412947028734,
        "Upper voltage cut-off [V]": 4.307752388181228,
        "Open-circuit voltage at 0% SOC [V]": 2.4151623467361594,
        "Open-circuit voltage at 100% SOC [V]": 2.6603641581436723,
        "Initial concentration in negative electrode [mol.m-3]": 26040.524506711063,
        "Initial concentration in positive electrode [mol.m-3]": 11966.151529239529,
        "Initial temperature [K]": 273.01545599622915
    },
    "V": [
        3.76466772457483,
        3.671136705132124,
        3.5924064472660033,
        3.518319248450159,
        3.4511404542770396,
        3.3961173715819992,
        3.360426009218564,
        3.3410612415529966,
        3.3205315299856313,
        3.288118535916995,
        3.226963253664209,
        3.1432830929729176,
        3.070048304496227,
        2.991989108780377,
        2.896919932534754,
        2.8270891417024995,
        2.788046172736804,
        2.7465611777877825,
        2.7239331785087635,
        2.7025628855375574,
        2.680794578552571,
        2.6546535354747056,
        2.5880307768503776,
        2.419309714211306,
        1.9132512947069371
    ],