{
    "config": {
        "Ideal gas constant [J.K-1.mol-1]": 8.985072095245325,
        "Faraday constant [C.mol-1]": 101632.25970544365,
        "Boltzmann constant [J.K-1]": 1.1405404236509236e-23,
        "Electron charge [C]": 1.2814695088544887e-19,
        "Ratio of lithium moles to SEI moles": 1.8160522193513828,
        "Inner SEI reaction proportion": 0.4757237372436424,
        "Inner SEI partial molar volume [m3.mol-1]": 8.076713009702053e-05,
        "Outer SEI partial molar volume [m3.mol-1]": 0.00010232617119368272,
        "SEI reaction exchange current density [A.m-2]": 1.7599899844846025e-07,
        "SEI resistivity [Ohm.m]": 287121.4723642146,
        "Outer SEI solvent diffusivity [m2.s-1]": 2.6989998657464847e-22,
        "Bulk solvent concentration [mol.m-3]": 2302.251542865285,
        "Inner SEI open-circuit potential [V]": 0.12653040001252297,
        "Outer SEI open-circuit potential [V]": 0.791955215607287,
        "Inner SEI electron conductivity [S.m-1]": 1.3228745292005922e-13,
        "Inner SEI lithium interstitial diffusivity [m2.s-1]": 1.2155096365576083e-20,
        "Lithium interstitial reference concentration [mol.m-3]": 16.22109980735611,
        "Initial inner SEI thickness [m]": 1.484864094978933e-09,
        "Initial outer SEI thickness [m]": 3.038098837201567e-09,
        "EC initial concentration in electrolyte [mol.m-3]": 3796.7816385725037,
        "EC diffusivity [m2.s-1]": 2.0743662132585775e-18,
        "SEI kinetic rate constant [m.s-1]": 1.1271267778097557e-12,
        "SEI open-circuit potential [V]": 0.2651298530586216,
        "SEI growth activation energy [J.mol-1]": 0.0,
        "Negative electrode reaction-driven LAM factor [m3.mol-1]": 0.0,
        "Positive electrode reaction-driven LAM factor [m3.mol-1]": 0.0,
        "Negative current collector thickness [m]": 9.456773964211016e-06,
        "Negative electrode thickness [m]": 3.7831215093711584e-05,
        "Separator thickness [m]": 1.8270106853440524e-05,
        "Positive electrode thickness [m]": 4.180192551758366e-05,
        "Positive current collector thickness [m]": 1.1753847951202212e-05,
        "Electrode height [m]": 0.1510574611187548,
        "Electrode width [m]": 0.1667507196037605,
        "Negative tab width [m]": 0.031233672056200312,
        "Negative tab centre y-coordinate [m]": 0.01097445468572051,
        "Negative tab centre z-coordinate [m]": 0.15275632432131783,
        "Positive tab width [m]": 0.04606333000414361,
        "Positive tab centre y-coordinate [m]": 0.13193729070087046,
        "Positive tab centre z-coordinate [m]": 0.18404026249425146,
        "Cell cooling surface area [m2]": 0.04129939562519816,
        "Cell volume [m3]": 2.946312828939671e-06,
        "Negative current collector conductivity [S.m-1]": 48620813.25192699,
        "Positive current collector conductivity [S.m-1]": 39300354.386458,
        "Negative current collector density [kg.m-3]": 14370.31322775044,
        "Positive current collector density [kg.m-3]": 4647.628342860116,
        "Negative current collector specific heat capacity [J.kg-1.K-1]": 318.379664029144,
        "Positive current collector specific heat capacity [J.kg-1.K-1]": 733.6550073405467,
        "Negative current collector thermal conductivity [W.m-1.K-1]": 316.0698329281426,
        "Positive current collector thermal conductivity [W.m-1.K-1]": 103.5601191597799,
        "Nominal cell capacity [A.h]": 0.33858286486985023,
        "Current function [A]": 0.2948544895711946,
        "Contact resistance [Ohm]": 0,
        "Negative electrode conductivity [S.m-1]": 132.67260213535087,
        "Maximum concentration in negative electrode [mol.m-3]": 26495.39326892446,
        "Negative electrode porosity": 0.4572135782692459,
        "Negative electrode active material volume fraction": 0.6005176419673084,
        "Negative particle radius [m]": 2.7233649689412995e-07,
        "Negative electrode Bruggeman coefficient (electrolyte)": 2.009519018514835,
        "Negative electrode Bruggeman coefficient (electrode)": 2.2417870793711807,
        "Negative electrode charge transfer coefficient": 0.1298548814408904,
        "Negative electrode double-layer capacity [F.m-2]": 0.2088641439512932,
        "Negative electrode density [kg.m-3]": 2598.1845503522063,
        "Negative electrode specific heat capacity [J.kg-1.K-1]": 743.1601469878232,
        "Negative electrode thermal conductivity [W.m-1.K-1]": 1.1699719949345566,
        "Negative electrode OCP entropic change [V.K-1]": 0.0,
        "Positive electrode conductivity [S.m-1]": 6.786939859952046,
        "Maximum concentration in positive electrode [mol.m-3]": 58519.30240621141,
        "Positive electrode porosity": 0.2705996711239501,
        "Positive electrode active material volume fraction": 0.3657306525359172,
        "Positive particle radius [m]": 1.707982615293417e-06,
        "Positive electrode Bruggeman coefficient (electrolyte)": 1.6068940330672676,
        "Positive electrode Bruggeman coefficient (electrode)": 2.5282843941790727,
        "Positive electrode charge transfer coefficient": 0.6042163015452195,
        "Positive electrode double-layer capacity [F.m-2]": 0.233393721353437,
        "Positive electrode density [kg.m-3]": 3831.620602501199,
        "Positive electrode specific heat capacity [J.kg-1.K-1]": 820.8271819773801,
        "Positive electrode thermal conductivity [W.m-1.K-1]": 1.6832385695881107,
        "Positive electrode OCP entropic change [V.K-1]": 0.0,
        "Separator porosity": 0.4879104707451587,
        "Separator Bruggeman coefficient (electrolyte)": 1.3323779965569638,
        "Separator density [kg.m-3]": 536.7310419494289,
        "Separator specific heat capacity [J.kg-1.K-1]": 680.2979855999729,
        "Separator thermal conductivity [W.m-1.K-1]": 0.10520116097609555,
        "Initial concentration in electrolyte [mol.m-3]": 1081.0820214943597,
        "Cation transference number": 0.3360779507948275,
        "Thermodynamic factor": 1.1148503345080931,
        "Reference temperature [K]": 278.58989455078796,
        "Negative current collector surface heat transfer coefficient [W.m-2.K-1]": 0.0,
        "Positive current collector surface heat transfer coefficient [W.m-2.K-1]": 0.0,
        "Negative tab heat transfer coefficient [W.m-2.K-1]": 22.729851321210646,
        "Positive tab heat transfer coefficient [W.m-2.K-1]": 30.64883808512333,
        "Edge heat transfer coefficient [W.m-2.K-1]": 0.310804568333675,
        "Total heat transfer coefficient [W.m-2.K-1]": 33.72101649797849,
        "Ambient temperature [K]": 384.4946409203651,
        "Number of electrodes connected in parallel to make a cell": 0.8494267804808976,
        "Number of cells connected in series to make a battery": 1.1327872063894902,
        "Lower voltage cut-off [V]": 2.8777810974583433,
        "Upper voltage cut-off [V]": 5.481476873202298,
        "Open-circuit voltage at 0% SOC [V]": 2.3071320792386607,
        "Open-circuit voltage at 100% SOC [V]": 6.324797519754506,
        "Initial concentration in negative electrode [mol.m-3]": 17998.334258497696,
        "Initial concentration in positive electrode [mol.m-3]": 24906.811622691846,
        "Initial temperature [K]": 319.88508903619316
    },