{
    "config": {
        "Ideal gas constant [J.K-1.mol-1]": 7.517304098629822,
        "Faraday constant [C.mol-1]": 85057.38892024878,
        "Boltzmann constant [J.K-1]": 1.258254198351578e-23,
        "Electron charge [C]": 2.1034006457838193e-19,
        "Negative electrode thickness [m]": 4.273389920122347e-05,
        "Separator thickness [m]": 2.6372408970687442e-05,
        "Positive electrode thickness [m]": 8.214479151141884e-05,
        "Electrode height [m]": 0.7134919304255987,
        "Electrode width [m]": 0.2015741856230695,
        "Nominal cell capacity [A.h]": 2.79408675712395,
        "Current function [A]": 2.677835688683063,
        "Contact resistance [Ohm]": 0,
        "Negative electrode conductivity [S.m-1]": 243.91106117538118,
        "Maximum concentration in negative electrode [mol.m-3]": 29331.942536097926,
        "Negative electrode diffusivity [m2.s-1]": 2.796644149222621e-15,
        "Negative electrode porosity": 0.3046566883438405,
        "Negative electrode active material volume fraction": 0.7383803210843914,
        "Negative particle radius [m]": 6.350593800285274e-06,
        "Negative electrode Bruggeman coefficient (electrolyte)": 1.6920722860985786,
        "Negative electrode Bruggeman coefficient (electrode)": 1.6421562785180726,
        "Negative electrode charge transfer coefficient": 0.7199077101061738,
        "Negative electrode double-layer capacity [F.m-2]": 0.20836210166086022,
        "Negative electrode OCP entropic change [V.K-1]": 0,
        "Positive electrode conductivity [S.m-1]": 0.3966319670532092,
        "Maximum concentration in positive electrode [mol.m-3]": 27186.580875743875,
        "Positive electrode diffusivity [m2.s-1]": 6.6207089740338976e-18,
        "Positive electrode porosity": 0.6439249166720454,
        "Positive electrode active material volume fraction": 0.3176202051272471,
        "Positive particle radius [m]": 4.047377473420941e-08,
        "Positive electrode Bruggeman coefficient (electrode)": 1.245982588823891,
        "Positive electrode Bruggeman coefficient (electrolyte)": 1.0967613673510015,
        "Positive electrode charge transfer coefficient": 0.6062735725761734,
        "Positive electrode double-layer capacity [F.m-2]": 0.23731411192843427,
        "Positive electrode OCP entropic change [V.K-1]": 0,
        "Separator porosity": 0.37087550140804276,
        "Separator Bruggeman coefficient (electrolyte)": 1.409181775131278,
        "Initial concentration in electrolyte [mol.m-3]": 847.544890884259,
        "Cation transference number": 0.27180323244863946,
        "Thermodynamic factor": 1.0111640931262795,
        "Electrolyte diffusivity [m2.s-1]": 2.0770123182900913e-10,
        "Reference temperature [K]": 289.4587536480391,
        "Ambient temperature [K]": 300.570025052803,
        "Number of electrodes connected in parallel to make a cell": 1.3966872348384125,
        "Number of cells connected in series to make a battery": 0.9531794133689637,
        "Lower voltage cut-off [V]": 1.3309056706216846,
        "Upper voltage cut-off [V]": 3.6452354146959864,
        "Open-circuit voltage at 0% SOC [V]": 2.1834456153052906,
        "Open-circuit voltage at 100% SOC [V]": 3.9555119871199955,
        "Initial concentration in negative electrode [mol.m-3]": 21886.760710928225,
        "Initial concentration in positive electrode [mol.m-3]": 61.041284439620554,
        "Initial temperature [K]": 398.8783599346795
    },
    "V": [
        3.5928705240755505,
        3.300772478765385,
        3.2572083740883673,
        3.2440708637328948,
        3.2387488778508495,
        3.2342128158331,
        3.2283549612068194,
        3.2214448172202017,
        3.2148522375734947,
        3.20968359720777,
        3.206161330229441,
        3.2039513425726476,
        3.2026020200333907,
        3.2017716181054006,
        3.2012368771642086,
        3.2008663561503745,
        3.2005829731000164,
        3.2003417778744,
        3.2001203055158456,
        3.199902848644,
        3.1996806619014615,
        3.19944707547112,
        3.1991998398829926,
        3.1989320165031296,
        3.1986430251755555,
        3.19832845775805,
        3.1979845167627188,
        3.197605309121908,
        3.1971872383692475,
        3.1967204140906986,
        3.1961994257077193,
        3.195613384836948,
        3.1949507610474672,
        3.1941995318155936,
        3.193343619344354,
        3.1923654825524967,
        3.19124513623657,
        3.189960015992342,
        3.188486390730609,
        3.1867971462480265,
        3.1848650287709903,
        3.182662769428715,
        3.1801650280598883,
        3.177352093386821,
        3.1742091513659156,
        3.1707309330007796,
        3.1669255051599348,
        3.1628156844229935,
        3.158439166422448,
        3.1538495666456603,
        3.1491114035775674,
        3.14429937509684,
        3.1394914521923134,
        3.1347614525280028,
        3.1301761491934657,
        3.1257891134988265,
        3.121637086033984,
        3.1177406033867223,
        3.1140986404338795,
        3.110694888886802,
        3.107495534638895,
        3.104448329696994,
        3.1014822434090763,
        3.0985054461252366,
        3.0953967910880564,
        3.0919994994439497,
        3.088113113583151,
        3.0834767657886815,
        3.0777625456286857,
        3.0705718639503186,
        3.061455666307973,
        3.0499682137902533,
        3.035773207137146,
        3.018773747622605,
        2.999234873973667,
        2.9778069700862306,
        2.955373327212019,
        2.9327721068074926,
        2.9105119295924586,
        2.888592088984138,
        2.866507555466579,
        2.843335054052583,
        2.817830339333939,
        2.7884855656332173,
        2.7535162646084017,
        2.7108074654493883,
        2.657796583882887,
        2.591334789540694,
        2.5074787227876567,
        2.4012488717240243,
        2.266306747965884,
        2.094513196194928,
        1.8752893961533332,
        1.594462261751306,
        1.330915670621688
    ],