{
    "config": {
        "Ideal gas constant [J.K-1.mol-1]": 6.017913780721397,
        "Faraday constant [C.mol-1]": 80918.59854354597,
        "Boltzmann constant [J.K-1]": 1.8270232167532497e-23,
        "Electron charge [C]": 8.280518299681704e-20,
        "Ratio of lithium moles to SEI moles": 1.8164821427874538,
        "Inner SEI reaction proportion": 0.5222959099998392,
        "Inner SEI partial molar volume [m3.mol-1]": 7.744179183475193e-05,
        "Outer SEI partial molar volume [m3.mol-1]": 8.443408845350469e-05,
        "SEI reaction exchange current density [A.m-2]": 1.5828579835449751e-06,
        "SEI resistivity [Ohm.m]": 227794.62964239228,
        "Outer SEI solvent diffusivity [m2.s-1]": 3.024173014905554e-22,
        "Bulk solvent concentration [mol.m-3]": 2370.4593903220893,
        "Inner SEI open-circuit potential [V]": 0.11224757881014924,
        "Outer SEI open-circuit potential [V]": 0.5945222493422075,
        "Inner SEI electron conductivity [S.m-1]": 7.086750683283716e-14,
        "Inner SEI lithium interstitial diffusivity [m2.s-1]": 6.11940580472153e-21,
        "Lithium interstitial reference concentration [mol.m-3]": 11.71781100114504,
        "Initial inner SEI thickness [m]": 2.7341322077218657e-09,
        "Initial outer SEI thickness [m]": 2.4935757586665312e-09,
        "EC initial concentration in electrolyte [mol.m-3]": 3863.2087568962725,
        "EC diffusivity [m2.s-1]": 1.4025085604816903e-18,
        "SEI kinetic rate constant [m.s-1]": 7.901554497703024e-13,
        "SEI open-circuit potential [V]": 0.0,
        "SEI growth activation energy [J.mol-1]": 0.0,
        "Negative current collector thickness [m]": 9.013247674723192e-06,
        "Negative electrode thickness [m]": 8.758171433455645e-05,
        "Separator thickness [m]": 2.9331604041712856e-05,
        "Positive electrode thickness [m]": 9.40510004869405e-05,
        "Positive current collector thickness [m]": 2.3011439984480236e-05,
        "Electrode height [m]": 0.0736962202523858,
        "Electrode width [m]": 0.8160285609741803,
        "Negative tab width [m]": 0.03427006739380758,
        "Negative tab centre y-coordinate [m]": 0.08076322229150548,
        "Negative tab centre z-coordinate [m]": 0.13140906173960748,
        "Positive tab width [m]": 0.03473688084736102,
        "Positive tab centre y-coordinate [m]": 0.09681062750026018,
        "Positive tab centre z-coordinate [m]": 0.10918011257385597,
        "Negative current collector conductivity [S.m-1]": 58910591.10235231,
        "Positive current collector conductivity [S.m-1]": 34183261.187459946,
        "Negative current collector density [kg.m-3]": 10001.84069763002,
        "Positive current collector density [kg.m-3]": 2933.1902822725074,
        "Negative current collector specific heat capacity [J.kg-1.K-1]": 213.85871373389605,
        "Positive current collector specific heat capacity [J.kg-1.K-1]": 1057.4058023096227,
        "Negative current collector thermal conductivity [W.m-1.K-1]": 277.5820984103416,
        "Positive current collector thermal conductivity [W.m-1.K-1]": 268.51918335784444,
        "Nominal cell capacity [A.h]": 0.8448071134230479,
        "Current function [A]": 1.015694541646193,
        "Contact resistance [Ohm]": 0,
        "Negative electrode conductivity [S.m-1]": 142.9246565480095,
        "Maximum concentration in negative electrode [mol.m-3]": 31108.23935902265,
        "Negative electrode porosity": 0.4273634838545058,
        "Negative electrode active material volume fraction": 0.6240630099118406,
        "Negative particle radius [m]": 2.2870430460229465e-06,
        "Negative electrode Bruggeman coefficient (electrolyte)": 6.537603964390572,
        "Negative electrode Bruggeman coefficient (electrode)": 3.641539526981419,
        "Negative electrode charge transfer coefficient": 0.5755322759043237,
        "Negative electrode double-layer capacity [F.m-2]": 0.21004675145150523,
        "Negative electrode density [kg.m-3]": 1627.9972197319917,
        "Negative electrode specific heat capacity [J.kg-1.K-1]": 914.1220080436643,
        "Negative electrode thermal conductivity [W.m-1.K-1]": 2.2089932487534174,
        "Positive electrode conductivity [S.m-1]": 72.01144307177071,
        "Maximum concentration in positive electrode [mol.m-3]": 63975.08262533347,
        "Positive electrode porosity": 0.24466626159572263,
        "Positive electrode active material volume fraction": 0.3642213473961393,
        "Positive particle radius [m]": 1.2241933623090085e-06,
        "Positive electrode Bruggeman coefficient (electrolyte)": 2.0728509050628374,
        "Positive electrode Bruggeman coefficient (electrode)": 4.826333826465838,
        "Positive electrode charge transfer coefficient": 0.6367047301985562,
        "Positive electrode double-layer capacity [F.m-2]": 0.24037064614844664,
        "Positive electrode density [kg.m-3]": 2789.3553513204847,
        "Positive electrode specific heat capacity [J.kg-1.K-1]": 969.0193972721245,
        "Positive electrode thermal conductivity [W.m-1.K-1]": 2.7336980967347295,
        "Separator porosity": 0.2135386438426763,
        "Separator Bruggeman coefficient (electrolyte)": 1.6437930237686258,
        "Separator density [kg.m-3]": 1028.4470854798208,
        "Separator specific heat capacity [J.kg-1.K-1]": 2621.9829352781035,
        "Separator thermal conductivity [W.m-1.K-1]": 0.3121857741544455,
        "Initial concentration in electrolyte [mol.m-3]": 792.9473961375393,
        "Cation transference number": 0.37805449644877054,
        "Thermodynamic factor": 0.8605609510042715,
        "Reference temperature [K]": 332.7465221838083,
        "Ambient temperature [K]": 308.322698400865,
        "Negative current collector surface heat transfer coefficient [W.m-2.K-1]": 0.0,
        "Positive current collector surface heat transfer coefficient [W.m-2.K-1]": 0.0,
        "Negative tab heat transfer coefficient [W.m-2.K-1]": 10.987787367112944,
        "Positive tab heat transfer coefficient [W.m-2.K-1]": 13.839265573375199,
        "Edge heat transfer coefficient [W.m-2.K-1]": 0.3158419730432254,
        "Number of electrodes connected in parallel to make a cell": 0.9477298085213454,
        "Number of cells connected in series to make a battery": 1.1750794449716238,
        "Lower voltage cut-off [V]": 2.5933474549634354,
        "Upper voltage cut-off [V]": 4.828144951726494,
        "Open-circuit voltage at 0% SOC [V]": 2.2161830224038446,
        "Open-circuit voltage at 100% SOC [V]": 6.1387642066948,
        "Initial concentration in negative electrode [mol.m-3]": 16438.97973105577,
        "Initial concentration in positive electrode [mol.m-3]": 26039.48889578147,
        "Initial temperature [K]": 323.70219335891125
    },