{
    "config": {
        "Ideal gas constant [J.K-1.mol-1]": 8.87913466401448,
        "Faraday constant [C.mol-1]": 99297.81557265286,
        "Boltzmann constant [J.K-1]": 8.325958072990094e-24,
        "Electron charge [C]": 2.060479310022375e-19,
        "Ratio of lithium moles to SEI moles": 1.4903021857539847,
        "Inner SEI reaction proportion": 0.6433383556872216,
        "Inner SEI partial molar volume [m3.mol-1]": 0.0001237573989615606,
        "Outer SEI partial molar volume [m3.mol-1]": 7.300628041329392e-05,
        "SEI reaction exchange current density [A.m-2]": 2.0343359139022556e-07,
        "SEI resistivity [Ohm.m]": 221612.88318790586,
        "Outer SEI solvent diffusivity [m2.s-1]": 4.691174637281919e-22,
        "Bulk solvent concentration [mol.m-3]": 2920.129305680554,
        "Inner SEI open-circuit potential [V]": 0.13250306110998497,
        "Outer SEI open-circuit potential [V]": 0.866364091825006,
        "Inner SEI electron conductivity [S.m-1]": 1.331619170609281e-13,
        "Inner SEI lithium interstitial diffusivity [m2.s-1]": 7.961212712393726e-21,
        "Lithium interstitial reference concentration [mol.m-3]": 11.69284733315528,
        "Initial inner SEI thickness [m]": 2.7646236680995144e-09,
        "Initial outer SEI thickness [m]": 3.6903811591576084e-09,
        "EC initial concentration in electrolyte [mol.m-3]": 5832.948876066634,
        "EC diffusivity [m2.s-1]": 2.638540788884201e-18,
        "SEI kinetic rate constant [m.s-1]": 4.351326751410741e-13,
        "SEI open-circuit potential [V]": 0.41081073897512055,
        "SEI growth activation energy [J.mol-1]": 0.0,
        "Negative electrode reaction-driven LAM factor [m3.mol-1]": 0.0,
        "Positive electrode reaction-driven LAM factor [m3.mol-1]": 0.0,
        "Negative current collector thickness [m]": 1.4884032222845e-05,
        "Negative electrode thickness [m]": 6.309071716703598e-05,
        "Separator thickness [m]": 1.526867224399059e-05,
        "Positive electrode thickness [m]": 8.698953920898141e-05,
        "Positive current collector thickness [m]": 2.0036539344914178e-05,
        "Electrode height [m]": 0.044998491387375335,
        "Electrode width [m]": 0.03308404109414362,
        "Cell cooling surface area [m2]": 0.008935242479901736,
        "Cell volume [m3]": 2.0102382327728584e-05,
        "Cell emissivity": 1.241884933787113,
        "Cell thermal expansion coefficient [m.K-1]": 1.093120868514177e-06,
        "Negative current collector conductivity [S.m-1]": 56588648.285109624,
        "Positive current collector conductivity [S.m-1]": 46470437.12174023,
        "Negative current collector density [kg.m-3]": 9475.091028505973,
        "Positive current collector density [kg.m-3]": 2416.9022721201713,
        "Negative current collector specific heat capacity [J.kg-1.K-1]": 367.46943105433013,
        "Positive current collector specific heat capacity [J.kg-1.K-1]": 1158.7510703298997,
        "Negative current collector thermal conductivity [W.m-1.K-1]": 607.4115735850035,
        "Positive current collector thermal conductivity [W.m-1.K-1]": 255.56426304899608,
        "Nominal cell capacity [A.h]": 2.215025671433053,
        "Current function [A]": 2.728288409324009,
        "Contact resistance [Ohm]": 0,
        "Negative electrode conductivity [S.m-1]": 66.49980778459692,
        "Maximum concentration in negative electrode [mol.m-3]": 31500.10733071114,
        "Negative electrode porosity": 0.3351716836092086,
        "Negative electrode active material volume fraction": 0.7511782971176579,
        "Negative particle radius [m]": 3.700149462306395e-06,
        "Negative electrode Bruggeman coefficient (electrolyte)": 3.716609205106877,
        "Negative electrode Bruggeman coefficient (electrode)": 0.0,
        "Negative electrode charge transfer coefficient": 0.7025936412955534,
        "Negative electrode double-layer capacity [F.m-2]": 0.21229342445481073,
        "Negative electrode density [kg.m-3]": 2672.287448497272,
        "Negative electrode specific heat capacity [J.kg-1.K-1]": 856.0769028375103,
        "Negative electrode thermal conductivity [W.m-1.K-1]": 1.162218801359033,
        "Negative electrode Poisson's ratio": 0.15703626445534108,
        "Negative electrode Young's modulus [Pa]": 6795490727.254133,
        "Negative electrode reference concentration for free of deformation [mol.m-3]": 0.0,
        "Negative electrode partial molar volume [m3.mol-1]": 1.4789618241494072e-06,
        "Negative electrode initial crack length [m]": 2.5493579362877578e-08,
        "Negative electrode initial crack width [m]": 1.3968852966739027e-08,
        "Negative electrode number of cracks per unit area [m-2]": 3022423942329291.0,
        "Negative electrode Paris' law constant b": 1.6690530104692096,
        "Negative electrode Paris' law constant m": 2.661306014622375,
        "Negative electrode activation energy for cracking rate [J.mol-1]": 0.0,
        "Negative electrode LAM constant proportional term [s-1]": 0.0,
        "Negative electrode LAM constant exponential term": 2.8372560368568545,
        "Negative electrode critical stress [Pa]": 54207565.96899714,
        "Positive electrode conductivity [S.m-1]": 10.838453252345007,
        "Maximum concentration in positive electrode [mol.m-3]": 41789.54900414604,
        "Positive electrode porosity": 0.33795401308761014,
        "Positive electrode active material volume fraction": 0.5402210917000967,
        "Positive particle radius [m]": 3.259222110184337e-06,
        "Positive electrode surface area to volume ratio [m-1]": 294432.1545606938,
        "Positive electrode Bruggeman coefficient (electrolyte)": 0.9403565664022285,
        "Positive electrode Bruggeman coefficient (electrode)": 0.0,
        "Positive electrode charge transfer coefficient": 0.3267411882812243,
        "Positive electrode double-layer capacity [F.m-2]": 0.18596448709187807,
        "Positive electrode density [kg.m-3]": 2603.3573069399495,
        "Positive electrode specific heat capacity [J.kg-1.K-1]": 1238.549867665826,
        "Positive electrode thermal conductivity [W.m-1.K-1]": 1.487210165023369,
        "Positive electrode Poisson's ratio": 0.21664092725015294,
        "Positive electrode Young's modulus [Pa]": 527701622292.87976,
        "Positive electrode reference concentration for free of deformation [mol.m-3]": 0.0,
        "Positive electrode partial molar volume [m3.mol-1]": 1.1960984500757853e-07,
        "Positive electrode initial crack length [m]": 3.0247247410234536e-08,
        "Positive electrode initial crack width [m]": 1.6603960197943415e-08,
        "Positive electrode number of cracks per unit area [m-2]": 3596203359535095.5,
        "Positive electrode Paris' law constant b": 1.2427579787399061,
        "Positive electrode Paris' law constant m": 3.0929925708575414,
        "Positive electrode activation energy for cracking rate [J.mol-1]": 0.0,
        "Positive electrode LAM constant proportional term [s-1]": 2.667613405615254e-13,
        "Positive electrode LAM constant exponential term": 2.67270305381102,
        "Positive electrode critical stress [Pa]": 442756197.53857386,
        "Separator porosity": 0.43701815546246986,
        "Separator Bruggeman coefficient (electrolyte)": 1.4611895995819097,
        "Separator density [kg.m-3]": 2536.003360621945,
        "Separator specific heat capacity [J.kg-1.K-1]": 988.6738064697519,
        "Separator thermal conductivity [W.m-1.K-1]": 0.1940316384567365,
        "Initial concentration in electrolyte [mol.m-3]": 1323.211487754445,
        "Cation transference number": 0.2836788485722283,
        "Reference temperature [K]": 200.80996064912904,
        "Total heat transfer coefficient [W.m-2.K-1]": 50.20830481323806,
        "Ambient temperature [K]": 355.14968064083087,
        "Number of electrodes connected in parallel to make a cell": 37.40476549201601,