{
    "config": {
        "Ideal gas constant [J.K-1.mol-1]": 11.685234011153153,
        "Faraday constant [C.mol-1]": 91378.33567681538,
        "Boltzmann constant [J.K-1]": 9.735784765555131e-24,
        "Electron charge [C]": 1.5633495101636832e-19,
        "Negative current collector thickness [m]": 1.7420451328223474e-05,
        "Negative electrode thickness [m]": 9.51170922355052e-05,
        "Separator thickness [m]": 9.038655266639889e-06,
        "Positive electrode thickness [m]": 9.019154526719093e-05,
        "Positive current collector thickness [m]": 2.158604595048759e-05,
        "Electrode height [m]": 0.06390220006444979,
        "Electrode width [m]": 1.7994077956686387,
        "Cell cooling surface area [m2]": 0.005042355580283796,
        "Cell volume [m3]": 2.3995678342085885e-05,
        "Negative current collector conductivity [S.m-1]": 35826099.084913604,
        "Positive current collector conductivity [S.m-1]": 32279672.413434975,
        "Negative current collector density [kg.m-3]": 7779.821700065142,
        "Positive current collector density [kg.m-3]": 2779.4255873159714,
        "Positive current collector thermal conductivity [W.m-1.K-1]": 199.99305978099073,
        "Nominal cell capacity [A.h]": 5.287197341353972,
        "Current function [A]": 4.834561580005514,
        "Contact resistance [Ohm]": 0,
        "Negative electrode conductivity [S.m-1]": 278.2506904309578,
        "Maximum concentration in negative electrode [mol.m-3]": 25945.608278113174,
        "Negative electrode porosity": 0.19562635182709798,
        "Negative electrode active material volume fraction": 1.0138797370839625,
        "Negative particle radius [m]": 6.64131919838482e-06,
        "Negative electrode Bruggeman coefficient (electrolyte)": 2.345189983838594,
        "Negative electrode Bruggeman coefficient (electrode)": 0.0,
        "Negative electrode charge transfer coefficient": 0.4746968889581652,
        "Negative electrode double-layer capacity [F.m-2]": 0.2544253710688144,
        "Negative electrode density [kg.m-3]": 2790.8649293767025,
        "Maximum concentration in positive electrode [mol.m-3]": 44013.75205915232,
        "Positive electrode porosity": 0.4108031456601662,
        "Positive electrode active material volume fraction": 0.42969902683492045,
        "Positive particle radius [m]": 5.733687533342053e-06,
        "Positive electrode Bruggeman coefficient (electrolyte)": 1.6323280547210706,
        "Positive electrode Bruggeman coefficient (electrode)": 0.0,
        "Positive electrode charge transfer coefficient": 0.5463855591508904,
        "Positive electrode double-layer capacity [F.m-2]": 0.12192410448437817,
        "Positive electrode density [kg.m-3]": 3622.0864498353185,
        "Separator porosity": 0.45584132857755577,
        "Separator Bruggeman coefficient (electrolyte)": 1.4809324209523624,
        "Separator Bruggeman coefficient (electrode)": 1.5160863678930483,
        "Separator density [kg.m-3]": 1275.1492734735139,
        "Separator thermal conductivity [W.m-1.K-1]": 0.28792442781858363,
        "Initial concentration in electrolyte [mol.m-3]": 1036.0316771595699,
        "Reference temperature [K]": 390.48795942663776,
        "Total heat transfer coefficient [W.m-2.K-1]": 11.776487241236925,
        "Ambient temperature [K]": 323.2760638007724,
        "Number of electrodes connected in parallel to make a cell": 0.7331791734961055,
        "Number of cells connected in series to make a battery": 1.2094138024133139,
        "Lower voltage cut-off [V]": 2.0952985030366107,
        "Upper voltage cut-off [V]": 4.536790011476293,
        "Open-circuit voltage at 0% SOC [V]": 3.5811003102784293,
        "Open-circuit voltage at 100% SOC [V]": 4.885178972159372,
        "Initial concentration in negative electrode [mol.m-3]": 25197.767728907325,
        "Initial concentration in positive electrode [mol.m-3]": 14255.481140112608,
        "Initial temperature [K]": 435.73677388614976
    },
    "V": [
        4.01540865344356,
        3.9193754853351557,
        3.8643167234198303,
        3.810428923951967,
        3.7579088573929935,
        3.715321933965944,
        3.689111919656671,
        3.655128169304363,
        3.6227310341599863,
        3.602048657764153,
        3.5898188126848294,
        3.557697558824409,
        3.530950379288482,
        3.500023503038851,
        3.4800433996207922,
        3.449659164811461,
        3.421286152411061,
        3.4198715831048894,
        3.3996206068890364,
        3.373790422499393,
        3.3537395336546725,
        3.3232819104753357,
        3.3061637922334315,
        3.2870247874756324,
        3.2562534903002778,
        3.2326942523119238,
        3.2049995018055553,
        3.184885537471896,
        3.1571301517171246,
        3.130570766769603,
        3.1152125191279154,
        3.092657924091511,
        3.086938383602565,
        3.0630194374900954,
        3.0461978434877603,
        3.019093904570896,
        3.0045882903273258,
        2.9842135822051885,
        2.952583441396856,
        2.9088719299332952,
        2.837944873775067,
        2.7483796853940246,
        2.7032956129105963,
        2.6335898150810197,
        2.5639581029506444,
        2.315290709896333,
        2.0953085030367746
    ],
    "time": [
        0.0,
        36.36363636363637,
        72.72727272727273,
        109.0909090909091,
        145.45454545454547,
        181.81818181818184,
        218.1818181818182,
        254.54545454545456,
        290.90909090909093,
        327.2727272727273,
        363.6363636363637,
        400.00000000000006,
        436.3636363636364,
        472.72727272727275,
        509.0909090909091,
        545.4545454545455,
        581.8181818181819,
        618.1818181818182,
        654.5454545454546,
        690.909090909091,
        727.2727272727274,
        763.6363636363637,
        800.0000000000001,
        836.3636363636365,
        872.7272727272727,
        909.0909090909091,
        945.4545454545455,
        981.8181818181819,
        1018.1818181818182,
        1054.5454545454547,
        1090.909090909091,
        1127.2727272727275,
        1163.6363636363637,
        1200.0,
        1236.3636363636365,
        1272.7272727272727,
        1309.0909090909092,
        1345.4545454545455,
        1381.818181818182,
        1418.1818181818182,
        1454.5454545454547,
        1463.9204545454547,
        1465.0923295454547,
        1465.6782670454547,
        1465.8247514204547,
        1465.8979936079547,
        1465.9060388053401
    ]
}