{
    "config": {
        "Ideal gas constant [J.K-1.mol-1]": 10.14997335437318,
        "Faraday constant [C.mol-1]": 162434.27361890962,
        "Boltzmann constant [J.K-1]": 1.4178521561372816e-23,
        "Electron charge [C]": 9.875550145607006e-20,
        "Ratio of lithium moles to SEI moles": 1.5307688809661872,
        "Inner SEI reaction proportion": 0.5725883533029867,
        "Inner SEI partial molar volume [m3.mol-1]": 9.413617587483143e-05,
        "Outer SEI partial molar volume [m3.mol-1]": 0.00011051855461764515,
        "SEI reaction exchange current density [A.m-2]": 8.745475216632225e-08,
        "SEI resistivity [Ohm.m]": 172184.11282456847,
        "Outer SEI solvent diffusivity [m2.s-1]": 3.3637672146277157e-22,
        "Bulk solvent concentration [mol.m-3]": 3107.2003699277543,
        "Inner SEI open-circuit potential [V]": 0.10060175287689518,
        "Outer SEI open-circuit potential [V]": 0.8500803499474792,
        "Inner SEI electron conductivity [S.m-1]": 9.077959297988436e-14,
        "Inner SEI lithium interstitial diffusivity [m2.s-1]": 1.0444606105908346e-20,
        "Lithium interstitial reference concentration [mol.m-3]": 10.117686905016992,
        "Initial inner SEI thickness [m]": 1.9598303982827834e-09,
        "Initial outer SEI thickness [m]": 2.7336431281700397e-09,
        "EC initial concentration in electrolyte [mol.m-3]": 3666.7503255815673,
        "EC diffusivity [m2.s-1]": 2.5393052691052826e-18,
        "SEI kinetic rate constant [m.s-1]": 9.753430444366174e-13,
        "SEI open-circuit potential [V]": 0.3569049273986901,
        "SEI growth activation energy [J.mol-1]": 0.0,
        "Negative electrode reaction-driven LAM factor [m3.mol-1]": 0.0,
        "Positive electrode reaction-driven LAM factor [m3.mol-1]": 0.0,
        "Negative current collector thickness [m]": 1.5216636261298308e-05,
        "Negative electrode thickness [m]": 7.489104523641298e-05,
        "Separator thickness [m]": 1.1476614589052142e-05,
        "Positive electrode thickness [m]": 0.00010382290871474822,
        "Positive current collector thickness [m]": 1.972851111808184e-05,
        "Electrode height [m]": 0.0611299757424148,
        "Electrode width [m]": 1.3477229586466768,
        "Cell cooling surface area [m2]": 0.006016489928300374,
        "Cell volume [m3]": 2.103142899160636e-05,
        "Cell thermal expansion coefficient [m.K-1]": 7.643713479670313e-07,
        "Negative current collector conductivity [S.m-1]": 46770373.91827447,
        "Positive current collector conductivity [S.m-1]": 44067906.19737216,
        "Negative current collector density [kg.m-3]": 9536.461475861133,
        "Positive current collector density [kg.m-3]": 1606.4268842852741,
        "Negative current collector specific heat capacity [J.kg-1.K-1]": 478.1203131293414,
        "Positive current collector specific heat capacity [J.kg-1.K-1]": 771.9622568578548,
        "Negative current collector thermal conductivity [W.m-1.K-1]": 500.82013864002147,
        "Positive current collector thermal conductivity [W.m-1.K-1]": 155.6784121658909,
        "Nominal cell capacity [A.h]": 6.241837982308754,
        "Current function [A]": 6.532068240801262,
        "Contact resistance [Ohm]": 0,
        "Negative electrode conductivity [S.m-1]": 227.21515107027622,
        "Maximum concentration in negative electrode [mol.m-3]": 32750.054954624786,
        "Negative particle diffusivity [m2.s-1]": 2.7565173010963527e-14,
        "Negative electrode porosity": 0.2744079012230804,
        "Negative electrode active material volume fraction": 0.5551401142115708,
        "Negative particle radius [m]": 6.496588908896799e-06,
        "Negative electrode Bruggeman coefficient (electrolyte)": 2.0805633993356683,
        "Negative electrode Bruggeman coefficient (electrode)": 0,
        "Negative electrode charge transfer coefficient": 0.326293987939651,
        "Negative electrode double-layer capacity [F.m-2]": 0.23646882160603475,
        "Negative electrode density [kg.m-3]": 1975.638543347595,
        "Negative electrode specific heat capacity [J.kg-1.K-1]": 346.9147760479996,
        "Negative electrode thermal conductivity [W.m-1.K-1]": 2.24961105129704,
        "Negative electrode OCP entropic change [V.K-1]": 0.0,
        "Positive electrode conductivity [S.m-1]": 0.2091498620480844,
        "Maximum concentration in positive electrode [mol.m-3]": 56218.173159451566,
        "Positive particle diffusivity [m2.s-1]": 3.612674159329493e-15,
        "Positive electrode porosity": 0.3852462211789324,
        "Positive electrode active material volume fraction": 0.5506115809737339,
        "Positive particle radius [m]": 5.819022410315442e-06,
        "Positive electrode Bruggeman coefficient (electrolyte)": 1.3621249286187933,
        "Positive electrode Bruggeman coefficient (electrode)": 0,
        "Positive electrode charge transfer coefficient": 0.25253853854490604,
        "Positive electrode double-layer capacity [F.m-2]": 0.1353679188077408,
        "Positive electrode density [kg.m-3]": 3315.0146984101134,
        "Positive electrode specific heat capacity [J.kg-1.K-1]": 605.0002287979986,
        "Positive electrode thermal conductivity [W.m-1.K-1]": 1.9056808420979021,
        "Positive electrode OCP entropic change [V.K-1]": 0.0,
        "Separator porosity": 0.5472310008292134,
        "Separator Bruggeman coefficient (electrolyte)": 2.2098308092813905,
        "Separator density [kg.m-3]": 453.0317022574166,
        "Separator specific heat capacity [J.kg-1.K-1]": 872.1068543355824,
        "Separator thermal conductivity [W.m-1.K-1]": 0.14231440598118145,
        "Initial concentration in electrolyte [mol.m-3]": 1352.4673089453258,
        "Cation transference number": 0.24599812407770405,
        "Thermodynamic factor": 0.8506613847545956,
        "Reference temperature [K]": 217.34682245844442,
        "Total heat transfer coefficient [W.m-2.K-1]": 13.513849487678883,
        "Ambient temperature [K]": 355.0951344968084,
        "Number of electrodes connected in parallel to make a cell": 1.0678336221479074,
        "Number of cells connected in series to make a battery": 1.0146903226071922,
        "Lower voltage cut-off [V]": 2.0945711337031856,
        "Upper voltage cut-off [V]": 4.1313016876331226,
        "Open-circuit voltage at 0% SOC [V]": 2.349055953573476,
        "Open-circuit voltage at 100% SOC [V]": 4.618469875786557,
        "Initial concentration in negative electrode [mol.m-3]": 19215.15784056241,
        "Initial concentration in positive electrode [mol.m-3]": 19457.90939034768,
        "Initial temperature [K]": 272.7834705408689
    },
    "V": [
        3.9772173885572695,
        3.9241652270883973,
        3.893080612616595,
        3.8695123297643192,
        3.8499425546803865,
        3.832561976673463,
        3.816460220028917,
        3.8011992621696917,
        3.7865470456148302,
        3.7723693691849167,
        3.758590481733248,
        3.7451716336256893,
        3.7320888703486994,
        3.719316663397045,
        3.7068184405159066,
        3.6945389878450268,
        3.6824024143876244,
        3.670311073002253,
        3.6581408596273715,
        3.6457547729472446,
        3.6330140206162254,
        3.619794660532505,
        3.6059744143014747,
        3.591401519994949,
        3.575890480699911,
        3.559316234258036,
        3.5417594248799085,
        3.5235185128854996,
        3.5049734747583434,
        3.486452289854793,
        3.4681257610390945,
        3.449922399391198,
        3.431353042062898,
        3.4108534655502485,
        3.3841951700464117,
        3.3469869500735374,
        3.302246191932862,
        3.2551069373375237,
        3.2060993761160352,
        3.150735482796343,
        3.078508822815092,
        2.9719511795723315,
        2.8055877601442525,
        2.5405444531097436,
        2.1139459504858737,
        2.094581133703187
    ],