{
    "config": {
        "Ideal gas constant [J.K-1.mol-1]": 8.809762606850903,
        "Faraday constant [C.mol-1]": 92539.76951368494,
        "Boltzmann constant [J.K-1]": 1.2674667399689004e-23,
        "Electron charge [C]": 1.5120597038992868e-19,
        "Ratio of lithium moles to SEI moles": 1.7385951304209062,
        "Inner SEI reaction proportion": 0.5046161425649509,
        "Inner SEI partial molar volume [m3.mol-1]": 0.0001051212709285825,
        "Outer SEI partial molar volume [m3.mol-1]": 6.568164432186547e-05,
        "SEI reaction exchange current density [A.m-2]": 1.899568581236354e-07,
        "SEI resistivity [Ohm.m]": 232168.28618269047,
        "Outer SEI solvent diffusivity [m2.s-1]": 2.381067974649763e-22,
        "Bulk solvent concentration [mol.m-3]": 2200.3195132814494,
        "Inner SEI open-circuit potential [V]": 0.05851604642771374,
        "Outer SEI open-circuit potential [V]": 0.975980803382588,
        "Inner SEI electron conductivity [S.m-1]": 7.978995547827315e-14,
        "Inner SEI lithium interstitial diffusivity [m2.s-1]": 9.498859099177732e-21,
        "Lithium interstitial reference concentration [mol.m-3]": 11.011597387558577,
        "Initial inner SEI thickness [m]": 2.2380065522803644e-09,
        "Initial outer SEI thickness [m]": 3.113154059263973e-09,
        "EC initial concentration in electrolyte [mol.m-3]": 4326.837253787455,
        "EC diffusivity [m2.s-1]": 8.605807130313295e-19,
        "SEI kinetic rate constant [m.s-1]": 1.3096879458710572e-12,
        "SEI open-circuit potential [V]": 0.35660295815725107,
        "SEI growth activation energy [J.mol-1]": 0.0,
        "Negative electrode reaction-driven LAM factor [m3.mol-1]": 0.0,
        "Positive electrode reaction-driven LAM factor [m3.mol-1]": 0.0,
        "Negative current collector thickness [m]": 9.77646470998618e-06,
        "Negative electrode thickness [m]": 7.800305799478678e-05,
        "Separator thickness [m]": 1.5230357289552387e-05,
        "Positive electrode thickness [m]": 6.389348596008431e-05,
        "Positive current collector thickness [m]": 1.6785584707381846e-05,
        "Electrode height [m]": 0.09889659764697001,
        "Electrode width [m]": 0.10218331738276293,
        "Negative tab width [m]": 0.005347526044670501,
        "Negative tab centre y-coordinate [m]": 0.005035821849719329,
        "Negative tab centre z-coordinate [m]": 0.11449255327237688,
        "Positive tab width [m]": 0.00394549256346316,
        "Positive tab centre y-coordinate [m]": 0.027102053210899164,
        "Positive tab centre z-coordinate [m]": 0.10701792905846541,
        "Cell cooling surface area [m2]": 0.01914278570266253,
        "Cell volume [m3]": 1.5729138778325631e-06,
        "Negative current collector conductivity [S.m-1]": 59155045.56272896,
        "Positive current collector conductivity [S.m-1]": 26759537.912539974,
        "Negative current collector density [kg.m-3]": 7820.70976668767,
        "Positive current collector density [kg.m-3]": 3546.4017250344536,
        "Negative current collector specific heat capacity [J.kg-1.K-1]": 544.5547386943878,
        "Positive current collector specific heat capacity [J.kg-1.K-1]": 838.4607050702206,
        "Negative current collector thermal conductivity [W.m-1.K-1]": 228.4647436615572,
        "Positive current collector thermal conductivity [W.m-1.K-1]": 349.55733097190966,
        "Nominal cell capacity [A.h]": 0.1429939355574282,
        "Current function [A]": 0.173112352601088,
        "Contact resistance [Ohm]": 0,
        "Negative electrode conductivity [S.m-1]": 12.520587945473459,
        "Maximum concentration in negative electrode [mol.m-3]": 32667.821429668616,
        "Negative electrode porosity": 0.29855451891286144,
        "Negative electrode active material volume fraction": 0.36072183552675874,
        "Negative particle radius [m]": 9.935544793271768e-06,
        "Negative electrode Bruggeman coefficient (electrolyte)": 1.644259284798677,
        "Negative electrode Bruggeman coefficient (electrode)": 0.0,
        "Negative electrode density [kg.m-3]": 2237.766302406652,
        "Negative electrode specific heat capacity [J.kg-1.K-1]": 912.1546010831545,
        "Negative electrode thermal conductivity [W.m-1.K-1]": 2.5576499160699524,
        "Negative electrode OCP entropic change [V.K-1]": 0.0,
        "Positive electrode conductivity [S.m-1]": 68.9104248212973,
        "Maximum concentration in positive electrode [mol.m-3]": 50231.54674450748,
        "Positive electrode porosity": 0.287724114967897,
        "Positive electrode active material volume fraction": 0.4756319033851763,
        "Positive particle radius [m]": 8.203606006862573e-06,
        "Positive electrode Bruggeman coefficient (electrolyte)": 2.5481903399822388,
        "Positive electrode Bruggeman coefficient (electrode)": 0.0,
        "Positive electrode density [kg.m-3]": 4390.631584441597,
        "Positive electrode specific heat capacity [J.kg-1.K-1]": 1169.9050158381901,
        "Positive electrode thermal conductivity [W.m-1.K-1]": 0.9278058874970803,
        "Positive electrode OCP entropic change [V.K-1]": 0.0,
        "Separator porosity": 0.41464599876009006,
        "Separator Bruggeman coefficient (electrolyte)": 1.608425199698306,
        "Separator density [kg.m-3]": 868.5393265701576,
        "Separator specific heat capacity [J.kg-1.K-1]": 2310.8401280486805,
        "Separator thermal conductivity [W.m-1.K-1]": 0.4200129653101442,
        "Initial concentration in electrolyte [mol.m-3]": 1437.1975608232565,
        "Cation transference number": 0.3341176693821679,
        "Thermodynamic factor": 1.0473880473356325,
        "Reference temperature [K]": 323.0619021168989,
        "Negative current collector surface heat transfer coefficient [W.m-2.K-1]": 11.826824320111227,
        "Positive current collector surface heat transfer coefficient [W.m-2.K-1]": 10.410819295092374,
        "Negative tab heat transfer coefficient [W.m-2.K-1]": 10.689335652604369,
        "Positive tab heat transfer coefficient [W.m-2.K-1]": 15.487355071781614,
        "Edge heat transfer coefficient [W.m-2.K-1]": 10.643587925320377,
        "Total heat transfer coefficient [W.m-2.K-1]": 9.441762552348052,
        "Ambient temperature [K]": 289.7432696232279,
        "Number of electrodes connected in parallel to make a cell": 0.8310506387752578,
        "Number of cells connected in series to make a battery": 0.45566799159615123,
        "Lower voltage cut-off [V]": 2.0719005788826803,
        "Upper voltage cut-off [V]": 5.471146568704981,
        "Open-circuit voltage at 0% SOC [V]": 2.449693156333302,
        "Open-circuit voltage at 100% SOC [V]": 4.398333374217299,
        "Initial concentration in negative electrode [mol.m-3]": 26666.38788610036,
        "Initial concentration in positive electrode [mol.m-3]": 12178.325642354906,
        "Initial temperature [K]": 243.6362400289635
    },