{
    "config": {
        "Ideal gas constant [J.K-1.mol-1]": 9.593134507719032,
        "Faraday constant [C.mol-1]": 93385.29273364061,
        "Boltzmann constant [J.K-1]": 9.54632511577094e-24,
        "Electron charge [C]": 1.3730711291832115e-19,
        "Ratio of lithium moles to SEI moles": 2.6356642255053773,
        "Inner SEI reaction proportion": 0.3065032296773733,
        "Inner SEI partial molar volume [m3.mol-1]": 0.00010880637533435667,
        "Outer SEI partial molar volume [m3.mol-1]": 9.119977809226767e-05,
        "SEI reaction exchange current density [A.m-2]": 1.8489632168726706e-07,
        "SEI resistivity [Ohm.m]": 235008.46858732824,
        "Outer SEI solvent diffusivity [m2.s-1]": 3.1606192380638224e-22,
        "Bulk solvent concentration [mol.m-3]": 1911.4723598126789,
        "Inner SEI open-circuit potential [V]": 0.07899599102436229,
        "Outer SEI open-circuit potential [V]": 0.8369983386686789,
        "Inner SEI electron conductivity [S.m-1]": 8.719612230518171e-14,
        "Inner SEI lithium interstitial diffusivity [m2.s-1]": 9.774482954770315e-21,
        "Lithium interstitial reference concentration [mol.m-3]": 15.59299551498251,
        "Initial inner SEI thickness [m]": 2.629328544217104e-09,
        "Initial outer SEI thickness [m]": 2.4007691582028365e-09,
        "EC initial concentration in electrolyte [mol.m-3]": 4882.175774407722,
        "EC diffusivity [m2.s-1]": 1.1821819780373687e-18,
        "SEI kinetic rate constant [m.s-1]": 8.71609503969767e-13,
        "SEI open-circuit potential [V]": 0.34061763312887544,
        "SEI growth activation energy [J.mol-1]": 0.0,
        "Negative electrode reaction-driven LAM factor [m3.mol-1]": 0.0,
        "Positive electrode reaction-driven LAM factor [m3.mol-1]": 0.0,
        "Negative current collector thickness [m]": 1.2806389557411849e-05,
        "Negative electrode thickness [m]": 6.174577474013672e-05,
        "Separator thickness [m]": 1.733113922729434e-05,
        "Positive electrode thickness [m]": 8.360521543275571e-05,
        "Positive current collector thickness [m]": 1.2241812692806338e-05,
        "Electrode height [m]": 0.06093756247166937,
        "Electrode width [m]": 1.8517399823404819,
        "Cell cooling surface area [m2]": 0.0069393653208483135,
        "Cell volume [m3]": 3.2111219023361986e-05,
        "Cell thermal expansion coefficient [m.K-1]": 7.783127185279794e-07,
        "Negative current collector conductivity [S.m-1]": 44533028.81202444,
        "Positive current collector conductivity [S.m-1]": 54333222.82078188,
        "Negative current collector density [kg.m-3]": 8388.620444838243,
        "Positive current collector density [kg.m-3]": 2884.4102050597385,
        "Negative current collector specific heat capacity [J.kg-1.K-1]": 234.6246309433412,
        "Positive current collector specific heat capacity [J.kg-1.K-1]": 975.9144342823085,
        "Negative current collector thermal conductivity [W.m-1.K-1]": 444.81307493717213,
        "Positive current collector thermal conductivity [W.m-1.K-1]": 247.70291849120932,
        "Nominal cell capacity [A.h]": 6.670548616719593,
        "Current function [A]": 4.001871338350284,
        "Contact resistance [Ohm]": 0,
        "Negative electrode conductivity [S.m-1]": 229.15284918502567,
        "Maximum concentration in negative electrode [mol.m-3]": 26712.041210063246,
        "Negative particle diffusivity [m2.s-1]": 2.858430530020103e-14,
        "Negative electrode porosity": 0.1855470867871949,
        "Negative electrode active material volume fraction": 0.6761588517918591,
        "Negative particle radius [m]": 3.240420624608262e-06,
        "Negative electrode Bruggeman coefficient (electrolyte)": 1.262688127977409,
        "Negative electrode Bruggeman coefficient (electrode)": 0,
        "Negative electrode charge transfer coefficient": 0.37574290542910826,
        "Negative electrode double-layer capacity [F.m-2]": 0.16370021982708252,
        "Negative electrode density [kg.m-3]": 1613.8268091131883,
        "Negative electrode specific heat capacity [J.kg-1.K-1]": 1037.4489205936252,
        "Negative electrode thermal conductivity [W.m-1.K-1]": 1.5927956548665219,
        "Negative electrode OCP entropic change [V.K-1]": 0.0,
        "Positive electrode conductivity [S.m-1]": 0.14117414808513196,
        "Maximum concentration in positive electrode [mol.m-3]": 77649.47888935581,
        "Positive particle diffusivity [m2.s-1]": 3.0883002582869586e-15,
        "Positive electrode porosity": 0.37614880902076253,
        "Positive electrode active material volume fraction": 0.7390157028436235,
        "Positive particle radius [m]": 3.944601072053922e-06,
        "Positive electrode Bruggeman coefficient (electrolyte)": 1.5787546475763663,
        "Positive electrode Bruggeman coefficient (electrode)": 0,
        "Positive electrode charge transfer coefficient": 0.5014946247583364,
        "Positive electrode double-layer capacity [F.m-2]": 0.22922564048071942,
        "Positive electrode density [kg.m-3]": 3842.9465010340764,
        "Positive electrode specific heat capacity [J.kg-1.K-1]": 805.0113695794166,
        "Positive electrode thermal conductivity [W.m-1.K-1]": 2.1709555388735615,
        "Positive electrode OCP entropic change [V.K-1]": 0.0,
        "Separator porosity": 0.5176696127288462,
        "Separator Bruggeman coefficient (electrolyte)": 1.0045338938176316,
        "Separator density [kg.m-3]": 352.0188536463251,
        "Separator specific heat capacity [J.kg-1.K-1]": 448.0384131506489,
        "Separator thermal conductivity [W.m-1.K-1]": 0.09768718104965303,
        "Initial concentration in electrolyte [mol.m-3]": 1362.8531077512084,
        "Cation transference number": 0.260848890214633,
        "Thermodynamic factor": 1.1256706091047648,
        "Reference temperature [K]": 299.3998940612955,
        "Total heat transfer coefficient [W.m-2.K-1]": 5.465198048973989,
        "Ambient temperature [K]": 249.3807291522228,
        "Number of electrodes connected in parallel to make a cell": 1.092818211453943,
        "Number of cells connected in series to make a battery": 1.1474840914430164,
        "Lower voltage cut-off [V]": 1.736538846101996,
        "Upper voltage cut-off [V]": 4.471758704072632,
        "Open-circuit voltage at 0% SOC [V]": 1.661997674641246,
        "Open-circuit voltage at 100% SOC [V]": 4.049870575689217,
        "Initial concentration in negative electrode [mol.m-3]": 24119.729820966244,
        "Initial concentration in positive electrode [mol.m-3]": 17885.231326116933,
        "Initial temperature [K]": 507.3524157275689
    },