{
    "config": {
        "Ideal gas constant [J.K-1.mol-1]": 10.70040402673408,
        "Faraday constant [C.mol-1]": 117723.50827860672,
        "Boltzmann constant [J.K-1]": 9.993524424391695e-24,
        "Electron charge [C]": 1.3596970212082078e-19,
        "Negative electrode thickness [m]": 2.851568551843211e-05,
        "Separator thickness [m]": 1.947590122032381e-05,
        "Positive electrode thickness [m]": 5.478275835387818e-05,
        "Electrode height [m]": 0.5441953340526196,
        "Electrode width [m]": 0.4747046641354769,
        "Nominal cell capacity [A.h]": 2.0158707080696967,
        "Current function [A]": 2.3625052920678558,
        "Contact resistance [Ohm]": 0,
        "Negative electrode conductivity [S.m-1]": 92.62236031686598,
        "Maximum concentration in negative electrode [mol.m-3]": 27762.016981445697,
        "Negative electrode diffusivity [m2.s-1]": 3.4147710185441034e-15,
        "Negative electrode porosity": 0.4185190483972559,
        "Negative electrode active material volume fraction": 0.8012473000876292,
        "Negative particle radius [m]": 3.2269736343469308e-06,
        "Negative electrode Bruggeman coefficient (electrolyte)": 1.7625005701937608,
        "Negative electrode Bruggeman coefficient (electrode)": 1.4540486936015633,
        "Negative electrode charge transfer coefficient": 0.35928178156443213,
        "Negative electrode double-layer capacity [F.m-2]": 0.18371612005368373,
        "Negative electrode OCP entropic change [V.K-1]": 0,
        "Positive electrode conductivity [S.m-1]": 0.3393536936544918,
        "Maximum concentration in positive electrode [mol.m-3]": 23511.311704841755,
        "Positive electrode diffusivity [m2.s-1]": 5.203963845331635e-18,
        "Positive electrode porosity": 0.4143599157108985,
        "Positive electrode active material volume fraction": 0.38314865127310793,
        "Positive particle radius [m]": 4.9673158043029884e-08,
        "Positive electrode Bruggeman coefficient (electrode)": 1.389002198422087,
        "Positive electrode Bruggeman coefficient (electrolyte)": 1.576874941027452,
        "Positive electrode charge transfer coefficient": 0.47231346863965223,
        "Positive electrode double-layer capacity [F.m-2]": 0.17398610531723596,
        "Positive electrode OCP entropic change [V.K-1]": 0,
        "Separator porosity": 0.6627973459165534,
        "Separator Bruggeman coefficient (electrolyte)": 1.357878691824107,
        "Initial concentration in electrolyte [mol.m-3]": 818.2793887182954,
        "Cation transference number": 0.2740386392941889,
        "Thermodynamic factor": 1.1358833287213594,
        "Electrolyte diffusivity [m2.s-1]": 2.3463869637765303e-10,
        "Reference temperature [K]": 399.09422624327465,
        "Ambient temperature [K]": 217.0687822076339,
        "Number of electrodes connected in parallel to make a cell": 1.3906560338854161,
        "Number of cells connected in series to make a battery": 0.8161078264011468,
        "Lower voltage cut-off [V]": 2.598865150478767,
        "Upper voltage cut-off [V]": 4.531588697111047,
        "Open-circuit voltage at 0% SOC [V]": 2.52763626889349,
        "Open-circuit voltage at 100% SOC [V]": 3.729783796415039,
        "Initial concentration in negative electrode [mol.m-3]": 25448.444161213567,
        "Initial concentration in positive electrode [mol.m-3]": 80.55546174555823,
        "Initial temperature [K]": 224.40124270090936
    },
    "V": [
        3.198850414724345,
        3.0233506087463473,
        2.982433316899792,
        2.963855925639491,
        2.955479197402461,
        2.9522799621648192,
        2.9517309447576343,
        2.9525012091266754,
        2.953891824769233,
        2.9555350480450833,
        2.957249708689684,
        2.9589435597549825,
        2.960575013709361,
        2.9621276207350578,
        2.963597409938501,
        2.96498660123315,
        2.966299931624931,
        2.967542921572457,
        2.96872146631289,
        2.9698404664850084,
        2.9709051386486074,
        2.9719194793221853,
        2.9728876572651304,
        2.97381269745534,
        2.9746979412602554,
        2.9755467927516257,
        2.9763602672533116,
        2.9771410345169453,
        2.9778937789326356,
        2.9786151077130087,
        2.979307696708274,
        2.979979672172589,
        2.980625368882472,
        2.9812473249530522,
        2.981848270874937,
        2.98242805949826,
        2.9829877631446795,
        2.9835287595592206,
        2.984051350630186,
        2.9845564969903844,
        2.985045149547103,
        2.9855174472926227,
        2.985974432310051,
        2.9864165713375055,
        2.9868444034351285,
        2.987258036221942,
        2.9876581243760376,
        2.988045178148367,
        2.9884205457355395,
        2.9887821198274835,
        2.9891320323303097,
        2.9894705068965233,
        2.9897981291542566,
        2.990113370780234,
        2.9904173117123287,
        2.9907098926680304,
        2.9909911136473406,
        2.991260682451413,
        2.9915186695046994,
        2.991765122778564,
        2.991998923144764,
        2.9922194493836574,
        2.992427377188547,
        2.992620581426865,
        2.992798218224256,
        2.992957919195815,
        2.9930993946326456,
        2.9932192170259198,
        2.993315187508176,
        2.993384160609426,
        2.9934225765413514,
        2.993424920824774,
        2.9933864503238476,
        2.9933002746325683,
        2.9931593450959815,
        2.9929549480214783,
        2.992677202055206,
        2.9923159702725046,
        2.99185951113961,
        2.991294857586677,
        2.990609597700594,
        2.9897925370117973,
        2.988832681981067,
        2.9877224891656793,
        2.9864578198123946,
        2.9850395423601292,
        2.983475453931521,
        2.9817802696919187,
        2.9799758836583408,
        2.9780921772176683,
        2.9761629649447596,
        2.9742251264788986,
        2.972316327545487,
        2.9704712473572665,
        2.968720425933353,
        2.967086992506626,
        2.965586860328835,
        2.9642293858463584,
        2.963016560936584,
        2.9619451517807422
    ],