{
    "config": {
        "Ideal gas constant [J.K-1.mol-1]": 6.377391679255054,
        "Faraday constant [C.mol-1]": 126121.67511092189,
        "Boltzmann constant [J.K-1]": 1.547811081542359e-23,
        "Electron charge [C]": 1.6829077710633671e-19,
        "Ratio of lithium moles to SEI moles": 2.601758986847322,
        "Inner SEI reaction proportion": 0.5431909258763884,
        "Inner SEI partial molar volume [m3.mol-1]": 8.869394317544234e-05,
        "Outer SEI partial molar volume [m3.mol-1]": 9.535603744524066e-05,
        "SEI reaction exchange current density [A.m-2]": 2.049484898792367e-06,
        "SEI resistivity [Ohm.m]": 244168.05922381982,
        "Outer SEI solvent diffusivity [m2.s-1]": 2.599671853448245e-22,
        "Bulk solvent concentration [mol.m-3]": 2734.8008968747204,
        "Inner SEI open-circuit potential [V]": 0.05588882325074706,
        "Outer SEI open-circuit potential [V]": 0.8097993330337242,
        "Inner SEI electron conductivity [S.m-1]": 4.3388448384292473e-14,
        "Inner SEI lithium interstitial diffusivity [m2.s-1]": 6.324329980633397e-21,
        "Lithium interstitial reference concentration [mol.m-3]": 22.81686023858987,
        "Initial inner SEI thickness [m]": 2.170835405950363e-09,
        "Initial outer SEI thickness [m]": 3.2044269401199535e-09,
        "EC initial concentration in electrolyte [mol.m-3]": 2875.476912169218,
        "EC diffusivity [m2.s-1]": 1.8709491774760916e-18,
        "SEI kinetic rate constant [m.s-1]": 9.614672405816692e-13,
        "SEI open-circuit potential [V]": 0.0,
        "SEI growth activation energy [J.mol-1]": 0.0,
        "Negative current collector thickness [m]": 1.996702404454014e-05,
        "Negative electrode thickness [m]": 0.00011437588478065407,
        "Separator thickness [m]": 2.4896801495236557e-05,
        "Positive electrode thickness [m]": 9.654084401686865e-05,
        "Positive current collector thickness [m]": 1.897309049875536e-05,
        "Electrode height [m]": 0.07124656929848822,
        "Electrode width [m]": 1.0423145714442228,
        "Negative tab width [m]": 0.04670858569505107,
        "Negative tab centre y-coordinate [m]": 0.06386164916917994,
        "Negative tab centre z-coordinate [m]": 0.11271292471780536,
        "Positive tab width [m]": 0.018053340109215874,
        "Positive tab centre y-coordinate [m]": 0.15890373745161496,
        "Positive tab centre z-coordinate [m]": 0.18468875104297522,
        "Negative current collector conductivity [S.m-1]": 49515664.84692985,
        "Positive current collector conductivity [S.m-1]": 20383748.87736717,
        "Negative current collector density [kg.m-3]": 5806.858521012135,
        "Positive current collector density [kg.m-3]": 2129.2351127520396,
        "Negative current collector specific heat capacity [J.kg-1.K-1]": 408.1632989040092,
        "Positive current collector specific heat capacity [J.kg-1.K-1]": 805.8111234026771,
        "Negative current collector thermal conductivity [W.m-1.K-1]": 456.2648690674959,
        "Positive current collector thermal conductivity [W.m-1.K-1]": 246.8206089335213,
        "Nominal cell capacity [A.h]": 1.0008714170340125,
        "Current function [A]": 0.6379639944371577,
        "Contact resistance [Ohm]": 0,
        "Negative electrode conductivity [S.m-1]": 132.1319280907738,
        "Maximum concentration in negative electrode [mol.m-3]": 44367.914667944046,
        "Negative electrode porosity": 0.4720363178082838,
        "Negative electrode active material volume fraction": 0.597079523634674,
        "Negative particle radius [m]": 2.340427102728987e-06,
        "Negative electrode Bruggeman coefficient (electrolyte)": 4.910330411935835,
        "Negative electrode Bruggeman coefficient (electrode)": 4.936579982527106,
        "Negative electrode charge transfer coefficient": 0.6429104763395996,
        "Negative electrode double-layer capacity [F.m-2]": 0.17493836573597377,
        "Negative electrode density [kg.m-3]": 2139.200011071164,
        "Negative electrode specific heat capacity [J.kg-1.K-1]": 914.7046489358012,
        "Negative electrode thermal conductivity [W.m-1.K-1]": 1.148791213566202,
        "Positive electrode conductivity [S.m-1]": 110.17891920616484,
        "Maximum concentration in positive electrode [mol.m-3]": 60357.816893413044,
        "Positive electrode porosity": 0.2799557479814282,
        "Positive electrode active material volume fraction": 0.949440768822032,
        "Positive particle radius [m]": 2.645791923239919e-06,
        "Positive electrode Bruggeman coefficient (electrolyte)": 4.688917538739785,
        "Positive electrode Bruggeman coefficient (electrode)": 4.12267137953988,
        "Positive electrode charge transfer coefficient": 0.4390404890365327,
        "Positive electrode double-layer capacity [F.m-2]": 0.30440947976023836,
        "Positive electrode density [kg.m-3]": 2546.184206366718,
        "Positive electrode specific heat capacity [J.kg-1.K-1]": 638.4502397318751,
        "Positive electrode thermal conductivity [W.m-1.K-1]": 2.0408196172804054,
        "Separator porosity": 0.7265058601787435,
        "Separator Bruggeman coefficient (electrolyte)": 1.8670000203217234,
        "Separator density [kg.m-3]": 1522.887909804021,
        "Separator specific heat capacity [J.kg-1.K-1]": 2406.986264942063,
        "Separator thermal conductivity [W.m-1.K-1]": 0.3125475824065066,
        "Initial concentration in electrolyte [mol.m-3]": 514.0805960914881,
        "Cation transference number": 0.2906684769105996,
        "Thermodynamic factor": 1.5437437174924218,
        "Reference temperature [K]": 351.3740668812278,
        "Ambient temperature [K]": 272.0458490246588,
        "Negative current collector surface heat transfer coefficient [W.m-2.K-1]": 0.0,
        "Positive current collector surface heat transfer coefficient [W.m-2.K-1]": 0.0,
        "Negative tab heat transfer coefficient [W.m-2.K-1]": 9.89824105274082,
        "Positive tab heat transfer coefficient [W.m-2.K-1]": 10.263726705405013,
        "Edge heat transfer coefficient [W.m-2.K-1]": 0.2239292521999558,
        "Number of electrodes connected in parallel to make a cell": 1.1886403651358473,
        "Number of cells connected in series to make a battery": 1.2026712006681557,
        "Lower voltage cut-off [V]": 2.7064848503834837,
        "Upper voltage cut-off [V]": 4.769007830939351,
        "Open-circuit voltage at 0% SOC [V]": 2.510800784607366,
        "Open-circuit voltage at 100% SOC [V]": 5.976966468746461,
        "Initial concentration in negative electrode [mol.m-3]": 14229.596506670052,
        "Initial concentration in positive electrode [mol.m-3]": 28544.646543892595,
        "Initial temperature [K]": 296.72720710766845
    },