{
    "config": {
        "Ideal gas constant [J.K-1.mol-1]": 5.303676847592424,
        "Faraday constant [C.mol-1]": 109125.66119553841,
        "Boltzmann constant [J.K-1]": 8.843225497759559e-24,
        "Electron charge [C]": 1.1015908182103893e-19,
        "Ratio of lithium moles to SEI moles": 2.011088007159903,
        "Inner SEI reaction proportion": 0.5939773010832288,
        "Inner SEI partial molar volume [m3.mol-1]": 7.504194105618818e-05,
        "Outer SEI partial molar volume [m3.mol-1]": 8.232700393265008e-05,
        "SEI reaction exchange current density [A.m-2]": 9.674286757339907e-07,
        "SEI resistivity [Ohm.m]": 196671.62669904827,
        "Outer SEI solvent diffusivity [m2.s-1]": 3.685888925141405e-22,
        "Bulk solvent concentration [mol.m-3]": 1186.8509971548663,
        "Inner SEI open-circuit potential [V]": 0.07157415257449357,
        "Outer SEI open-circuit potential [V]": 0.7865938797652314,
        "Inner SEI electron conductivity [S.m-1]": 1.11941291040545e-13,
        "Inner SEI lithium interstitial diffusivity [m2.s-1]": 7.340699645041581e-21,
        "Lithium interstitial reference concentration [mol.m-3]": 6.730360087933057,
        "Initial inner SEI thickness [m]": 2.9038059942320358e-09,
        "Initial outer SEI thickness [m]": 2.4510365009853243e-09,
        "EC initial concentration in electrolyte [mol.m-3]": 4338.516457496166,
        "EC diffusivity [m2.s-1]": 1.1783314335000381e-18,
        "SEI kinetic rate constant [m.s-1]": 1.0003461454939357e-12,
        "SEI open-circuit potential [V]": 0.0,
        "SEI growth activation energy [J.mol-1]": 0.0,
        "Negative current collector thickness [m]": 1.5907317632488178e-05,
        "Negative electrode thickness [m]": 7.6978921190297e-05,
        "Separator thickness [m]": 3.722785807339614e-05,
        "Positive electrode thickness [m]": 6.623991986332508e-05,
        "Positive current collector thickness [m]": 2.24122091223066e-05,
        "Electrode height [m]": 0.048114140183725146,
        "Electrode width [m]": 0.919081414066491,
        "Negative tab width [m]": 0.033708496681505946,
        "Negative tab centre y-coordinate [m]": 0.046167193093280934,
        "Negative tab centre z-coordinate [m]": 0.08791115249732487,
        "Positive tab width [m]": 0.05408195255861256,
        "Positive tab centre y-coordinate [m]": 0.15204344466479766,
        "Positive tab centre z-coordinate [m]": 0.11515828806128303,
        "Negative current collector conductivity [S.m-1]": 45614269.94581629,
        "Positive current collector conductivity [S.m-1]": 33515497.693930022,
        "Negative current collector density [kg.m-3]": 10005.663077104558,
        "Positive current collector density [kg.m-3]": 2366.1441996716076,
        "Negative current collector specific heat capacity [J.kg-1.K-1]": 276.687986344897,
        "Positive current collector specific heat capacity [J.kg-1.K-1]": 1083.6214999310193,
        "Negative current collector thermal conductivity [W.m-1.K-1]": 250.89338752535173,
        "Positive current collector thermal conductivity [W.m-1.K-1]": 209.02038262668702,
        "Nominal cell capacity [A.h]": 0.9966145561116322,
        "Current function [A]": 0.5941962340069051,
        "Contact resistance [Ohm]": 0,
        "Negative electrode conductivity [S.m-1]": 90.71974285606919,
        "Maximum concentration in negative electrode [mol.m-3]": 10975.746848885636,
        "Negative electrode porosity": 0.5510854842547063,
        "Negative electrode active material volume fraction": 0.29323080012430214,
        "Negative particle radius [m]": 2.8683661128978797e-06,
        "Negative electrode Bruggeman coefficient (electrolyte)": 3.8853065649830314,
        "Negative electrode Bruggeman coefficient (electrode)": 2.5389175104657093,
        "Negative electrode charge transfer coefficient": 0.4581827443037167,
        "Negative electrode double-layer capacity [F.m-2]": 0.23626966711052078,
        "Negative electrode density [kg.m-3]": 1815.0045176588571,
        "Negative electrode specific heat capacity [J.kg-1.K-1]": 696.4250920263469,
        "Negative electrode thermal conductivity [W.m-1.K-1]": 1.1500399438496012,
        "Positive electrode conductivity [S.m-1]": 90.31968295052528,
        "Maximum concentration in positive electrode [mol.m-3]": 73899.567186267,
        "Positive electrode porosity": 0.5343166721798375,
        "Positive electrode active material volume fraction": 0.6607859937738298,
        "Positive particle radius [m]": 1.8882738868806143e-06,
        "Positive electrode Bruggeman coefficient (electrolyte)": 3.2822270185764806,
        "Positive electrode Bruggeman coefficient (electrode)": 4.247767408052349,
        "Positive electrode charge transfer coefficient": 0.458802724246471,
        "Positive electrode double-layer capacity [F.m-2]": 0.18020314927833475,
        "Positive electrode density [kg.m-3]": 3892.5935795365267,
        "Positive electrode specific heat capacity [J.kg-1.K-1]": 901.755041363003,
        "Positive electrode thermal conductivity [W.m-1.K-1]": 2.116870744939106,
        "Separator porosity": 0.513949136637725,
        "Separator Bruggeman coefficient (electrolyte)": 1.3954936587588949,
        "Separator density [kg.m-3]": 1240.9768303235521,
        "Separator specific heat capacity [J.kg-1.K-1]": 1643.682220534904,
        "Separator thermal conductivity [W.m-1.K-1]": 0.19071147020191825,
        "Initial concentration in electrolyte [mol.m-3]": 1086.4306283829133,
        "Cation transference number": 0.37657793016680596,
        "Thermodynamic factor": 0.5727062460160193,
        "Reference temperature [K]": 237.3325798587081,
        "Ambient temperature [K]": 250.9293445073372,
        "Negative current collector surface heat transfer coefficient [W.m-2.K-1]": 0.0,
        "Positive current collector surface heat transfer coefficient [W.m-2.K-1]": 0.0,
        "Negative tab heat transfer coefficient [W.m-2.K-1]": 12.738185534376935,
        "Positive tab heat transfer coefficient [W.m-2.K-1]": 13.601771933391312,
        "Edge heat transfer coefficient [W.m-2.K-1]": 0.30835514786358836,
        "Number of electrodes connected in parallel to make a cell": 0.9961886769717055,
        "Number of cells connected in series to make a battery": 0.9077553112729803,
        "Lower voltage cut-off [V]": 2.2669770718350306,
        "Upper voltage cut-off [V]": 5.159780585848153,
        "Open-circuit voltage at 0% SOC [V]": 2.2823876990518084,
        "Open-circuit voltage at 100% SOC [V]": 4.608382997563096,
        "Initial concentration in negative electrode [mol.m-3]": 9324.643689424693,
        "Initial concentration in positive electrode [mol.m-3]": 30603.067238993513,
        "Initial temperature [K]": 295.7579348802881
    },
    "V": [
        4.143702775970647,
        4.108947786905604,
        4.092899624765691,
        4.080216810417102,
        4.069262770092239,
        4.0594671206809245,
        4.050455597357665,
        4.042014499332202,
        4.034072896467075,
        4.026551458667339,
        4.019377239319185,
        4.012485475684542,
        4.005815038704728,
        3.9993052169013663,
        3.992890853545747,
        3.98650471198955,
        3.9801015259280854,
        3.9736742800774776,
        3.967207664484721,
        3.9606697707736864,
        3.954020913650246,
        3.947214170510037,
        3.940192275033618,
        3.9328783816287687,
        3.9251626602479157,
        3.916873827878169,
        3.907723055425748,
        3.8972109102243238,
        3.884547793770005,
        3.868691053758729,
        3.848449477012476,
        3.8223892959195105,
        3.7890235725938255,
        3.747004445824647,
        3.693740761452907,
        3.6236665593426003,
        3.465693868972674,
        2.714520287655556,
        2.2669870718350396
    ],