{
    "config": {
        "Ideal gas constant [J.K-1.mol-1]": 10.9857358920822,
        "Faraday constant [C.mol-1]": 77969.80373734143,
        "Boltzmann constant [J.K-1]": 1.158849901394256e-23,
        "Electron charge [C]": 1.484401881283436e-19,
        "Ratio of lithium moles to SEI moles": 1.8115103242652664,
        "Inner SEI reaction proportion": 0.5084641399578915,
        "Inner SEI partial molar volume [m3.mol-1]": 9.842677036715164e-05,
        "Outer SEI partial molar volume [m3.mol-1]": 0.00010297546003284974,
        "SEI reaction exchange current density [A.m-2]": 1.1322069099386749e-07,
        "SEI resistivity [Ohm.m]": 239379.91670210796,
        "Outer SEI solvent diffusivity [m2.s-1]": 1.8542829894195602e-22,
        "Bulk solvent concentration [mol.m-3]": 2948.902847316567,
        "Inner SEI open-circuit potential [V]": 0.08864742430510318,
        "Outer SEI open-circuit potential [V]": 1.0381411095829782,
        "Inner SEI electron conductivity [S.m-1]": 5.0046933090966715e-14,
        "Inner SEI lithium interstitial diffusivity [m2.s-1]": 1.0117694616095925e-20,
        "Lithium interstitial reference concentration [mol.m-3]": 13.575854538678442,
        "Initial inner SEI thickness [m]": 1.8514875208383987e-09,
        "Initial outer SEI thickness [m]": 2.7196381968330648e-09,
        "EC initial concentration in electrolyte [mol.m-3]": 4508.118729743307,
        "EC diffusivity [m2.s-1]": 1.5103703624835863e-18,
        "SEI kinetic rate constant [m.s-1]": 1.1248353039535683e-12,
        "SEI open-circuit potential [V]": 0.3575527945419249,
        "SEI growth activation energy [J.mol-1]": 0.0,
        "Negative electrode reaction-driven LAM factor [m3.mol-1]": 0.0,
        "Positive electrode reaction-driven LAM factor [m3.mol-1]": 0.0,
        "Negative current collector thickness [m]": 1.7541640359631823e-05,
        "Negative electrode thickness [m]": 5.842519604990114e-05,
        "Separator thickness [m]": 1.9744947795511277e-05,
        "Positive electrode thickness [m]": 4.1598050681804406e-05,
        "Positive current collector thickness [m]": 1.6468417729566096e-05,
        "Electrode height [m]": 0.072252394661105,
        "Electrode width [m]": 0.08903172206458677,
        "Negative tab width [m]": 0.006742454281926748,
        "Negative tab centre y-coordinate [m]": 0.004387369485262817,
        "Negative tab centre z-coordinate [m]": 0.08983381127388097,
        "Positive tab width [m]": 0.006796530577058606,
        "Positive tab centre y-coordinate [m]": 0.02926634894382648,
        "Positive tab centre z-coordinate [m]": 0.10609975402257561,
        "Cell cooling surface area [m2]": 0.02396107113427625,
        "Cell volume [m3]": 1.4611389545839821e-06,
        "Negative current collector conductivity [S.m-1]": 45691874.48735763,
        "Positive current collector conductivity [S.m-1]": 43605488.583142385,
        "Negative current collector density [kg.m-3]": 9788.65426960688,
        "Positive current collector density [kg.m-3]": 2405.3719090520126,
        "Negative current collector specific heat capacity [J.kg-1.K-1]": 378.14261434935605,
        "Positive current collector specific heat capacity [J.kg-1.K-1]": 1039.2592384897473,
        "Negative current collector thermal conductivity [W.m-1.K-1]": 390.63793519061056,
        "Positive current collector thermal conductivity [W.m-1.K-1]": 234.505663169087,
        "Nominal cell capacity [A.h]": 0.14417529282945893,
        "Current function [A]": 0.14223608665919144,
        "Contact resistance [Ohm]": 0,
        "Negative electrode conductivity [S.m-1]": 14.107595588849225,
        "Maximum concentration in negative electrode [mol.m-3]": 35715.45555647597,
        "Negative electrode porosity": 0.41472184937638046,
        "Negative electrode active material volume fraction": 0.4436956859496692,
        "Negative particle radius [m]": 9.724718514802757e-06,
        "Negative electrode Bruggeman coefficient (electrolyte)": 1.7334427619500852,
        "Negative electrode Bruggeman coefficient (electrode)": 0.0,
        "Negative electrode density [kg.m-3]": 1598.7344875703486,
        "Negative electrode specific heat capacity [J.kg-1.K-1]": 1147.9917965212921,
        "Negative electrode thermal conductivity [W.m-1.K-1]": 1.1399406570922022,
        "Negative electrode OCP entropic change [V.K-1]": 0.0,
        "Positive electrode conductivity [S.m-1]": 65.62640524151855,
        "Maximum concentration in positive electrode [mol.m-3]": 33400.19743678492,
        "Positive electrode porosity": 0.2173477259678466,
        "Positive electrode active material volume fraction": 0.4372817547819461,
        "Positive particle radius [m]": 7.077707612973465e-06,
        "Positive electrode Bruggeman coefficient (electrolyte)": 1.338794696841035,
        "Positive electrode Bruggeman coefficient (electrode)": 0.0,
        "Positive electrode density [kg.m-3]": 2492.3449426961893,
        "Positive electrode specific heat capacity [J.kg-1.K-1]": 1130.5737025086396,
        "Positive electrode thermal conductivity [W.m-1.K-1]": 1.1017028754910967,
        "Positive electrode OCP entropic change [V.K-1]": 0.0,
        "Separator porosity": 0.4526833955880578,
        "Separator Bruggeman coefficient (electrolyte)": 1.3429855315784485,
        "Separator density [kg.m-3]": 1161.893834152722,
        "Separator specific heat capacity [J.kg-1.K-1]": 1808.4651365292411,
        "Separator thermal conductivity [W.m-1.K-1]": 0.32312741820766017,
        "Initial concentration in electrolyte [mol.m-3]": 743.1610366651516,
        "Cation transference number": 0.2588449363024838,
        "Thermodynamic factor": 0.962987449438723,
        "Reference temperature [K]": 335.11373486270725,
        "Negative current collector surface heat transfer coefficient [W.m-2.K-1]": 11.59748763492065,
        "Positive current collector surface heat transfer coefficient [W.m-2.K-1]": 13.105008721998384,
        "Negative tab heat transfer coefficient [W.m-2.K-1]": 9.220027126236097,
        "Positive tab heat transfer coefficient [W.m-2.K-1]": 12.551122893773663,
        "Edge heat transfer coefficient [W.m-2.K-1]": 10.555724591653199,
        "Total heat transfer coefficient [W.m-2.K-1]": 6.72050932257551,
        "Ambient temperature [K]": 280.77646233538894,
        "Number of electrodes connected in parallel to make a cell": 0.9147248524436767,
        "Number of cells connected in series to make a battery": 1.235824346986746,
        "Lower voltage cut-off [V]": 2.684908414222785,
        "Upper voltage cut-off [V]": 4.758515846660571,
        "Open-circuit voltage at 0% SOC [V]": 2.1974172960111535,
        "Open-circuit voltage at 100% SOC [V]": 3.735200114728864,
        "Initial concentration in negative electrode [mol.m-3]": 27182.388293956697,
        "Initial concentration in positive electrode [mol.m-3]": 12381.829230764202,
        "Initial temperature [K]": 301.45464961503683
    },
    "V": [
        3.756899957819474,
        3.675310976763559,
        3.625686267652875,
        3.5850396247461047,
        3.5617208693381306,
        3.545168047723383,
        3.533706762995382,
        3.524665064473411,
        3.5136366999034907,
        3.497147885121695,
        3.4753746342900538,
        3.4539439545545,
        3.432983308033778,
        3.4107611022155058,
        3.3883906846983685,
        3.366490084672108,
        3.345324816850929,
        3.324876537364985,
        3.305111699462601,
        3.2859706896857497,
        3.2673037946104064,
        3.248855122301573,
        3.230290132649443,
        3.211239551706142,
        3.191322865334388,
        3.170144846528308,
        3.147267389592187,
        3.1221488581874395,
        3.094019370583519,
        3.0615678809816256,
        3.0219261852973847,
        2.9650468421682348,
        2.9083985127592236,
        2.7852780041212073,
        2.6849184142227607
    ],