{
    "config": {
        "Ideal gas constant [J.K-1.mol-1]": 8.006274485364393,
        "Faraday constant [C.mol-1]": 104317.61476052055,
        "Boltzmann constant [J.K-1]": 7.914275623581707e-24,
        "Electron charge [C]": 1.1871438588922982e-19,
        "Ratio of lithium moles to SEI moles": 2.001299991664803,
        "Inner SEI reaction proportion": 0.6247067041096726,
        "Inner SEI partial molar volume [m3.mol-1]": 7.413392322266241e-05,
        "Outer SEI partial molar volume [m3.mol-1]": 0.00015873194984789815,
        "SEI reaction exchange current density [A.m-2]": 1.7073666187618977e-07,
        "SEI resistivity [Ohm.m]": 194178.2719710832,
        "Outer SEI solvent diffusivity [m2.s-1]": 3.0489825513328196e-22,
        "Bulk solvent concentration [mol.m-3]": 2597.6077814897167,
        "Inner SEI open-circuit potential [V]": 0.0874265536131906,
        "Outer SEI open-circuit potential [V]": 0.8388994466772648,
        "Inner SEI electron conductivity [S.m-1]": 1.1148128729918523e-13,
        "Inner SEI lithium interstitial diffusivity [m2.s-1]": 6.7517751475825805e-21,
        "Lithium interstitial reference concentration [mol.m-3]": 11.234651480319716,
        "Initial inner SEI thickness [m]": 1.0067725132379572e-09,
        "Initial outer SEI thickness [m]": 2.309337357847111e-09,
        "EC initial concentration in electrolyte [mol.m-3]": 1119.033514559208,
        "EC diffusivity [m2.s-1]": 1.7592371833963595e-18,
        "SEI kinetic rate constant [m.s-1]": 9.543922226860531e-13,
        "SEI open-circuit potential [V]": 0.31188295352975165,
        "SEI growth activation energy [J.mol-1]": 0.0,
        "Negative electrode reaction-driven LAM factor [m3.mol-1]": 0.0,
        "Positive electrode reaction-driven LAM factor [m3.mol-1]": 0.0,
        "Negative current collector thickness [m]": 1.0153408379094678e-05,
        "Negative electrode thickness [m]": 8.494064079635986e-05,
        "Separator thickness [m]": 2.372395630318222e-05,
        "Positive electrode thickness [m]": 7.459934836183662e-05,
        "Positive current collector thickness [m]": 1.570953811145622e-05,
        "Electrode height [m]": 0.05617241545465843,
        "Electrode width [m]": 0.05521470500589247,
        "Cell cooling surface area [m2]": 0.004983528729605298,
        "Cell volume [m3]": 1.2454405685237743e-05,
        "Cell emissivity": 0.7399411968124382,
        "Cell thermal expansion coefficient [m.K-1]": 1.0633493763173138e-06,
        "Negative current collector conductivity [S.m-1]": 49933993.607611366,
        "Positive current collector conductivity [S.m-1]": 35075206.8422488,
        "Negative current collector density [kg.m-3]": 6765.0605656980115,
        "Positive current collector density [kg.m-3]": 2172.1302127858025,
        "Negative current collector specific heat capacity [J.kg-1.K-1]": 261.11742953939967,
        "Positive current collector specific heat capacity [J.kg-1.K-1]": 912.0637095945449,
        "Negative current collector thermal conductivity [W.m-1.K-1]": 589.2602349135009,
        "Positive current collector thermal conductivity [W.m-1.K-1]": 196.1613721739909,
        "Nominal cell capacity [A.h]": 1.9072682101791822,
        "Current function [A]": 2.2745284776644854,
        "Contact resistance [Ohm]": 0,
        "Negative electrode conductivity [S.m-1]": 78.31576066701939,
        "Maximum concentration in negative electrode [mol.m-3]": 30231.82062622458,
        "Negative electrode porosity": 0.37872420249165517,
        "Negative electrode active material volume fraction": 0.8452969546569639,
        "Negative particle radius [m]": 4.3305569272402785e-06,
        "Negative electrode Bruggeman coefficient (electrolyte)": 2.21215697501313,
        "Negative electrode Bruggeman coefficient (electrode)": 0.0,
        "Negative electrode charge transfer coefficient": 0.5274268252099702,
        "Negative electrode double-layer capacity [F.m-2]": 0.2292718800888939,
        "Negative electrode density [kg.m-3]": 3026.9503606670874,
        "Negative electrode specific heat capacity [J.kg-1.K-1]": 911.5788609486037,
        "Negative electrode thermal conductivity [W.m-1.K-1]": 0.9353096824463466,
        "Negative electrode Poisson's ratio": 0.4408622548396072,
        "Negative electrode Young's modulus [Pa]": 19648387979.09506,
        "Negative electrode reference concentration for free of deformation [mol.m-3]": 0.0,
        "Negative electrode partial molar volume [m3.mol-1]": 2.1418272584284157e-06,
        "Negative electrode initial crack length [m]": 1.7897097634040285e-08,
        "Negative electrode initial crack width [m]": 1.1449633913703315e-08,
        "Negative electrode number of cracks per unit area [m-2]": 3102920369571096.0,
        "Negative electrode Paris' law constant b": 0.9460220928222668,
        "Negative electrode Paris' law constant m": 1.756643431014477,
        "Negative electrode activation energy for cracking rate [J.mol-1]": 0.0,
        "Negative electrode LAM constant proportional term [s-1]": 0.0,
        "Negative electrode LAM constant exponential term": 2.3383684542095655,
        "Negative electrode critical stress [Pa]": 49352391.097507514,
        "Positive electrode conductivity [S.m-1]": 7.020461771470041,
        "Maximum concentration in positive electrode [mol.m-3]": 37557.666861064,
        "Positive electrode porosity": 0.47027636578723875,
        "Positive electrode active material volume fraction": 0.5395305545344986,
        "Positive particle radius [m]": 2.801844520378405e-06,
        "Positive electrode surface area to volume ratio [m-1]": 712344.5622732806,
        "Positive electrode Bruggeman coefficient (electrolyte)": 1.0787834215837835,
        "Positive electrode Bruggeman coefficient (electrode)": 0.0,
        "Positive electrode charge transfer coefficient": 0.5733940214961334,
        "Positive electrode double-layer capacity [F.m-2]": 0.07643299935867887,
        "Positive electrode density [kg.m-3]": 2699.2622664822684,
        "Positive electrode specific heat capacity [J.kg-1.K-1]": 1171.2056558082559,
        "Positive electrode thermal conductivity [W.m-1.K-1]": 1.6186785973745237,
        "Positive electrode Poisson's ratio": 0.2658963304455969,
        "Positive electrode Young's modulus [Pa]": 463864097862.9222,
        "Positive electrode reference concentration for free of deformation [mol.m-3]": 0.0,
        "Positive electrode partial molar volume [m3.mol-1]": 1.3055930320757129e-09,
        "Positive electrode initial crack length [m]": 1.6079422959198814e-08,
        "Positive electrode initial crack width [m]": 1.3282869762504886e-08,
        "Positive electrode number of cracks per unit area [m-2]": 3899382003182393.5,
        "Positive electrode Paris' law constant b": 0.7155992331894528,
        "Positive electrode Paris' law constant m": 2.3968438315539133,
        "Positive electrode activation energy for cracking rate [J.mol-1]": 0.0,
        "Positive electrode LAM constant proportional term [s-1]": 2.5363154351568765e-13,
        "Positive electrode LAM constant exponential term": 2.0908498311413686,
        "Positive electrode critical stress [Pa]": 315684741.59364206,
        "Separator porosity": 0.3850670667007741,
        "Separator Bruggeman coefficient (electrolyte)": 1.550113908937435,
        "Separator density [kg.m-3]": 2730.4199753416765,
        "Separator specific heat capacity [J.kg-1.K-1]": 899.1515160355386,
        "Separator thermal conductivity [W.m-1.K-1]": 0.25977214987093467,
        "Initial concentration in electrolyte [mol.m-3]": 605.7360095138397,
        "Cation transference number": 0.2825653346412088,
        "Reference temperature [K]": 283.36518132070216,
        "Total heat transfer coefficient [W.m-2.K-1]": 53.05642872147783,
        "Ambient temperature [K]": 263.8205213491754,
        "Number of electrodes connected in parallel to make a cell": 43.875780075019534,