{
    "config": {
        "Ideal gas constant [J.K-1.mol-1]": 6.087205749460637,
        "Faraday constant [C.mol-1]": 70975.44243376142,
        "Boltzmann constant [J.K-1]": 1.7913971183306915e-23,
        "Electron charge [C]": 1.4270077159863655e-19,
        "Ratio of lithium moles to SEI moles": 2.4935290320096213,
        "Inner SEI reaction proportion": 0.5345422470402527,
        "Inner SEI partial molar volume [m3.mol-1]": 5.112531245449834e-05,
        "Outer SEI partial molar volume [m3.mol-1]": 9.317062477589015e-05,
        "SEI reaction exchange current density [A.m-2]": 1.7597116432054172e-07,
        "SEI resistivity [Ohm.m]": 176730.2835642484,
        "Outer SEI solvent diffusivity [m2.s-1]": 3.1283408162615535e-22,
        "Bulk solvent concentration [mol.m-3]": 1608.8736243666933,
        "Inner SEI open-circuit potential [V]": 0.09401936987521903,
        "Outer SEI open-circuit potential [V]": 0.8568780473495083,
        "Inner SEI electron conductivity [S.m-1]": 7.839473914059696e-14,
        "Inner SEI lithium interstitial diffusivity [m2.s-1]": 1.002046149543963e-20,
        "Lithium interstitial reference concentration [mol.m-3]": 15.257438007842227,
        "Initial inner SEI thickness [m]": 2.5520480094684675e-09,
        "Initial outer SEI thickness [m]": 3.2711226465500714e-09,
        "EC initial concentration in electrolyte [mol.m-3]": 4575.037591572762,
        "EC diffusivity [m2.s-1]": 2.782053440003851e-18,
        "SEI kinetic rate constant [m.s-1]": 1.0054005141952067e-12,
        "SEI open-circuit potential [V]": 0.3060396941204818,
        "SEI growth activation energy [J.mol-1]": 0.0,
        "Negative electrode reaction-driven LAM factor [m3.mol-1]": 0.0,
        "Positive electrode reaction-driven LAM factor [m3.mol-1]": 0.0,
        "Negative current collector thickness [m]": 6.885725501218633e-06,
        "Negative electrode thickness [m]": 7.829498972047819e-05,
        "Separator thickness [m]": 2.5217835845113334e-05,
        "Positive electrode thickness [m]": 2.609941448319887e-05,
        "Positive current collector thickness [m]": 1.1610041802814213e-05,
        "Electrode height [m]": 0.10005503116158522,
        "Electrode width [m]": 0.06696575455741983,
        "Negative tab width [m]": 0.0067345566375831166,
        "Negative tab centre y-coordinate [m]": 0.005481167599013039,
        "Negative tab centre z-coordinate [m]": 0.11105674300996875,
        "Positive tab width [m]": 0.002969834903978721,
        "Positive tab centre y-coordinate [m]": 0.01276843141875288,
        "Positive tab centre z-coordinate [m]": 0.09198192061513244,
        "Cell cooling surface area [m2]": 0.013931645102428045,
        "Cell volume [m3]": 1.0077056393771236e-06,
        "Negative current collector conductivity [S.m-1]": 73272084.33962485,
        "Positive current collector conductivity [S.m-1]": 15326723.182784922,
        "Negative current collector density [kg.m-3]": 8223.893753346209,
        "Positive current collector density [kg.m-3]": 3171.711310731113,
        "Negative current collector specific heat capacity [J.kg-1.K-1]": 487.6728531100903,
        "Positive current collector specific heat capacity [J.kg-1.K-1]": 677.0565451957717,
        "Negative current collector thermal conductivity [W.m-1.K-1]": 640.4014232612227,
        "Positive current collector thermal conductivity [W.m-1.K-1]": 193.50289611179574,
        "Nominal cell capacity [A.h]": 0.1411546287732779,
        "Current function [A]": 0.15629017175622692,
        "Contact resistance [Ohm]": 0,
        "Negative electrode conductivity [S.m-1]": 17.286396607056865,
        "Maximum concentration in negative electrode [mol.m-3]": 33054.65819256363,
        "Negative electrode porosity": 0.22543988303758392,
        "Negative electrode active material volume fraction": 0.29664957652711454,
        "Negative particle radius [m]": 2.0688370308410833e-05,
        "Negative electrode Bruggeman coefficient (electrolyte)": 1.562328066233108,
        "Negative electrode Bruggeman coefficient (electrode)": 0.0,
        "Negative electrode density [kg.m-3]": 927.5092714452027,
        "Negative electrode specific heat capacity [J.kg-1.K-1]": 1431.7940809920933,
        "Negative electrode thermal conductivity [W.m-1.K-1]": 1.2573942553560533,
        "Negative electrode OCP entropic change [V.K-1]": 0.0,
        "Positive electrode conductivity [S.m-1]": 85.84046830667846,
        "Maximum concentration in positive electrode [mol.m-3]": 59852.283879386014,
        "Positive electrode porosity": 0.2787384432560152,
        "Positive electrode active material volume fraction": 0.3813493589545615,
        "Positive particle radius [m]": 6.649014544911282e-06,
        "Positive electrode Bruggeman coefficient (electrolyte)": 1.899759224830696,
        "Positive electrode Bruggeman coefficient (electrode)": 0.0,
        "Positive electrode density [kg.m-3]": 2021.3343756034224,
        "Positive electrode specific heat capacity [J.kg-1.K-1]": 562.1736501616591,
        "Positive electrode thermal conductivity [W.m-1.K-1]": 0.5320815311047714,
        "Positive electrode OCP entropic change [V.K-1]": 0.0,
        "Separator porosity": 0.4008953919210627,
        "Separator Bruggeman coefficient (electrolyte)": 2.127031379646508,
        "Separator density [kg.m-3]": 1520.1767860836412,
        "Separator specific heat capacity [J.kg-1.K-1]": 1699.032813218395,
        "Separator thermal conductivity [W.m-1.K-1]": 0.5208487365689117,
        "Initial concentration in electrolyte [mol.m-3]": 927.8472429744547,
        "Cation transference number": 0.2860942295368472,
        "Thermodynamic factor": 0.7427717372249565,
        "Reference temperature [K]": 75.49647971098364,
        "Negative current collector surface heat transfer coefficient [W.m-2.K-1]": 1.8859720739962267,
        "Positive current collector surface heat transfer coefficient [W.m-2.K-1]": 11.667536591310538,
        "Negative tab heat transfer coefficient [W.m-2.K-1]": 7.124921044678172,
        "Positive tab heat transfer coefficient [W.m-2.K-1]": 11.58087607936603,
        "Edge heat transfer coefficient [W.m-2.K-1]": 9.443388973873258,
        "Total heat transfer coefficient [W.m-2.K-1]": 7.854934599737357,
        "Ambient temperature [K]": 303.83962103868373,
        "Number of electrodes connected in parallel to make a cell": 0.7773899948879723,
        "Number of cells connected in series to make a battery": 0.9252482469292035,
        "Lower voltage cut-off [V]": 2.8327307337938743,
        "Upper voltage cut-off [V]": 5.423964448570194,
        "Open-circuit voltage at 0% SOC [V]": 2.3744235594227017,
        "Open-circuit voltage at 100% SOC [V]": 4.008566974476291,
        "Initial concentration in negative electrode [mol.m-3]": 21468.596652747114,
        "Initial concentration in positive electrode [mol.m-3]": 12964.491496204613,
        "Initial temperature [K]": 330.37161594664093
    },
    "V": [
        4.14771329580776,
        4.039719036814273,
        3.9874407479326894,
        3.9289321753828443,
        3.876880875543189,
        3.8372342982269485,
        3.801791916884049,
        3.767822854937502,
        3.734627716613771,
        3.702975019793209,
        3.6741975396710633,
        3.649596397727559,
        3.629981555106788,
        3.6153648288916154,
        3.604764268174989,
        3.596110101327627,
        3.5870130004135405,
        3.575484680384861,
        3.559489291749916,
        3.5362711275260423,
        3.502707318727883,
        3.4584660463348946,
        3.4086961016062185,
        3.357918014266813,
        3.3045009893754544,
        3.2435364211630313,
        3.1695899774333705,
        3.0763524186652274,
        2.9546042705930162,
        2.8327407337938744
    ],