{
    "config": {
        "Ideal gas constant [J.K-1.mol-1]": 8.691220090578334,
        "Faraday constant [C.mol-1]": 114630.22843144888,
        "Boltzmann constant [J.K-1]": 9.556447783175672e-24,
        "Electron charge [C]": 1.5933646794338304e-19,
        "Ratio of lithium moles to SEI moles": 2.9817924693669897,
        "Inner SEI reaction proportion": 0.5788078810224806,
        "Inner SEI partial molar volume [m3.mol-1]": 8.297512395178255e-05,
        "Outer SEI partial molar volume [m3.mol-1]": 0.0001022406210140738,
        "SEI reaction exchange current density [A.m-2]": 1.7123801344385332e-07,
        "SEI resistivity [Ohm.m]": 249489.6279267723,
        "Outer SEI solvent diffusivity [m2.s-1]": 1.8456372680659113e-22,
        "Bulk solvent concentration [mol.m-3]": 2717.8660380404676,
        "Inner SEI open-circuit potential [V]": 0.08645797553763113,
        "Outer SEI open-circuit potential [V]": 1.032042012073298,
        "Inner SEI electron conductivity [S.m-1]": 7.265411114424508e-14,
        "Inner SEI lithium interstitial diffusivity [m2.s-1]": 1.5831916628742383e-20,
        "Lithium interstitial reference concentration [mol.m-3]": 18.443823411837165,
        "Initial inner SEI thickness [m]": 2.8295631576383265e-09,
        "Initial outer SEI thickness [m]": 2.7863689345668035e-09,
        "EC initial concentration in electrolyte [mol.m-3]": 5913.156688941341,
        "EC diffusivity [m2.s-1]": 1.812637257918435e-18,
        "SEI kinetic rate constant [m.s-1]": 1.2638594443564523e-12,
        "SEI open-circuit potential [V]": 0.473783643441159,
        "SEI growth activation energy [J.mol-1]": 0.0,
        "Negative electrode reaction-driven LAM factor [m3.mol-1]": 0.0,
        "Positive electrode reaction-driven LAM factor [m3.mol-1]": 0.0,
        "Negative current collector thickness [m]": 1.1340663881518955e-05,
        "Negative electrode thickness [m]": 6.789988342988789e-05,
        "Separator thickness [m]": 1.708870327763787e-05,
        "Positive electrode thickness [m]": 6.867981064317746e-05,
        "Positive current collector thickness [m]": 1.0627621301071009e-05,
        "Electrode height [m]": 0.16875479468861979,
        "Electrode width [m]": 0.14690920127405266,
        "Negative tab width [m]": 0.0251538335281413,
        "Negative tab centre y-coordinate [m]": 0.009634458819795695,
        "Negative tab centre z-coordinate [m]": 0.16472088271324078,
        "Positive tab width [m]": 0.0398054454186301,
        "Positive tab centre y-coordinate [m]": 0.13280848396225087,
        "Positive tab centre z-coordinate [m]": 0.2113425329748445,
        "Cell cooling surface area [m2]": 0.0333976208650715,
        "Cell volume [m3]": 4.8415257944648105e-06,
        "Negative current collector conductivity [S.m-1]": 50341324.694361806,
        "Positive current collector conductivity [S.m-1]": 23139114.426280163,
        "Negative current collector density [kg.m-3]": 11300.350834212526,
        "Positive current collector density [kg.m-3]": 4662.976193890828,
        "Negative current collector specific heat capacity [J.kg-1.K-1]": 501.407397623856,
        "Positive current collector specific heat capacity [J.kg-1.K-1]": 1175.6847385807448,
        "Negative current collector thermal conductivity [W.m-1.K-1]": 326.41279588025463,
        "Positive current collector thermal conductivity [W.m-1.K-1]": 165.134206359867,
        "Nominal cell capacity [A.h]": 0.3415140946951786,
        "Current function [A]": 0.4397301517757944,
        "Contact resistance [Ohm]": 0,
        "Negative electrode conductivity [S.m-1]": 116.4774723394686,
        "Maximum concentration in negative electrode [mol.m-3]": 22289.590472823747,
        "Negative electrode porosity": 0.4225802411618956,
        "Negative electrode active material volume fraction": 0.5706208645241535,
        "Negative particle radius [m]": 4.885125316779629e-07,
        "Negative electrode Bruggeman coefficient (electrolyte)": 1.3432640847011659,
        "Negative electrode Bruggeman coefficient (electrode)": 1.8524525976694162,
        "Negative electrode charge transfer coefficient": 0.6288498260373482,
        "Negative electrode double-layer capacity [F.m-2]": 0.1849835487456457,
        "Negative electrode density [kg.m-3]": 1268.1984810293889,
        "Negative electrode specific heat capacity [J.kg-1.K-1]": 640.9898806061724,
        "Negative electrode thermal conductivity [W.m-1.K-1]": 1.5295633661573493,
        "Negative electrode OCP entropic change [V.K-1]": 0.0,
        "Positive electrode conductivity [S.m-1]": 7.8858587956596295,
        "Maximum concentration in positive electrode [mol.m-3]": 55244.68226776943,
        "Positive electrode porosity": 0.19214939251854354,
        "Positive electrode active material volume fraction": 0.43830647150791163,
        "Positive particle radius [m]": 2.571037013886244e-06,
        "Positive electrode Bruggeman coefficient (electrolyte)": 1.8802332128918215,
        "Positive electrode Bruggeman coefficient (electrode)": 2.7320132246350664,
        "Positive electrode charge transfer coefficient": 0.6382026797752597,
        "Positive electrode double-layer capacity [F.m-2]": 0.1679067862746035,
        "Positive electrode density [kg.m-3]": 5219.312988759615,
        "Positive electrode specific heat capacity [J.kg-1.K-1]": 830.6155905149494,
        "Positive electrode thermal conductivity [W.m-1.K-1]": 0.8326811180286776,
        "Positive electrode OCP entropic change [V.K-1]": 0.0,
        "Separator porosity": 0.3741288933757655,
        "Separator Bruggeman coefficient (electrolyte)": 2.13545972057822,
        "Separator density [kg.m-3]": 685.1227166547591,
        "Separator specific heat capacity [J.kg-1.K-1]": 744.7383167740521,
        "Separator thermal conductivity [W.m-1.K-1]": 0.13972814341871614,
        "Initial concentration in electrolyte [mol.m-3]": 1406.674778795586,
        "Cation transference number": 0.4720539410779944,
        "Thermodynamic factor": 0.5706327802595108,
        "Reference temperature [K]": 270.94013431793803,
        "Negative current collector surface heat transfer coefficient [W.m-2.K-1]": 0.0,
        "Positive current collector surface heat transfer coefficient [W.m-2.K-1]": 0.0,
        "Negative tab heat transfer coefficient [W.m-2.K-1]": 24.817324033983816,
        "Positive tab heat transfer coefficient [W.m-2.K-1]": 23.23166515105949,
        "Edge heat transfer coefficient [W.m-2.K-1]": 0.26455968525348245,
        "Total heat transfer coefficient [W.m-2.K-1]": 22.555697957805158,
        "Ambient temperature [K]": 228.51593981966403,
        "Number of electrodes connected in parallel to make a cell": 0.9804015363835562,
        "Number of cells connected in series to make a battery": 1.2598178679795247,
        "Lower voltage cut-off [V]": 2.1985319987745324,
        "Upper voltage cut-off [V]": 6.515586332981108,
        "Open-circuit voltage at 0% SOC [V]": 2.4809803434463107,
        "Open-circuit voltage at 100% SOC [V]": 2.8049475843360643,
        "Initial concentration in negative electrode [mol.m-3]": 20610.734542044647,
        "Initial concentration in positive electrode [mol.m-3]": 24121.3961002378,
        "Initial temperature [K]": 372.4451409323827
    },