{
    "config": {
        "Ideal gas constant [J.K-1.mol-1]": 8.136171076468344,
        "Faraday constant [C.mol-1]": 109650.8594189536,
        "Boltzmann constant [J.K-1]": 1.4880413220099202e-23,
        "Electron charge [C]": 1.0648085442878401e-19,
        "Ratio of lithium moles to SEI moles": 1.637663734112499,
        "Inner SEI reaction proportion": 0.4302501632462128,
        "Inner SEI partial molar volume [m3.mol-1]": 9.834697676670949e-05,
        "Outer SEI partial molar volume [m3.mol-1]": 0.00013225574532542428,
        "SEI reaction exchange current density [A.m-2]": 1.3664057362284593e-07,
        "SEI resistivity [Ohm.m]": 324402.564019674,
        "Outer SEI solvent diffusivity [m2.s-1]": 2.259318902407881e-22,
        "Bulk solvent concentration [mol.m-3]": 2738.281940572234,
        "Inner SEI open-circuit potential [V]": 0.07017192315001623,
        "Outer SEI open-circuit potential [V]": 0.6478163283386087,
        "Inner SEI electron conductivity [S.m-1]": 1.150977775120603e-13,
        "Inner SEI lithium interstitial diffusivity [m2.s-1]": 1.1975481211880051e-20,
        "Lithium interstitial reference concentration [mol.m-3]": 12.303267263396044,
        "Initial inner SEI thickness [m]": 3.081048709386188e-09,
        "Initial outer SEI thickness [m]": 2.016796735343103e-09,
        "EC initial concentration in electrolyte [mol.m-3]": 5617.8662497658825,
        "EC diffusivity [m2.s-1]": 1.7099418051508287e-18,
        "SEI kinetic rate constant [m.s-1]": 1.3138912699093709e-12,
        "SEI open-circuit potential [V]": 0.4575055237429148,
        "SEI growth activation energy [J.mol-1]": 0.0,
        "Negative electrode reaction-driven LAM factor [m3.mol-1]": 0.0,
        "Positive electrode reaction-driven LAM factor [m3.mol-1]": 0.0,
        "Negative current collector thickness [m]": 9.558649138623016e-06,
        "Negative electrode thickness [m]": 9.459602657004254e-05,
        "Separator thickness [m]": 1.1972732273111214e-05,
        "Positive electrode thickness [m]": 0.0001021408503128903,
        "Positive current collector thickness [m]": 8.760643468808965e-06,
        "Electrode height [m]": 0.08980677975633754,
        "Electrode width [m]": 1.7900696677109669,
        "Cell cooling surface area [m2]": 0.0030981150593771983,
        "Cell volume [m3]": 2.5708936101338086e-05,
        "Cell thermal expansion coefficient [m.K-1]": 8.325364815518862e-07,
        "Negative current collector conductivity [S.m-1]": 81749874.14686191,
        "Positive current collector conductivity [S.m-1]": 31496208.361447178,
        "Negative current collector density [kg.m-3]": 7444.014419060806,
        "Positive current collector density [kg.m-3]": 2406.3961662213587,
        "Negative current collector specific heat capacity [J.kg-1.K-1]": 577.5017934440782,
        "Positive current collector specific heat capacity [J.kg-1.K-1]": 1472.6154763978884,
        "Negative current collector thermal conductivity [W.m-1.K-1]": 224.92131896502946,
        "Positive current collector thermal conductivity [W.m-1.K-1]": 288.6671052905797,
        "Nominal cell capacity [A.h]": 3.9362585223665274,
        "Current function [A]": 5.408899579031389,
        "Contact resistance [Ohm]": 0,
        "Negative electrode conductivity [S.m-1]": 215.7325000926895,
        "Maximum concentration in negative electrode [mol.m-3]": 37737.7500664776,
        "Negative particle diffusivity [m2.s-1]": 4.2552335845090805e-14,
        "Negative electrode porosity": 0.3486264219469357,
        "Negative electrode active material volume fraction": 0.9837616020018538,
        "Negative particle radius [m]": 4.953142555425071e-06,
        "Negative electrode Bruggeman coefficient (electrolyte)": 1.4697824020190728,
        "Negative electrode Bruggeman coefficient (electrode)": 0,
        "Negative electrode charge transfer coefficient": 0.4748918350579754,
        "Negative electrode double-layer capacity [F.m-2]": 0.15818528808911475,
        "Negative electrode density [kg.m-3]": 1712.4673047126241,
        "Negative electrode specific heat capacity [J.kg-1.K-1]": 582.7560832800602,
        "Negative electrode thermal conductivity [W.m-1.K-1]": 1.6851585961174054,
        "Negative electrode OCP entropic change [V.K-1]": 0.0,
        "Positive electrode conductivity [S.m-1]": 0.09617324980845492,
        "Maximum concentration in positive electrode [mol.m-3]": 62429.714911124,
        "Positive particle diffusivity [m2.s-1]": 4.4366731181243505e-15,
        "Positive electrode porosity": 0.37994283564625764,
        "Positive electrode active material volume fraction": 0.4915416257928663,
        "Positive particle radius [m]": 4.7320433274664686e-06,
        "Positive electrode Bruggeman coefficient (electrolyte)": 1.542436193670411,
        "Positive electrode Bruggeman coefficient (electrode)": 0,
        "Positive electrode charge transfer coefficient": 0.5772974556545284,
        "Positive electrode double-layer capacity [F.m-2]": 0.24653740029151344,
        "Positive electrode density [kg.m-3]": 3387.9831296772813,
        "Positive electrode specific heat capacity [J.kg-1.K-1]": 680.1197131905317,
        "Positive electrode thermal conductivity [W.m-1.K-1]": 1.5198689789592232,
        "Positive electrode OCP entropic change [V.K-1]": 0.0,
        "Separator porosity": 0.527541041383977,
        "Separator Bruggeman coefficient (electrolyte)": 1.411309131508054,
        "Separator density [kg.m-3]": 357.1983713984082,
        "Separator specific heat capacity [J.kg-1.K-1]": 674.7157427889554,
        "Separator thermal conductivity [W.m-1.K-1]": 0.15170158622288682,
        "Initial concentration in electrolyte [mol.m-3]": 1390.0875397102432,
        "Cation transference number": 0.2250576010806193,
        "Thermodynamic factor": 0.7645081825764282,
        "Reference temperature [K]": 205.12160709067757,
        "Total heat transfer coefficient [W.m-2.K-1]": 7.7748404578161745,
        "Ambient temperature [K]": 273.2229963858564,
        "Number of electrodes connected in parallel to make a cell": 0.8049865032769313,
        "Number of cells connected in series to make a battery": 1.2958623569036136,
        "Lower voltage cut-off [V]": 2.206788373657255,
        "Upper voltage cut-off [V]": 5.570090593488945,
        "Open-circuit voltage at 0% SOC [V]": 2.5854870318964056,
        "Open-circuit voltage at 100% SOC [V]": 5.694948914096283,
        "Initial concentration in negative electrode [mol.m-3]": 33944.79904128342,
        "Initial concentration in positive electrode [mol.m-3]": 15012.27270208845,
        "Initial temperature [K]": 352.3801053501691
    },