{
    "config": {
        "Ideal gas constant [J.K-1.mol-1]": 7.819495323537142,
        "Faraday constant [C.mol-1]": 68982.83904234983,
        "Boltzmann constant [J.K-1]": 1.118380669840061e-23,
        "Electron charge [C]": 1.7085600624128218e-19,
        "Ratio of lithium moles to SEI moles": 2.2558317934527032,
        "Inner SEI reaction proportion": 0.5096304928962047,
        "Inner SEI partial molar volume [m3.mol-1]": 9.379858510010483e-05,
        "Outer SEI partial molar volume [m3.mol-1]": 9.051771907712062e-05,
        "SEI reaction exchange current density [A.m-2]": 1.4198386582905337e-07,
        "SEI resistivity [Ohm.m]": 231198.69485600165,
        "Outer SEI solvent diffusivity [m2.s-1]": 1.7278238498658935e-22,
        "Bulk solvent concentration [mol.m-3]": 2084.8919571427355,
        "Inner SEI open-circuit potential [V]": 0.0770821626527197,
        "Outer SEI open-circuit potential [V]": 0.5311166046565277,
        "Inner SEI electron conductivity [S.m-1]": 1.0685971732554113e-13,
        "Inner SEI lithium interstitial diffusivity [m2.s-1]": 9.69178484266946e-21,
        "Lithium interstitial reference concentration [mol.m-3]": 15.944376262002177,
        "Initial inner SEI thickness [m]": 2.749480726964554e-09,
        "Initial outer SEI thickness [m]": 3.5120054493148826e-09,
        "Initial inner SEI on cracks thickness [m]": 2.675369534526407e-13,
        "Initial outer SEI on cracks thickness [m]": 1.83763007406634e-13,
        "EC initial concentration in electrolyte [mol.m-3]": 3581.461188885317,
        "EC diffusivity [m2.s-1]": 1.5339664870475178e-18,
        "SEI kinetic rate constant [m.s-1]": 9.314714891310959e-13,
        "SEI open-circuit potential [V]": 0.3928530638677967,
        "SEI growth activation energy [J.mol-1]": 0.0,
        "Negative electrode reaction-driven LAM factor [m3.mol-1]": 0.0,
        "Positive electrode reaction-driven LAM factor [m3.mol-1]": 0.0,
        "Negative current collector thickness [m]": 9.342795185808127e-06,
        "Negative electrode thickness [m]": 7.180986823629932e-05,
        "Separator thickness [m]": 2.5176719998634485e-05,
        "Positive electrode thickness [m]": 7.488776957799434e-05,
        "Positive current collector thickness [m]": 1.3455826071470989e-05,
        "Electrode height [m]": 0.06651365153600984,
        "Electrode width [m]": 0.04641391373487072,
        "Cell cooling surface area [m2]": 0.006570936165584048,
        "Cell volume [m3]": 1.5877418504256336e-05,
        "Cell emissivity": 0.915288422301945,
        "Cell thermal expansion coefficient [m.K-1]": 1.3871884405709208e-06,
        "Negative current collector conductivity [S.m-1]": 96914166.3726888,
        "Positive current collector conductivity [S.m-1]": 52694943.4684728,
        "Negative current collector density [kg.m-3]": 7200.498368581482,
        "Positive current collector density [kg.m-3]": 2125.6645492381417,
        "Negative current collector specific heat capacity [J.kg-1.K-1]": 358.1868222997998,
        "Positive current collector specific heat capacity [J.kg-1.K-1]": 949.2251018515548,
        "Negative current collector thermal conductivity [W.m-1.K-1]": 556.3071479402367,
        "Positive current collector thermal conductivity [W.m-1.K-1]": 184.32178045721878,
        "Nominal cell capacity [A.h]": 2.391250185184134,
        "Current function [A]": 1.780967755917254,
        "Contact resistance [Ohm]": 0,
        "Negative electrode conductivity [S.m-1]": 107.85643485069102,
        "Maximum concentration in negative electrode [mol.m-3]": 32244.312180073917,
        "Negative electrode porosity": 0.28353706673920454,
        "Negative electrode active material volume fraction": 0.6802465683769874,
        "Negative particle radius [m]": 3.4897411808037903e-06,
        "Negative electrode Bruggeman coefficient (electrolyte)": 2.7893278144841864,
        "Negative electrode Bruggeman coefficient (electrode)": 0.0,
        "Negative electrode charge transfer coefficient": 0.2334257783319023,
        "Negative electrode double-layer capacity [F.m-2]": 0.1209331633517331,
        "Negative electrode density [kg.m-3]": 2403.473804099566,
        "Negative electrode specific heat capacity [J.kg-1.K-1]": 968.8753462500671,
        "Negative electrode thermal conductivity [W.m-1.K-1]": 1.1791362287291831,
        "Negative electrode Poisson's ratio": 0.2848869532185688,
        "Negative electrode Young's modulus [Pa]": 15048371573.671926,
        "Negative electrode reference concentration for free of deformation [mol.m-3]": 0.0,
        "Negative electrode partial molar volume [m3.mol-1]": 3.6676869346397414e-06,
        "Negative electrode initial crack length [m]": 2.2579389937814793e-08,
        "Negative electrode initial crack width [m]": 1.8009638830437865e-08,
        "Negative electrode number of cracks per unit area [m-2]": 3225654182051243.5,
        "Negative electrode Paris' law constant b": 1.1774054469988835,
        "Negative electrode Paris' law constant m": 2.4412440057534175,
        "Negative electrode activation energy for cracking rate [J.mol-1]": 0.0,
        "Negative electrode LAM constant proportional term [s-1]": 0.0,
        "Negative electrode LAM constant exponential term": 1.5919661160701077,
        "Negative electrode critical stress [Pa]": 60887294.725810334,
        "Positive electrode conductivity [S.m-1]": 13.617558215105124,
        "Maximum concentration in positive electrode [mol.m-3]": 54357.799179673544,
        "Positive electrode porosity": 0.30145774623681565,
        "Positive electrode active material volume fraction": 0.6927424122610512,
        "Positive particle radius [m]": 2.9700586855274784e-06,
        "Positive electrode surface area to volume ratio [m-1]": 866201.6664748759,
        "Positive electrode Bruggeman coefficient (electrolyte)": 1.8030303751486334,
        "Positive electrode Bruggeman coefficient (electrode)": 0.0,
        "Positive electrode charge transfer coefficient": 0.3191686052241437,
        "Positive electrode double-layer capacity [F.m-2]": 0.14559475388771131,
        "Positive electrode density [kg.m-3]": 1759.103173120062,
        "Positive electrode specific heat capacity [J.kg-1.K-1]": 695.0802872174027,
        "Positive electrode thermal conductivity [W.m-1.K-1]": 1.6953208221545748,
        "Positive electrode Poisson's ratio": 0.09578136962863733,
        "Positive electrode Young's modulus [Pa]": 463659948798.7999,
        "Positive electrode reference concentration for free of deformation [mol.m-3]": 0.0,
        "Positive electrode partial molar volume [m3.mol-1]": 1.1180478420950124e-07,
        "Positive electrode initial crack length [m]": 2.4996205920444747e-08,
        "Positive electrode initial crack width [m]": 2.8233049289545456e-08,
        "Positive electrode number of cracks per unit area [m-2]": 3289474954229991.5,
        "Positive electrode Paris' law constant b": 0.8926725309286367,
        "Positive electrode Paris' law constant m": 0.8577293178440861,
        "Positive electrode activation energy for cracking rate [J.mol-1]": 0.0,
        "Positive electrode LAM constant proportional term [s-1]": 1.5652160110131825e-13,
        "Positive electrode LAM constant exponential term": 1.1844129826087388,
        "Positive electrode critical stress [Pa]": 333216805.23453665,
        "Separator porosity": 0.5446801026331882,
        "Separator Bruggeman coefficient (electrolyte)": 1.4584134745564672,
        "Separator density [kg.m-3]": 2218.1424931118163,
        "Separator specific heat capacity [J.kg-1.K-1]": 1269.041621023792,
        "Separator thermal conductivity [W.m-1.K-1]": 0.2721478452560965,
        "Initial concentration in electrolyte [mol.m-3]": 1058.5534189720315,
        "Cation transference number": 0.4790696834873611,
        "Reference temperature [K]": 247.22079548371008,
        "Total heat transfer coefficient [W.m-2.K-1]": 29.68814217143377,