{
    "config": {
        "Ideal gas constant [J.K-1.mol-1]": 6.833824646024993,
        "Faraday constant [C.mol-1]": 111035.18307114208,
        "Boltzmann constant [J.K-1]": 1.7115436020129852e-23,
        "Electron charge [C]": 1.7092195440481662e-19,
        "Negative current collector thickness [m]": 1.5183375254135992e-05,
        "Negative electrode thickness [m]": 7.554831325710781e-05,
        "Separator thickness [m]": 1.2590251724710627e-05,
        "Positive electrode thickness [m]": 7.212865072671891e-05,
        "Positive current collector thickness [m]": 1.5711788788231603e-05,
        "Electrode height [m]": 0.06062740449067984,
        "Electrode width [m]": 1.5461395528446664,
        "Cell cooling surface area [m2]": 0.005936108182862375,
        "Cell volume [m3]": 2.1174748922355647e-05,
        "Negative current collector conductivity [S.m-1]": 77604553.03275087,
        "Positive current collector conductivity [S.m-1]": 32907872.034541387,
        "Negative current collector density [kg.m-3]": 8056.246188966659,
        "Positive current collector density [kg.m-3]": 3321.9124087018176,
        "Positive current collector thermal conductivity [W.m-1.K-1]": 251.37364547415137,
        "Nominal cell capacity [A.h]": 5.37513339867633,
        "Current function [A]": 4.649535225287821,
        "Contact resistance [Ohm]": 0,
        "Negative electrode conductivity [S.m-1]": 205.8036888468161,
        "Maximum concentration in negative electrode [mol.m-3]": 31417.780579769602,
        "Negative electrode porosity": 0.29632352360572833,
        "Negative electrode active material volume fraction": 0.8537587213293281,
        "Negative particle radius [m]": 5.6093212872770285e-06,
        "Negative electrode Bruggeman coefficient (electrolyte)": 1.3650332102618932,
        "Negative electrode Bruggeman coefficient (electrode)": 0.0,
        "Negative electrode charge transfer coefficient": 0.417726486380517,
        "Negative electrode double-layer capacity [F.m-2]": 0.2225767535157323,
        "Negative electrode density [kg.m-3]": 2473.494124229335,
        "Maximum concentration in positive electrode [mol.m-3]": 44438.52070584242,
        "Positive electrode porosity": 0.40696311942984165,
        "Positive electrode active material volume fraction": 0.6938284249301196,
        "Positive particle radius [m]": 5.524447597670091e-06,
        "Positive electrode Bruggeman coefficient (electrolyte)": 1.434149470772798,
        "Positive electrode Bruggeman coefficient (electrode)": 0.0,
        "Positive electrode charge transfer coefficient": 0.5628103539055452,
        "Positive electrode double-layer capacity [F.m-2]": 0.18687546796060434,
        "Positive electrode density [kg.m-3]": 3972.8598137988984,
        "Separator porosity": 0.4986470044725747,
        "Separator Bruggeman coefficient (electrolyte)": 1.3198881226492158,
        "Separator Bruggeman coefficient (electrode)": 1.8920411711283247,
        "Separator density [kg.m-3]": 1545.7228164782045,
        "Separator thermal conductivity [W.m-1.K-1]": 0.3982391203497836,
        "Initial concentration in electrolyte [mol.m-3]": 1242.195294025366,
        "Reference temperature [K]": 360.84646804907163,
        "Total heat transfer coefficient [W.m-2.K-1]": 6.800690206413996,
        "Ambient temperature [K]": 307.54509390261927,
        "Number of electrodes connected in parallel to make a cell": 0.9430119478364062,
        "Number of cells connected in series to make a battery": 0.8530410462595988,
        "Lower voltage cut-off [V]": 2.0923025202994685,
        "Upper voltage cut-off [V]": 5.370826845327167,
        "Open-circuit voltage at 0% SOC [V]": 2.87783430846037,
        "Open-circuit voltage at 100% SOC [V]": 4.641281085760983,
        "Initial concentration in negative electrode [mol.m-3]": 19340.617847229292,
        "Initial concentration in positive electrode [mol.m-3]": 11835.860938895185,
        "Initial temperature [K]": 343.2373891689065
    },
    "V": [
        4.135188591465056,
        4.035155870843499,
        4.009521859207295,
        3.997115883094358,
        3.9819245495493614,
        3.9655456999597054,
        3.9514392520093757,
        3.9375249134853787,
        3.9226071544745755,
        3.9056975498833912,
        3.8896796769939037,
        3.8828101590181876,
        3.8757800010822736,
        3.8672422771834603,
        3.8576387896669995,
        3.845762152247169,
        3.8330300934144277,
        3.820305835970985,
        3.8076012537061645,
        3.7952343956045116,
        3.7830294896959282,
        3.771016995196769,
        3.7595493398424704,
        3.748228955125575,
        3.736696996545133,
        3.7252101421004755,
        3.713504135118641,
        3.7012683989507953,
        3.6886183947179934,
        3.6755676810009725,
        3.662001456889735,
        3.648044063804086,
        3.6339698401794394,
        3.619722494795143,
        3.605605965035992,
        3.591738448274966,
        3.578078046496583,
        3.5646651065292896,
        3.5511177384631987,
        3.5374036408828893,
        3.523785077837986,
        3.510005375283955,
        3.49497662461708,
        3.477575063271753,
        3.459773828703632,
        3.4461925349395592,
        3.428582477027886,
        3.4149746665710725,
        3.4080677462472595,
        3.397773307714867,
        3.3830127058109287,
        3.36561497638451,
        3.3466541576242816,
        3.324768845499575,
        3.2993276449719566,
        3.270287025807362,
        3.2381128986467216,
        3.2033830588315744,
        3.1662034000586834,
        3.124997116353973,
        3.0750545754543737,
        3.0065496371266383,
        2.9002075242934207,
        2.716398434676411,
        2.3645020933351244,
        2.092312520299474
    ],
    "time": [
        0.0,
        36.36363636363637,
        72.72727272727273,
        109.0909090909091,
        145.45454545454547,
        181.81818181818184,
        218.1818181818182,
        254.54545454545456,
        290.90909090909093,
        327.2727272727273,
        363.6363636363637,
        400.00000000000006,
        436.3636363636364,
        472.72727272727275,
        509.0909090909091,
        545.4545454545455,
        581.8181818181819,
        618.1818181818182,
        654.5454545454546,
        690.909090909091,
        727.2727272727274,
        763.6363636363637,
        800.0000000000001,
        836.3636363636365,
        872.7272727272727,
        909.0909090909091,
        945.4545454545455,
        981.8181818181819,
        1018.1818181818182,
        1054.5454545454547,
        1090.909090909091,
        1127.2727272727275,
        1163.6363636363637,
        1200.0,
        1236.3636363636365,
        1272.7272727272727,
        1309.0909090909092,
        1345.4545454545455,
        1381.818181818182,
        1418.1818181818182,
        1454.5454545454547,
        1490.909090909091,
        1527.2727272727275,
        1563.6363636363637,
        1600.0000000000002,
        1636.3636363636365,
        1672.727272727273,
        1709.0909090909092,
        1745.4545454545455,
        1781.818181818182,
        1818.1818181818182,
        1854.5454545454547,
        1890.909090909091,
        1927.2727272727275,
        1963.6363636363637,
        2000.0000000000002,
        2036.3636363636365,
        2072.727272727273,
        2109.0909090909095,
        2145.4545454545455,
        2181.818181818182,
        2218.1818181818185,
        2254.545454545455,
        2290.909090909091,
        2327.2727272727275,
        2343.958348608629
    ]
}