{
    "config": {
        "Ideal gas constant [J.K-1.mol-1]": 9.911921344594651,
        "Faraday constant [C.mol-1]": 88195.8362049448,
        "Boltzmann constant [J.K-1]": 1.2127482354922992e-23,
        "Electron charge [C]": 1.3101902323395818e-19,
        "Negative current collector thickness [m]": 8.675715181648198e-06,
        "Negative electrode thickness [m]": 6.757633997460507e-05,
        "Separator thickness [m]": 1.1519791127952253e-05,
        "Positive electrode thickness [m]": 4.5089276758616175e-05,
        "Positive current collector thickness [m]": 2.4963960746312396e-05,
        "Electrode height [m]": 0.05383355789724622,
        "Electrode width [m]": 1.0614416456574711,
        "Cell cooling surface area [m2]": 0.0055164133441810625,
        "Cell volume [m3]": 2.6648779305163356e-05,
        "Negative current collector conductivity [S.m-1]": 81153289.68327671,
        "Positive current collector conductivity [S.m-1]": 34836457.145852745,
        "Negative current collector density [kg.m-3]": 6184.456026878437,
        "Positive current collector density [kg.m-3]": 2712.616695429301,
        "Positive current collector thermal conductivity [W.m-1.K-1]": 268.35898894455823,
        "Nominal cell capacity [A.h]": 4.70238138066367,
        "Current function [A]": 4.448634852987362,
        "Contact resistance [Ohm]": 0,
        "Negative electrode conductivity [S.m-1]": 246.57456577820363,
        "Maximum concentration in negative electrode [mol.m-3]": 31097.625015502064,
        "Negative electrode porosity": 0.3266289563893365,
        "Negative electrode active material volume fraction": 0.7465065866885182,
        "Negative particle radius [m]": 7.868384760538558e-06,
        "Negative electrode Bruggeman coefficient (electrolyte)": 1.242209243077663,
        "Negative electrode Bruggeman coefficient (electrode)": 0.0,
        "Negative electrode charge transfer coefficient": 0.4775605729417087,
        "Negative electrode double-layer capacity [F.m-2]": 0.23101008679043622,
        "Negative electrode density [kg.m-3]": 1650.5926892188932,
        "Maximum concentration in positive electrode [mol.m-3]": 72383.58346683174,
        "Positive electrode porosity": 0.21666812971004545,
        "Positive electrode active material volume fraction": 0.5444832218030176,
        "Positive particle radius [m]": 2.536362910262626e-06,
        "Positive electrode Bruggeman coefficient (electrolyte)": 1.7296430291765035,
        "Positive electrode Bruggeman coefficient (electrode)": 0.0,
        "Positive electrode charge transfer coefficient": 0.4820924787940189,
        "Positive electrode double-layer capacity [F.m-2]": 0.13051226089502505,
        "Positive electrode density [kg.m-3]": 2525.2385379604684,
        "Separator porosity": 0.6194566901191455,
        "Separator Bruggeman coefficient (electrolyte)": 1.2204037826744272,
        "Separator Bruggeman coefficient (electrode)": 1.8467256096723852,
        "Separator density [kg.m-3]": 1094.9845385354784,
        "Separator thermal conductivity [W.m-1.K-1]": 0.3106995074206341,
        "Initial concentration in electrolyte [mol.m-3]": 965.5111455569381,
        "Reference temperature [K]": 381.7449806251699,
        "Total heat transfer coefficient [W.m-2.K-1]": 8.395905528937742,
        "Ambient temperature [K]": 312.57055223992063,
        "Number of electrodes connected in parallel to make a cell": 1.2539014111610687,
        "Number of cells connected in series to make a battery": 1.3389147511096287,
        "Lower voltage cut-off [V]": 3.3038734121410918,
        "Upper voltage cut-off [V]": 5.12150372228686,
        "Open-circuit voltage at 0% SOC [V]": 2.1222603373736684,
        "Open-circuit voltage at 100% SOC [V]": 3.1701487791757033,
        "Initial concentration in negative electrode [mol.m-3]": 23885.05976190237,
        "Initial concentration in positive electrode [mol.m-3]": 21542.05773500451,
        "Initial temperature [K]": 247.45585331047192
    },
    "V": [
        4.041751686166048,
        3.956139676833277,
        3.918800766746366,
        3.8892123816822965,
        3.8329303216373063,
        3.8341423566227326,
        3.775361250292386,
        3.6827350923112507,
        3.3125149220008616,
        2.8755918146901323,
        3.473234734597993,
        3.446907015127703,
        3.4775375601270824,
        3.486602511149324,
        3.308313240069524,
        3.3655128665560907,
        3.303883412141092
    ],
    "time": [
        0.0,
        36.36363636363637,
        72.72727272727273,
        109.0909090909091,
        145.45454545454547,
        181.81818181818184,
        218.1818181818182,
        254.54545454545456,
        290.90909090909093,
        327.2727272727273,
        363.6363636363637,
        400.00000000000006,
        436.3636363636364,
        472.72727272727275,
        509.0909090909091,
        545.4545454545455,
        577.2248124950141
    ]
}