{
    "config": {
        "Ideal gas constant [J.K-1.mol-1]": 5.741181069718154,
        "Faraday constant [C.mol-1]": 105293.93298539243,
        "Boltzmann constant [J.K-1]": 1.6240401451288442e-23,
        "Electron charge [C]": 1.6811737079243709e-19,
        "Ratio of lithium moles to SEI moles": 1.9483146292576894,
        "Inner SEI reaction proportion": 0.5113172874760301,
        "Inner SEI partial molar volume [m3.mol-1]": 8.342315076998239e-05,
        "Outer SEI partial molar volume [m3.mol-1]": 9.811750936992705e-05,
        "SEI reaction exchange current density [A.m-2]": 2.6663897681351257e-07,
        "SEI resistivity [Ohm.m]": 145613.90101976693,
        "Outer SEI solvent diffusivity [m2.s-1]": 2.745232227476854e-22,
        "Bulk solvent concentration [mol.m-3]": 3178.5699379274733,
        "Inner SEI open-circuit potential [V]": 0.08467848379050799,
        "Outer SEI open-circuit potential [V]": 0.898725538375382,
        "Inner SEI electron conductivity [S.m-1]": 1.0798038347816802e-13,
        "Inner SEI lithium interstitial diffusivity [m2.s-1]": 5.7739491960443315e-21,
        "Lithium interstitial reference concentration [mol.m-3]": 11.223280749606072,
        "Initial inner SEI thickness [m]": 1.9242217795172453e-09,
        "Initial outer SEI thickness [m]": 1.2166091118823595e-09,
        "EC initial concentration in electrolyte [mol.m-3]": 3904.5180081059507,
        "EC diffusivity [m2.s-1]": 2.3352675610120188e-18,
        "SEI kinetic rate constant [m.s-1]": 8.895784454673306e-13,
        "SEI open-circuit potential [V]": 0.34722947593799647,
        "SEI growth activation energy [J.mol-1]": 0.0,
        "Negative electrode reaction-driven LAM factor [m3.mol-1]": 0.0,
        "Positive electrode reaction-driven LAM factor [m3.mol-1]": 0.0,
        "Negative current collector thickness [m]": 1.1260295938010021e-05,
        "Negative electrode thickness [m]": 0.00010731996291787289,
        "Separator thickness [m]": 2.128522613566939e-05,
        "Positive electrode thickness [m]": 8.040890469187463e-05,
        "Positive current collector thickness [m]": 1.5342574750139473e-05,
        "Electrode height [m]": 0.07429289704042069,
        "Electrode width [m]": 0.05296032410300866,
        "Cell cooling surface area [m2]": 0.006836997623214024,
        "Cell volume [m3]": 7.815009370858036e-06,
        "Cell emissivity": 1.1417671809457905,
        "Cell thermal expansion coefficient [m.K-1]": 1.635892154015547e-06,
        "Negative current collector conductivity [S.m-1]": 65870003.82067235,
        "Positive current collector conductivity [S.m-1]": 48178188.09206481,
        "Negative current collector density [kg.m-3]": 7853.58853275257,
        "Positive current collector density [kg.m-3]": 2308.4291931701273,
        "Negative current collector specific heat capacity [J.kg-1.K-1]": 380.74295377393383,
        "Positive current collector specific heat capacity [J.kg-1.K-1]": 1034.818511511156,
        "Negative current collector thermal conductivity [W.m-1.K-1]": 283.41262307533435,
        "Positive current collector thermal conductivity [W.m-1.K-1]": 322.70155520534036,
        "Nominal cell capacity [A.h]": 3.4739229962794598,
        "Current function [A]": 2.9945340757512335,
        "Contact resistance [Ohm]": 0,
        "Negative electrode conductivity [S.m-1]": 91.9866092962898,
        "Maximum concentration in negative electrode [mol.m-3]": 36569.54395636147,
        "Negative electrode porosity": 0.3390616530032878,
        "Negative electrode active material volume fraction": 0.8962560310405265,
        "Negative particle radius [m]": 4.284895450068635e-06,
        "Negative electrode Bruggeman coefficient (electrolyte)": 2.7498936620129126,
        "Negative electrode Bruggeman coefficient (electrode)": 0.0,
        "Negative electrode charge transfer coefficient": 0.3914510986629539,
        "Negative electrode double-layer capacity [F.m-2]": 0.18982511932930551,
        "Negative electrode density [kg.m-3]": 2724.054689282198,
        "Negative electrode specific heat capacity [J.kg-1.K-1]": 1272.2089184222596,
        "Negative electrode thermal conductivity [W.m-1.K-1]": 0.8689144313826193,
        "Negative electrode Poisson's ratio": 0.3329935305606013,
        "Negative electrode Young's modulus [Pa]": 13284295613.86709,
        "Negative electrode reference concentration for free of deformation [mol.m-3]": 0.0,
        "Negative electrode partial molar volume [m3.mol-1]": 3.4888374949283217e-06,
        "Negative electrode initial crack length [m]": 1.8037007875311467e-08,
        "Negative electrode initial crack width [m]": 1.1969351237488817e-08,
        "Negative electrode number of cracks per unit area [m-2]": 4095478343206985.0,
        "Negative electrode Paris' law constant b": 1.2405354323964515,
        "Negative electrode Paris' law constant m": 3.2455361484944785,
        "Negative electrode activation energy for cracking rate [J.mol-1]": 0.0,
        "Negative electrode LAM constant proportional term [s-1]": 0.0,
        "Negative electrode LAM constant exponential term": 1.9575002225946432,
        "Negative electrode critical stress [Pa]": 37691659.85146545,
        "Positive electrode conductivity [S.m-1]": 12.197009851689224,
        "Maximum concentration in positive electrode [mol.m-3]": 51690.90843882935,
        "Positive electrode porosity": 0.4015151059484649,
        "Positive electrode active material volume fraction": 0.6838858613146451,
        "Positive particle radius [m]": 3.565698627331924e-06,
        "Positive electrode surface area to volume ratio [m-1]": 868071.0716684441,
        "Positive electrode Bruggeman coefficient (electrolyte)": 2.018722066040448,
        "Positive electrode Bruggeman coefficient (electrode)": 0.0,
        "Positive electrode charge transfer coefficient": 0.465892467679496,
        "Positive electrode double-layer capacity [F.m-2]": 0.19496982446503425,
        "Positive electrode density [kg.m-3]": 2699.0547422415343,
        "Positive electrode specific heat capacity [J.kg-1.K-1]": 892.1057512935051,
        "Positive electrode thermal conductivity [W.m-1.K-1]": 1.405892261251004,
        "Positive electrode Poisson's ratio": 0.16266801268011313,
        "Positive electrode Young's modulus [Pa]": 385108321295.09515,
        "Positive electrode reference concentration for free of deformation [mol.m-3]": 0.0,
        "Positive electrode partial molar volume [m3.mol-1]": 7.557389503465215e-09,
        "Positive electrode initial crack length [m]": 1.301684400370467e-08,
        "Positive electrode initial crack width [m]": 1.603613681206771e-08,
        "Positive electrode number of cracks per unit area [m-2]": 2006836252060838.5,
        "Positive electrode Paris' law constant b": 1.290422504526832,
        "Positive electrode Paris' law constant m": 3.15785853287118,
        "Positive electrode activation energy for cracking rate [J.mol-1]": 0.0,
        "Positive electrode LAM constant proportional term [s-1]": 3.4844370891903567e-13,
        "Positive electrode LAM constant exponential term": 2.2013687324276963,
        "Positive electrode critical stress [Pa]": 416352601.0494028,
        "Separator porosity": 0.4442838786972188,
        "Separator Bruggeman coefficient (electrolyte)": 1.466157320199344,
        "Separator density [kg.m-3]": 2901.8897254049,
        "Separator specific heat capacity [J.kg-1.K-1]": 1605.5061117093476,
        "Separator thermal conductivity [W.m-1.K-1]": 0.36727583211810255,
        "Initial concentration in electrolyte [mol.m-3]": 1288.2689682430819,
        "Cation transference number": 0.3979325288672186,
        "Reference temperature [K]": 264.6543759972547,
        "Total heat transfer coefficient [W.m-2.K-1]": 43.419988535781684,
        "Ambient temperature [K]": 268.209891700684,
        "Number of electrodes connected in parallel to make a cell": 25.656680670384965,