{
    "config": {
        "Ideal gas constant [J.K-1.mol-1]": 5.192117473956606,
        "Faraday constant [C.mol-1]": 157269.82762712482,
        "Boltzmann constant [J.K-1]": 1.2197038508859288e-23,
        "Electron charge [C]": 1.0411770415901335e-19,
        "Ratio of lithium moles to SEI moles": 1.8945100501095737,
        "Inner SEI reaction proportion": 0.4147251212522317,
        "Inner SEI partial molar volume [m3.mol-1]": 9.110727624098112e-05,
        "Outer SEI partial molar volume [m3.mol-1]": 8.295854819982824e-05,
        "SEI reaction exchange current density [A.m-2]": 7.333128564569294e-08,
        "SEI resistivity [Ohm.m]": 224291.47556427057,
        "Outer SEI solvent diffusivity [m2.s-1]": 1.944155951656985e-22,
        "Bulk solvent concentration [mol.m-3]": 2408.289954847593,
        "Inner SEI open-circuit potential [V]": 0.10944694215128291,
        "Outer SEI open-circuit potential [V]": 0.48742380871696367,
        "Inner SEI electron conductivity [S.m-1]": 8.267993403963731e-14,
        "Inner SEI lithium interstitial diffusivity [m2.s-1]": 1.0518137680637753e-20,
        "Lithium interstitial reference concentration [mol.m-3]": 16.113948926344225,
        "Initial inner SEI thickness [m]": 2.9067973613102696e-09,
        "Initial outer SEI thickness [m]": 2.181723563926727e-09,
        "EC initial concentration in electrolyte [mol.m-3]": 2533.4459228102905,
        "EC diffusivity [m2.s-1]": 2.680172217644696e-18,
        "SEI kinetic rate constant [m.s-1]": 1.1258739721304806e-12,
        "SEI open-circuit potential [V]": 0.4021407294012588,
        "SEI growth activation energy [J.mol-1]": 0.0,
        "Negative electrode reaction-driven LAM factor [m3.mol-1]": 0.0,
        "Positive electrode reaction-driven LAM factor [m3.mol-1]": 0.0,
        "Negative current collector thickness [m]": 9.616296113437324e-06,
        "Negative electrode thickness [m]": 7.81149135870661e-05,
        "Separator thickness [m]": 2.2200388161309753e-05,
        "Positive electrode thickness [m]": 3.278987713116825e-05,
        "Positive current collector thickness [m]": 9.123673505542482e-06,
        "Electrode height [m]": 0.23714511690358495,
        "Electrode width [m]": 0.2075269444984749,
        "Negative tab width [m]": 0.058993300455482456,
        "Negative tab centre y-coordinate [m]": 0.014844970182173572,
        "Negative tab centre z-coordinate [m]": 0.23860960399772144,
        "Positive tab width [m]": 0.03948036741086048,
        "Positive tab centre y-coordinate [m]": 0.08183527366374432,
        "Positive tab centre z-coordinate [m]": 0.22032149699637613,
        "Cell cooling surface area [m2]": 0.06732472770545461,
        "Cell volume [m3]": 6.0291054066659635e-06,
        "Negative current collector conductivity [S.m-1]": 71436278.31459646,
        "Positive current collector conductivity [S.m-1]": 43309300.96316999,
        "Negative current collector density [kg.m-3]": 10717.81822446421,
        "Positive current collector density [kg.m-3]": 3814.2686864444886,
        "Negative current collector specific heat capacity [J.kg-1.K-1]": 423.85327393230455,
        "Positive current collector specific heat capacity [J.kg-1.K-1]": 750.2692802958366,
        "Negative current collector thermal conductivity [W.m-1.K-1]": 434.50322547378374,
        "Positive current collector thermal conductivity [W.m-1.K-1]": 186.7029312136861,
        "Nominal cell capacity [A.h]": 0.3930049658055048,
        "Current function [A]": 0.44229630485923527,
        "Contact resistance [Ohm]": 0,
        "Negative electrode conductivity [S.m-1]": 101.58137753040505,
        "Maximum concentration in negative electrode [mol.m-3]": 39306.74831796574,
        "Negative electrode porosity": 0.4162905412883171,
        "Negative electrode active material volume fraction": 0.5905161286159554,
        "Negative particle radius [m]": 5.514529712200956e-07,
        "Negative electrode Bruggeman coefficient (electrolyte)": 3.2489324569524025,
        "Negative electrode Bruggeman coefficient (electrode)": 2.670542139401352,
        "Negative electrode charge transfer coefficient": 0.7547686482646185,
        "Negative electrode double-layer capacity [F.m-2]": 0.1846630476207351,
        "Negative electrode density [kg.m-3]": 1383.4374186406985,
        "Negative electrode specific heat capacity [J.kg-1.K-1]": 993.597159713823,
        "Negative electrode thermal conductivity [W.m-1.K-1]": 0.9634654433292857,
        "Negative electrode OCP entropic change [V.K-1]": 0.0,
        "Positive electrode conductivity [S.m-1]": 8.233025024934676,
        "Maximum concentration in positive electrode [mol.m-3]": 40022.14858519169,
        "Positive electrode porosity": 0.39432071574714694,
        "Positive electrode active material volume fraction": 0.4356323293648637,
        "Positive particle radius [m]": 1.429612258212684e-06,
        "Positive electrode Bruggeman coefficient (electrolyte)": 1.8556880524531172,
        "Positive electrode Bruggeman coefficient (electrode)": 1.676303262442284,
        "Positive electrode charge transfer coefficient": 0.33625238252854733,
        "Positive electrode double-layer capacity [F.m-2]": 0.05707843447990893,
        "Positive electrode density [kg.m-3]": 4216.52515156689,
        "Positive electrode specific heat capacity [J.kg-1.K-1]": 522.3776157350983,
        "Positive electrode thermal conductivity [W.m-1.K-1]": 1.6557690553879991,
        "Positive electrode OCP entropic change [V.K-1]": 0.0,
        "Separator porosity": 0.16570272739421255,
        "Separator Bruggeman coefficient (electrolyte)": 2.071304372881733,
        "Separator density [kg.m-3]": 498.7936731745453,
        "Separator specific heat capacity [J.kg-1.K-1]": 620.0063784595771,
        "Separator thermal conductivity [W.m-1.K-1]": 0.08773571378590596,
        "Initial concentration in electrolyte [mol.m-3]": 582.4723795708982,
        "Cation transference number": 0.5448806298992644,
        "Thermodynamic factor": 0.6972273805178852,
        "Reference temperature [K]": 406.4280154023179,
        "Negative current collector surface heat transfer coefficient [W.m-2.K-1]": 0.0,
        "Positive current collector surface heat transfer coefficient [W.m-2.K-1]": 0.0,
        "Negative tab heat transfer coefficient [W.m-2.K-1]": 18.336504124296226,
        "Positive tab heat transfer coefficient [W.m-2.K-1]": 30.39757204995427,
        "Edge heat transfer coefficient [W.m-2.K-1]": 0.3651135622176168,
        "Total heat transfer coefficient [W.m-2.K-1]": 30.289287860092386,
        "Ambient temperature [K]": 393.63230300846135,
        "Number of electrodes connected in parallel to make a cell": 0.5676850774392117,
        "Number of cells connected in series to make a battery": 0.7476662460945351,
        "Lower voltage cut-off [V]": 1.815344471747537,
        "Upper voltage cut-off [V]": 6.572277570466759,
        "Open-circuit voltage at 0% SOC [V]": 3.809131925343599,
        "Open-circuit voltage at 100% SOC [V]": 4.272899441980761,
        "Initial concentration in negative electrode [mol.m-3]": 14689.521876328621,
        "Initial concentration in positive electrode [mol.m-3]": 17314.328611564564,
        "Initial temperature [K]": 405.9649155758374
    },