{
    "config": {
        "Ideal gas constant [J.K-1.mol-1]": 8.617362299294983,
        "Faraday constant [C.mol-1]": 92247.84949851406,
        "Boltzmann constant [J.K-1]": 1.2791308333067313e-23,
        "Electron charge [C]": 1.6924339337393295e-19,
        "Ratio of lithium moles to SEI moles": 1.681398977916306,
        "Inner SEI reaction proportion": 0.5795162551301731,
        "Inner SEI partial molar volume [m3.mol-1]": 7.543525864885021e-05,
        "Outer SEI partial molar volume [m3.mol-1]": 3.869292204605298e-05,
        "SEI reaction exchange current density [A.m-2]": 1.6876813100376182e-07,
        "SEI resistivity [Ohm.m]": 144301.54750059833,
        "Outer SEI solvent diffusivity [m2.s-1]": 2.68010360942056e-22,
        "Bulk solvent concentration [mol.m-3]": 1773.0791046102645,
        "Inner SEI open-circuit potential [V]": 0.1033074787999923,
        "Outer SEI open-circuit potential [V]": 0.8330501011770844,
        "Inner SEI electron conductivity [S.m-1]": 1.0154846167914284e-13,
        "Inner SEI lithium interstitial diffusivity [m2.s-1]": 9.577558368356616e-21,
        "Lithium interstitial reference concentration [mol.m-3]": 18.346230058505242,
        "Initial inner SEI thickness [m]": 2.483414630760852e-09,
        "Initial outer SEI thickness [m]": 3.401663714786989e-09,
        "EC initial concentration in electrolyte [mol.m-3]": 5438.748066524401,
        "EC diffusivity [m2.s-1]": 1.5631784919768341e-18,
        "SEI kinetic rate constant [m.s-1]": 1.2927285149347147e-12,
        "SEI open-circuit potential [V]": 0.3362654725294137,
        "SEI growth activation energy [J.mol-1]": 0.0,
        "Negative electrode reaction-driven LAM factor [m3.mol-1]": 0.0,
        "Positive electrode reaction-driven LAM factor [m3.mol-1]": 0.0,
        "Negative current collector thickness [m]": 9.316890357773959e-06,
        "Negative electrode thickness [m]": 0.00010453730288353395,
        "Separator thickness [m]": 9.867690105964941e-06,
        "Positive electrode thickness [m]": 8.262381597195831e-05,
        "Positive current collector thickness [m]": 7.722252732335444e-06,
        "Electrode height [m]": 0.06587200893824627,
        "Electrode width [m]": 1.8551681468296946,
        "Cell cooling surface area [m2]": 0.006966470134166673,
        "Cell volume [m3]": 1.561700749287463e-05,
        "Cell thermal expansion coefficient [m.K-1]": 9.725006798182377e-07,
        "Negative current collector conductivity [S.m-1]": 58597356.29404024,
        "Positive current collector conductivity [S.m-1]": 35338885.44582898,
        "Negative current collector density [kg.m-3]": 12709.437517402555,
        "Positive current collector density [kg.m-3]": 3539.420155448935,
        "Negative current collector specific heat capacity [J.kg-1.K-1]": 291.4764639668265,
        "Positive current collector specific heat capacity [J.kg-1.K-1]": 716.9865659364693,
        "Negative current collector thermal conductivity [W.m-1.K-1]": 549.5990964236455,
        "Positive current collector thermal conductivity [W.m-1.K-1]": 189.37501800012188,
        "Nominal cell capacity [A.h]": 3.4360058206432367,
        "Current function [A]": 4.942703211342888,
        "Contact resistance [Ohm]": 0,
        "Negative electrode conductivity [S.m-1]": 207.59310120208704,
        "Maximum concentration in negative electrode [mol.m-3]": 38937.41207907397,
        "Negative particle diffusivity [m2.s-1]": 4.779963123612006e-14,
        "Negative electrode porosity": 0.2597638995668083,
        "Negative electrode active material volume fraction": 0.702074923721647,
        "Negative particle radius [m]": 6.360194802335319e-06,
        "Negative electrode Bruggeman coefficient (electrolyte)": 1.5094697355611728,
        "Negative electrode Bruggeman coefficient (electrode)": 0,
        "Negative electrode charge transfer coefficient": 0.48624209344019714,
        "Negative electrode double-layer capacity [F.m-2]": 0.24109210161293543,
        "Negative electrode density [kg.m-3]": 2189.783901484407,
        "Negative electrode specific heat capacity [J.kg-1.K-1]": 643.8224895740277,
        "Negative electrode thermal conductivity [W.m-1.K-1]": 1.0298899218054358,
        "Negative electrode OCP entropic change [V.K-1]": 0.0,
        "Positive electrode conductivity [S.m-1]": 0.2189408652676415,
        "Maximum concentration in positive electrode [mol.m-3]": 71057.13846860526,
        "Positive particle diffusivity [m2.s-1]": 3.546623213322141e-15,
        "Positive electrode porosity": 0.3070882649167886,
        "Positive electrode active material volume fraction": 0.8120606351778008,
        "Positive particle radius [m]": 5.283810767644645e-06,
        "Positive electrode Bruggeman coefficient (electrolyte)": 1.1917906635098374,
        "Positive electrode Bruggeman coefficient (electrode)": 0,
        "Positive electrode charge transfer coefficient": 0.6881769369017308,
        "Positive electrode double-layer capacity [F.m-2]": 0.12456097516839919,
        "Positive electrode density [kg.m-3]": 1856.3930620087435,
        "Positive electrode specific heat capacity [J.kg-1.K-1]": 531.9912100173124,
        "Positive electrode thermal conductivity [W.m-1.K-1]": 2.0441353539375275,
        "Positive electrode OCP entropic change [V.K-1]": 0.0,
        "Separator porosity": 0.3113513185782878,
        "Separator Bruggeman coefficient (electrolyte)": 1.4912724721810071,
        "Separator density [kg.m-3]": 431.6033120747716,
        "Separator specific heat capacity [J.kg-1.K-1]": 703.6587373881389,
        "Separator thermal conductivity [W.m-1.K-1]": 0.1260974338917912,
        "Initial concentration in electrolyte [mol.m-3]": 669.3086621904732,
        "Cation transference number": 0.33547136803272387,
        "Thermodynamic factor": 1.1596805993385861,
        "Reference temperature [K]": 188.68579482996898,
        "Total heat transfer coefficient [W.m-2.K-1]": 9.980942527138339,
        "Ambient temperature [K]": 242.49425300539264,
        "Number of electrodes connected in parallel to make a cell": 1.1969386645482645,
        "Number of cells connected in series to make a battery": 1.0104203952955915,
        "Lower voltage cut-off [V]": 3.3159926453113355,
        "Upper voltage cut-off [V]": 5.823043420880344,
        "Open-circuit voltage at 0% SOC [V]": 1.9017842574072725,
        "Open-circuit voltage at 100% SOC [V]": 3.0633101402601124,
        "Initial concentration in negative electrode [mol.m-3]": 27488.758525160665,
        "Initial concentration in positive electrode [mol.m-3]": 21619.324920380983,
        "Initial temperature [K]": 225.25607119869142
    },