{
    "config": {
        "Ideal gas constant [J.K-1.mol-1]": 7.655511441529776,
        "Faraday constant [C.mol-1]": 97466.2697315189,
        "Boltzmann constant [J.K-1]": 1.3172581320559502e-23,
        "Electron charge [C]": 1.0743833230133995e-19,
        "Ratio of lithium moles to SEI moles": 2.3593420681537864,
        "Inner SEI reaction proportion": 0.48032901566493724,
        "Inner SEI partial molar volume [m3.mol-1]": 4.660457783476765e-05,
        "Outer SEI partial molar volume [m3.mol-1]": 8.464038094012987e-05,
        "SEI growth transfer coefficient": 0.41809197933443404,
        "SEI reaction exchange current density [A.m-2]": 1.1725878233685035e-07,
        "SEI resistivity [Ohm.m]": 140743.7632225238,
        "Outer SEI solvent diffusivity [m2.s-1]": 2.8796197146342656e-22,
        "Bulk solvent concentration [mol.m-3]": 3705.1723693150193,
        "Inner SEI open-circuit potential [V]": 0.052663678863770186,
        "Outer SEI open-circuit potential [V]": 0.6346645071240856,
        "Inner SEI electron conductivity [S.m-1]": 1.2953241760490798e-13,
        "Inner SEI lithium interstitial diffusivity [m2.s-1]": 9.144973508818191e-21,
        "Lithium interstitial reference concentration [mol.m-3]": 21.03419802407504,
        "Initial inner SEI thickness [m]": 1.5833022520532682e-09,
        "Initial outer SEI thickness [m]": 2.7585205939523253e-09,
        "EC initial concentration in electrolyte [mol.m-3]": 4436.826507074168,
        "EC diffusivity [m2.s-1]": 2.1226773897442887e-18,
        "SEI kinetic rate constant [m.s-1]": 6.776339298747511e-13,
        "SEI open-circuit potential [V]": 0.195161788912938,
        "SEI growth activation energy [J.mol-1]": 0.0,
        "Negative electrode reaction-driven LAM factor [m3.mol-1]": 0.0,
        "Positive electrode reaction-driven LAM factor [m3.mol-1]": 0.0,
        "Negative current collector thickness [m]": 2.6306874991613532e-05,
        "Negative electrode thickness [m]": 0.00013675174782289248,
        "Separator thickness [m]": 2.9474339420140336e-05,
        "Positive electrode thickness [m]": 0.00012906211763127456,
        "Positive current collector thickness [m]": 2.318820475701284e-05,
        "Electrode height [m]": 0.10512573693163504,
        "Electrode width [m]": 0.20985132164314615,
        "Negative tab width [m]": 0.01699116598676474,
        "Negative tab centre y-coordinate [m]": 0.06562275250053978,
        "Negative tab centre z-coordinate [m]": 0.15168290535985707,
        "Positive tab width [m]": 0.04440761788262768,
        "Positive tab centre y-coordinate [m]": 0.18347139506636184,
        "Positive tab centre z-coordinate [m]": 0.10658701046089183,
        "Cell cooling surface area [m2]": 0.047815819837213475,
        "Cell volume [m3]": 9.498031003385947e-06,
        "Negative current collector conductivity [S.m-1]": 44784554.19338691,
        "Positive current collector conductivity [S.m-1]": 14851040.866187736,
        "Negative current collector density [kg.m-3]": 10050.129092716605,
        "Positive current collector density [kg.m-3]": 3881.6946258140442,
        "Negative current collector specific heat capacity [J.kg-1.K-1]": 206.97602737898032,
        "Positive current collector specific heat capacity [J.kg-1.K-1]": 1102.308794821075,
        "Negative current collector thermal conductivity [W.m-1.K-1]": 209.71282602998866,
        "Positive current collector thermal conductivity [W.m-1.K-1]": 176.46935606205764,
        "Nominal cell capacity [A.h]": 0.6540457936916892,
        "Current function [A]": 0.9749703194855931,
        "Contact resistance [Ohm]": 0,
        "Negative electrode conductivity [S.m-1]": 42.52088932940382,
        "Maximum concentration in negative electrode [mol.m-3]": 23078.982933757645,
        "Negative electrode porosity": 0.45922080303776286,
        "Negative electrode active material volume fraction": 0.46645865785940077,
        "Negative particle radius [m]": 7.944494473907382e-06,
        "Negative electrode Bruggeman coefficient (electrolyte)": 1.4784389440183208,
        "Negative electrode Bruggeman coefficient (electrode)": 1.298186054054621,
        "Negative electrode charge transfer coefficient": 0.3816390536686438,
        "Negative electrode double-layer capacity [F.m-2]": 0.13184103826835988,
        "Negative electrode density [kg.m-3]": 1458.5727422902346,
        "Negative electrode specific heat capacity [J.kg-1.K-1]": 293.4255831812486,
        "Negative electrode thermal conductivity [W.m-1.K-1]": 2.7929919771549665,
        "Positive electrode conductivity [S.m-1]": 10.294994144785505,
        "Maximum concentration in positive electrode [mol.m-3]": 40032.41845228828,
        "Positive electrode porosity": 0.3113011892750682,
        "Positive electrode active material volume fraction": 0.504942337516064,
        "Positive particle radius [m]": 9.342348238169478e-06,
        "Positive electrode Bruggeman coefficient (electrolyte)": 1.1850175997951875,
        "Positive electrode Bruggeman coefficient (electrode)": 1.3797500901338302,
        "Positive electrode charge transfer coefficient": 0.4879741314816157,
        "Positive electrode double-layer capacity [F.m-2]": 0.1458048751691155,
        "Positive electrode density [kg.m-3]": 3820.329016439603,
        "Positive electrode specific heat capacity [J.kg-1.K-1]": 704.6595357648375,
        "Positive electrode thermal conductivity [W.m-1.K-1]": 1.9304093627151078,
        "Separator porosity": 1.3598874158021284,
        "Separator Bruggeman coefficient (electrolyte)": 1.2426805249393984,
        "Separator density [kg.m-3]": 546.6927889891836,
        "Separator specific heat capacity [J.kg-1.K-1]": 777.2548074908957,
        "Separator thermal conductivity [W.m-1.K-1]": 0.19173531716600112,
        "Initial concentration in electrolyte [mol.m-3]": 923.2470752684939,
        "Cation transference number": 0.2546900397498274,
        "Thermodynamic factor": 1.0315192035794856,
        "Reference temperature [K]": 287.71659566482003,
        "Ambient temperature [K]": 430.95201862779,
        "Negative current collector surface heat transfer coefficient [W.m-2.K-1]": 0.0,
        "Positive current collector surface heat transfer coefficient [W.m-2.K-1]": 0.0,
        "Negative tab heat transfer coefficient [W.m-2.K-1]": 10.07794675186244,
        "Positive tab heat transfer coefficient [W.m-2.K-1]": 12.574127272867912,
        "Edge heat transfer coefficient [W.m-2.K-1]": 0.2516967714574126,
        "Total heat transfer coefficient [W.m-2.K-1]": 4.337367782582728,
        "Number of electrodes connected in parallel to make a cell": 1.5516880506681368,
        "Number of cells connected in series to make a battery": 0.8592321155017243,
        "Lower voltage cut-off [V]": 2.9845735183106514,
        "Upper voltage cut-off [V]": 4.577994375863825,
        "Open-circuit voltage at 0% SOC [V]": 4.218150427089344,
        "Open-circuit voltage at 100% SOC [V]": 4.194971995487285,
        "Initial concentration in negative electrode [mol.m-3]": 20774.026300351823,
        "Initial concentration in positive electrode [mol.m-3]": 33815.93847764343,
        "Initial temperature [K]": 288.39576231443743
    },