{
    "config": {
        "Ideal gas constant [J.K-1.mol-1]": 11.043479139340782,
        "Faraday constant [C.mol-1]": 68871.55594172643,
        "Boltzmann constant [J.K-1]": 1.1476555222133725e-23,
        "Electron charge [C]": 1.2490851282987993e-19,
        "Ratio of lithium moles to SEI moles": 1.7657404700208745,
        "Inner SEI reaction proportion": 0.3210240310379646,
        "Inner SEI partial molar volume [m3.mol-1]": 0.00012250305251582872,
        "Outer SEI partial molar volume [m3.mol-1]": 6.812589816090734e-05,
        "SEI reaction exchange current density [A.m-2]": 1.2915738637669352e-07,
        "SEI resistivity [Ohm.m]": 187751.21340263507,
        "Outer SEI solvent diffusivity [m2.s-1]": 2.2887432141844723e-22,
        "Bulk solvent concentration [mol.m-3]": 2907.759799632746,
        "Inner SEI open-circuit potential [V]": 0.12487755368664516,
        "Outer SEI open-circuit potential [V]": 0.6816785699794944,
        "Inner SEI electron conductivity [S.m-1]": 1.1343405466962124e-13,
        "Inner SEI lithium interstitial diffusivity [m2.s-1]": 9.313703458662553e-21,
        "Lithium interstitial reference concentration [mol.m-3]": 14.461523301950063,
        "Initial inner SEI thickness [m]": 2.260794941665506e-09,
        "Initial outer SEI thickness [m]": 1.9524566280191144e-09,
        "EC initial concentration in electrolyte [mol.m-3]": 2881.9892177594893,
        "EC diffusivity [m2.s-1]": 2.318541391968664e-18,
        "SEI kinetic rate constant [m.s-1]": 9.583721377299527e-13,
        "SEI open-circuit potential [V]": 0.37729847559940605,
        "SEI growth activation energy [J.mol-1]": 0.0,
        "Negative electrode reaction-driven LAM factor [m3.mol-1]": 0.0,
        "Positive electrode reaction-driven LAM factor [m3.mol-1]": 0.0,
        "Negative current collector thickness [m]": 1.1042012048810604e-05,
        "Negative electrode thickness [m]": 9.480186528853675e-05,
        "Separator thickness [m]": 1.876509025466454e-05,
        "Positive electrode thickness [m]": 0.00010166673937774046,
        "Positive current collector thickness [m]": 1.2527923650281263e-05,
        "Electrode height [m]": 0.08242691872823764,
        "Electrode width [m]": 1.5650982854501416,
        "Cell cooling surface area [m2]": 0.00302831174384235,
        "Cell volume [m3]": 2.0116011804406657e-05,
        "Cell thermal expansion coefficient [m.K-1]": 1.0853403758156614e-06,
        "Negative current collector conductivity [S.m-1]": 66306265.97813787,
        "Positive current collector conductivity [S.m-1]": 30711693.050420765,
        "Negative current collector density [kg.m-3]": 9358.49615232887,
        "Positive current collector density [kg.m-3]": 2525.3783469111822,
        "Negative current collector specific heat capacity [J.kg-1.K-1]": 256.9032548211902,
        "Positive current collector specific heat capacity [J.kg-1.K-1]": 1252.37895225992,
        "Negative current collector thermal conductivity [W.m-1.K-1]": 234.47860080386062,
        "Positive current collector thermal conductivity [W.m-1.K-1]": 260.5251837256537,
        "Nominal cell capacity [A.h]": 3.0463732691440764,
        "Current function [A]": 4.336638934098522,
        "Contact resistance [Ohm]": 0,
        "Negative electrode conductivity [S.m-1]": 237.4347849288457,
        "Maximum concentration in negative electrode [mol.m-3]": 39928.24231349429,
        "Negative particle diffusivity [m2.s-1]": 1.3291060428192646e-14,
        "Negative electrode porosity": 0.2675366133816635,
        "Negative electrode active material volume fraction": 0.5720670785752163,
        "Negative particle radius [m]": 3.3489452184298304e-06,
        "Negative electrode Bruggeman coefficient (electrolyte)": 1.1994823200531068,
        "Negative electrode Bruggeman coefficient (electrode)": 0,
        "Negative electrode charge transfer coefficient": 0.31547978598913107,
        "Negative electrode double-layer capacity [F.m-2]": 0.32053041898572776,
        "Negative electrode density [kg.m-3]": 1736.9202649670742,
        "Negative electrode specific heat capacity [J.kg-1.K-1]": 625.8494337340534,
        "Negative electrode thermal conductivity [W.m-1.K-1]": 1.3516770597017616,
        "Negative electrode OCP entropic change [V.K-1]": 0.0,
        "Positive electrode conductivity [S.m-1]": 0.17653768098690145,
        "Maximum concentration in positive electrode [mol.m-3]": 72264.81102429664,
        "Positive particle diffusivity [m2.s-1]": 3.575316914941005e-15,
        "Positive electrode porosity": 0.6126736461348262,
        "Positive electrode active material volume fraction": 0.6963877994413761,
        "Positive particle radius [m]": 6.283554900547547e-06,
        "Positive electrode Bruggeman coefficient (electrolyte)": 1.407087778477615,
        "Positive electrode Bruggeman coefficient (electrode)": 0,
        "Positive electrode charge transfer coefficient": 0.6684948076437819,
        "Positive electrode double-layer capacity [F.m-2]": 0.1700364968834644,
        "Positive electrode density [kg.m-3]": 4177.258957081402,
        "Positive electrode specific heat capacity [J.kg-1.K-1]": 621.5490482482588,
        "Positive electrode thermal conductivity [W.m-1.K-1]": 2.2618787908058575,
        "Positive electrode OCP entropic change [V.K-1]": 0.0,
        "Separator porosity": 0.6490765208790923,
        "Separator Bruggeman coefficient (electrolyte)": 1.1689126532509473,
        "Separator density [kg.m-3]": 251.72983379051848,
        "Separator specific heat capacity [J.kg-1.K-1]": 511.8634496979615,
        "Separator thermal conductivity [W.m-1.K-1]": 0.09284843383822161,
        "Initial concentration in electrolyte [mol.m-3]": 1185.5092898296127,
        "Cation transference number": 0.1581751447711056,
        "Thermodynamic factor": 1.1722250070253861,
        "Reference temperature [K]": 267.1932886316581,
        "Total heat transfer coefficient [W.m-2.K-1]": 8.780296714470218,
        "Ambient temperature [K]": 462.97900254864845,
        "Number of electrodes connected in parallel to make a cell": 1.0697997856579047,
        "Number of cells connected in series to make a battery": 0.9180211928621138,
        "Lower voltage cut-off [V]": 2.289400487952321,
        "Upper voltage cut-off [V]": 5.480547502713046,
        "Open-circuit voltage at 0% SOC [V]": 3.647911728877106,
        "Open-circuit voltage at 100% SOC [V]": 4.286973891575752,
        "Initial concentration in negative electrode [mol.m-3]": 39529.01292129733,
        "Initial concentration in positive electrode [mol.m-3]": 21151.03835553181,
        "Initial temperature [K]": 202.87335593543202
    },