{
    "config": {
        "Ideal gas constant [J.K-1.mol-1]": 8.832850248570018,
        "Faraday constant [C.mol-1]": 61673.710925255,
        "Boltzmann constant [J.K-1]": 1.2537269766465843e-23,
        "Electron charge [C]": 1.9708760438300085e-19,
        "Ratio of lithium moles to SEI moles": 1.460751584313348,
        "Inner SEI reaction proportion": 0.6380353987117154,
        "Inner SEI partial molar volume [m3.mol-1]": 9.947504993773051e-05,
        "Outer SEI partial molar volume [m3.mol-1]": 8.890546863591243e-05,
        "SEI reaction exchange current density [A.m-2]": 1.3927496492056193e-07,
        "SEI resistivity [Ohm.m]": 158669.58127125888,
        "Outer SEI solvent diffusivity [m2.s-1]": 3.3645283116644313e-22,
        "Bulk solvent concentration [mol.m-3]": 2933.9479962540736,
        "Inner SEI open-circuit potential [V]": 0.0998669647937557,
        "Outer SEI open-circuit potential [V]": 1.0448282295689,
        "Inner SEI electron conductivity [S.m-1]": 9.482863891960112e-14,
        "Inner SEI lithium interstitial diffusivity [m2.s-1]": 6.125658287056948e-21,
        "Lithium interstitial reference concentration [mol.m-3]": 15.55326964412895,
        "Initial inner SEI thickness [m]": 3.3788661779697893e-09,
        "Initial outer SEI thickness [m]": 2.938721497715325e-09,
        "EC initial concentration in electrolyte [mol.m-3]": 4750.709006516142,
        "EC diffusivity [m2.s-1]": 1.7063739168199356e-18,
        "SEI kinetic rate constant [m.s-1]": 9.877263298299758e-13,
        "SEI open-circuit potential [V]": 0.3540279003666619,
        "SEI growth activation energy [J.mol-1]": 0.0,
        "Negative electrode reaction-driven LAM factor [m3.mol-1]": 0.0,
        "Positive electrode reaction-driven LAM factor [m3.mol-1]": 0.0,
        "Negative current collector thickness [m]": 1.0299708648410556e-05,
        "Negative electrode thickness [m]": 6.419153696387868e-05,
        "Separator thickness [m]": 2.5395347633497753e-05,
        "Positive electrode thickness [m]": 3.792669500104813e-05,
        "Positive current collector thickness [m]": 1.0867806518382889e-05,
        "Electrode height [m]": 0.19376267394882285,
        "Electrode width [m]": 0.10061429115914741,
        "Negative tab width [m]": 0.0422509384401315,
        "Negative tab centre y-coordinate [m]": 0.014879572715130247,
        "Negative tab centre z-coordinate [m]": 0.275726223023261,
        "Positive tab width [m]": 0.05118306787701883,
        "Positive tab centre y-coordinate [m]": 0.15926212745520565,
        "Positive tab centre z-coordinate [m]": 0.18393824908082151,
        "Cell cooling surface area [m2]": 0.051475677409996874,
        "Cell volume [m3]": 4.472681036704671e-06,
        "Negative current collector conductivity [S.m-1]": 66639524.21332361,
        "Positive current collector conductivity [S.m-1]": 36246490.16597231,
        "Negative current collector density [kg.m-3]": 12628.48663803182,
        "Positive current collector density [kg.m-3]": 2597.8050079474006,
        "Negative current collector specific heat capacity [J.kg-1.K-1]": 206.9422294636396,
        "Positive current collector specific heat capacity [J.kg-1.K-1]": 1167.6715864726202,
        "Negative current collector thermal conductivity [W.m-1.K-1]": 200.09692106009214,
        "Positive current collector thermal conductivity [W.m-1.K-1]": 175.5575435422804,
        "Nominal cell capacity [A.h]": 0.4306654747268385,
        "Current function [A]": 0.45126154421198594,
        "Contact resistance [Ohm]": 0,
        "Negative electrode conductivity [S.m-1]": 96.69618533075719,
        "Maximum concentration in negative electrode [mol.m-3]": 26493.424334799776,
        "Negative electrode porosity": 0.3537484016405169,
        "Negative electrode active material volume fraction": 0.5232054455884877,
        "Negative particle radius [m]": 3.121667351639393e-07,
        "Negative electrode Bruggeman coefficient (electrolyte)": 2.765803325329334,
        "Negative electrode Bruggeman coefficient (electrode)": 1.3133532237023338,
        "Negative electrode charge transfer coefficient": 0.5790900648892547,
        "Negative electrode double-layer capacity [F.m-2]": 0.20989405372953668,
        "Negative electrode density [kg.m-3]": 1903.3921311699658,
        "Negative electrode specific heat capacity [J.kg-1.K-1]": 564.3186731320422,
        "Negative electrode thermal conductivity [W.m-1.K-1]": 1.4205204226062245,
        "Negative electrode OCP entropic change [V.K-1]": 0.0,
        "Positive electrode conductivity [S.m-1]": 7.013218553080274,
        "Maximum concentration in positive electrode [mol.m-3]": 64307.60387853766,
        "Positive electrode porosity": 0.43820270354870827,
        "Positive electrode active material volume fraction": 0.414232961097937,
        "Positive particle radius [m]": 1.9734870151388078e-06,
        "Positive electrode Bruggeman coefficient (electrolyte)": 1.862147801321712,
        "Positive electrode Bruggeman coefficient (electrode)": 2.108213491792666,
        "Positive electrode charge transfer coefficient": 0.5118343142587547,
        "Positive electrode double-layer capacity [F.m-2]": 0.18726857320009402,
        "Positive electrode density [kg.m-3]": 3634.013332236798,
        "Positive electrode specific heat capacity [J.kg-1.K-1]": 392.062734239206,
        "Positive electrode thermal conductivity [W.m-1.K-1]": 1.0634383391190247,
        "Positive electrode OCP entropic change [V.K-1]": 0.0,
        "Separator porosity": 0.5986917252191456,
        "Separator Bruggeman coefficient (electrolyte)": 2.124901400246001,
        "Separator density [kg.m-3]": 498.2501887633049,
        "Separator specific heat capacity [J.kg-1.K-1]": 726.2373039186996,
        "Separator thermal conductivity [W.m-1.K-1]": 0.07498881051183162,
        "Initial concentration in electrolyte [mol.m-3]": 1204.6927389876573,
        "Cation transference number": 0.5414406142122885,
        "Thermodynamic factor": 0.8849587570227238,
        "Reference temperature [K]": 293.1678565824616,
        "Negative current collector surface heat transfer coefficient [W.m-2.K-1]": 0.0,
        "Positive current collector surface heat transfer coefficient [W.m-2.K-1]": 0.0,
        "Negative tab heat transfer coefficient [W.m-2.K-1]": 26.022319747812496,
        "Positive tab heat transfer coefficient [W.m-2.K-1]": 35.78711323766723,
        "Edge heat transfer coefficient [W.m-2.K-1]": 0.5200102342754505,
        "Total heat transfer coefficient [W.m-2.K-1]": 26.76911818181186,
        "Ambient temperature [K]": 255.56667925369896,
        "Number of electrodes connected in parallel to make a cell": 0.8224029049967942,
        "Number of cells connected in series to make a battery": 1.1220825493678028,
        "Lower voltage cut-off [V]": 1.8074287565508897,
        "Upper voltage cut-off [V]": 4.05430104120803,
        "Open-circuit voltage at 0% SOC [V]": 3.0322108936639576,
        "Open-circuit voltage at 100% SOC [V]": 5.6116437388493825,
        "Initial concentration in negative electrode [mol.m-3]": 19539.060434494688,
        "Initial concentration in positive electrode [mol.m-3]": 24839.44171571414,
        "Initial temperature [K]": 359.4854211050218
    },
    "V": [
        4.0231124743909135,
        3.870295245611393,
        3.7805972727957036,
        3.7122834840757486,
        3.6526627196914094,
        3.5932019681245375,
        3.529752748797864,
        3.4447361021301144,
        3.2936965200966073,
        1.939521271684968,
        1.8074387565512435
    ],
    "time": [
        0.0,
        36.36363636363637,
        72.72727272727273,
        109.0909090909091,
        145.45454545454547,
        181.81818181818184,
        218.1818181818182,
        254.54545454545456,
        290.90909090909093,
        327.2727272727273,
        330.22476004588884
    ]
}