{
    "config": {
        "Ideal gas constant [J.K-1.mol-1]": 10.06385104475817,
        "Faraday constant [C.mol-1]": 130857.78304326381,
        "Boltzmann constant [J.K-1]": 1.0549551485291166e-23,
        "Electron charge [C]": 1.2644601186416915e-19,
        "Ratio of lithium moles to SEI moles": 2.3422900318238327,
        "Inner SEI reaction proportion": 0.5085417065942786,
        "Inner SEI partial molar volume [m3.mol-1]": 0.00011108295118798751,
        "Outer SEI partial molar volume [m3.mol-1]": 0.00010960553797842066,
        "SEI reaction exchange current density [A.m-2]": 1.452556777851351e-07,
        "SEI resistivity [Ohm.m]": 209861.1069699562,
        "Outer SEI solvent diffusivity [m2.s-1]": 3.2898463290360873e-22,
        "Bulk solvent concentration [mol.m-3]": 2583.180362218011,
        "Inner SEI open-circuit potential [V]": 0.06612990043365069,
        "Outer SEI open-circuit potential [V]": 0.9651015986245444,
        "Inner SEI electron conductivity [S.m-1]": 1.294073644202696e-13,
        "Inner SEI lithium interstitial diffusivity [m2.s-1]": 8.127546941627907e-21,
        "Lithium interstitial reference concentration [mol.m-3]": 19.156849643679273,
        "Initial inner SEI thickness [m]": 2.210955030175984e-09,
        "Initial outer SEI thickness [m]": 2.064446362114565e-09,
        "EC initial concentration in electrolyte [mol.m-3]": 5365.706534703518,
        "EC diffusivity [m2.s-1]": 2.284316306599852e-18,
        "SEI kinetic rate constant [m.s-1]": 7.779522466136501e-13,
        "SEI open-circuit potential [V]": 0.6198763165837087,
        "SEI growth activation energy [J.mol-1]": 0.0,
        "Negative electrode reaction-driven LAM factor [m3.mol-1]": 0.0,
        "Positive electrode reaction-driven LAM factor [m3.mol-1]": 0.0,
        "Negative current collector thickness [m]": 9.189994927933146e-06,
        "Negative electrode thickness [m]": 3.831699044886188e-05,
        "Separator thickness [m]": 2.757190161370954e-05,
        "Positive electrode thickness [m]": 4.9950260718275305e-05,
        "Positive current collector thickness [m]": 8.784520754787244e-06,
        "Electrode height [m]": 0.2736471116005892,
        "Electrode width [m]": 0.11878474059885544,
        "Negative tab width [m]": 0.04114787918232862,
        "Negative tab centre y-coordinate [m]": 0.01082123317838034,
        "Negative tab centre z-coordinate [m]": 0.18410691561989292,
        "Positive tab width [m]": 0.03783637070729677,
        "Positive tab centre y-coordinate [m]": 0.15182528802082879,
        "Positive tab centre z-coordinate [m]": 0.2548877053110757,
        "Cell cooling surface area [m2]": 0.069163020773683,
        "Cell volume [m3]": 3.511716700613943e-06,
        "Negative current collector conductivity [S.m-1]": 35422156.6877545,
        "Positive current collector conductivity [S.m-1]": 46159154.586445704,
        "Negative current collector density [kg.m-3]": 10497.643024441495,
        "Positive current collector density [kg.m-3]": 4914.1852739645,
        "Negative current collector specific heat capacity [J.kg-1.K-1]": 436.02124434413145,
        "Positive current collector specific heat capacity [J.kg-1.K-1]": 1503.193800338211,
        "Negative current collector thermal conductivity [W.m-1.K-1]": 332.2364819865131,
        "Positive current collector thermal conductivity [W.m-1.K-1]": 161.3267465669977,
        "Nominal cell capacity [A.h]": 0.3551999374574463,
        "Current function [A]": 0.6898929071889425,
        "Contact resistance [Ohm]": 0,
        "Negative electrode conductivity [S.m-1]": 113.28159572599674,
        "Maximum concentration in negative electrode [mol.m-3]": 24093.40003406083,
        "Negative electrode porosity": 0.4408665953061797,
        "Negative electrode active material volume fraction": 0.4811819966286406,
        "Negative particle radius [m]": 5.334446271693284e-07,
        "Negative electrode Bruggeman coefficient (electrolyte)": 1.7001645042877367,
        "Negative electrode Bruggeman coefficient (electrode)": 1.9455710257673773,
        "Negative electrode charge transfer coefficient": 0.5504957265515645,
        "Negative electrode double-layer capacity [F.m-2]": 0.2570431322604576,
        "Negative electrode density [kg.m-3]": 2744.9550187222153,
        "Negative electrode specific heat capacity [J.kg-1.K-1]": 549.8446356126042,
        "Negative electrode thermal conductivity [W.m-1.K-1]": 1.1751127598620517,
        "Negative electrode OCP entropic change [V.K-1]": 0.0,
        "Positive electrode conductivity [S.m-1]": 8.040040736736891,
        "Maximum concentration in positive electrode [mol.m-3]": 29109.05168877876,
        "Positive electrode porosity": 0.39406874178332396,
        "Positive electrode active material volume fraction": 0.3634032162080647,
        "Positive particle radius [m]": 1.742515698125966e-06,
        "Positive electrode Bruggeman coefficient (electrolyte)": 2.1564644901233065,
        "Positive electrode Bruggeman coefficient (electrode)": 1.06621310894635,
        "Positive electrode charge transfer coefficient": 0.6915560520690374,
        "Positive electrode double-layer capacity [F.m-2]": 0.1659163173860285,
        "Positive electrode density [kg.m-3]": 4204.05791390021,
        "Positive electrode specific heat capacity [J.kg-1.K-1]": 560.1206033024278,
        "Positive electrode thermal conductivity [W.m-1.K-1]": 2.071209049515138,
        "Positive electrode OCP entropic change [V.K-1]": 0.0,
        "Separator porosity": 0.5570206517677212,
        "Separator Bruggeman coefficient (electrolyte)": 2.2471101074170834,
        "Separator density [kg.m-3]": 610.6668630959182,
        "Separator specific heat capacity [J.kg-1.K-1]": 786.7718515199581,
        "Separator thermal conductivity [W.m-1.K-1]": 0.07996184657799602,
        "Initial concentration in electrolyte [mol.m-3]": 912.9534481841547,
        "Cation transference number": 0.1654177492227068,
        "Thermodynamic factor": 0.6330020301035681,
        "Reference temperature [K]": 140.35637582601353,
        "Negative current collector surface heat transfer coefficient [W.m-2.K-1]": 0.0,
        "Positive current collector surface heat transfer coefficient [W.m-2.K-1]": 0.0,
        "Negative tab heat transfer coefficient [W.m-2.K-1]": 28.477747023230435,
        "Positive tab heat transfer coefficient [W.m-2.K-1]": 25.91450371853844,
        "Edge heat transfer coefficient [W.m-2.K-1]": 0.2880715471330222,
        "Total heat transfer coefficient [W.m-2.K-1]": 24.835675128461588,
        "Ambient temperature [K]": 289.941429013827,
        "Number of electrodes connected in parallel to make a cell": 0.8679832955216554,
        "Number of cells connected in series to make a battery": 0.6817663902171764,
        "Lower voltage cut-off [V]": 3.5262943918863585,
        "Upper voltage cut-off [V]": 6.081129825189539,
        "Open-circuit voltage at 0% SOC [V]": 2.380847190545119,
        "Open-circuit voltage at 100% SOC [V]": 2.0330950426197107,
        "Initial concentration in negative electrode [mol.m-3]": 19681.251028888346,
        "Initial concentration in positive electrode [mol.m-3]": 20374.590229988975,
        "Initial temperature [K]": 353.08975677547124
    },
    "V": [
        3.6871895364234417,
        3.6516834049542473,
        3.6352911503501115,
        3.622313991009767,
        3.6102869143237264,
        3.598309741215218,
        3.586064528167027,
        3.5733506102686765,
        3.5600347268224413,
        3.546041210282982,
        3.531347428688633,
        3.5263043918863577
    ],
    "time": [
        0.0,
        36.36363636363637,
        72.72727272727273,
        109.0909090909091,
        145.45454545454547,
        181.81818181818184,
        218.1818181818182,
        254.54545454545456,
        290.90909090909093,
        327.2727272727273,
        363.6363636363637,
        375.74342510607437
    ]
}