{
    "config": {
        "Ideal gas constant [J.K-1.mol-1]": 4.784020448810064,
        "Faraday constant [C.mol-1]": 89114.58450725989,
        "Boltzmann constant [J.K-1]": 1.7008727697478133e-23,
        "Electron charge [C]": 1.7953811282508993e-19,
        "Negative electrode thickness [m]": 3.733131563671525e-05,
        "Separator thickness [m]": 2.0014036971371543e-05,
        "Positive electrode thickness [m]": 8.87928314343158e-05,
        "Electrode height [m]": 0.6035483341536599,
        "Electrode width [m]": 0.33702090097477777,
        "Nominal cell capacity [A.h]": 1.6737558667781998,
        "Current function [A]": 3.571353637589815,
        "Contact resistance [Ohm]": 0,
        "Negative electrode conductivity [S.m-1]": 252.6748367733973,
        "Maximum concentration in negative electrode [mol.m-3]": 44888.89957940073,
        "Negative electrode diffusivity [m2.s-1]": 3.657642860239796e-15,
        "Negative electrode porosity": 0.29335974866557546,
        "Negative electrode active material volume fraction": 0.37832900222035315,
        "Negative particle radius [m]": 6.376310839297047e-06,
        "Negative electrode Bruggeman coefficient (electrolyte)": 1.5720612960281373,
        "Negative electrode Bruggeman coefficient (electrode)": 1.0891365881220358,
        "Negative electrode charge transfer coefficient": 0.5637452556366616,
        "Negative electrode double-layer capacity [F.m-2]": 0.19017379899369002,
        "Negative electrode OCP entropic change [V.K-1]": 0,
        "Positive electrode conductivity [S.m-1]": 0.23660078725936218,
        "Maximum concentration in positive electrode [mol.m-3]": 27967.342423213562,
        "Positive electrode diffusivity [m2.s-1]": 5.2774505394975145e-18,
        "Positive electrode porosity": 0.4856111505632042,
        "Positive electrode active material volume fraction": 0.3558783524240176,
        "Positive particle radius [m]": 4.807809896673328e-08,
        "Positive electrode Bruggeman coefficient (electrode)": 0.8917214265393116,
        "Positive electrode Bruggeman coefficient (electrolyte)": 1.7285106010362548,
        "Positive electrode charge transfer coefficient": 0.7321895331261856,
        "Positive electrode double-layer capacity [F.m-2]": 0.23310244452046142,
        "Positive electrode OCP entropic change [V.K-1]": 0,
        "Separator porosity": 0.6002859310239567,
        "Separator Bruggeman coefficient (electrolyte)": 1.7789318316213512,
        "Initial concentration in electrolyte [mol.m-3]": 1919.1286201304001,
        "Cation transference number": 0.3552167295647476,
        "Thermodynamic factor": 0.9009956244502256,
        "Electrolyte diffusivity [m2.s-1]": 2.3054101192744765e-10,
        "Reference temperature [K]": 393.07495739713215,
        "Ambient temperature [K]": 421.83828660532265,
        "Number of electrodes connected in parallel to make a cell": 1.0436322517196994,
        "Number of cells connected in series to make a battery": 1.055401320315222,
        "Lower voltage cut-off [V]": 1.4256867718917894,
        "Upper voltage cut-off [V]": 3.759667613788438,
        "Open-circuit voltage at 0% SOC [V]": 1.3098734380395625,
        "Open-circuit voltage at 100% SOC [V]": 4.387115361647212,
        "Initial concentration in negative electrode [mol.m-3]": 22899.476345942647,
        "Initial concentration in positive electrode [mol.m-3]": 95.47141269308509,
        "Initial temperature [K]": 388.5734118680399
    },
    "V": [
        3.567263392509312,
        3.302221913600805,
        3.272137911335895,
        3.262140976755073,
        3.256462615748675,
        3.2497632849434135,
        3.2409367872602695,
        3.230139683853664,
        3.21834020960069,
        3.2068953178118194,
        3.1968979843214522,
        3.188774382913044,
        3.1822783994623856,
        3.1766372167594894,
        3.1705697859573716,
        3.161985131615811,
        3.147546885277358,
        3.123112822269163,
        3.0867385283575883,
        3.0426994373358442,
        2.998509776215596,
        2.955899030334038,
        2.9083288036571147,
        2.843997614694393,
        2.7466606522590715,
        2.5930013866925234,
        2.347510516423063,
        1.9544930883498055,
        1.4256967718917886
    ],
    "time": [
        0.0,
        36.36363636363637,
        72.72727272727273,
        109.0909090909091,
        145.45454545454547,
        181.81818181818184,
        218.1818181818182,
        254.54545454545456,
        290.90909090909093,
        327.2727272727273,
        363.6363636363637,
        400.00000000000006,
        436.3636363636364,
        472.72727272727275,
        509.0909090909091,
        545.4545454545455,
        581.8181818181819,
        618.1818181818182,
        654.5454545454546,
        690.909090909091,
        727.2727272727274,
        763.6363636363637,
        800.0000000000001,
        836.3636363636365,
        872.7272727272727,
        909.0909090909091,
        945.4545454545455,
        981.8181818181819,
        1013.3721964244583
    ]
}