{
    "config": {
        "Ideal gas constant [J.K-1.mol-1]": 7.565904939314029,
        "Faraday constant [C.mol-1]": 108283.75140845514,
        "Boltzmann constant [J.K-1]": 1.34158210467515e-23,
        "Electron charge [C]": 1.7187784238245674e-19,
        "Ratio of lithium moles to SEI moles": 2.8111874815123676,
        "Inner SEI reaction proportion": 0.35119106278704504,
        "Inner SEI partial molar volume [m3.mol-1]": 9.197418998684784e-05,
        "Outer SEI partial molar volume [m3.mol-1]": 9.794822369233995e-05,
        "SEI growth transfer coefficient": 0.670856162008796,
        "SEI reaction exchange current density [A.m-2]": 1.761652271501625e-07,
        "SEI resistivity [Ohm.m]": 182555.18405227235,
        "Outer SEI solvent diffusivity [m2.s-1]": 2.5546783608764085e-22,
        "Bulk solvent concentration [mol.m-3]": 3264.4443300976545,
        "Inner SEI open-circuit potential [V]": 0.11126504723072536,
        "Outer SEI open-circuit potential [V]": 0.8311059942919712,
        "Inner SEI electron conductivity [S.m-1]": 1.1641678242856653e-13,
        "Inner SEI lithium interstitial diffusivity [m2.s-1]": 9.24942600204127e-21,
        "Lithium interstitial reference concentration [mol.m-3]": 8.009014683351301,
        "Initial inner SEI thickness [m]": 2.4865063559606374e-09,
        "Initial outer SEI thickness [m]": 1.9997122397454165e-09,
        "EC initial concentration in electrolyte [mol.m-3]": 3636.240808557615,
        "EC diffusivity [m2.s-1]": 2.0273112252841338e-18,
        "SEI kinetic rate constant [m.s-1]": 1.2233447295354515e-12,
        "SEI open-circuit potential [V]": 0.46815953581873265,
        "SEI growth activation energy [J.mol-1]": 0.0,
        "Negative electrode reaction-driven LAM factor [m3.mol-1]": 0.0,
        "Positive electrode reaction-driven LAM factor [m3.mol-1]": 0.0,
        "Negative current collector thickness [m]": 3.233464969685376e-05,
        "Negative electrode thickness [m]": 0.00010867535679941964,
        "Separator thickness [m]": 3.426816270274168e-05,
        "Positive electrode thickness [m]": 7.191461582593291e-05,
        "Positive current collector thickness [m]": 2.7586508504635507e-05,
        "Electrode height [m]": 0.10457853607355827,
        "Electrode width [m]": 0.185051194243834,
        "Negative tab width [m]": 0.021254334399755912,
        "Negative tab centre y-coordinate [m]": 0.06523900942836085,
        "Negative tab centre z-coordinate [m]": 0.13386564310257643,
        "Positive tab width [m]": 0.031055839483137934,
        "Positive tab centre y-coordinate [m]": 0.17041741959209195,
        "Positive tab centre z-coordinate [m]": 0.10541889257422615,
        "Cell cooling surface area [m2]": 0.056249988087414354,
        "Cell volume [m3]": 1.2256608655988802e-05,
        "Negative current collector conductivity [S.m-1]": 43697759.63398105,
        "Positive current collector conductivity [S.m-1]": 41049034.817457184,
        "Negative current collector density [kg.m-3]": 11886.361600350667,
        "Positive current collector density [kg.m-3]": 3355.6132798207445,
        "Negative current collector specific heat capacity [J.kg-1.K-1]": 428.4984437710057,
        "Positive current collector specific heat capacity [J.kg-1.K-1]": 660.1382539241849,
        "Negative current collector thermal conductivity [W.m-1.K-1]": 370.2230342705052,
        "Positive current collector thermal conductivity [W.m-1.K-1]": 375.844274474635,
        "Nominal cell capacity [A.h]": 0.6312209894771181,
        "Current function [A]": 0.8420745754054866,
        "Contact resistance [Ohm]": 0,
        "Negative electrode conductivity [S.m-1]": 107.67092656234136,
        "Maximum concentration in negative electrode [mol.m-3]": 22947.266019552986,
        "Negative electrode porosity": 0.24934425311406316,
        "Negative electrode active material volume fraction": 0.49437174272359646,
        "Negative particle radius [m]": 6.613740216361367e-06,
        "Negative electrode Bruggeman coefficient (electrolyte)": 1.4076397648771122,
        "Negative electrode Bruggeman coefficient (electrode)": 1.4537291232935319,
        "Negative electrode charge transfer coefficient": 0.405089805848451,
        "Negative electrode double-layer capacity [F.m-2]": 0.1274001442616055,
        "Negative electrode density [kg.m-3]": 1951.3451188951344,
        "Negative electrode specific heat capacity [J.kg-1.K-1]": 872.8824235291839,
        "Negative electrode thermal conductivity [W.m-1.K-1]": 1.2527888431551997,
        "Positive electrode conductivity [S.m-1]": 12.965256997494924,
        "Maximum concentration in positive electrode [mol.m-3]": 48958.175616292996,
        "Positive electrode porosity": 0.4209219797552693,
        "Positive electrode active material volume fraction": 0.24259537679161647,
        "Positive particle radius [m]": 7.826912790618143e-06,
        "Positive electrode Bruggeman coefficient (electrolyte)": 1.9254676078565465,
        "Positive electrode Bruggeman coefficient (electrode)": 1.4142404390650594,
        "Positive electrode charge transfer coefficient": 0.557340832344911,
        "Positive electrode double-layer capacity [F.m-2]": 0.26837338201526434,
        "Positive electrode density [kg.m-3]": 2437.5448333500303,
        "Positive electrode specific heat capacity [J.kg-1.K-1]": 823.6008564994522,
        "Positive electrode thermal conductivity [W.m-1.K-1]": 2.506921007978286,
        "Separator porosity": 1.1940171125569683,
        "Separator Bruggeman coefficient (electrolyte)": 1.4937869593654665,
        "Separator density [kg.m-3]": 344.77007307394626,
        "Separator specific heat capacity [J.kg-1.K-1]": 1068.0239806113473,
        "Separator thermal conductivity [W.m-1.K-1]": 0.1780897983646733,
        "Initial concentration in electrolyte [mol.m-3]": 937.4540270932448,
        "Cation transference number": 0.5006135409365557,
        "Thermodynamic factor": 1.1785247213083747,
        "Reference temperature [K]": 350.30305006542704,
        "Ambient temperature [K]": 427.7530292330316,
        "Negative current collector surface heat transfer coefficient [W.m-2.K-1]": 0.0,
        "Positive current collector surface heat transfer coefficient [W.m-2.K-1]": 0.0,
        "Negative tab heat transfer coefficient [W.m-2.K-1]": 9.001520793875736,
        "Positive tab heat transfer coefficient [W.m-2.K-1]": 10.501901529259543,
        "Edge heat transfer coefficient [W.m-2.K-1]": 0.34857252093114793,
        "Total heat transfer coefficient [W.m-2.K-1]": 7.114156902282346,
        "Number of electrodes connected in parallel to make a cell": 0.828917586136867,
        "Number of cells connected in series to make a battery": 1.048295442032823,
        "Lower voltage cut-off [V]": 1.8648189386518856,
        "Upper voltage cut-off [V]": 6.073147544528853,
        "Open-circuit voltage at 0% SOC [V]": 3.123877439611534,
        "Open-circuit voltage at 100% SOC [V]": 3.3818230629337966,
        "Initial concentration in negative electrode [mol.m-3]": 18575.79674485181,
        "Initial concentration in positive electrode [mol.m-3]": 33947.548042434086,
        "Initial temperature [K]": 363.7626747456304
    },
    "V": [
        3.761660017859864,
        3.7500882054520663,
        3.7424656066917334,
        3.736754161926228,
        3.7324693354857876,
        3.7292343880358594,
        3.7267598769072654,
        3.724821920065211,
        3.7232335478812475,
        3.7217371458288095,
        3.7192098100369133,
        3.7069745580642595,
        3.6088790579110244,
        2.8932064147923846,
        1.8648289386518908
    ],