{
    "config": {
        "Ideal gas constant [J.K-1.mol-1]": 8.795162802147532,
        "Faraday constant [C.mol-1]": 90670.49311126213,
        "Boltzmann constant [J.K-1]": 1.1816586793082139e-23,
        "Electron charge [C]": 1.2357816714460437e-19,
        "Ratio of lithium moles to SEI moles": 1.3611830072561402,
        "Inner SEI reaction proportion": 0.5419778841833693,
        "Inner SEI partial molar volume [m3.mol-1]": 8.915298694192782e-05,
        "Outer SEI partial molar volume [m3.mol-1]": 6.558988999783965e-05,
        "SEI reaction exchange current density [A.m-2]": 8.212544348142991e-08,
        "SEI resistivity [Ohm.m]": 214109.69572391603,
        "Outer SEI solvent diffusivity [m2.s-1]": 2.865260840866699e-22,
        "Bulk solvent concentration [mol.m-3]": 2687.967825261456,
        "Inner SEI open-circuit potential [V]": 0.13158982070699593,
        "Outer SEI open-circuit potential [V]": 0.610654833487928,
        "Inner SEI electron conductivity [S.m-1]": 6.615761821756832e-14,
        "Inner SEI lithium interstitial diffusivity [m2.s-1]": 9.512765668300567e-21,
        "Lithium interstitial reference concentration [mol.m-3]": 15.314944641925509,
        "Initial inner SEI thickness [m]": 2.7090910806860165e-09,
        "Initial outer SEI thickness [m]": 3.3794569458745207e-09,
        "EC initial concentration in electrolyte [mol.m-3]": 4930.379772818511,
        "EC diffusivity [m2.s-1]": 1.4021686468776968e-18,
        "SEI kinetic rate constant [m.s-1]": 1.2841161438501296e-12,
        "SEI open-circuit potential [V]": 0.34163324156658015,
        "SEI growth activation energy [J.mol-1]": 0.0,
        "Negative electrode reaction-driven LAM factor [m3.mol-1]": 0.0,
        "Positive electrode reaction-driven LAM factor [m3.mol-1]": 0.0,
        "Negative current collector thickness [m]": 1.090431103464138e-05,
        "Negative electrode thickness [m]": 9.435785344556994e-05,
        "Separator thickness [m]": 2.985252903554136e-05,
        "Positive electrode thickness [m]": 6.893735499321787e-05,
        "Positive current collector thickness [m]": 1.551268650827253e-05,
        "Electrode height [m]": 0.06645663633740562,
        "Electrode width [m]": 0.05453798986071328,
        "Cell cooling surface area [m2]": 0.005706630915335109,
        "Cell volume [m3]": 1.847544398626099e-05,
        "Cell emissivity": 0.7924682276326837,
        "Cell thermal expansion coefficient [m.K-1]": 1.2261911060948657e-06,
        "Negative current collector conductivity [S.m-1]": 53560308.41029696,
        "Positive current collector conductivity [S.m-1]": 17723563.186450604,
        "Negative current collector density [kg.m-3]": 8282.954368296414,
        "Positive current collector density [kg.m-3]": 3321.618548124119,
        "Negative current collector specific heat capacity [J.kg-1.K-1]": 329.24863064248825,
        "Positive current collector specific heat capacity [J.kg-1.K-1]": 823.5064640551757,
        "Negative current collector thermal conductivity [W.m-1.K-1]": 415.7248586462546,
        "Positive current collector thermal conductivity [W.m-1.K-1]": 256.50333537351855,
        "Nominal cell capacity [A.h]": 2.888395125263364,
        "Current function [A]": 2.1405502679570514,
        "Contact resistance [Ohm]": 0,
        "Negative electrode conductivity [S.m-1]": 103.06143065631477,
        "Maximum concentration in negative electrode [mol.m-3]": 33432.81971215835,
        "Negative electrode porosity": 0.389650158937722,
        "Negative electrode active material volume fraction": 0.5687781432784133,
        "Negative particle radius [m]": 4.395088722909922e-06,
        "Negative electrode Bruggeman coefficient (electrolyte)": 2.251249053298168,
        "Negative electrode Bruggeman coefficient (electrode)": 0.0,
        "Negative electrode charge transfer coefficient": 0.5444975502220443,
        "Negative electrode double-layer capacity [F.m-2]": 0.14175943853595746,
        "Negative electrode density [kg.m-3]": 1866.6155278109359,
        "Negative electrode specific heat capacity [J.kg-1.K-1]": 910.5086833392095,
        "Negative electrode thermal conductivity [W.m-1.K-1]": 0.8831787025466411,
        "Negative electrode Poisson's ratio": 0.32233486175140275,
        "Negative electrode Young's modulus [Pa]": 15011358316.732622,
        "Negative electrode reference concentration for free of deformation [mol.m-3]": 0.0,
        "Negative electrode partial molar volume [m3.mol-1]": 2.993879588932624e-06,
        "Negative electrode initial crack length [m]": 2.0032042720770455e-08,
        "Negative electrode initial crack width [m]": 1.7382178864866402e-08,
        "Negative electrode number of cracks per unit area [m-2]": 2316130554972553.0,
        "Negative electrode Paris' law constant b": 1.2621237635906193,
        "Negative electrode Paris' law constant m": 1.815974617208977,
        "Negative electrode activation energy for cracking rate [J.mol-1]": 0.0,
        "Negative electrode LAM constant proportional term [s-1]": 0.0,
        "Negative electrode LAM constant exponential term": 2.0106904773121603,
        "Negative electrode critical stress [Pa]": 67853331.4942657,
        "Positive electrode conductivity [S.m-1]": 13.219042548786085,
        "Maximum concentration in positive electrode [mol.m-3]": 49732.9087490529,
        "Positive electrode porosity": 0.3600395843485427,
        "Positive electrode active material volume fraction": 0.5949040654105786,
        "Positive particle radius [m]": 3.7475215632431854e-06,
        "Positive electrode surface area to volume ratio [m-1]": 807010.9940917182,
        "Positive electrode Bruggeman coefficient (electrolyte)": 0.8583163357429292,
        "Positive electrode Bruggeman coefficient (electrode)": 0.0,
        "Positive electrode charge transfer coefficient": 0.42796013427476437,
        "Positive electrode double-layer capacity [F.m-2]": 0.16233449761856827,
        "Positive electrode density [kg.m-3]": 2713.5063105474314,
        "Positive electrode specific heat capacity [J.kg-1.K-1]": 680.3727404796281,
        "Positive electrode thermal conductivity [W.m-1.K-1]": 2.164266910262968,
        "Positive electrode Poisson's ratio": 0.24537063489550343,
        "Positive electrode Young's modulus [Pa]": 373629586235.148,
        "Positive electrode reference concentration for free of deformation [mol.m-3]": 0.0,
        "Positive electrode partial molar volume [m3.mol-1]": 8.948591663807553e-09,
        "Positive electrode initial crack length [m]": 2.4840036340609376e-08,
        "Positive electrode initial crack width [m]": 1.4391237846961303e-08,
        "Positive electrode number of cracks per unit area [m-2]": 4099619539712794.0,
        "Positive electrode Paris' law constant b": 1.0532298611504165,
        "Positive electrode Paris' law constant m": 1.5307354878556194,
        "Positive electrode activation energy for cracking rate [J.mol-1]": 0.0,
        "Positive electrode LAM constant proportional term [s-1]": 2.459311501696384e-13,
        "Positive electrode LAM constant exponential term": 1.8211091221719595,
        "Positive electrode critical stress [Pa]": 424498579.04839903,
        "Separator porosity": 0.5946814708959766,
        "Separator Bruggeman coefficient (electrolyte)": 0.8722605239672069,
        "Separator density [kg.m-3]": 2623.659857770943,
        "Separator specific heat capacity [J.kg-1.K-1]": 1107.814342985874,
        "Separator thermal conductivity [W.m-1.K-1]": 0.31128458926977753,
        "Initial concentration in electrolyte [mol.m-3]": 1329.7571938139524,
        "Cation transference number": 0.19608219968101948,
        "Reference temperature [K]": 294.68002602716285,
        "Total heat transfer coefficient [W.m-2.K-1]": 38.00848288998245,
        "Ambient temperature [K]": 285.6768428080903,
        "Number of electrodes connected in parallel to make a cell": 42.78762930321177,