{
    "config": {
        "Ideal gas constant [J.K-1.mol-1]": 7.58122036245332,
        "Faraday constant [C.mol-1]": 99331.002663622,
        "Boltzmann constant [J.K-1]": 1.1856758251222631e-23,
        "Electron charge [C]": 2.4092789557148927e-19,
        "Ratio of lithium moles to SEI moles": 1.2858996003537675,
        "Inner SEI reaction proportion": 0.5239960597854326,
        "Inner SEI partial molar volume [m3.mol-1]": 8.364179380710641e-05,
        "Outer SEI partial molar volume [m3.mol-1]": 6.958519352842283e-05,
        "SEI reaction exchange current density [A.m-2]": 1.6739424902623222e-06,
        "SEI resistivity [Ohm.m]": 252536.84012354858,
        "Outer SEI solvent diffusivity [m2.s-1]": 2.8759361598900107e-22,
        "Bulk solvent concentration [mol.m-3]": 2028.1463844822451,
        "Inner SEI open-circuit potential [V]": 0.12540330035591363,
        "Outer SEI open-circuit potential [V]": 0.6930680383941975,
        "Inner SEI electron conductivity [S.m-1]": 1.1016196915292701e-13,
        "Inner SEI lithium interstitial diffusivity [m2.s-1]": 9.439399561090628e-21,
        "Lithium interstitial reference concentration [mol.m-3]": 14.282953646444987,
        "Initial inner SEI thickness [m]": 2.7821739895336582e-09,
        "Initial outer SEI thickness [m]": 1.8759193423322045e-09,
        "EC initial concentration in electrolyte [mol.m-3]": 3955.4412744108686,
        "EC diffusivity [m2.s-1]": 1.611332487316283e-18,
        "SEI kinetic rate constant [m.s-1]": 8.357947044209139e-13,
        "SEI open-circuit potential [V]": 0.0,
        "SEI growth activation energy [J.mol-1]": 0.0,
        "Negative current collector thickness [m]": 2.0426608030790895e-05,
        "Negative electrode thickness [m]": 9.504429117168639e-05,
        "Separator thickness [m]": 3.091470697022331e-05,
        "Positive electrode thickness [m]": 7.048591299494528e-05,
        "Positive current collector thickness [m]": 1.4649623684830433e-05,
        "Electrode height [m]": 0.040346438223944216,
        "Electrode width [m]": 0.8748338407196647,
        "Negative tab width [m]": 0.027263724975414114,
        "Negative tab centre y-coordinate [m]": 0.06895161263473112,
        "Negative tab centre z-coordinate [m]": 0.08835221390452477,
        "Positive tab width [m]": 0.02677931410090277,
        "Positive tab centre y-coordinate [m]": 0.1382630517330334,
        "Positive tab centre z-coordinate [m]": 0.15230626174927214,
        "Negative current collector conductivity [S.m-1]": 44974537.06966725,
        "Positive current collector conductivity [S.m-1]": 38134190.85295952,
        "Negative current collector density [kg.m-3]": 10502.159505518499,
        "Positive current collector density [kg.m-3]": 2556.4751387250485,
        "Negative current collector specific heat capacity [J.kg-1.K-1]": 312.3142854403055,
        "Positive current collector specific heat capacity [J.kg-1.K-1]": 369.0241553516121,
        "Negative current collector thermal conductivity [W.m-1.K-1]": 456.302524163942,
        "Positive current collector thermal conductivity [W.m-1.K-1]": 244.3937500366502,
        "Nominal cell capacity [A.h]": 0.9683993412022277,
        "Current function [A]": 0.8617610192078623,
        "Contact resistance [Ohm]": 0,
        "Negative electrode conductivity [S.m-1]": 101.90442413676891,
        "Maximum concentration in negative electrode [mol.m-3]": 26930.87465135807,
        "Negative electrode porosity": 0.7045337943604961,
        "Negative electrode active material volume fraction": 0.4675808966358874,
        "Negative particle radius [m]": 1.9269171722864464e-06,
        "Negative electrode Bruggeman coefficient (electrolyte)": 2.8727600068683,
        "Negative electrode Bruggeman coefficient (electrode)": 4.115706170123291,
        "Negative electrode charge transfer coefficient": 0.3658907895813933,
        "Negative electrode double-layer capacity [F.m-2]": 0.09914001617455709,
        "Negative electrode density [kg.m-3]": 1142.670358162844,
        "Negative electrode specific heat capacity [J.kg-1.K-1]": 617.6763499549462,
        "Negative electrode thermal conductivity [W.m-1.K-1]": 2.0621666720280665,
        "Positive electrode conductivity [S.m-1]": 106.1819236606862,
        "Maximum concentration in positive electrode [mol.m-3]": 42516.457273515145,
        "Positive electrode porosity": 0.48945924914843786,
        "Positive electrode active material volume fraction": 0.4126604202832582,
        "Positive particle radius [m]": 2.308864249600263e-06,
        "Positive electrode Bruggeman coefficient (electrolyte)": 3.707334102387949,
        "Positive electrode Bruggeman coefficient (electrode)": 4.080213742932416,
        "Positive electrode charge transfer coefficient": 0.4303058157705305,
        "Positive electrode double-layer capacity [F.m-2]": 0.21073704020455916,
        "Positive electrode density [kg.m-3]": 3824.5583752307302,
        "Positive electrode specific heat capacity [J.kg-1.K-1]": 662.84143508562,
        "Positive electrode thermal conductivity [W.m-1.K-1]": 2.1309462859880623,
        "Separator porosity": 0.5694332662039883,
        "Separator Bruggeman coefficient (electrolyte)": 1.770441590019922,
        "Separator density [kg.m-3]": 1220.6795366358206,
        "Separator specific heat capacity [J.kg-1.K-1]": 1678.6324797088666,
        "Separator thermal conductivity [W.m-1.K-1]": 0.32833019133525065,
        "Initial concentration in electrolyte [mol.m-3]": 1200.903367620237,
        "Cation transference number": 0.36982508082970406,
        "Thermodynamic factor": 1.2290618607474746,
        "Reference temperature [K]": 308.81224434959694,
        "Ambient temperature [K]": 292.13198539011546,
        "Negative current collector surface heat transfer coefficient [W.m-2.K-1]": 0.0,
        "Positive current collector surface heat transfer coefficient [W.m-2.K-1]": 0.0,
        "Negative tab heat transfer coefficient [W.m-2.K-1]": 8.72007860456878,
        "Positive tab heat transfer coefficient [W.m-2.K-1]": 11.985086484237538,
        "Edge heat transfer coefficient [W.m-2.K-1]": 0.3090947860612909,
        "Number of electrodes connected in parallel to make a cell": 0.9236627362414193,
        "Number of cells connected in series to make a battery": 0.7219560573934409,
        "Lower voltage cut-off [V]": 3.0533855451147387,
        "Upper voltage cut-off [V]": 6.719937193284417,
        "Open-circuit voltage at 0% SOC [V]": 2.8478996637474867,
        "Open-circuit voltage at 100% SOC [V]": 4.58822144798828,
        "Initial concentration in negative electrode [mol.m-3]": 18318.404121717525,
        "Initial concentration in positive electrode [mol.m-3]": 30643.284417748888,
        "Initial temperature [K]": 294.25833250147855
    },
    "V": [
        3.775313067478299,
        3.7603298832347587,
        3.7526311426474965,
        3.7459782545954576,
        3.739531457381183,
        3.7330257053190095,
        3.7263238672402754,
        3.7193046064122743,
        3.711826709067404,
        3.70370689102238,
        3.6946960498245245,
        3.6844416848003854,
        3.672424655217849,
        3.657841816526309,
        3.6393806821339965,
        3.614740544132941,
        3.579503945898722,
        3.5239508626520277,
        3.4217404995819964,
        3.167604235736957,
        3.053395545114741
    ],