{
    "config": {
        "Ideal gas constant [J.K-1.mol-1]": 4.7563045514071645,
        "Faraday constant [C.mol-1]": 111321.98743390254,
        "Boltzmann constant [J.K-1]": 1.3145078431828879e-23,
        "Electron charge [C]": 1.723082727462113e-19,
        "Ratio of lithium moles to SEI moles": 1.0160753714720379,
        "Inner SEI reaction proportion": 0.34180369995019133,
        "Inner SEI partial molar volume [m3.mol-1]": 9.939316161280502e-05,
        "Outer SEI partial molar volume [m3.mol-1]": 6.486768127439288e-05,
        "SEI reaction exchange current density [A.m-2]": 2.0584864260640328e-07,
        "SEI resistivity [Ohm.m]": 158656.15041583744,
        "Outer SEI solvent diffusivity [m2.s-1]": 3.823568574118892e-22,
        "Bulk solvent concentration [mol.m-3]": 1810.993115872668,
        "Inner SEI open-circuit potential [V]": 0.0925880342155239,
        "Outer SEI open-circuit potential [V]": 0.8880600906587408,
        "Inner SEI electron conductivity [S.m-1]": 1.1588731374281346e-13,
        "Inner SEI lithium interstitial diffusivity [m2.s-1]": 9.441032225982227e-21,
        "Lithium interstitial reference concentration [mol.m-3]": 16.79721725630784,
        "Initial inner SEI thickness [m]": 1.7350178813382832e-09,
        "Initial outer SEI thickness [m]": 2.5855407370467635e-09,
        "EC initial concentration in electrolyte [mol.m-3]": 4803.8172046970985,
        "EC diffusivity [m2.s-1]": 2.247435024217124e-18,
        "SEI kinetic rate constant [m.s-1]": 1.5689080443532702e-12,
        "SEI open-circuit potential [V]": 0.4005498148604329,
        "SEI growth activation energy [J.mol-1]": 0.0,
        "Negative electrode reaction-driven LAM factor [m3.mol-1]": 0.0,
        "Positive electrode reaction-driven LAM factor [m3.mol-1]": 0.0,
        "Negative current collector thickness [m]": 1.3641532646075562e-05,
        "Negative electrode thickness [m]": 4.074843926029319e-05,
        "Separator thickness [m]": 1.562706222482784e-05,
        "Positive electrode thickness [m]": 5.761159015438075e-05,
        "Positive current collector thickness [m]": 1.3273424439282916e-05,
        "Electrode height [m]": 0.04054535119007962,
        "Electrode width [m]": 0.04547549338897952,
        "Cell cooling surface area [m2]": 0.006173734497985682,
        "Cell volume [m3]": 1.5111151646586832e-05,
        "Cell emissivity": 1.1033576927875506,
        "Cell thermal expansion coefficient [m.K-1]": 1.515480215988531e-06,
        "Negative current collector conductivity [S.m-1]": 50667495.03582346,
        "Positive current collector conductivity [S.m-1]": 43594995.24903457,
        "Negative current collector density [kg.m-3]": 7009.888698503585,
        "Positive current collector density [kg.m-3]": 2387.569075278764,
        "Negative current collector specific heat capacity [J.kg-1.K-1]": 331.0611320513258,
        "Positive current collector specific heat capacity [J.kg-1.K-1]": 1067.371273130469,
        "Negative current collector thermal conductivity [W.m-1.K-1]": 259.3722323029698,
        "Positive current collector thermal conductivity [W.m-1.K-1]": 290.36170453181796,
        "Nominal cell capacity [A.h]": 2.4177986661159263,
        "Current function [A]": 2.4850722795294042,
        "Contact resistance [Ohm]": 0,
        "Negative electrode conductivity [S.m-1]": 127.39392309604753,
        "Maximum concentration in negative electrode [mol.m-3]": 25295.031148439666,
        "Negative electrode porosity": 0.37264561276217456,
        "Negative electrode active material volume fraction": 0.7335016125415716,
        "Negative particle radius [m]": 4.8981284726379425e-06,
        "Negative electrode Bruggeman coefficient (electrolyte)": 3.1640440587684977,
        "Negative electrode Bruggeman coefficient (electrode)": 0.0,
        "Negative electrode charge transfer coefficient": 0.4750140345297538,
        "Negative electrode double-layer capacity [F.m-2]": 0.19283847630856202,
        "Negative electrode density [kg.m-3]": 2824.9850541150995,
        "Negative electrode specific heat capacity [J.kg-1.K-1]": 1031.6199850324654,
        "Negative electrode thermal conductivity [W.m-1.K-1]": 0.5858335863822937,
        "Negative electrode Poisson's ratio": 0.3379192205939094,
        "Negative electrode Young's modulus [Pa]": 12362892056.588808,
        "Negative electrode reference concentration for free of deformation [mol.m-3]": 0.0,
        "Negative electrode partial molar volume [m3.mol-1]": 2.489521640041814e-06,
        "Negative electrode initial crack length [m]": 1.8804217224211604e-08,
        "Negative electrode initial crack width [m]": 1.1902801235286564e-08,
        "Negative electrode number of cracks per unit area [m-2]": 1592177637839201.2,
        "Negative electrode Paris' law constant b": 0.5630377365894745,
        "Negative electrode Paris' law constant m": 3.0647824538687582,
        "Negative electrode activation energy for cracking rate [J.mol-1]": 0.0,
        "Negative electrode LAM constant proportional term [s-1]": 0.0,
        "Negative electrode LAM constant exponential term": 2.018896147268822,
        "Negative electrode critical stress [Pa]": 56519783.36852644,
        "Positive electrode conductivity [S.m-1]": 8.180815234107348,
        "Maximum concentration in positive electrode [mol.m-3]": 51206.7159602319,
        "Positive electrode porosity": 0.3288321966681383,
        "Positive electrode active material volume fraction": 0.6056681187526437,
        "Positive particle radius [m]": 2.7272134094165045e-06,
        "Positive electrode surface area to volume ratio [m-1]": 539710.3816807688,
        "Positive electrode Bruggeman coefficient (electrolyte)": 1.7583347315008317,
        "Positive electrode Bruggeman coefficient (electrode)": 0.0,
        "Positive electrode charge transfer coefficient": 0.5102817010911065,
        "Positive electrode double-layer capacity [F.m-2]": 0.2303831366049782,
        "Positive electrode density [kg.m-3]": 2489.771582193657,
        "Positive electrode specific heat capacity [J.kg-1.K-1]": 1484.693238756734,
        "Positive electrode thermal conductivity [W.m-1.K-1]": 1.2824880876442608,
        "Positive electrode Poisson's ratio": 0.15695312446757664,
        "Positive electrode Young's modulus [Pa]": 359379759109.20874,
        "Positive electrode reference concentration for free of deformation [mol.m-3]": 0.0,
        "Positive electrode partial molar volume [m3.mol-1]": 2.964969979192633e-09,
        "Positive electrode initial crack length [m]": 1.5516785864591444e-08,
        "Positive electrode initial crack width [m]": 1.5206331594914322e-08,
        "Positive electrode number of cracks per unit area [m-2]": 4444843267900010.0,
        "Positive electrode Paris' law constant b": 1.0324236596298824,
        "Positive electrode Paris' law constant m": 1.744533997301777,
        "Positive electrode activation energy for cracking rate [J.mol-1]": 0.0,
        "Positive electrode LAM constant proportional term [s-1]": 2.42805146993832e-13,
        "Positive electrode LAM constant exponential term": 1.8834567030757585,
        "Positive electrode critical stress [Pa]": 225998596.0568616,
        "Separator porosity": 0.420679910198773,
        "Separator Bruggeman coefficient (electrolyte)": 1.0802678557833074,
        "Separator density [kg.m-3]": 2734.604687680401,
        "Separator specific heat capacity [J.kg-1.K-1]": 877.2278150600584,
        "Separator thermal conductivity [W.m-1.K-1]": 0.310452798193668,
        "Initial concentration in electrolyte [mol.m-3]": 1526.0444248103352,
        "Cation transference number": 0.2965853488771162,
        "Reference temperature [K]": 265.78330884424474,
        "Total heat transfer coefficient [W.m-2.K-1]": 37.73074192880039,
        "Ambient temperature [K]": 322.5776378371167,
        "Number of electrodes connected in parallel to make a cell": 31.174418784016865,