{
    "config": {
        "Ideal gas constant [J.K-1.mol-1]": 6.333769932969263,
        "Faraday constant [C.mol-1]": 104932.27838672732,
        "Boltzmann constant [J.K-1]": 1.2173537897639244e-23,
        "Electron charge [C]": 1.758612155241997e-19,
        "Ratio of lithium moles to SEI moles": 1.6814690821346125,
        "Inner SEI reaction proportion": 0.6761069794023543,
        "Inner SEI partial molar volume [m3.mol-1]": 0.00012672635364434752,
        "Outer SEI partial molar volume [m3.mol-1]": 5.844676661717254e-05,
        "SEI reaction exchange current density [A.m-2]": 1.4363930567484873e-07,
        "SEI resistivity [Ohm.m]": 187598.352919402,
        "Outer SEI solvent diffusivity [m2.s-1]": 1.2515002176275091e-22,
        "Bulk solvent concentration [mol.m-3]": 1467.5049743110292,
        "Inner SEI open-circuit potential [V]": 0.11326040695401969,
        "Outer SEI open-circuit potential [V]": 0.7479571246160472,
        "Inner SEI electron conductivity [S.m-1]": 7.935847379837249e-14,
        "Inner SEI lithium interstitial diffusivity [m2.s-1]": 1.3042942333425677e-20,
        "Lithium interstitial reference concentration [mol.m-3]": 20.415173014718896,
        "Initial inner SEI thickness [m]": 2.2238105239638497e-09,
        "Initial outer SEI thickness [m]": 2.993308681305398e-09,
        "EC initial concentration in electrolyte [mol.m-3]": 2177.172050263398,
        "EC diffusivity [m2.s-1]": 1.7221393029486779e-18,
        "SEI kinetic rate constant [m.s-1]": 9.425151454192312e-13,
        "SEI open-circuit potential [V]": 0.15398835937960947,
        "SEI growth activation energy [J.mol-1]": 0.0,
        "Negative electrode reaction-driven LAM factor [m3.mol-1]": 0.0,
        "Positive electrode reaction-driven LAM factor [m3.mol-1]": 0.0,
        "Negative current collector thickness [m]": 1.1774554845431464e-05,
        "Negative electrode thickness [m]": 4.630223475847228e-05,
        "Separator thickness [m]": 3.3013173503089206e-05,
        "Positive electrode thickness [m]": 4.6457101110645145e-05,
        "Positive current collector thickness [m]": 9.930811947174617e-06,
        "Electrode height [m]": 0.038640416597349944,
        "Electrode width [m]": 0.04341319915925876,
        "Cell cooling surface area [m2]": 0.0021905991287256973,
        "Cell volume [m3]": 2.2757849320961643e-05,
        "Cell emissivity": 1.0645381841425476,
        "Cell thermal expansion coefficient [m.K-1]": 8.222160840869336e-07,
        "Negative current collector conductivity [S.m-1]": 53522725.76816346,
        "Positive current collector conductivity [S.m-1]": 44637571.871737674,
        "Negative current collector density [kg.m-3]": 7746.829683539656,
        "Positive current collector density [kg.m-3]": 2766.0914385407955,
        "Negative current collector specific heat capacity [J.kg-1.K-1]": 597.8214026288788,
        "Positive current collector specific heat capacity [J.kg-1.K-1]": 857.6715947894911,
        "Negative current collector thermal conductivity [W.m-1.K-1]": 600.5181575262732,
        "Positive current collector thermal conductivity [W.m-1.K-1]": 270.775944148939,
        "Nominal cell capacity [A.h]": 1.7776605127120253,
        "Current function [A]": 1.8440950864664205,
        "Contact resistance [Ohm]": 0,
        "Negative electrode conductivity [S.m-1]": 102.21470648628956,
        "Maximum concentration in negative electrode [mol.m-3]": 38176.04733164403,
        "Negative electrode porosity": 0.38605499983332797,
        "Negative electrode active material volume fraction": 0.4025220693765155,
        "Negative particle radius [m]": 4.913156623006311e-06,
        "Negative electrode Bruggeman coefficient (electrolyte)": 3.4284330962705494,
        "Negative electrode Bruggeman coefficient (electrode)": 0.0,
        "Negative electrode charge transfer coefficient": 0.5069170466956321,
        "Negative electrode double-layer capacity [F.m-2]": 0.2500987934081112,
        "Negative electrode density [kg.m-3]": 3250.353012026856,
        "Negative electrode specific heat capacity [J.kg-1.K-1]": 1142.6675214054703,
        "Negative electrode thermal conductivity [W.m-1.K-1]": 0.8877556567276794,
        "Negative electrode Poisson's ratio": 0.2826395653871639,
        "Negative electrode Young's modulus [Pa]": 18303015220.552032,
        "Negative electrode reference concentration for free of deformation [mol.m-3]": 0.0,
        "Negative electrode partial molar volume [m3.mol-1]": 3.1346310420826642e-06,
        "Negative electrode initial crack length [m]": 2.1024433055096912e-08,
        "Negative electrode initial crack width [m]": 1.3810513154148643e-08,
        "Negative electrode number of cracks per unit area [m-2]": 3422139618232124.0,
        "Negative electrode Paris' law constant b": 1.598048266093135,
        "Negative electrode Paris' law constant m": 3.0890759188296117,
        "Negative electrode activation energy for cracking rate [J.mol-1]": 0.0,
        "Negative electrode LAM constant proportional term [s-1]": 0.0,
        "Negative electrode LAM constant exponential term": 1.5956379087996078,
        "Negative electrode critical stress [Pa]": 67651625.10685875,
        "Positive electrode conductivity [S.m-1]": 12.220032142043317,
        "Maximum concentration in positive electrode [mol.m-3]": 30414.666905661616,
        "Positive electrode porosity": 0.45341260527672655,
        "Positive electrode active material volume fraction": 0.6966885425846003,
        "Positive particle radius [m]": 1.963403364961278e-06,
        "Positive electrode surface area to volume ratio [m-1]": 541128.9543058933,
        "Positive electrode Bruggeman coefficient (electrolyte)": 2.606602456533528,
        "Positive electrode Bruggeman coefficient (electrode)": 0.0,
        "Positive electrode charge transfer coefficient": 0.48644112331265194,
        "Positive electrode double-layer capacity [F.m-2]": 0.21484367256660078,
        "Positive electrode density [kg.m-3]": 1615.7338955097503,
        "Positive electrode specific heat capacity [J.kg-1.K-1]": 989.5202832032351,
        "Positive electrode thermal conductivity [W.m-1.K-1]": 1.6205863929072815,
        "Positive electrode Poisson's ratio": 0.23398132900860547,
        "Positive electrode Young's modulus [Pa]": 357961790882.7738,
        "Positive electrode reference concentration for free of deformation [mol.m-3]": 0.0,
        "Positive electrode partial molar volume [m3.mol-1]": 1.4455931574364757e-07,
        "Positive electrode initial crack length [m]": 1.5005107155799877e-08,
        "Positive electrode initial crack width [m]": 1.6294120990753066e-08,
        "Positive electrode number of cracks per unit area [m-2]": 3285387384569816.0,
        "Positive electrode Paris' law constant b": 1.3219716863912514,
        "Positive electrode Paris' law constant m": 1.297516760909606,
        "Positive electrode activation energy for cracking rate [J.mol-1]": 0.0,
        "Positive electrode LAM constant proportional term [s-1]": 2.616981773136189e-13,
        "Positive electrode LAM constant exponential term": 2.319483252908275,
        "Positive electrode critical stress [Pa]": 414692626.5786894,
        "Separator porosity": 0.3700339656590557,
        "Separator Bruggeman coefficient (electrolyte)": 1.652223579025848,
        "Separator density [kg.m-3]": 1938.9267807893325,
        "Separator specific heat capacity [J.kg-1.K-1]": 1097.1998341814167,
        "Separator thermal conductivity [W.m-1.K-1]": 0.31383726821606234,
        "Initial concentration in electrolyte [mol.m-3]": 1029.5699117695483,
        "Cation transference number": 0.4058769512473563,
        "Reference temperature [K]": 324.18521183000433,
        "Total heat transfer coefficient [W.m-2.K-1]": 37.55125173846194,
        "Ambient temperature [K]": 282.25617831869914,
        "Number of electrodes connected in parallel to make a cell": 32.713561261229785,