{
    "config": {
        "Ideal gas constant [J.K-1.mol-1]": 9.200323428925863,
        "Faraday constant [C.mol-1]": 108199.2579510298,
        "Boltzmann constant [J.K-1]": 1.4790428040233892e-23,
        "Electron charge [C]": 1.654948583465998e-19,
        "Lithium metal partial molar volume [m3.mol-1]": 9.398656648240108e-06,
        "Lithium plating kinetic rate constant [m.s-1]": 8.421894099731464e-10,
        "Initial plated lithium concentration [mol.m-3]": 0.0,
        "Typical plated lithium concentration [mol.m-3]": 698.3878984620173,
        "Lithium plating transfer coefficient": 0.6016969528665559,
        "Dead lithium decay constant [s-1]": 8.77872537861416e-07,
        "Ratio of lithium moles to SEI moles": 0.9572827658437277,
        "Inner SEI reaction proportion": 0.0,
        "Inner SEI partial molar volume [m3.mol-1]": 0.00012239572800898632,
        "Outer SEI partial molar volume [m3.mol-1]": 6.795777706411124e-05,
        "SEI reaction exchange current density [A.m-2]": 1.487211259197853e-07,
        "SEI resistivity [Ohm.m]": 176704.3532341235,
        "Outer SEI solvent diffusivity [m2.s-1]": 2.1797802690611564e-22,
        "Bulk solvent concentration [mol.m-3]": 3004.6806034141696,
        "Inner SEI open-circuit potential [V]": 0.12226441407947886,
        "Outer SEI open-circuit potential [V]": 0.9470775642856686,
        "Inner SEI electron conductivity [S.m-1]": 7.989795306024737e-14,
        "Inner SEI lithium interstitial diffusivity [m2.s-1]": 1.3959867395817626e-20,
        "Lithium interstitial reference concentration [mol.m-3]": 14.732316899954286,
        "Initial inner SEI thickness [m]": 0.0,
        "Initial outer SEI thickness [m]": 4.36856131172885e-09,
        "EC initial concentration in electrolyte [mol.m-3]": 4513.285340042707,
        "EC diffusivity [m2.s-1]": 2.139738640352646e-18,
        "SEI kinetic rate constant [m.s-1]": 8.611587878326333e-13,
        "SEI open-circuit potential [V]": 0.41973524559086056,
        "SEI growth activation energy [J.mol-1]": 28958.89415839456,
        "Negative electrode reaction-driven LAM factor [m3.mol-1]": 0.0,
        "Positive electrode reaction-driven LAM factor [m3.mol-1]": 0.0,
        "Negative current collector thickness [m]": 1.0818723927237206e-05,
        "Negative electrode thickness [m]": 7.663942044120297e-05,
        "Separator thickness [m]": 9.76393631470874e-06,
        "Positive electrode thickness [m]": 7.0809429625375e-05,
        "Positive current collector thickness [m]": 1.7354609335140176e-05,
        "Electrode height [m]": 0.06337711972679837,
        "Electrode width [m]": 1.6236753430633015,
        "Cell cooling surface area [m2]": 0.004933446008395812,
        "Cell volume [m3]": 2.7517525467837185e-05,
        "Cell thermal expansion coefficient [m.K-1]": 1.0385500701606136e-06,
        "Negative current collector conductivity [S.m-1]": 45687682.4466662,
        "Positive current collector conductivity [S.m-1]": 36585133.844171695,
        "Negative current collector density [kg.m-3]": 9452.25476235237,
        "Positive current collector density [kg.m-3]": 3017.1294087333654,
        "Negative current collector specific heat capacity [J.kg-1.K-1]": 312.72955507574693,
        "Positive current collector specific heat capacity [J.kg-1.K-1]": 1001.8457304834943,
        "Negative current collector thermal conductivity [W.m-1.K-1]": 416.8592833148331,
        "Positive current collector thermal conductivity [W.m-1.K-1]": 216.97224426106177,
        "Nominal cell capacity [A.h]": 4.39272621094312,
        "Current function [A]": 5.495359239946261,
        "Contact resistance [Ohm]": 0,
        "Negative electrode conductivity [S.m-1]": 212.95869062574226,
        "Maximum concentration in negative electrode [mol.m-3]": 31278.03039709046,
        "Negative electrode porosity": 0.24604303287127505,
        "Negative electrode active material volume fraction": 0.7862621996091061,
        "Negative particle radius [m]": 4.930964247939908e-06,
        "Negative electrode Bruggeman coefficient (electrolyte)": 1.3775946162605925,
        "Negative electrode Bruggeman coefficient (electrode)": 1.4529534336575936,
        "Negative electrode charge transfer coefficient": 0.48966868615143117,
        "Negative electrode double-layer capacity [F.m-2]": 0.21438819652236657,
        "Negative electrode density [kg.m-3]": 1852.6923429272406,
        "Negative electrode specific heat capacity [J.kg-1.K-1]": 669.9617713963386,
        "Negative electrode thermal conductivity [W.m-1.K-1]": 1.774101251960637,
        "Negative electrode OCP entropic change [V.K-1]": 0.0,
        "Negative electrode Poisson's ratio": 0.26538899966558366,
        "Negative electrode Young's modulus [Pa]": 15416389777.09692,
        "Negative electrode reference concentration for free of deformation [mol.m-3]": 0.0,
        "Negative electrode partial molar volume [m3.mol-1]": 3.039719799855026e-06,
        "Negative electrode initial crack length [m]": 2.4699837865889486e-08,
        "Negative electrode initial crack width [m]": 1.8482614855173195e-08,
        "Negative electrode number of cracks per unit area [m-2]": 3688364033012292.0,
        "Negative electrode Paris' law constant b": 1.4819216455542756,
        "Negative electrode Paris' law constant m": 2.146680692905229,
        "Negative electrode LAM constant proportional term [s-1]": 2.84216078009141e-07,
        "Negative electrode LAM constant exponential term": 2.011365385025964,
        "Negative electrode critical stress [Pa]": 61047547.780905895,
        "Positive electrode conductivity [S.m-1]": 0.20640123149198356,
        "Maximum concentration in positive electrode [mol.m-3]": 55305.988133032646,
        "Positive electrode porosity": 0.35534792731933074,
        "Positive electrode active material volume fraction": 0.7488746642180051,
        "Positive particle radius [m]": 5.328691632144486e-06,
        "Positive electrode Bruggeman coefficient (electrolyte)": 1.495958429466537,
        "Positive electrode Bruggeman coefficient (electrode)": 1.2721676851962174,
        "Positive electrode charge transfer coefficient": 0.5263101159038936,
        "Positive electrode double-layer capacity [F.m-2]": 0.21084291546600117,
        "Positive electrode density [kg.m-3]": 3205.020522911147,
        "Positive electrode specific heat capacity [J.kg-1.K-1]": 619.9194462711927,
        "Positive electrode thermal conductivity [W.m-1.K-1]": 2.5293359600541008,
        "Positive electrode OCP entropic change [V.K-1]": 0.0,
        "Positive electrode Poisson's ratio": 0.19787949634272167,
        "Positive electrode Young's modulus [Pa]": 404396142765.0129,
        "Positive electrode reference concentration for free of deformation [mol.m-3]": 0.0,
        "Positive electrode partial molar volume [m3.mol-1]": 1.2895840871702184e-05,
        "Positive electrode initial crack length [m]": 2.052958455760664e-08,
        "Positive electrode initial crack width [m]": 1.777675795784289e-08,
        "Positive electrode number of cracks per unit area [m-2]": 3323917299404597.5,
        "Positive electrode Paris' law constant b": 1.2349451985429996,
        "Positive electrode Paris' law constant m": 2.130483402422343,
        "Positive electrode LAM constant proportional term [s-1]": 2.55565868221215e-07,
        "Positive electrode LAM constant exponential term": 2.144415686055298,
        "Positive electrode critical stress [Pa]": 415093077.12448746,
        "Separator porosity": 0.47603589035198585,
        "Separator Bruggeman coefficient (electrolyte)": 1.411004386939715,
        "Separator density [kg.m-3]": 443.70005316675076,
        "Separator specific heat capacity [J.kg-1.K-1]": 590.120470858355,
        "Separator thermal conductivity [W.m-1.K-1]": 0.16492143421811686,
        "Initial concentration in electrolyte [mol.m-3]": 988.8218283679693,
        "Cation transference number": 0.2605172472726439,