{
    "config": {
        "Ideal gas constant [J.K-1.mol-1]": 5.727885898825811,
        "Faraday constant [C.mol-1]": 93744.80904201447,
        "Boltzmann constant [J.K-1]": 1.374491959477268e-23,
        "Electron charge [C]": 1.3714284212714432e-19,
        "Ratio of lithium moles to SEI moles": 1.214244614249403,
        "Inner SEI reaction proportion": 0.47815907039525396,
        "Inner SEI partial molar volume [m3.mol-1]": 8.554794430348735e-05,
        "Outer SEI partial molar volume [m3.mol-1]": 8.239563271835212e-05,
        "SEI growth transfer coefficient": 0.48900543976981514,
        "SEI reaction exchange current density [A.m-2]": 1.5391403445929652e-07,
        "SEI resistivity [Ohm.m]": 143582.76528614492,
        "Outer SEI solvent diffusivity [m2.s-1]": 2.1544667078115725e-22,
        "Bulk solvent concentration [mol.m-3]": 1902.7093984074997,
        "Inner SEI open-circuit potential [V]": 0.0785315611552985,
        "Outer SEI open-circuit potential [V]": 0.7254226160555268,
        "Inner SEI electron conductivity [S.m-1]": 1.023682639337145e-13,
        "Inner SEI lithium interstitial diffusivity [m2.s-1]": 1.1257686713487687e-20,
        "Lithium interstitial reference concentration [mol.m-3]": 17.83303301748069,
        "Initial inner SEI thickness [m]": 1.2890804807121776e-09,
        "Initial outer SEI thickness [m]": 2.4125587578664337e-09,
        "EC initial concentration in electrolyte [mol.m-3]": 3610.607450635375,
        "EC diffusivity [m2.s-1]": 2.3782389726996753e-18,
        "SEI kinetic rate constant [m.s-1]": 1.1316577355187095e-12,
        "SEI open-circuit potential [V]": 0.34758612077427675,
        "SEI growth activation energy [J.mol-1]": 0.0,
        "Negative electrode reaction-driven LAM factor [m3.mol-1]": 0.0,
        "Positive electrode reaction-driven LAM factor [m3.mol-1]": 0.0,
        "Negative current collector thickness [m]": 1.9035994898173323e-05,
        "Negative electrode thickness [m]": 0.00011894907315969209,
        "Separator thickness [m]": 2.5287718320695657e-05,
        "Positive electrode thickness [m]": 6.969964360750186e-05,
        "Positive current collector thickness [m]": 2.8474873228140227e-05,
        "Electrode height [m]": 0.2091995219321873,
        "Electrode width [m]": 0.18851215176619776,
        "Negative tab width [m]": 0.03502801173994258,
        "Negative tab centre y-coordinate [m]": 0.09363907311582834,
        "Negative tab centre z-coordinate [m]": 0.1773538733005259,
        "Positive tab width [m]": 0.026753833465581675,
        "Positive tab centre y-coordinate [m]": 0.13934421006760916,
        "Positive tab centre z-coordinate [m]": 0.14757543176541135,
        "Cell cooling surface area [m2]": 0.07033907221431124,
        "Cell volume [m3]": 8.576269046983467e-06,
        "Negative current collector conductivity [S.m-1]": 61171413.94840229,
        "Positive current collector conductivity [S.m-1]": 28483527.59723658,
        "Negative current collector density [kg.m-3]": 13201.573192116406,
        "Positive current collector density [kg.m-3]": 2001.641454025533,
        "Negative current collector specific heat capacity [J.kg-1.K-1]": 401.06007962503287,
        "Positive current collector specific heat capacity [J.kg-1.K-1]": 868.7860196131378,
        "Negative current collector thermal conductivity [W.m-1.K-1]": 357.51404999151225,
        "Positive current collector thermal conductivity [W.m-1.K-1]": 103.78335167469785,
        "Nominal cell capacity [A.h]": 0.43086849386215875,
        "Current function [A]": 0.7647451994938347,
        "Contact resistance [Ohm]": 0,
        "Negative electrode conductivity [S.m-1]": 94.93401671089863,
        "Maximum concentration in negative electrode [mol.m-3]": 34606.666618013274,
        "Negative electrode porosity": 0.21418119279842945,
        "Negative electrode active material volume fraction": 0.6569476257063962,
        "Negative particle radius [m]": 1.0110280890994329e-05,
        "Negative electrode Bruggeman coefficient (electrolyte)": 1.3773574353314744,
        "Negative electrode Bruggeman coefficient (electrode)": 1.9998576673512227,
        "Negative electrode charge transfer coefficient": 0.451181520381217,
        "Negative electrode double-layer capacity [F.m-2]": 0.20265975047079027,
        "Negative electrode density [kg.m-3]": 1731.6256468945976,
        "Negative electrode specific heat capacity [J.kg-1.K-1]": 617.3207186882057,
        "Negative electrode thermal conductivity [W.m-1.K-1]": 1.0637452591838858,
        "Positive electrode conductivity [S.m-1]": 13.531733417885471,
        "Maximum concentration in positive electrode [mol.m-3]": 59029.79081141276,
        "Positive electrode porosity": 0.3615957503549143,
        "Positive electrode active material volume fraction": 0.5238857276074436,
        "Positive particle radius [m]": 1.3449192632302021e-05,
        "Positive electrode Bruggeman coefficient (electrolyte)": 1.5203007966991966,
        "Positive electrode Bruggeman coefficient (electrode)": 1.5337252466945175,
        "Positive electrode charge transfer coefficient": 0.3996168481533193,
        "Positive electrode double-layer capacity [F.m-2]": 0.15819907651876003,
        "Positive electrode density [kg.m-3]": 4962.300654293831,
        "Positive electrode specific heat capacity [J.kg-1.K-1]": 258.42998206377575,
        "Positive electrode thermal conductivity [W.m-1.K-1]": 2.0950049371832473,
        "Separator porosity": 0.8240070980031308,
        "Separator Bruggeman coefficient (electrolyte)": 1.183618728682348,
        "Separator density [kg.m-3]": 612.6410712185298,
        "Separator specific heat capacity [J.kg-1.K-1]": 740.6192045249836,
        "Separator thermal conductivity [W.m-1.K-1]": 0.11761988911761824,
        "Initial concentration in electrolyte [mol.m-3]": 1177.7753008012044,
        "Cation transference number": 0.6003255000230159,
        "Thermodynamic factor": 1.6054570188681918,
        "Reference temperature [K]": 274.87092299079666,
        "Ambient temperature [K]": 317.60474460050136,
        "Negative current collector surface heat transfer coefficient [W.m-2.K-1]": 0.0,
        "Positive current collector surface heat transfer coefficient [W.m-2.K-1]": 0.0,
        "Negative tab heat transfer coefficient [W.m-2.K-1]": 9.386566000231372,
        "Positive tab heat transfer coefficient [W.m-2.K-1]": 8.532145048875192,
        "Edge heat transfer coefficient [W.m-2.K-1]": 0.3917353021829017,
        "Total heat transfer coefficient [W.m-2.K-1]": 16.754994863737622,
        "Number of electrodes connected in parallel to make a cell": 0.7145271862538305,
        "Number of cells connected in series to make a battery": 1.1343085968592521,
        "Lower voltage cut-off [V]": 2.235581001012222,
        "Upper voltage cut-off [V]": 4.676777056101667,
        "Open-circuit voltage at 0% SOC [V]": 3.95024703542501,
        "Open-circuit voltage at 100% SOC [V]": 2.959913115443954,
        "Initial concentration in negative electrode [mol.m-3]": 17665.71091671927,
        "Initial concentration in positive electrode [mol.m-3]": 21067.934713839335,
        "Initial temperature [K]": 352.7862470321434
    },