{
    "config": {
        "Ideal gas constant [J.K-1.mol-1]": 7.598819786265096,
        "Faraday constant [C.mol-1]": 95271.66057202236,
        "Boltzmann constant [J.K-1]": 1.2360953305308197e-23,
        "Electron charge [C]": 1.7459702694542262e-19,
        "Negative current collector thickness [m]": 1.4687065314176875e-05,
        "Negative electrode thickness [m]": 8.431002011760405e-05,
        "Separator thickness [m]": 9.113391449960671e-06,
        "Positive electrode thickness [m]": 7.525253689911958e-05,
        "Positive current collector thickness [m]": 1.4655503078347638e-05,
        "Electrode height [m]": 0.07858582905815661,
        "Electrode width [m]": 2.152719056662571,
        "Cell cooling surface area [m2]": 0.004869807835045711,
        "Cell volume [m3]": 2.3493763450559797e-05,
        "Negative current collector conductivity [S.m-1]": 47620753.025301754,
        "Positive current collector conductivity [S.m-1]": 43285589.555418484,
        "Negative current collector density [kg.m-3]": 7805.094704857739,
        "Positive current collector density [kg.m-3]": 2996.243135226103,
        "Positive current collector thermal conductivity [W.m-1.K-1]": 216.23056905950764,
        "Nominal cell capacity [A.h]": 6.132040931078866,
        "Current function [A]": 4.831050323560755,
        "Contact resistance [Ohm]": 0,
        "Negative electrode conductivity [S.m-1]": 199.41608304172047,
        "Maximum concentration in negative electrode [mol.m-3]": 35244.97103258144,
        "Negative electrode porosity": 0.2946308013433255,
        "Negative electrode active material volume fraction": 0.84432846215757,
        "Negative particle radius [m]": 3.6697765371001755e-06,
        "Negative electrode Bruggeman coefficient (electrolyte)": 1.5057057573425185,
        "Negative electrode Bruggeman coefficient (electrode)": 0.0,
        "Negative electrode charge transfer coefficient": 0.5266256266575626,
        "Negative electrode double-layer capacity [F.m-2]": 0.24678274367624772,
        "Negative electrode density [kg.m-3]": 1990.7609246699271,
        "Maximum concentration in positive electrode [mol.m-3]": 60126.94505604614,
        "Positive electrode porosity": 0.4370126876906206,
        "Positive electrode active material volume fraction": 0.5875267599593579,
        "Positive particle radius [m]": 3.673873362141768e-06,
        "Positive electrode Bruggeman coefficient (electrolyte)": 1.5336528795818538,
        "Positive electrode Bruggeman coefficient (electrode)": 0.0,
        "Positive electrode charge transfer coefficient": 0.5577367212245491,
        "Positive electrode double-layer capacity [F.m-2]": 0.2353205037462338,
        "Positive electrode density [kg.m-3]": 4201.60112905977,
        "Separator porosity": 0.40202486428726025,
        "Separator Bruggeman coefficient (electrolyte)": 1.4593745774560833,
        "Separator Bruggeman coefficient (electrode)": 1.3909914181851226,
        "Separator density [kg.m-3]": 1271.8895522569942,
        "Separator thermal conductivity [W.m-1.K-1]": 0.27350139082807623,
        "Initial concentration in electrolyte [mol.m-3]": 1004.2620161614987,
        "Reference temperature [K]": 229.2724707847634,
        "Total heat transfer coefficient [W.m-2.K-1]": 9.742615522307398,
        "Ambient temperature [K]": 317.57416004509827,
        "Number of electrodes connected in parallel to make a cell": 1.358705048485582,
        "Number of cells connected in series to make a battery": 0.8718690542925119,
        "Lower voltage cut-off [V]": 2.072138320066378,
        "Upper voltage cut-off [V]": 4.506492207312076,
        "Open-circuit voltage at 0% SOC [V]": 2.6416357340673495,
        "Open-circuit voltage at 100% SOC [V]": 3.6602220415697637,
        "Initial concentration in negative electrode [mol.m-3]": 28787.5519925553,
        "Initial concentration in positive electrode [mol.m-3]": 10885.79035090981,
        "Initial temperature [K]": 290.6824101779681
    },
    "V": [
        4.404866519552993,
        4.391361111851014,
        4.38550911645193,
        4.379781369143425,
        4.373869117712987,
        4.367738898171723,
        4.361380488406162,
        4.354793300655929,
        4.347972216350569,
        4.340911097255842,
        4.33360208758033,
        4.326038989974993,
        4.31821682309026,
        4.3101322774578765,
        4.301785911281182,
        4.293179049118948,
        4.284316931911318,
        4.275207608543587,
        4.2658617730075745,
        4.2562942213076225,
        4.24652192470284,
        4.2365637248162535,
        4.226443325830358,
        4.216184599322415,
        4.205813097085443,
        4.195357536097093,
        4.184854693007516,
        4.1743431015106225,
        4.163877072310056,
        4.153524746756824,
        4.143361468095529,
        4.133478614869372,
        4.123971780361188,
        4.114947466900345,
        4.106519850594448,
        4.0988053952741055,
        4.091911694109476,
        4.0859219539955,
        4.080873591200299,
        4.076738469414569,
        4.0734131403613425,
        4.070725030919977,
        4.068467042446858,
        4.066449430846367,
        4.064528211781809,
        4.062605776344457,
        4.060617047274976,
        4.058520742950875,
        4.056295166496785,
        4.053931924575252,
        4.051426996805249,
        4.048784368657334,
        4.0460020464416235,
        4.043083244843981,
        4.040023647848914,
        4.036819399471272,
        4.0334635918685375,
        4.0299432464724925,
        4.0262512739755305,
        4.022388968639935,
        4.0183515349774686,
        4.014134978623511,
        4.009733152757091,
        4.005139108219552,
        4.000348474184011,
        3.995362674774136,
        3.990188474479049,
        3.9848421327369605,
        3.979344701416938,
        3.9737233163170833,
        3.968007609660802,
        3.9622313070303967,
        3.956436399736881,
        3.9506678842280714,
        3.9449607283542694,
        3.9393331720892126,
        3.9337958156755546,
        3.928357796729,
        3.9230246478546844,
        3.9178047234761815,
        3.9127051102059003,
        3.90772911832891,
        3.9028758516550734,
        3.8981420156414632,
        3.8935228020452715,
        3.889013353586669,
        3.8846082812196094,
        3.880302513852022,
        3.876090319227969,
        3.871964660849634,
        3.8679195308078365,
        3.863947791800702,
        3.860041853072085,
        3.856193795730854,
        3.8523949930304813,
        3.848636581432027,
        3.8449092255572044,
        3.8412035383927146,
        3.837509006743761,
        3.833816022575067
    ],