{
    "config": {
        "Ideal gas constant [J.K-1.mol-1]": 9.100382545857324,
        "Faraday constant [C.mol-1]": 87560.08537121332,
        "Boltzmann constant [J.K-1]": 1.2222051732216725e-23,
        "Electron charge [C]": 1.8431425887218102e-19,
        "Negative electrode thickness [m]": 3.0247124688011266e-05,
        "Separator thickness [m]": 1.681570016071051e-05,
        "Positive electrode thickness [m]": 6.556728773802674e-05,
        "Electrode height [m]": 0.6120434901669666,
        "Electrode width [m]": 0.2814635112701527,
        "Nominal cell capacity [A.h]": 2.138002115434757,
        "Current function [A]": 2.002223844573446,
        "Contact resistance [Ohm]": 0,
        "Negative electrode conductivity [S.m-1]": 202.34749671918811,
        "Maximum concentration in negative electrode [mol.m-3]": 35161.236899202384,
        "Negative electrode diffusivity [m2.s-1]": 3.4264619065534037e-15,
        "Negative electrode porosity": 0.39458170731470305,
        "Negative electrode active material volume fraction": 0.6259001484877427,
        "Negative particle radius [m]": 6.448448681531181e-06,
        "Negative electrode Bruggeman coefficient (electrolyte)": 2.5836390772825784,
        "Negative electrode Bruggeman coefficient (electrode)": 1.9043644147360066,
        "Negative electrode charge transfer coefficient": 0.27244648035881147,
        "Negative electrode double-layer capacity [F.m-2]": 0.24147127086996673,
        "Negative electrode OCP entropic change [V.K-1]": 0,
        "Positive electrode conductivity [S.m-1]": 0.33310771855023374,
        "Maximum concentration in positive electrode [mol.m-3]": 27552.96182336683,
        "Positive electrode diffusivity [m2.s-1]": 6.8358067699021306e-18,
        "Positive electrode porosity": 0.3589573537177079,
        "Positive electrode active material volume fraction": 0.34911453093660694,
        "Positive particle radius [m]": 5.515996304390208e-08,
        "Positive electrode Bruggeman coefficient (electrode)": 1.2168331309186342,
        "Positive electrode Bruggeman coefficient (electrolyte)": 1.4717626803753137,
        "Positive electrode charge transfer coefficient": 0.4279149018887565,
        "Positive electrode double-layer capacity [F.m-2]": 0.23299472421386738,
        "Positive electrode OCP entropic change [V.K-1]": 0,
        "Separator porosity": 0.30095855439215236,
        "Separator Bruggeman coefficient (electrolyte)": 1.176628433446203,
        "Initial concentration in electrolyte [mol.m-3]": 713.328843029133,
        "Cation transference number": 0.39469691411757857,
        "Thermodynamic factor": 1.3167569026759116,
        "Electrolyte diffusivity [m2.s-1]": 1.3527745736262235e-10,
        "Reference temperature [K]": 317.63865720873423,
        "Ambient temperature [K]": 262.3181458477235,
        "Number of electrodes connected in parallel to make a cell": 0.7057426680321377,
        "Number of cells connected in series to make a battery": 0.6891082124963726,
        "Lower voltage cut-off [V]": 1.678376515950236,
        "Upper voltage cut-off [V]": 5.2855021144153564,
        "Open-circuit voltage at 0% SOC [V]": 1.8572477277999655,
        "Open-circuit voltage at 100% SOC [V]": 4.453204020125793,
        "Initial concentration in negative electrode [mol.m-3]": 27207.22943544255,
        "Initial concentration in positive electrode [mol.m-3]": 92.59201752342379,
        "Initial temperature [K]": 297.42191674744
    },
    "V": [
        3.312615246770749,
        3.0643676365270727,
        3.0562521873316406,
        3.055267835788822,
        3.049106120240946,
        3.038911533108401,
        3.0321672181281487,
        3.0299104562738615,
        3.029721657244344,
        3.0301637739039435,
        3.0307040892357744,
        3.0311704196136118,
        3.031510282865615,
        3.0317070915272604,
        3.0317506461153165,
        3.031626892340609,
        3.0313115372374964,
        3.0307682295769083,
        3.029943031230758,
        3.0287619174976594,
        3.027127103252605,
        3.02491702559261,
        3.0219875226215462,
        3.018185404210296,
        3.013372956572217,
        3.0074708914515544,
        3.0005112141395083,
        2.9926699944792863,
        2.984280638244327,
        2.9757609369994222,
        2.9675390594629443,
        2.959936312518968,
        2.9531167607345,
        2.9470651388876634,
        2.9415878188467293,
        2.9363216542041934,
        2.930685376378739,
        2.923776040176478,
        2.9142115612353474,
        2.900003827117294,
        2.878861001943658,
        2.8494358033845417,
        2.8131080864880618,
        2.7739529181390417,
        2.73542733404265,
        2.697131124522705,
        2.6546774385086747,
        2.6009283426622773,
        2.526277449095226,
        2.4175576022590493,
        2.2558124506950117,
        2.0128021761207506,
        1.678386515950238
    ],
    "time": [
        0.0,
        36.36363636363637,
        72.72727272727273,
        109.0909090909091,
        145.45454545454547,
        181.81818181818184,
        218.1818181818182,
        254.54545454545456,
        290.90909090909093,
        327.2727272727273,
        363.6363636363637,
        400.00000000000006,
        436.3636363636364,
        472.72727272727275,
        509.0909090909091,
        545.4545454545455,
        581.8181818181819,
        618.1818181818182,
        654.5454545454546,
        690.909090909091,
        727.2727272727274,
        763.6363636363637,
        800.0000000000001,
        836.3636363636365,
        872.7272727272727,
        909.0909090909091,
        945.4545454545455,
        981.8181818181819,
        1018.1818181818182,
        1054.5454545454547,
        1090.909090909091,
        1127.2727272727275,
        1163.6363636363637,
        1200.0,
        1236.3636363636365,
        1272.7272727272727,
        1309.0909090909092,
        1345.4545454545455,
        1381.818181818182,
        1418.1818181818182,
        1454.5454545454547,
        1490.909090909091,
        1527.2727272727275,
        1563.6363636363637,
        1600.0000000000002,
        1636.3636363636365,
        1672.727272727273,
        1709.0909090909092,
        1745.4545454545455,
        1781.818181818182,
        1818.1818181818182,
        1854.5454545454547,
        1888.1902734306564
    ]
}