{
    "config": {
        "Ideal gas constant [J.K-1.mol-1]": 8.497111010883186,
        "Faraday constant [C.mol-1]": 100137.50780824525,
        "Boltzmann constant [J.K-1]": 1.2579051343851211e-23,
        "Electron charge [C]": 1.5824817816655715e-19,
        "Ratio of lithium moles to SEI moles": 2.156279163432229,
        "Inner SEI reaction proportion": 0.5639284726263809,
        "Inner SEI partial molar volume [m3.mol-1]": 9.812372508477019e-05,
        "Outer SEI partial molar volume [m3.mol-1]": 0.00011428265091071621,
        "SEI reaction exchange current density [A.m-2]": 1.4141696281511177e-07,
        "SEI resistivity [Ohm.m]": 191580.5992934252,
        "Outer SEI solvent diffusivity [m2.s-1]": 1.9724979690817554e-22,
        "Bulk solvent concentration [mol.m-3]": 2019.6244535497488,
        "Inner SEI open-circuit potential [V]": 0.08523616596469077,
        "Outer SEI open-circuit potential [V]": 0.2902215813453036,
        "Inner SEI electron conductivity [S.m-1]": 1.1054014789173962e-13,
        "Inner SEI lithium interstitial diffusivity [m2.s-1]": 1.1772551558219595e-20,
        "Lithium interstitial reference concentration [mol.m-3]": 6.521936398467139,
        "Initial inner SEI thickness [m]": 2.4089941085633993e-09,
        "Initial outer SEI thickness [m]": 2.804121276874771e-09,
        "EC initial concentration in electrolyte [mol.m-3]": 4552.149387800623,
        "EC diffusivity [m2.s-1]": 2.442988309851399e-18,
        "SEI kinetic rate constant [m.s-1]": 6.298356225826985e-13,
        "SEI open-circuit potential [V]": 0.4143684354745991,
        "SEI growth activation energy [J.mol-1]": 0.0,
        "Negative electrode reaction-driven LAM factor [m3.mol-1]": 0.0,
        "Positive electrode reaction-driven LAM factor [m3.mol-1]": 0.0,
        "Negative current collector thickness [m]": 1.2649856969221596e-05,
        "Negative electrode thickness [m]": 8.543888724666958e-05,
        "Separator thickness [m]": 1.458967195742215e-05,
        "Positive electrode thickness [m]": 6.455027598824906e-05,
        "Positive current collector thickness [m]": 1.0618631059046577e-05,
        "Electrode height [m]": 0.043761957140076045,
        "Electrode width [m]": 0.03319461083743821,
        "Cell cooling surface area [m2]": 0.006211632475309476,
        "Cell volume [m3]": 1.3106399705649004e-05,
        "Cell emissivity": 0.7593122224865554,
        "Cell thermal expansion coefficient [m.K-1]": 1.236816516313403e-06,
        "Negative current collector conductivity [S.m-1]": 59327929.143487684,
        "Positive current collector conductivity [S.m-1]": 55702759.43766029,
        "Negative current collector density [kg.m-3]": 7484.379674912083,
        "Positive current collector density [kg.m-3]": 2832.836255968039,
        "Negative current collector specific heat capacity [J.kg-1.K-1]": 375.15001992937323,
        "Positive current collector specific heat capacity [J.kg-1.K-1]": 758.3512715646692,
        "Negative current collector thermal conductivity [W.m-1.K-1]": 283.25069597728793,
        "Positive current collector thermal conductivity [W.m-1.K-1]": 181.54107756995052,
        "Nominal cell capacity [A.h]": 1.7024711839980813,
        "Current function [A]": 2.800283637593849,
        "Contact resistance [Ohm]": 0,
        "Negative electrode conductivity [S.m-1]": 43.37517932133588,
        "Maximum concentration in negative electrode [mol.m-3]": 27790.28974299335,
        "Negative electrode porosity": 0.1777088552738764,
        "Negative electrode active material volume fraction": 0.5507847811821305,
        "Negative particle radius [m]": 4.161538138391637e-06,
        "Negative electrode Bruggeman coefficient (electrolyte)": 2.5109834836244818,
        "Negative electrode Bruggeman coefficient (electrode)": 0.0,
        "Negative electrode charge transfer coefficient": 0.5853068582323154,
        "Negative electrode double-layer capacity [F.m-2]": 0.1169670179002935,
        "Negative electrode density [kg.m-3]": 1640.8239155089127,
        "Negative electrode specific heat capacity [J.kg-1.K-1]": 1193.9956096941626,
        "Negative electrode thermal conductivity [W.m-1.K-1]": 0.7885721577641239,
        "Negative electrode Poisson's ratio": 0.33232025153054545,
        "Negative electrode Young's modulus [Pa]": 17212000896.665924,
        "Negative electrode reference concentration for free of deformation [mol.m-3]": 0.0,
        "Negative electrode partial molar volume [m3.mol-1]": 3.0423863259550353e-06,
        "Negative electrode initial crack length [m]": 2.4370180611866856e-08,
        "Negative electrode initial crack width [m]": 1.712180535865345e-08,
        "Negative electrode number of cracks per unit area [m-2]": 3234892045900350.0,
        "Negative electrode Paris' law constant b": 0.8094960915213605,
        "Negative electrode Paris' law constant m": 2.460117091948314,
        "Negative electrode activation energy for cracking rate [J.mol-1]": 0.0,
        "Negative electrode LAM constant proportional term [s-1]": 0.0,
        "Negative electrode LAM constant exponential term": 1.840557658881284,
        "Negative electrode critical stress [Pa]": 57499073.942522496,
        "Positive electrode conductivity [S.m-1]": 7.121018887824874,
        "Maximum concentration in positive electrode [mol.m-3]": 61038.146144461745,
        "Positive electrode porosity": 0.3432823689419099,
        "Positive electrode active material volume fraction": 0.6680002860054205,
        "Positive particle radius [m]": 3.6180570203182215e-06,
        "Positive electrode surface area to volume ratio [m-1]": 511326.78508595895,
        "Positive electrode Bruggeman coefficient (electrolyte)": 1.8110790803513344,
        "Positive electrode Bruggeman coefficient (electrode)": 0.0,
        "Positive electrode charge transfer coefficient": 0.27728241636400874,
        "Positive electrode double-layer capacity [F.m-2]": 0.23198875925134207,
        "Positive electrode density [kg.m-3]": 2286.457826014433,
        "Positive electrode specific heat capacity [J.kg-1.K-1]": 1093.706384617669,
        "Positive electrode thermal conductivity [W.m-1.K-1]": 0.730822357679188,
        "Positive electrode Poisson's ratio": 0.25493058269760177,
        "Positive electrode Young's modulus [Pa]": 427054503394.62585,
        "Positive electrode reference concentration for free of deformation [mol.m-3]": 0.0,
        "Positive electrode partial molar volume [m3.mol-1]": 4.4833891178859574e-08,
        "Positive electrode initial crack length [m]": 1.9997624170689418e-08,
        "Positive electrode initial crack width [m]": 5.979406289635239e-09,
        "Positive electrode number of cracks per unit area [m-2]": 4011407184349928.0,
        "Positive electrode Paris' law constant b": 1.0573780012721314,
        "Positive electrode Paris' law constant m": 0.6508616384788835,
        "Positive electrode activation energy for cracking rate [J.mol-1]": 0.0,
        "Positive electrode LAM constant proportional term [s-1]": 2.427524563964109e-13,
        "Positive electrode LAM constant exponential term": 2.218628146627402,
        "Positive electrode critical stress [Pa]": 550216905.3950157,
        "Separator porosity": 0.5150917002894614,
        "Separator Bruggeman coefficient (electrolyte)": 1.5702553487428725,
        "Separator density [kg.m-3]": 3224.32909130611,
        "Separator specific heat capacity [J.kg-1.K-1]": 986.6323309356447,
        "Separator thermal conductivity [W.m-1.K-1]": 0.2103185318675811,
        "Initial concentration in electrolyte [mol.m-3]": 1167.2322297921448,
        "Cation transference number": 0.4258242942314847,
        "Reference temperature [K]": 314.57406330611917,
        "Total heat transfer coefficient [W.m-2.K-1]": 32.47063205365132,
        "Ambient temperature [K]": 403.95832542666756,
        "Number of electrodes connected in parallel to make a cell": 34.282110248831266,