{
    "config": {
        "Ideal gas constant [J.K-1.mol-1]": 9.249250417124937,
        "Faraday constant [C.mol-1]": 102096.0051391371,
        "Boltzmann constant [J.K-1]": 1.2501608343777847e-23,
        "Electron charge [C]": 1.7753427675305343e-19,
        "Lithium metal partial molar volume [m3.mol-1]": 9.43847696210427e-06,
        "Lithium plating kinetic rate constant [m.s-1]": 1.3041276498241437e-09,
        "Initial plated lithium concentration [mol.m-3]": 0.0,
        "Typical plated lithium concentration [mol.m-3]": 1008.6675201359166,
        "Lithium plating transfer coefficient": 0.6164329777593711,
        "Dead lithium decay constant [s-1]": 1.1950260713852833e-06,
        "Ratio of lithium moles to SEI moles": 0.7793980794318845,
        "Inner SEI reaction proportion": 0.0,
        "Inner SEI partial molar volume [m3.mol-1]": 0.00010865184105680599,
        "Outer SEI partial molar volume [m3.mol-1]": 9.456483087453238e-05,
        "SEI reaction exchange current density [A.m-2]": 9.230575999460781e-08,
        "SEI resistivity [Ohm.m]": 241877.36931831617,
        "Outer SEI solvent diffusivity [m2.s-1]": 3.1832525146721835e-22,
        "Bulk solvent concentration [mol.m-3]": 1985.5851111871923,
        "Inner SEI open-circuit potential [V]": 0.10854752379210574,
        "Outer SEI open-circuit potential [V]": 0.45488567161532056,
        "Inner SEI electron conductivity [S.m-1]": 6.213611492779407e-14,
        "Inner SEI lithium interstitial diffusivity [m2.s-1]": 1.095252886342048e-20,
        "Lithium interstitial reference concentration [mol.m-3]": 13.05233888273547,
        "Initial inner SEI thickness [m]": 0.0,
        "Initial outer SEI thickness [m]": 4.127415921496582e-09,
        "EC initial concentration in electrolyte [mol.m-3]": 4338.791972206482,
        "EC diffusivity [m2.s-1]": 2.6114294229194947e-18,
        "SEI kinetic rate constant [m.s-1]": 1.1543843778435261e-12,
        "SEI open-circuit potential [V]": 0.38099524703574766,
        "SEI growth activation energy [J.mol-1]": 39528.08261860225,
        "Negative electrode reaction-driven LAM factor [m3.mol-1]": 0.0,
        "Positive electrode reaction-driven LAM factor [m3.mol-1]": 0.0,
        "Negative current collector thickness [m]": 1.6833513055494884e-05,
        "Negative electrode thickness [m]": 7.989740225326891e-05,
        "Separator thickness [m]": 1.67680868445177e-05,
        "Positive electrode thickness [m]": 5.709105459750063e-05,
        "Positive current collector thickness [m]": 1.2746091677945093e-05,
        "Electrode height [m]": 0.06495490163531824,
        "Electrode width [m]": 1.4854593277795312,
        "Cell cooling surface area [m2]": 0.007149359009741667,
        "Cell volume [m3]": 2.6775835035369383e-05,
        "Cell thermal expansion coefficient [m.K-1]": 5.488224848346292e-07,
        "Negative current collector conductivity [S.m-1]": 74906694.7447355,
        "Positive current collector conductivity [S.m-1]": 45912373.32252944,
        "Negative current collector density [kg.m-3]": 11141.859967359936,
        "Positive current collector density [kg.m-3]": 2976.592962196466,
        "Negative current collector specific heat capacity [J.kg-1.K-1]": 228.44467257745805,
        "Positive current collector specific heat capacity [J.kg-1.K-1]": 1005.1394037425375,
        "Negative current collector thermal conductivity [W.m-1.K-1]": 293.0856987040852,
        "Positive current collector thermal conductivity [W.m-1.K-1]": 222.0833890913669,
        "Nominal cell capacity [A.h]": 5.244314314983157,
        "Current function [A]": 5.347995204524127,
        "Contact resistance [Ohm]": 0,
        "Negative electrode conductivity [S.m-1]": 135.25502135369265,
        "Maximum concentration in negative electrode [mol.m-3]": 16319.91581715233,
        "Negative electrode porosity": 0.2956626014255128,
        "Negative electrode active material volume fraction": 0.9884514633663686,
        "Negative particle radius [m]": 4.328878105829729e-06,
        "Negative electrode Bruggeman coefficient (electrolyte)": 1.915471453298587,
        "Negative electrode Bruggeman coefficient (electrode)": 1.5262096610388913,
        "Negative electrode charge transfer coefficient": 0.43255036084452814,
        "Negative electrode double-layer capacity [F.m-2]": 0.13263623152072945,
        "Negative electrode density [kg.m-3]": 1590.1327492951905,
        "Negative electrode specific heat capacity [J.kg-1.K-1]": 535.3198238740491,
        "Negative electrode thermal conductivity [W.m-1.K-1]": 1.934433578637593,
        "Negative electrode OCP entropic change [V.K-1]": 0.0,
        "Negative electrode Poisson's ratio": 0.2812163807248835,
        "Negative electrode Young's modulus [Pa]": 12566559499.197353,
        "Negative electrode reference concentration for free of deformation [mol.m-3]": 0.0,
        "Negative electrode partial molar volume [m3.mol-1]": 4.582109646667216e-06,
        "Negative electrode initial crack length [m]": 2.2408654075138097e-08,
        "Negative electrode initial crack width [m]": 1.599200256018762e-08,
        "Negative electrode number of cracks per unit area [m-2]": 2772717030633876.0,
        "Negative electrode Paris' law constant b": 1.440248156883598,
        "Negative electrode Paris' law constant m": 1.2736281358709611,
        "Negative electrode LAM constant proportional term [s-1]": 2.15203117497999e-07,
        "Negative electrode LAM constant exponential term": 1.8731719485445528,
        "Negative electrode critical stress [Pa]": 51222368.04032772,
        "Positive electrode conductivity [S.m-1]": 0.1781435850233829,
        "Maximum concentration in positive electrode [mol.m-3]": 60888.10561237722,
        "Positive electrode porosity": 0.4233535906885762,
        "Positive electrode active material volume fraction": 0.42252733620831007,
        "Positive particle radius [m]": 6.2411759492286425e-06,
        "Positive electrode Bruggeman coefficient (electrolyte)": 1.465824150050407,
        "Positive electrode Bruggeman coefficient (electrode)": 0.5341915717906192,
        "Positive electrode charge transfer coefficient": 0.5736805215501176,
        "Positive electrode double-layer capacity [F.m-2]": 0.17616347696113205,
        "Positive electrode density [kg.m-3]": 4183.644604012012,
        "Positive electrode specific heat capacity [J.kg-1.K-1]": 875.348424051481,
        "Positive electrode thermal conductivity [W.m-1.K-1]": 2.600313381122257,
        "Positive electrode OCP entropic change [V.K-1]": 0.0,
        "Positive electrode Poisson's ratio": 0.21136211293946533,
        "Positive electrode Young's modulus [Pa]": 352059430500.06805,
        "Positive electrode reference concentration for free of deformation [mol.m-3]": 0.0,
        "Positive electrode partial molar volume [m3.mol-1]": 1.2223881987261149e-05,
        "Positive electrode initial crack length [m]": 2.517554231133514e-08,
        "Positive electrode initial crack width [m]": 1.2738847419803882e-08,
        "Positive electrode number of cracks per unit area [m-2]": 2835587083184418.5,
        "Positive electrode Paris' law constant b": 1.052449241684032,
        "Positive electrode Paris' law constant m": 1.5195384319595315,
        "Positive electrode LAM constant proportional term [s-1]": 3.4870004632782335e-07,
        "Positive electrode LAM constant exponential term": 1.8470875146191663,
        "Positive electrode critical stress [Pa]": 242482342.49142298,
        "Separator porosity": 0.4467674268067949,
        "Separator Bruggeman coefficient (electrolyte)": 1.9962036430893701,
        "Separator density [kg.m-3]": 509.7802680621546,
        "Separator specific heat capacity [J.kg-1.K-1]": 525.0324059233594,
        "Separator thermal conductivity [W.m-1.K-1]": 0.16384888858962532,
        "Initial concentration in electrolyte [mol.m-3]": 1140.5285164780762,