{
    "config": {
        "Ideal gas constant [J.K-1.mol-1]": 9.300213846708177,
        "Faraday constant [C.mol-1]": 81189.26891116668,
        "Boltzmann constant [J.K-1]": 1.5728231750786482e-23,
        "Electron charge [C]": 1.867163874026874e-19,
        "Ratio of lithium moles to SEI moles": 2.070238842426583,
        "Inner SEI reaction proportion": 0.5782726873948121,
        "Inner SEI partial molar volume [m3.mol-1]": 9.639283577384506e-05,
        "Outer SEI partial molar volume [m3.mol-1]": 0.0001164064995292221,
        "SEI reaction exchange current density [A.m-2]": 1.410704000935355e-07,
        "SEI resistivity [Ohm.m]": 237325.87145678274,
        "Outer SEI solvent diffusivity [m2.s-1]": 2.4636496932436404e-22,
        "Bulk solvent concentration [mol.m-3]": 2974.1545398286944,
        "Inner SEI open-circuit potential [V]": 0.11347854646688688,
        "Outer SEI open-circuit potential [V]": 0.8043382331636313,
        "Inner SEI electron conductivity [S.m-1]": 7.215604014809484e-14,
        "Inner SEI lithium interstitial diffusivity [m2.s-1]": 7.271562867876883e-21,
        "Lithium interstitial reference concentration [mol.m-3]": 12.200123808040978,
        "Initial inner SEI thickness [m]": 2.627332220277244e-09,
        "Initial outer SEI thickness [m]": 2.1657949865652937e-09,
        "EC initial concentration in electrolyte [mol.m-3]": 4876.5296100507585,
        "EC diffusivity [m2.s-1]": 1.903614839638424e-18,
        "SEI kinetic rate constant [m.s-1]": 9.778425884568043e-13,
        "SEI open-circuit potential [V]": 0.3612555656406444,
        "SEI growth activation energy [J.mol-1]": 0.0,
        "Negative electrode reaction-driven LAM factor [m3.mol-1]": 0.0,
        "Positive electrode reaction-driven LAM factor [m3.mol-1]": 0.0,
        "Negative current collector thickness [m]": 1.0402340015614903e-05,
        "Negative electrode thickness [m]": 7.400213590574551e-05,
        "Separator thickness [m]": 1.7602694596110936e-05,
        "Positive electrode thickness [m]": 4.52984445326504e-05,
        "Positive current collector thickness [m]": 1.1737009497887135e-05,
        "Electrode height [m]": 0.21003522488258106,
        "Electrode width [m]": 0.15196502120398472,
        "Negative tab width [m]": 0.04158528458223278,
        "Negative tab centre y-coordinate [m]": 0.013760236213275462,
        "Negative tab centre z-coordinate [m]": 0.16971844140468761,
        "Positive tab width [m]": 0.05644323128321822,
        "Positive tab centre y-coordinate [m]": 0.14360033009003478,
        "Positive tab centre z-coordinate [m]": 0.1710557927735427,
        "Cell cooling surface area [m2]": 0.07229272955705573,
        "Cell volume [m3]": 5.218956566248461e-06,
        "Negative current collector conductivity [S.m-1]": 68170515.31811671,
        "Positive current collector conductivity [S.m-1]": 37314556.96677236,
        "Negative current collector density [kg.m-3]": 11080.050150477357,
        "Positive current collector density [kg.m-3]": 3335.8545906973395,
        "Negative current collector specific heat capacity [J.kg-1.K-1]": 355.91138191269374,
        "Positive current collector specific heat capacity [J.kg-1.K-1]": 1142.1525817866086,
        "Negative current collector thermal conductivity [W.m-1.K-1]": 298.862713887236,
        "Positive current collector thermal conductivity [W.m-1.K-1]": 158.29050329785318,
        "Nominal cell capacity [A.h]": 0.593387331816753,
        "Current function [A]": 0.5358684164339655,
        "Contact resistance [Ohm]": 0,
        "Negative electrode conductivity [S.m-1]": 116.04681393187023,
        "Maximum concentration in negative electrode [mol.m-3]": 29844.842276115905,
        "Negative electrode porosity": 0.41747628732142816,
        "Negative electrode active material volume fraction": 0.4032174211483318,
        "Negative particle radius [m]": 5.794509660346615e-07,
        "Negative electrode Bruggeman coefficient (electrolyte)": 1.9747426007552362,
        "Negative electrode Bruggeman coefficient (electrode)": 2.1204416359609475,
        "Negative electrode charge transfer coefficient": 0.5242342745596,
        "Negative electrode double-layer capacity [F.m-2]": 0.16621950974853536,
        "Negative electrode density [kg.m-3]": 1820.3438624593796,
        "Negative electrode specific heat capacity [J.kg-1.K-1]": 728.5022994323996,
        "Negative electrode thermal conductivity [W.m-1.K-1]": 1.2147493106533056,
        "Negative electrode OCP entropic change [V.K-1]": 0.0,
        "Positive electrode conductivity [S.m-1]": 9.767848297201974,
        "Maximum concentration in positive electrode [mol.m-3]": 44135.9361667835,
        "Positive electrode porosity": 0.42413405987786623,
        "Positive electrode active material volume fraction": 0.43337608483183904,
        "Positive particle radius [m]": 1.4000064395983279e-06,
        "Positive electrode Bruggeman coefficient (electrolyte)": 2.25259383094142,
        "Positive electrode Bruggeman coefficient (electrode)": 2.1528193288962973,
        "Positive electrode charge transfer coefficient": 0.535603401408096,
        "Positive electrode double-layer capacity [F.m-2]": 0.214430055624862,
        "Positive electrode density [kg.m-3]": 5053.817082355743,
        "Positive electrode specific heat capacity [J.kg-1.K-1]": 753.6616444525574,
        "Positive electrode thermal conductivity [W.m-1.K-1]": 0.9994860293033351,
        "Positive electrode OCP entropic change [V.K-1]": 0.0,
        "Separator porosity": 0.2998819862583899,
        "Separator Bruggeman coefficient (electrolyte)": 1.8157086496354706,
        "Separator density [kg.m-3]": 470.1577735574678,
        "Separator specific heat capacity [J.kg-1.K-1]": 703.850234402662,
        "Separator thermal conductivity [W.m-1.K-1]": 0.09737358982787732,
        "Initial concentration in electrolyte [mol.m-3]": 1093.9673123646057,
        "Cation transference number": 0.4111738019205512,
        "Thermodynamic factor": 1.0456140890911154,
        "Reference temperature [K]": 385.81633899041793,
        "Negative current collector surface heat transfer coefficient [W.m-2.K-1]": 0.0,
        "Positive current collector surface heat transfer coefficient [W.m-2.K-1]": 0.0,
        "Negative tab heat transfer coefficient [W.m-2.K-1]": 27.007147510252246,
        "Positive tab heat transfer coefficient [W.m-2.K-1]": 22.0369384673628,
        "Edge heat transfer coefficient [W.m-2.K-1]": 0.2594808839603399,
        "Total heat transfer coefficient [W.m-2.K-1]": 21.781827651987996,
        "Ambient temperature [K]": 303.9559455750047,
        "Number of electrodes connected in parallel to make a cell": 0.956681995602292,
        "Number of cells connected in series to make a battery": 1.094175761391274,
        "Lower voltage cut-off [V]": 2.430256298771505,
        "Upper voltage cut-off [V]": 4.43462552922967,
        "Open-circuit voltage at 0% SOC [V]": 2.9151687966798665,
        "Open-circuit voltage at 100% SOC [V]": 3.6262677455287835,
        "Initial concentration in negative electrode [mol.m-3]": 14825.730986331644,
        "Initial concentration in positive electrode [mol.m-3]": 22565.174317283032,
        "Initial temperature [K]": 304.3283860036221
    },