{
    "config": {
        "Ideal gas constant [J.K-1.mol-1]": 9.811323771339064,
        "Faraday constant [C.mol-1]": 86751.88766897107,
        "Boltzmann constant [J.K-1]": 1.2636169494172873e-23,
        "Electron charge [C]": 2.0964765498639538e-19,
        "Negative current collector thickness [m]": 9.628870515204138e-06,
        "Negative electrode thickness [m]": 8.801334473761995e-05,
        "Separator thickness [m]": 6.2747402712802446e-06,
        "Positive electrode thickness [m]": 8.277548242381255e-05,
        "Positive current collector thickness [m]": 1.2012575615331515e-05,
        "Electrode height [m]": 0.04694173445997977,
        "Electrode width [m]": 1.1997942941968933,
        "Cell cooling surface area [m2]": 0.004589808819100037,
        "Cell volume [m3]": 1.948593122068244e-05,
        "Negative current collector conductivity [S.m-1]": 53008398.20906452,
        "Positive current collector conductivity [S.m-1]": 34822038.188542,
        "Negative current collector density [kg.m-3]": 11605.671981257898,
        "Positive current collector density [kg.m-3]": 2310.1666490701896,
        "Positive current collector thermal conductivity [W.m-1.K-1]": 155.06071960296094,
        "Nominal cell capacity [A.h]": 5.845161547575707,
        "Current function [A]": 5.691925427147421,
        "Contact resistance [Ohm]": 0,
        "Negative electrode conductivity [S.m-1]": 313.8908467361931,
        "Maximum concentration in negative electrode [mol.m-3]": 33216.86112255567,
        "Negative electrode porosity": 0.21563749982401378,
        "Negative electrode active material volume fraction": 0.8912410998336489,
        "Negative particle radius [m]": 6.850705342158476e-06,
        "Negative electrode Bruggeman coefficient (electrolyte)": 0.9114217466592728,
        "Negative electrode Bruggeman coefficient (electrode)": 0.0,
        "Negative electrode charge transfer coefficient": 0.5972766240288514,
        "Negative electrode double-layer capacity [F.m-2]": 0.22531316079979638,
        "Negative electrode density [kg.m-3]": 3605.1747492371846,
        "Maximum concentration in positive electrode [mol.m-3]": 50308.82616806648,
        "Positive electrode porosity": 0.2876028133921993,
        "Positive electrode active material volume fraction": 0.5384818463706115,
        "Positive particle radius [m]": 5.3400162177812434e-06,
        "Positive electrode Bruggeman coefficient (electrolyte)": 0.9872431544431637,
        "Positive electrode Bruggeman coefficient (electrode)": 0.0,
        "Positive electrode charge transfer coefficient": 0.39086087328612484,
        "Positive electrode double-layer capacity [F.m-2]": 0.09690487836457154,
        "Positive electrode density [kg.m-3]": 3645.9047800422236,
        "Separator porosity": 0.5952463748121638,
        "Separator Bruggeman coefficient (electrolyte)": 2.058188276047895,
        "Separator Bruggeman coefficient (electrode)": 1.6555467124753662,
        "Separator density [kg.m-3]": 1572.3431333812975,
        "Separator thermal conductivity [W.m-1.K-1]": 0.24725811483867483,
        "Initial concentration in electrolyte [mol.m-3]": 1153.9591114604707,
        "Reference temperature [K]": 325.81359324086253,
        "Total heat transfer coefficient [W.m-2.K-1]": 9.277973168372156,
        "Ambient temperature [K]": 295.16965031811554,
        "Number of electrodes connected in parallel to make a cell": 0.8072770874153071,
        "Number of cells connected in series to make a battery": 0.9278589485118033,
        "Lower voltage cut-off [V]": 2.0514576318925264,
        "Upper voltage cut-off [V]": 5.283979202297852,
        "Open-circuit voltage at 0% SOC [V]": 2.2964595628918105,
        "Open-circuit voltage at 100% SOC [V]": 3.2188166219736254,
        "Initial concentration in negative electrode [mol.m-3]": 24414.926611212868,
        "Initial concentration in positive electrode [mol.m-3]": 16188.206382727323,
        "Initial temperature [K]": 253.5461446431028
    },
    "V": [
        3.921158342002716,
        3.645603535570758,
        3.5187192393275506,
        3.4339246549684352,
        3.307117289182174,
        3.1283773469404865,
        2.0514676318925265
    ],
    "time": [
        0.0,
        36.36363636363637,
        72.72727272727273,
        109.0909090909091,
        145.45454545454547,
        181.81818181818184,
        214.5021581326504
    ]
}