{
    "config": {
        "Ideal gas constant [J.K-1.mol-1]": 10.40777560900595,
        "Faraday constant [C.mol-1]": 72619.65139429286,
        "Boltzmann constant [J.K-1]": 1.342020328931403e-23,
        "Electron charge [C]": 2.0589933481725326e-19,
        "Lithium metal partial molar volume [m3.mol-1]": 1.1026752503710129e-05,
        "Lithium plating kinetic rate constant [m.s-1]": 1.105288368715147e-09,
        "Initial plated lithium concentration [mol.m-3]": 0.0,
        "Typical plated lithium concentration [mol.m-3]": 652.4998131568154,
        "Lithium plating transfer coefficient": 0.8717207290218469,
        "Dead lithium decay constant [s-1]": 1.0385220635716242e-06,
        "Ratio of lithium moles to SEI moles": 0.9121080986774587,
        "Inner SEI reaction proportion": 0.0,
        "Inner SEI partial molar volume [m3.mol-1]": 0.0001045317233105989,
        "Outer SEI partial molar volume [m3.mol-1]": 0.00010111959108214137,
        "SEI reaction exchange current density [A.m-2]": 2.078054472793032e-07,
        "SEI resistivity [Ohm.m]": 280579.253955336,
        "Outer SEI solvent diffusivity [m2.s-1]": 2.811525084870715e-22,
        "Bulk solvent concentration [mol.m-3]": 2191.7253985506004,
        "Inner SEI open-circuit potential [V]": 0.125200159696667,
        "Outer SEI open-circuit potential [V]": 0.845704470874044,
        "Inner SEI electron conductivity [S.m-1]": 1.175147209733147e-13,
        "Inner SEI lithium interstitial diffusivity [m2.s-1]": 9.951195406369833e-21,
        "Lithium interstitial reference concentration [mol.m-3]": 18.590518380787262,
        "Initial inner SEI thickness [m]": 0.0,
        "Initial outer SEI thickness [m]": 2.8220585115453684e-09,
        "EC initial concentration in electrolyte [mol.m-3]": 5160.267685532099,
        "EC diffusivity [m2.s-1]": 1.7992060879710246e-18,
        "SEI kinetic rate constant [m.s-1]": 1.377579121077982e-12,
        "SEI open-circuit potential [V]": 0.3138749433125916,
        "SEI growth activation energy [J.mol-1]": 36418.410387797296,
        "Negative electrode reaction-driven LAM factor [m3.mol-1]": 0.0,
        "Positive electrode reaction-driven LAM factor [m3.mol-1]": 0.0,
        "Negative current collector thickness [m]": 9.119347176081202e-06,
        "Negative electrode thickness [m]": 7.789040480052282e-05,
        "Separator thickness [m]": 9.521688254951238e-06,
        "Positive electrode thickness [m]": 7.40438292953284e-05,
        "Positive current collector thickness [m]": 1.3199055071110385e-05,
        "Electrode height [m]": 0.07308457374078815,
        "Electrode width [m]": 1.6877241171825452,
        "Cell cooling surface area [m2]": 0.006427059568737643,
        "Cell volume [m3]": 2.4971378640341163e-05,
        "Cell thermal expansion coefficient [m.K-1]": 7.432291944670882e-07,
        "Negative current collector conductivity [S.m-1]": 51927881.103435695,
        "Positive current collector conductivity [S.m-1]": 40924392.026064806,
        "Negative current collector density [kg.m-3]": 4339.689134726915,
        "Positive current collector density [kg.m-3]": 2654.922430823497,
        "Negative current collector specific heat capacity [J.kg-1.K-1]": 308.7487323555798,
        "Positive current collector specific heat capacity [J.kg-1.K-1]": 1121.4228982126192,
        "Negative current collector thermal conductivity [W.m-1.K-1]": 359.53139071083217,
        "Positive current collector thermal conductivity [W.m-1.K-1]": 233.70033824261472,
        "Nominal cell capacity [A.h]": 4.898494128578253,
        "Current function [A]": 4.033171783976793,
        "Contact resistance [Ohm]": 0,
        "Negative electrode conductivity [S.m-1]": 265.6594883822679,
        "Maximum concentration in negative electrode [mol.m-3]": 38480.9802693028,
        "Negative electrode porosity": 0.1905103689908167,
        "Negative electrode active material volume fraction": 0.8601944454131305,
        "Negative particle radius [m]": 5.320325321268475e-06,
        "Negative electrode Bruggeman coefficient (electrolyte)": 1.858283580525958,
        "Negative electrode Bruggeman coefficient (electrode)": 1.8472877305890305,
        "Negative electrode charge transfer coefficient": 0.6298256753203736,
        "Negative electrode double-layer capacity [F.m-2]": 0.13526075615012445,
        "Negative electrode density [kg.m-3]": 1868.9639111945728,
        "Negative electrode specific heat capacity [J.kg-1.K-1]": 693.8569698187264,
        "Negative electrode thermal conductivity [W.m-1.K-1]": 1.8215115876994534,
        "Negative electrode OCP entropic change [V.K-1]": 0.0,
        "Negative electrode Poisson's ratio": 0.20802567188016297,
        "Negative electrode Young's modulus [Pa]": 16207277267.70661,
        "Negative electrode reference concentration for free of deformation [mol.m-3]": 0.0,
        "Negative electrode partial molar volume [m3.mol-1]": 1.777862848311029e-06,
        "Negative electrode initial crack length [m]": 2.9412830846966725e-08,
        "Negative electrode initial crack width [m]": 9.92711987033652e-09,
        "Negative electrode number of cracks per unit area [m-2]": 3161393207471178.5,
        "Negative electrode Paris' law constant b": 1.1075973365486116,
        "Negative electrode Paris' law constant m": 2.275014408444023,
        "Negative electrode LAM constant proportional term [s-1]": 4.2755296916373566e-07,
        "Negative electrode LAM constant exponential term": 1.5921958043804754,
        "Negative electrode critical stress [Pa]": 81908676.83532882,
        "Positive electrode conductivity [S.m-1]": 0.24512235481195438,
        "Maximum concentration in positive electrode [mol.m-3]": 53181.66934659463,
        "Positive electrode porosity": 0.446994630235391,
        "Positive electrode active material volume fraction": 0.9595257046709226,
        "Positive particle radius [m]": 3.863455990864908e-06,
        "Positive electrode Bruggeman coefficient (electrolyte)": 1.3242193220901073,
        "Positive electrode Bruggeman coefficient (electrode)": 1.8402254494285057,
        "Positive electrode charge transfer coefficient": 0.45330539577953544,
        "Positive electrode double-layer capacity [F.m-2]": 0.17738409144659942,
        "Positive electrode density [kg.m-3]": 3021.668308049415,
        "Positive electrode specific heat capacity [J.kg-1.K-1]": 763.2391787929215,
        "Positive electrode thermal conductivity [W.m-1.K-1]": 0.6212972775385257,
        "Positive electrode OCP entropic change [V.K-1]": 0.0,
        "Positive electrode Poisson's ratio": 0.2637018209689649,
        "Positive electrode Young's modulus [Pa]": 391631411628.966,
        "Positive electrode reference concentration for free of deformation [mol.m-3]": 0.0,
        "Positive electrode partial molar volume [m3.mol-1]": 6.670345676860225e-06,
        "Positive electrode initial crack length [m]": 1.6089149738046036e-08,
        "Positive electrode initial crack width [m]": 1.5609449722766307e-08,
        "Positive electrode number of cracks per unit area [m-2]": 3690391027737767.0,
        "Positive electrode Paris' law constant b": 1.1957706835954984,
        "Positive electrode Paris' law constant m": 1.542622976753099,
        "Positive electrode LAM constant proportional term [s-1]": 3.32817022149947e-07,
        "Positive electrode LAM constant exponential term": 2.339657057770935,
        "Positive electrode critical stress [Pa]": 348154278.1483685,
        "Separator porosity": 0.23885916230493365,
        "Separator Bruggeman coefficient (electrolyte)": 1.7333036525153822,
        "Separator density [kg.m-3]": 284.659407484261,
        "Separator specific heat capacity [J.kg-1.K-1]": 575.7196878526839,
        "Separator thermal conductivity [W.m-1.K-1]": 0.2038552652586525,
        "Initial concentration in electrolyte [mol.m-3]": 921.3198421860017,
        "Cation transference number": 0.37873202484790025,