{
    "config": {
        "Ideal gas constant [J.K-1.mol-1]": 10.273206264090524,
        "Faraday constant [C.mol-1]": 97283.04954597836,
        "Boltzmann constant [J.K-1]": 9.94403322712699e-24,
        "Electron charge [C]": 1.8450863767344698e-19,
        "Ratio of lithium moles to SEI moles": 2.166412880604614,
        "Inner SEI reaction proportion": 0.4734061092679671,
        "Inner SEI partial molar volume [m3.mol-1]": 0.00012820277825077793,
        "Outer SEI partial molar volume [m3.mol-1]": 8.574739749820178e-05,
        "SEI reaction exchange current density [A.m-2]": 1.6584385231901959e-07,
        "SEI resistivity [Ohm.m]": 274489.92491870874,
        "Outer SEI solvent diffusivity [m2.s-1]": 2.297834372253945e-22,
        "Bulk solvent concentration [mol.m-3]": 2423.659200269091,
        "Inner SEI open-circuit potential [V]": 0.10924365550671887,
        "Outer SEI open-circuit potential [V]": 0.5353649060629595,
        "Inner SEI electron conductivity [S.m-1]": 7.04013467173138e-14,
        "Inner SEI lithium interstitial diffusivity [m2.s-1]": 1.122571084401952e-20,
        "Lithium interstitial reference concentration [mol.m-3]": 14.57040424935313,
        "Initial inner SEI thickness [m]": 1.5581349144694978e-09,
        "Initial outer SEI thickness [m]": 3.491642767899507e-09,
        "EC initial concentration in electrolyte [mol.m-3]": 4195.502976351942,
        "EC diffusivity [m2.s-1]": 2.0626206361655306e-18,
        "SEI kinetic rate constant [m.s-1]": 1.221847217035864e-12,
        "SEI open-circuit potential [V]": 0.33833653572219663,
        "SEI growth activation energy [J.mol-1]": 0.0,
        "Negative electrode reaction-driven LAM factor [m3.mol-1]": 0.0,
        "Positive electrode reaction-driven LAM factor [m3.mol-1]": 0.0,
        "Negative current collector thickness [m]": 1.2823237719137815e-05,
        "Negative electrode thickness [m]": 8.909768951610803e-05,
        "Separator thickness [m]": 1.217999676685059e-05,
        "Positive electrode thickness [m]": 3.95896400437739e-05,
        "Positive current collector thickness [m]": 1.4936784668340846e-05,
        "Electrode height [m]": 0.17160489929248818,
        "Electrode width [m]": 0.05976550564362714,
        "Negative tab width [m]": 0.005656446148757336,
        "Negative tab centre y-coordinate [m]": 0.005153273208772997,
        "Negative tab centre z-coordinate [m]": 0.14185167059173975,
        "Positive tab width [m]": 0.004879063949998716,
        "Positive tab centre y-coordinate [m]": 0.02499915008273288,
        "Positive tab centre z-coordinate [m]": 0.029724461240703645,
        "Cell cooling surface area [m2]": 0.014465268449501315,
        "Cell volume [m3]": 1.8619327196966682e-06,
        "Negative current collector conductivity [S.m-1]": 88228074.95005238,
        "Positive current collector conductivity [S.m-1]": 32185900.038764898,
        "Negative current collector density [kg.m-3]": 12092.177980769362,
        "Positive current collector density [kg.m-3]": 3018.630796720065,
        "Negative current collector specific heat capacity [J.kg-1.K-1]": 255.67752824310003,
        "Positive current collector specific heat capacity [J.kg-1.K-1]": 721.8393787487469,
        "Negative current collector thermal conductivity [W.m-1.K-1]": 483.2724209247468,
        "Positive current collector thermal conductivity [W.m-1.K-1]": 228.65457834944618,
        "Nominal cell capacity [A.h]": 0.17918978606040595,
        "Current function [A]": 0.1307786349851727,
        "Contact resistance [Ohm]": 0,
        "Negative electrode conductivity [S.m-1]": 10.81264229945075,
        "Maximum concentration in negative electrode [mol.m-3]": 36487.404152594485,
        "Negative electrode porosity": 0.3649115646078248,
        "Negative electrode active material volume fraction": 0.41712199176842724,
        "Negative particle radius [m]": 9.323293809505844e-06,
        "Negative electrode Bruggeman coefficient (electrolyte)": 1.138936089155021,
        "Negative electrode Bruggeman coefficient (electrode)": 0.0,
        "Negative electrode density [kg.m-3]": 920.3365711775722,
        "Negative electrode specific heat capacity [J.kg-1.K-1]": 1898.261900786922,
        "Negative electrode thermal conductivity [W.m-1.K-1]": 1.5186507255684467,
        "Negative electrode OCP entropic change [V.K-1]": 0.0,
        "Positive electrode conductivity [S.m-1]": 48.79229144275194,
        "Maximum concentration in positive electrode [mol.m-3]": 43598.35615990573,
        "Positive electrode porosity": 0.2832693236005472,
        "Positive electrode active material volume fraction": 0.3661644088838695,
        "Positive particle radius [m]": 4.2213128101974944e-06,
        "Positive electrode Bruggeman coefficient (electrolyte)": 1.2909187417861712,
        "Positive electrode Bruggeman coefficient (electrode)": 0.0,
        "Positive electrode density [kg.m-3]": 2875.238949355544,
        "Positive electrode specific heat capacity [J.kg-1.K-1]": 1139.6492630515804,
        "Positive electrode thermal conductivity [W.m-1.K-1]": 0.8922620611140333,
        "Positive electrode OCP entropic change [V.K-1]": 0.0,
        "Separator porosity": 0.5150653732486129,
        "Separator Bruggeman coefficient (electrolyte)": 2.019942143749712,
        "Separator density [kg.m-3]": 1128.0845132276631,
        "Separator specific heat capacity [J.kg-1.K-1]": 2191.3870639227957,
        "Separator thermal conductivity [W.m-1.K-1]": 0.3671248728229896,
        "Initial concentration in electrolyte [mol.m-3]": 1101.0264159958215,
        "Cation transference number": 0.25288046117564017,
        "Thermodynamic factor": 0.7599018333185095,
        "Reference temperature [K]": 295.3940105531205,
        "Negative current collector surface heat transfer coefficient [W.m-2.K-1]": 9.62281806036777,
        "Positive current collector surface heat transfer coefficient [W.m-2.K-1]": 17.580642417579767,
        "Negative tab heat transfer coefficient [W.m-2.K-1]": 11.123149295678651,
        "Positive tab heat transfer coefficient [W.m-2.K-1]": 9.861528369122425,
        "Edge heat transfer coefficient [W.m-2.K-1]": 8.063172345221457,
        "Total heat transfer coefficient [W.m-2.K-1]": 11.226984978960104,
        "Ambient temperature [K]": 300.32108978958735,
        "Number of electrodes connected in parallel to make a cell": 0.8019216652107899,
        "Number of cells connected in series to make a battery": 0.77972811712198,
        "Lower voltage cut-off [V]": 2.0948786909711443,
        "Upper voltage cut-off [V]": 5.14383625131639,
        "Open-circuit voltage at 0% SOC [V]": 2.7045042022830845,
        "Open-circuit voltage at 100% SOC [V]": 4.444843359244767,
        "Initial concentration in negative electrode [mol.m-3]": 31213.383948206916,
        "Initial concentration in positive electrode [mol.m-3]": 15830.06054282283,
        "Initial temperature [K]": 233.87660277547457
    },