{
    "config": {
        "Ideal gas constant [J.K-1.mol-1]": 9.580458660852988,
        "Faraday constant [C.mol-1]": 111782.5043291179,
        "Boltzmann constant [J.K-1]": 1.319819107317426e-23,
        "Electron charge [C]": 1.7740983586718826e-19,
        "Negative current collector thickness [m]": 1.3152878025854492e-05,
        "Negative electrode thickness [m]": 9.044489168342182e-05,
        "Separator thickness [m]": 9.333377339038691e-06,
        "Positive electrode thickness [m]": 8.782844005175648e-05,
        "Positive current collector thickness [m]": 1.4813668128354288e-05,
        "Electrode height [m]": 0.06504671738347867,
        "Electrode width [m]": 1.4291454018080134,
        "Cell cooling surface area [m2]": 0.006348426027879047,
        "Cell volume [m3]": 2.411147835403548e-05,
        "Negative current collector conductivity [S.m-1]": 44699127.53784786,
        "Positive current collector conductivity [S.m-1]": 53593086.59718392,
        "Negative current collector density [kg.m-3]": 9602.048423982438,
        "Positive current collector density [kg.m-3]": 2130.6186057941272,
        "Positive current collector thermal conductivity [W.m-1.K-1]": 254.15745712023852,
        "Nominal cell capacity [A.h]": 4.525708428173164,
        "Current function [A]": 3.982266558010699,
        "Contact resistance [Ohm]": 0,
        "Negative electrode conductivity [S.m-1]": 183.41828339334464,
        "Maximum concentration in negative electrode [mol.m-3]": 39713.4274890701,
        "Negative electrode porosity": 0.23970382739394455,
        "Negative electrode active material volume fraction": 0.5662779093488832,
        "Negative particle radius [m]": 5.145080957091494e-06,
        "Negative electrode Bruggeman coefficient (electrolyte)": 1.3883795255389266,
        "Negative electrode Bruggeman coefficient (electrode)": 0.0,
        "Negative electrode charge transfer coefficient": 0.4487487941732088,
        "Negative electrode double-layer capacity [F.m-2]": 0.24897271166865476,
        "Negative electrode density [kg.m-3]": 2340.8207687696304,
        "Maximum concentration in positive electrode [mol.m-3]": 42789.21523804389,
        "Positive electrode porosity": 0.2888198574455633,
        "Positive electrode active material volume fraction": 0.7969450194145604,
        "Positive particle radius [m]": 4.379171400544846e-06,
        "Positive electrode Bruggeman coefficient (electrolyte)": 1.631019244060693,
        "Positive electrode Bruggeman coefficient (electrode)": 0.0,
        "Positive electrode charge transfer coefficient": 0.6002337246389284,
        "Positive electrode double-layer capacity [F.m-2]": 0.20233694803014965,
        "Positive electrode density [kg.m-3]": 2342.2237460013225,
        "Separator porosity": 0.5148725051472084,
        "Separator Bruggeman coefficient (electrolyte)": 1.5353802747152434,
        "Separator Bruggeman coefficient (electrode)": 1.564494997010819,
        "Separator density [kg.m-3]": 1478.167424218294,
        "Separator thermal conductivity [W.m-1.K-1]": 0.23835306328369987,
        "Initial concentration in electrolyte [mol.m-3]": 817.8808783760117,
        "Reference temperature [K]": 241.60848228492324,
        "Total heat transfer coefficient [W.m-2.K-1]": 9.492300405009296,
        "Ambient temperature [K]": 270.54916175282244,
        "Number of electrodes connected in parallel to make a cell": 1.087878504523717,
        "Number of cells connected in series to make a battery": 1.1411830547349724,
        "Lower voltage cut-off [V]": 2.421500605703617,
        "Upper voltage cut-off [V]": 5.200997865398713,
        "Open-circuit voltage at 0% SOC [V]": 2.788163458199336,
        "Open-circuit voltage at 100% SOC [V]": 4.526973311682319,
        "Initial concentration in negative electrode [mol.m-3]": 36954.49748079569,
        "Initial concentration in positive electrode [mol.m-3]": 15423.768836583844,
        "Initial temperature [K]": 320.1127696751352
    },
    "V": [
        3.9488814359476776,
        3.874344479216352,
        3.8434434539134648,
        3.819999533381314,
        3.7958158336364582,
        3.775135945810778,
        3.757973191492769,
        3.742573577927078,
        3.7258790519987213,
        3.707625733842424,
        3.6886431957038734,
        3.6697584844876707,
        3.653757586661137,
        3.641137786657216,
        3.6313613090583496,
        3.6318851416795654,
        3.625449696073413,
        3.6149730069788975,
        3.6029233791495274,
        3.5904120157350548,
        3.5780309729215705,
        3.5662748662787633,
        3.555799400493397,
        3.547911663438019,
        3.5444983790791227,
        3.539359292889725,
        3.5364234389885514,
        3.5298089128105197,
        3.5216863605374575,
        3.5135239890148826,
        3.50398854973767,
        3.5006759837480805,
        3.4955374596203703,
        3.489780650139392,
        3.4815148472289237,
        3.471498947850661,
        3.4590574337743343,
        3.4474547016987027,
        3.435622306805142,
        3.42501975293371,
        3.416410764996206,
        3.4097313407318603,
        3.4082033965728264,
        3.4041328201175145,
        3.3991580121964335,
        3.3919550542319934,
        3.3830835717759653,
        3.374467713546344,
        3.3648141377442595,
        3.3558280978720334,
        3.3460991222381686,
        3.3376073807659763,
        3.3299714334565227,
        3.3236790009418926,
        3.3186161116946096,
        3.3126649277167917,
        3.3079367816159646,
        3.3048384130549504,
        3.30213440310806,
        3.2976409492352308,
        3.2905538253089985,
        3.2813778554712396,
        3.271473744935062,
        3.262238182121185,
        3.2554956099279284,
        3.249552196566162,
        3.243846026918183,
        3.2369019028701618,
        3.227039105914037,
        3.216978938339417,
        3.208720879298016,
        3.1999619478471564,
        3.1909761796639344,
        3.183513519479045,
        3.1736354889967466,
        3.161733629745747,
        3.1501565032294514,
        3.137557170379573,
        3.1259249368301893,
        3.113966050877025,
        3.1048288794639163,
        3.0917093182442796,
        3.0795941634193236,
        3.0657700410233675,
        3.051332969736298,
        3.037823781130955,
        3.049677076024839,
        3.0311689241730146,
        3.0328340838425643,
        3.0209901965277863,
        3.010905177561572,
        2.9998852182732008,
        2.98421005212522,
        2.955539240258675,
        2.9481711948451723,
        2.9423123800780377,
        2.9351315460744045,
        2.926036515514979,
        2.9036910791067783,
        2.8956190681102667
    ],