{
    "config": {
        "Ideal gas constant [J.K-1.mol-1]": 8.960448205550605,
        "Faraday constant [C.mol-1]": 90826.19982464166,
        "Boltzmann constant [J.K-1]": 7.634571907716732e-24,
        "Electron charge [C]": 1.345810931891399e-19,
        "Ratio of lithium moles to SEI moles": 1.854633145933448,
        "Inner SEI reaction proportion": 0.36662125748757607,
        "Inner SEI partial molar volume [m3.mol-1]": 7.45908393798538e-05,
        "Outer SEI partial molar volume [m3.mol-1]": 9.472374658265194e-05,
        "SEI reaction exchange current density [A.m-2]": 1.9301361890217265e-07,
        "SEI resistivity [Ohm.m]": 179694.81271860667,
        "Outer SEI solvent diffusivity [m2.s-1]": 2.0667113103322393e-22,
        "Bulk solvent concentration [mol.m-3]": 1633.2025578577543,
        "Inner SEI open-circuit potential [V]": 0.12066368170563974,
        "Outer SEI open-circuit potential [V]": 0.871471126663126,
        "Inner SEI electron conductivity [S.m-1]": 7.992496185160093e-14,
        "Inner SEI lithium interstitial diffusivity [m2.s-1]": 8.082958836080227e-21,
        "Lithium interstitial reference concentration [mol.m-3]": 13.803658574131864,
        "Initial inner SEI thickness [m]": 3.3130795592758394e-09,
        "Initial outer SEI thickness [m]": 1.6017732001298561e-09,
        "EC initial concentration in electrolyte [mol.m-3]": 4151.837115183611,
        "EC diffusivity [m2.s-1]": 1.3054392836668367e-18,
        "SEI kinetic rate constant [m.s-1]": 1.1515081243929756e-12,
        "SEI open-circuit potential [V]": 0.32838972552782253,
        "SEI growth activation energy [J.mol-1]": 0.0,
        "Negative electrode reaction-driven LAM factor [m3.mol-1]": 0.0,
        "Positive electrode reaction-driven LAM factor [m3.mol-1]": 0.0,
        "Negative current collector thickness [m]": 1.400256436103439e-05,
        "Negative electrode thickness [m]": 8.08444727143944e-05,
        "Separator thickness [m]": 1.9989123596043398e-05,
        "Positive electrode thickness [m]": 8.775869281776295e-05,
        "Positive current collector thickness [m]": 1.5881466996793974e-05,
        "Electrode height [m]": 0.06667636520816969,
        "Electrode width [m]": 0.043641384068771764,
        "Cell cooling surface area [m2]": 0.004486638560722733,
        "Cell volume [m3]": 1.6207454947062647e-05,
        "Cell emissivity": 1.1296193781649149,
        "Cell thermal expansion coefficient [m.K-1]": 7.258768410724932e-07,
        "Negative current collector conductivity [S.m-1]": 78177897.1707065,
        "Positive current collector conductivity [S.m-1]": 40582507.80517999,
        "Negative current collector density [kg.m-3]": 7965.551659595469,
        "Positive current collector density [kg.m-3]": 2613.191266563897,
        "Negative current collector specific heat capacity [J.kg-1.K-1]": 413.1274935061812,
        "Positive current collector specific heat capacity [J.kg-1.K-1]": 426.7369953240736,
        "Negative current collector thermal conductivity [W.m-1.K-1]": 385.7204482882823,
        "Positive current collector thermal conductivity [W.m-1.K-1]": 294.25080279169003,
        "Nominal cell capacity [A.h]": 2.559002083386071,
        "Current function [A]": 2.2067874981248594,
        "Contact resistance [Ohm]": 0,
        "Negative electrode conductivity [S.m-1]": 93.56014210939023,
        "Maximum concentration in negative electrode [mol.m-3]": 31511.278558490285,
        "Negative electrode porosity": 0.20456133347415795,
        "Negative electrode active material volume fraction": 0.6334985123283069,
        "Negative particle radius [m]": 4.771314715166198e-06,
        "Negative electrode Bruggeman coefficient (electrolyte)": 2.382257853243661,
        "Negative electrode Bruggeman coefficient (electrode)": 0.0,
        "Negative electrode charge transfer coefficient": 0.6790947449550293,
        "Negative electrode double-layer capacity [F.m-2]": 0.13242418653407767,
        "Negative electrode density [kg.m-3]": 2425.469170079625,
        "Negative electrode specific heat capacity [J.kg-1.K-1]": 1227.7011063107573,
        "Negative electrode thermal conductivity [W.m-1.K-1]": 1.2388450861919396,
        "Negative electrode Poisson's ratio": 0.3683547907820464,
        "Negative electrode Young's modulus [Pa]": 18826607977.888607,
        "Negative electrode reference concentration for free of deformation [mol.m-3]": 0.0,
        "Negative electrode partial molar volume [m3.mol-1]": 3.137338631938729e-06,
        "Negative electrode initial crack length [m]": 1.557556677464944e-08,
        "Negative electrode initial crack width [m]": 1.5529214563083904e-08,
        "Negative electrode number of cracks per unit area [m-2]": 1522252282157063.0,
        "Negative electrode Paris' law constant b": 0.7019796619804384,
        "Negative electrode Paris' law constant m": 2.0198848976120023,
        "Negative electrode activation energy for cracking rate [J.mol-1]": 0.0,
        "Negative electrode LAM constant proportional term [s-1]": 0.0,
        "Negative electrode LAM constant exponential term": 2.6302805102587987,
        "Negative electrode critical stress [Pa]": 52195135.75210139,
        "Positive electrode conductivity [S.m-1]": 8.970044864227606,
        "Maximum concentration in positive electrode [mol.m-3]": 49958.44460242274,
        "Positive electrode porosity": 0.3477690016151739,
        "Positive electrode active material volume fraction": 0.556543704169374,
        "Positive particle radius [m]": 3.2285351045499602e-06,
        "Positive electrode surface area to volume ratio [m-1]": 417338.29039594386,
        "Positive electrode Bruggeman coefficient (electrolyte)": 1.7071629811765505,
        "Positive electrode Bruggeman coefficient (electrode)": 0.0,
        "Positive electrode charge transfer coefficient": 0.5904521918112197,
        "Positive electrode double-layer capacity [F.m-2]": 0.15800081280859868,
        "Positive electrode density [kg.m-3]": 2037.8433911156726,
        "Positive electrode specific heat capacity [J.kg-1.K-1]": 1209.7532525614251,
        "Positive electrode thermal conductivity [W.m-1.K-1]": 1.0710679362133906,
        "Positive electrode Poisson's ratio": 0.2591991543580105,
        "Positive electrode Young's modulus [Pa]": 400260045520.4511,
        "Positive electrode reference concentration for free of deformation [mol.m-3]": 0.0,
        "Positive electrode partial molar volume [m3.mol-1]": 5.575357306082956e-08,
        "Positive electrode initial crack length [m]": 2.504197075915048e-08,
        "Positive electrode initial crack width [m]": 1.7259912920946447e-08,
        "Positive electrode number of cracks per unit area [m-2]": 3614267253669171.0,
        "Positive electrode Paris' law constant b": 0.7962121597708596,
        "Positive electrode Paris' law constant m": 1.7820010274071276,
        "Positive electrode activation energy for cracking rate [J.mol-1]": 0.0,
        "Positive electrode LAM constant proportional term [s-1]": 2.863200499203045e-13,
        "Positive electrode LAM constant exponential term": 2.0028631000588577,
        "Positive electrode critical stress [Pa]": 497430482.73641247,
        "Separator porosity": 0.5443940140816339,
        "Separator Bruggeman coefficient (electrolyte)": 1.6914549409285065,
        "Separator density [kg.m-3]": 2819.8490358899076,
        "Separator specific heat capacity [J.kg-1.K-1]": 850.6376418429318,
        "Separator thermal conductivity [W.m-1.K-1]": 0.39946212268689496,
        "Initial concentration in electrolyte [mol.m-3]": 1080.77196720305,
        "Cation transference number": 0.26635682255187987,
        "Reference temperature [K]": 266.883431390249,
        "Total heat transfer coefficient [W.m-2.K-1]": 40.66358940273561,
        "Ambient temperature [K]": 380.27153767108473,
        "Number of electrodes connected in parallel to make a cell": 45.347952987941696,