{
    "config": {
        "Ideal gas constant [J.K-1.mol-1]": 4.354148623929886,
        "Faraday constant [C.mol-1]": 112764.8091015413,
        "Boltzmann constant [J.K-1]": 1.3849256136050245e-23,
        "Electron charge [C]": 1.4597384825927698e-19,
        "Ratio of lithium moles to SEI moles": 1.3900323401931405,
        "Inner SEI reaction proportion": 0.47996499071537896,
        "Inner SEI partial molar volume [m3.mol-1]": 0.00010873057626914517,
        "Outer SEI partial molar volume [m3.mol-1]": 9.020751440228955e-05,
        "SEI growth transfer coefficient": 0.3635352596980227,
        "SEI reaction exchange current density [A.m-2]": 1.8143603730260484e-07,
        "SEI resistivity [Ohm.m]": 207873.7349476948,
        "Outer SEI solvent diffusivity [m2.s-1]": 1.6796739659961587e-22,
        "Bulk solvent concentration [mol.m-3]": 2969.588202549071,
        "Inner SEI open-circuit potential [V]": 0.12602860431346768,
        "Outer SEI open-circuit potential [V]": 0.751752079667231,
        "Inner SEI electron conductivity [S.m-1]": 4.535362197773553e-14,
        "Inner SEI lithium interstitial diffusivity [m2.s-1]": 1.418765526397144e-20,
        "Lithium interstitial reference concentration [mol.m-3]": 13.719490311958907,
        "Initial inner SEI thickness [m]": 3.7466218509122e-09,
        "Initial outer SEI thickness [m]": 1.4375677629183802e-09,
        "EC initial concentration in electrolyte [mol.m-3]": 4471.907170084416,
        "EC diffusivity [m2.s-1]": 1.3787109019889574e-18,
        "SEI kinetic rate constant [m.s-1]": 1.3224796101035007e-12,
        "SEI open-circuit potential [V]": 0.45391897035073836,
        "SEI growth activation energy [J.mol-1]": 0.0,
        "Negative electrode reaction-driven LAM factor [m3.mol-1]": 0.0,
        "Positive electrode reaction-driven LAM factor [m3.mol-1]": 0.0,
        "Negative current collector thickness [m]": 2.0421652075668126e-05,
        "Negative electrode thickness [m]": 0.00014384996478895078,
        "Separator thickness [m]": 3.106447078333063e-05,
        "Positive electrode thickness [m]": 8.601310823393933e-05,
        "Positive current collector thickness [m]": 1.809556752168879e-05,
        "Electrode height [m]": 0.13217768002855992,
        "Electrode width [m]": 0.1646312432223239,
        "Negative tab width [m]": 0.05215724618504588,
        "Negative tab centre y-coordinate [m]": 0.06203689348609153,
        "Negative tab centre z-coordinate [m]": 0.11046605939311396,
        "Positive tab width [m]": 0.041462188301122374,
        "Positive tab centre y-coordinate [m]": 0.10981643759832192,
        "Positive tab centre z-coordinate [m]": 0.2006399457623246,
        "Cell cooling surface area [m2]": 0.04358818932334843,
        "Cell volume [m3]": 6.2748044240155045e-06,
        "Negative current collector conductivity [S.m-1]": 59289033.11671505,
        "Positive current collector conductivity [S.m-1]": 37280878.669500716,
        "Negative current collector density [kg.m-3]": 10651.64381102417,
        "Positive current collector density [kg.m-3]": 1940.0345325487856,
        "Negative current collector specific heat capacity [J.kg-1.K-1]": 496.5476577226383,
        "Positive current collector specific heat capacity [J.kg-1.K-1]": 701.0987409297754,
        "Negative current collector thermal conductivity [W.m-1.K-1]": 392.4929077672678,
        "Positive current collector thermal conductivity [W.m-1.K-1]": 285.22944225556046,
        "Nominal cell capacity [A.h]": 0.49323228083841847,
        "Current function [A]": 0.9123259629928198,
        "Contact resistance [Ohm]": 0,
        "Negative electrode conductivity [S.m-1]": 79.57662592040809,
        "Maximum concentration in negative electrode [mol.m-3]": 23096.46870037301,
        "Negative electrode porosity": 0.21581352990636654,
        "Negative electrode active material volume fraction": 0.8579451807443991,
        "Negative particle radius [m]": 7.761605761872305e-06,
        "Negative electrode Bruggeman coefficient (electrolyte)": 1.6405947294075118,
        "Negative electrode Bruggeman coefficient (electrode)": 1.1964697976982699,
        "Negative electrode charge transfer coefficient": 0.3620369228225856,
        "Negative electrode double-layer capacity [F.m-2]": 0.3049423405560571,
        "Negative electrode density [kg.m-3]": 2029.209446447359,
        "Negative electrode specific heat capacity [J.kg-1.K-1]": 501.99994895324596,
        "Negative electrode thermal conductivity [W.m-1.K-1]": 0.953752993221652,
        "Positive electrode conductivity [S.m-1]": 9.666774527718186,
        "Maximum concentration in positive electrode [mol.m-3]": 46591.60646425292,
        "Positive electrode porosity": 0.2108929572855172,
        "Positive electrode active material volume fraction": 0.4599431655971777,
        "Positive particle radius [m]": 8.268409595074843e-06,
        "Positive electrode Bruggeman coefficient (electrolyte)": 1.920929587327618,
        "Positive electrode Bruggeman coefficient (electrode)": 0.9391694661760923,
        "Positive electrode charge transfer coefficient": 0.49968825378496734,
        "Positive electrode double-layer capacity [F.m-2]": 0.18981082818165815,
        "Positive electrode density [kg.m-3]": 2702.249726772496,
        "Positive electrode specific heat capacity [J.kg-1.K-1]": 716.1252726849701,
        "Positive electrode thermal conductivity [W.m-1.K-1]": 1.9943463805499693,
        "Separator porosity": 1.261847446901909,
        "Separator Bruggeman coefficient (electrolyte)": 1.969295571283088,
        "Separator density [kg.m-3]": 340.5034712812809,
        "Separator specific heat capacity [J.kg-1.K-1]": 505.2318913132725,
        "Separator thermal conductivity [W.m-1.K-1]": 0.11345729054317376,
        "Initial concentration in electrolyte [mol.m-3]": 625.5897922678124,
        "Cation transference number": 0.4127391846561984,
        "Thermodynamic factor": 1.2873360493797803,
        "Reference temperature [K]": 352.7870987952634,
        "Ambient temperature [K]": 344.82722714159314,
        "Negative current collector surface heat transfer coefficient [W.m-2.K-1]": 0.0,
        "Positive current collector surface heat transfer coefficient [W.m-2.K-1]": 0.0,
        "Negative tab heat transfer coefficient [W.m-2.K-1]": 11.105719027605243,
        "Positive tab heat transfer coefficient [W.m-2.K-1]": 8.286020022244823,
        "Edge heat transfer coefficient [W.m-2.K-1]": 0.29495116702878604,
        "Total heat transfer coefficient [W.m-2.K-1]": 10.684397201446803,
        "Number of electrodes connected in parallel to make a cell": 1.314964134502182,
        "Number of cells connected in series to make a battery": 0.932728590480024,
        "Lower voltage cut-off [V]": 3.079634921193538,
        "Upper voltage cut-off [V]": 4.067305271612712,
        "Open-circuit voltage at 0% SOC [V]": 3.37335214699866,
        "Open-circuit voltage at 100% SOC [V]": 5.144102865276242,
        "Initial concentration in negative electrode [mol.m-3]": 8061.8375970312445,
        "Initial concentration in positive electrode [mol.m-3]": 28916.488718328746,
        "Initial temperature [K]": 453.26677331338294
    },