{
    "config": {
        "Ideal gas constant [J.K-1.mol-1]": 10.476170039838697,
        "Faraday constant [C.mol-1]": 121932.88695279935,
        "Boltzmann constant [J.K-1]": 1.5656868528343777e-23,
        "Electron charge [C]": 1.0415545640023632e-19,
        "Lithium metal partial molar volume [m3.mol-1]": 1.32180165891755e-05,
        "Lithium plating kinetic rate constant [m.s-1]": 1.3454716054911258e-09,
        "Initial plated lithium concentration [mol.m-3]": 0.0,
        "Typical plated lithium concentration [mol.m-3]": 1085.5704252769865,
        "Lithium plating transfer coefficient": 0.7611163312808089,
        "Dead lithium decay constant [s-1]": 1.076411242294693e-06,
        "Ratio of lithium moles to SEI moles": 0.882072810397643,
        "Inner SEI reaction proportion": 0.0,
        "Inner SEI partial molar volume [m3.mol-1]": 0.0001030236150153296,
        "Outer SEI partial molar volume [m3.mol-1]": 0.00010434256431283547,
        "SEI reaction exchange current density [A.m-2]": 1.0441673791897429e-07,
        "SEI resistivity [Ohm.m]": 179110.9992773274,
        "Outer SEI solvent diffusivity [m2.s-1]": 2.954488655651902e-22,
        "Bulk solvent concentration [mol.m-3]": 1462.1456610722144,
        "Inner SEI open-circuit potential [V]": 0.1793394473700989,
        "Outer SEI open-circuit potential [V]": 0.7952449614643738,
        "Inner SEI electron conductivity [S.m-1]": 1.2289613091487558e-13,
        "Inner SEI lithium interstitial diffusivity [m2.s-1]": 9.497321769033275e-21,
        "Lithium interstitial reference concentration [mol.m-3]": 16.051301711961887,
        "Initial inner SEI thickness [m]": 0.0,
        "Initial outer SEI thickness [m]": 5.667150911960203e-09,
        "EC initial concentration in electrolyte [mol.m-3]": 5168.117979164779,
        "EC diffusivity [m2.s-1]": 2.204264975334597e-18,
        "SEI kinetic rate constant [m.s-1]": 9.422000271183687e-13,
        "SEI open-circuit potential [V]": 0.45384606411608625,
        "SEI growth activation energy [J.mol-1]": 60163.36923522982,
        "Negative electrode reaction-driven LAM factor [m3.mol-1]": 0.0,
        "Positive electrode reaction-driven LAM factor [m3.mol-1]": 0.0,
        "Negative current collector thickness [m]": 1.4220702498661984e-05,
        "Negative electrode thickness [m]": 9.274205839035095e-05,
        "Separator thickness [m]": 1.405816108495242e-05,
        "Positive electrode thickness [m]": 0.00010707249173950729,
        "Positive current collector thickness [m]": 1.2381637096276074e-05,
        "Electrode height [m]": 0.08640454095667309,
        "Electrode width [m]": 1.843252044671622,
        "Cell cooling surface area [m2]": 0.00731703055787702,
        "Cell volume [m3]": 2.1661891844099176e-05,
        "Cell thermal expansion coefficient [m.K-1]": 1.2027142786156075e-06,
        "Negative current collector conductivity [S.m-1]": 63064395.10074124,
        "Positive current collector conductivity [S.m-1]": 37501511.12263406,
        "Negative current collector density [kg.m-3]": 9031.163474488105,
        "Positive current collector density [kg.m-3]": 2355.35027108429,
        "Negative current collector specific heat capacity [J.kg-1.K-1]": 506.08868667084585,
        "Positive current collector specific heat capacity [J.kg-1.K-1]": 1000.8302693986835,
        "Negative current collector thermal conductivity [W.m-1.K-1]": 286.0695552858373,
        "Positive current collector thermal conductivity [W.m-1.K-1]": 315.3635814972036,
        "Nominal cell capacity [A.h]": 4.200965790578874,
        "Current function [A]": 4.462291048203648,
        "Contact resistance [Ohm]": 0,
        "Negative electrode conductivity [S.m-1]": 323.5516101174015,
        "Maximum concentration in negative electrode [mol.m-3]": 37830.367928257554,
        "Negative electrode porosity": 0.3061761575180664,
        "Negative electrode active material volume fraction": 0.5923641763894212,
        "Negative particle radius [m]": 4.1424510240590136e-06,
        "Negative electrode Bruggeman coefficient (electrolyte)": 1.6293330014445175,
        "Negative electrode Bruggeman coefficient (electrode)": 1.591660010005346,
        "Negative electrode charge transfer coefficient": 0.7169347972946346,
        "Negative electrode double-layer capacity [F.m-2]": 0.2856178633716273,
        "Negative electrode density [kg.m-3]": 1989.5836664187743,
        "Negative electrode specific heat capacity [J.kg-1.K-1]": 908.5954632989188,
        "Negative electrode thermal conductivity [W.m-1.K-1]": 1.3758154323377805,
        "Negative electrode OCP entropic change [V.K-1]": 0.0,
        "Negative electrode Poisson's ratio": 0.44820218536915185,
        "Negative electrode Young's modulus [Pa]": 14787140822.100832,
        "Negative electrode reference concentration for free of deformation [mol.m-3]": 0.0,
        "Negative electrode partial molar volume [m3.mol-1]": 2.428358323047907e-06,
        "Negative electrode initial crack length [m]": 2.6437479045066154e-08,
        "Negative electrode initial crack width [m]": 1.3037611429377537e-08,
        "Negative electrode number of cracks per unit area [m-2]": 4942730124136736.0,
        "Negative electrode Paris' law constant b": 1.4197858313249223,
        "Negative electrode Paris' law constant m": 2.272785773186048,
        "Negative electrode LAM constant proportional term [s-1]": 2.2008266160353304e-07,
        "Negative electrode LAM constant exponential term": 2.1989353210416276,
        "Negative electrode critical stress [Pa]": 49281967.130996495,
        "Positive electrode conductivity [S.m-1]": 0.15789791848472848,
        "Maximum concentration in positive electrode [mol.m-3]": 79213.26820798387,
        "Positive electrode porosity": 0.3964128895555929,
        "Positive electrode active material volume fraction": 0.7313497758493556,
        "Positive particle radius [m]": 6.960980594554274e-06,
        "Positive electrode Bruggeman coefficient (electrolyte)": 2.127221535883971,
        "Positive electrode Bruggeman coefficient (electrode)": 2.4114475969904974,
        "Positive electrode charge transfer coefficient": 0.6366518705725859,
        "Positive electrode double-layer capacity [F.m-2]": 0.19756306046896993,
        "Positive electrode density [kg.m-3]": 2218.894907255116,
        "Positive electrode specific heat capacity [J.kg-1.K-1]": 788.6432524453628,
        "Positive electrode thermal conductivity [W.m-1.K-1]": 1.7876843844611439,
        "Positive electrode OCP entropic change [V.K-1]": 0.0,
        "Positive electrode Poisson's ratio": 0.16195569104653354,
        "Positive electrode Young's modulus [Pa]": 461337130247.49567,
        "Positive electrode reference concentration for free of deformation [mol.m-3]": 0.0,
        "Positive electrode partial molar volume [m3.mol-1]": 7.128802799313039e-06,
        "Positive electrode initial crack length [m]": 1.1408788868029832e-08,
        "Positive electrode initial crack width [m]": 1.5961897788086463e-08,
        "Positive electrode number of cracks per unit area [m-2]": 1593648801287961.2,
        "Positive electrode Paris' law constant b": 0.8723570587954289,
        "Positive electrode Paris' law constant m": 3.3122732788910776,
        "Positive electrode LAM constant proportional term [s-1]": 3.1744206641655465e-07,
        "Positive electrode LAM constant exponential term": 2.417123834581218,
        "Positive electrode critical stress [Pa]": 540366842.7724777,
        "Separator porosity": 0.58674381537904,
        "Separator Bruggeman coefficient (electrolyte)": 0.9062560945694459,
        "Separator density [kg.m-3]": 364.6003091227097,
        "Separator specific heat capacity [J.kg-1.K-1]": 863.6904154682159,
        "Separator thermal conductivity [W.m-1.K-1]": 0.19370656784025045,
        "Initial concentration in electrolyte [mol.m-3]": 1047.3631716677876,