{
    "config": {
        "Ideal gas constant [J.K-1.mol-1]": 10.630821482998636,
        "Faraday constant [C.mol-1]": 132103.04495009902,
        "Boltzmann constant [J.K-1]": 1.6793601213510293e-23,
        "Electron charge [C]": 1.4302516132158739e-19,
        "Ratio of lithium moles to SEI moles": 0.7647892440649262,
        "Inner SEI reaction proportion": 0.4715085421325648,
        "Inner SEI partial molar volume [m3.mol-1]": 9.664941250613411e-05,
        "Outer SEI partial molar volume [m3.mol-1]": 9.970085823026658e-05,
        "SEI growth transfer coefficient": 0.4087073169401404,
        "SEI reaction exchange current density [A.m-2]": 1.3932343499692186e-07,
        "SEI resistivity [Ohm.m]": 235246.0450697414,
        "Outer SEI solvent diffusivity [m2.s-1]": 2.762132344285e-22,
        "Bulk solvent concentration [mol.m-3]": 3116.2111811766817,
        "Inner SEI open-circuit potential [V]": 0.10657142505674602,
        "Outer SEI open-circuit potential [V]": 0.9164390084023408,
        "Inner SEI electron conductivity [S.m-1]": 9.027769283255532e-14,
        "Inner SEI lithium interstitial diffusivity [m2.s-1]": 1.2481160014189016e-20,
        "Lithium interstitial reference concentration [mol.m-3]": 12.551715758562683,
        "Initial inner SEI thickness [m]": 1.4410100397252079e-09,
        "Initial outer SEI thickness [m]": 1.5702782168598044e-09,
        "EC initial concentration in electrolyte [mol.m-3]": 2532.6737379880233,
        "EC diffusivity [m2.s-1]": 1.719743339122513e-18,
        "SEI kinetic rate constant [m.s-1]": 1.0548654186767088e-12,
        "SEI open-circuit potential [V]": 0.4006077414765136,
        "SEI growth activation energy [J.mol-1]": 0.0,
        "Negative electrode reaction-driven LAM factor [m3.mol-1]": 0.0,
        "Positive electrode reaction-driven LAM factor [m3.mol-1]": 0.0,
        "Negative current collector thickness [m]": 3.207920587048168e-05,
        "Negative electrode thickness [m]": 0.00010266302627087392,
        "Separator thickness [m]": 2.4187664356069737e-05,
        "Positive electrode thickness [m]": 0.00010711879690787114,
        "Positive current collector thickness [m]": 1.651195848083061e-05,
        "Electrode height [m]": 0.16235789998641453,
        "Electrode width [m]": 0.25610808098780874,
        "Negative tab width [m]": 0.023883975437595004,
        "Negative tab centre y-coordinate [m]": 0.03516092115526226,
        "Negative tab centre z-coordinate [m]": 0.1505021012668668,
        "Positive tab width [m]": 0.027038469041145766,
        "Positive tab centre y-coordinate [m]": 0.1230626905550625,
        "Positive tab centre z-coordinate [m]": 0.05667411022593252,
        "Cell cooling surface area [m2]": 0.037835421138288486,
        "Cell volume [m3]": 7.050067171609261e-06,
        "Negative current collector conductivity [S.m-1]": 68702251.0968445,
        "Positive current collector conductivity [S.m-1]": 40174428.45767133,
        "Negative current collector density [kg.m-3]": 8254.256122171673,
        "Positive current collector density [kg.m-3]": 2363.284507910429,
        "Negative current collector specific heat capacity [J.kg-1.K-1]": 440.4975302216016,
        "Positive current collector specific heat capacity [J.kg-1.K-1]": 950.9030294616401,
        "Negative current collector thermal conductivity [W.m-1.K-1]": 320.31851062312785,
        "Positive current collector thermal conductivity [W.m-1.K-1]": 166.5491013865098,
        "Nominal cell capacity [A.h]": 0.6947851378736066,
        "Current function [A]": 0.8366821254792157,
        "Contact resistance [Ohm]": 0,
        "Negative electrode conductivity [S.m-1]": 74.20418685226595,
        "Maximum concentration in negative electrode [mol.m-3]": 31250.296452676717,
        "Negative electrode porosity": 0.29889856477425086,
        "Negative electrode active material volume fraction": 0.7116144263174133,
        "Negative particle radius [m]": 1.729350361857884e-05,
        "Negative electrode Bruggeman coefficient (electrolyte)": 1.6132111123862245,
        "Negative electrode Bruggeman coefficient (electrode)": 0.2650691966119987,
        "Negative electrode charge transfer coefficient": 0.6445818191530979,
        "Negative electrode double-layer capacity [F.m-2]": 0.1591249353222698,
        "Negative electrode density [kg.m-3]": 2078.247492216371,
        "Negative electrode specific heat capacity [J.kg-1.K-1]": 715.2319001612101,
        "Negative electrode thermal conductivity [W.m-1.K-1]": 1.3458800334221463,
        "Positive electrode conductivity [S.m-1]": 8.165630878302462,
        "Maximum concentration in positive electrode [mol.m-3]": 65545.65964521274,
        "Positive electrode porosity": 0.3689099529987896,
        "Positive electrode active material volume fraction": 0.5147078429073377,
        "Positive particle radius [m]": 7.776871918351841e-06,
        "Positive electrode Bruggeman coefficient (electrolyte)": 1.2960445985412772,
        "Positive electrode Bruggeman coefficient (electrode)": 1.5746812574872067,
        "Positive electrode charge transfer coefficient": 0.6537044278856792,
        "Positive electrode double-layer capacity [F.m-2]": 0.148397180610996,
        "Positive electrode density [kg.m-3]": 2593.719736507575,
        "Positive electrode specific heat capacity [J.kg-1.K-1]": 699.471514951368,
        "Positive electrode thermal conductivity [W.m-1.K-1]": 2.2448173516348717,
        "Separator porosity": 1.083546103188184,
        "Separator Bruggeman coefficient (electrolyte)": 1.4613188377166855,
        "Separator density [kg.m-3]": 440.3003108158256,
        "Separator specific heat capacity [J.kg-1.K-1]": 943.1933030101825,
        "Separator thermal conductivity [W.m-1.K-1]": 0.14629504064825083,
        "Initial concentration in electrolyte [mol.m-3]": 1244.5207779559498,
        "Cation transference number": 0.4114463103851227,
        "Thermodynamic factor": 0.9255593386091286,
        "Reference temperature [K]": 385.2189588347412,
        "Ambient temperature [K]": 319.8551657045268,
        "Negative current collector surface heat transfer coefficient [W.m-2.K-1]": 0.0,
        "Positive current collector surface heat transfer coefficient [W.m-2.K-1]": 0.0,
        "Negative tab heat transfer coefficient [W.m-2.K-1]": 10.595628849265646,
        "Positive tab heat transfer coefficient [W.m-2.K-1]": 11.204875862518621,
        "Edge heat transfer coefficient [W.m-2.K-1]": 0.2957876843578976,
        "Total heat transfer coefficient [W.m-2.K-1]": 11.712323073769678,
        "Number of electrodes connected in parallel to make a cell": 0.9010787571604635,
        "Number of cells connected in series to make a battery": 1.1694131155196636,
        "Lower voltage cut-off [V]": 2.5402573599352536,
        "Upper voltage cut-off [V]": 5.492227673991999,
        "Open-circuit voltage at 0% SOC [V]": 3.1074150612313276,
        "Open-circuit voltage at 100% SOC [V]": 3.5607346858076565,
        "Initial concentration in negative electrode [mol.m-3]": 26235.11701239182,
        "Initial concentration in positive electrode [mol.m-3]": 25510.482461071417,
        "Initial temperature [K]": 329.08591913106864
    },