{
    "config": {
        "Ideal gas constant [J.K-1.mol-1]": 9.323265799417616,
        "Faraday constant [C.mol-1]": 89681.26766121286,
        "Boltzmann constant [J.K-1]": 1.6157127584244506e-23,
        "Electron charge [C]": 1.7407286311656553e-19,
        "Ratio of lithium moles to SEI moles": 1.9164277166933006,
        "Inner SEI reaction proportion": 0.6053510885542798,
        "Inner SEI partial molar volume [m3.mol-1]": 9.654304112109083e-05,
        "Outer SEI partial molar volume [m3.mol-1]": 9.295535141392906e-05,
        "SEI reaction exchange current density [A.m-2]": 1.5634591038712798e-06,
        "SEI resistivity [Ohm.m]": 208888.9690676714,
        "Outer SEI solvent diffusivity [m2.s-1]": 2.7089051057293565e-22,
        "Bulk solvent concentration [mol.m-3]": 2096.9902613242893,
        "Inner SEI open-circuit potential [V]": 0.07074080721856815,
        "Outer SEI open-circuit potential [V]": 0.9818211167435755,
        "Inner SEI electron conductivity [S.m-1]": 7.945786366452991e-14,
        "Inner SEI lithium interstitial diffusivity [m2.s-1]": 9.887448224529483e-21,
        "Lithium interstitial reference concentration [mol.m-3]": 13.689713810439754,
        "Initial inner SEI thickness [m]": 2.8148321439834387e-09,
        "Initial outer SEI thickness [m]": 2.9087350126740337e-09,
        "EC initial concentration in electrolyte [mol.m-3]": 4179.864777242799,
        "EC diffusivity [m2.s-1]": 2.084288055442084e-18,
        "SEI kinetic rate constant [m.s-1]": 9.688590154942276e-13,
        "SEI open-circuit potential [V]": 0.0,
        "SEI growth activation energy [J.mol-1]": 0.0,
        "Negative current collector thickness [m]": 1.5903041328216877e-05,
        "Negative electrode thickness [m]": 8.979217509059794e-05,
        "Separator thickness [m]": 1.8555800854877963e-05,
        "Positive electrode thickness [m]": 7.558705957996133e-05,
        "Positive current collector thickness [m]": 2.1922788818259404e-05,
        "Electrode height [m]": 0.06279303189631084,
        "Electrode width [m]": 1.1702583015475732,
        "Negative tab width [m]": 0.0367854170681888,
        "Negative tab centre y-coordinate [m]": 0.07217184176415152,
        "Negative tab centre z-coordinate [m]": 0.13982660265285715,
        "Positive tab width [m]": 0.033129011544980706,
        "Positive tab centre y-coordinate [m]": 0.15653459516308788,
        "Positive tab centre z-coordinate [m]": 0.1312775025502408,
        "Negative current collector conductivity [S.m-1]": 65855290.091175854,
        "Positive current collector conductivity [S.m-1]": 34095654.82036799,
        "Negative current collector density [kg.m-3]": 10340.216377446228,
        "Positive current collector density [kg.m-3]": 2669.5213759864478,
        "Negative current collector specific heat capacity [J.kg-1.K-1]": 444.99271315353445,
        "Positive current collector specific heat capacity [J.kg-1.K-1]": 1003.970049103554,
        "Negative current collector thermal conductivity [W.m-1.K-1]": 370.08414719056543,
        "Positive current collector thermal conductivity [W.m-1.K-1]": 229.89085941224266,
        "Nominal cell capacity [A.h]": 1.1530084394161064,
        "Current function [A]": 1.0442166721077328,
        "Contact resistance [Ohm]": 0,
        "Negative electrode conductivity [S.m-1]": 95.97631535123254,
        "Maximum concentration in negative electrode [mol.m-3]": 32710.4432302466,
        "Negative electrode porosity": 0.44063223365147713,
        "Negative electrode active material volume fraction": 0.47058202004087396,
        "Negative particle radius [m]": 1.862345685720801e-06,
        "Negative electrode Bruggeman coefficient (electrolyte)": 4.438401380412843,
        "Negative electrode Bruggeman coefficient (electrode)": 4.0532080383825875,
        "Negative electrode charge transfer coefficient": 0.5166986853228558,
        "Negative electrode double-layer capacity [F.m-2]": 0.15469799132048392,
        "Negative electrode density [kg.m-3]": 1390.2913637144188,
        "Negative electrode specific heat capacity [J.kg-1.K-1]": 653.2423591807277,
        "Negative electrode thermal conductivity [W.m-1.K-1]": 1.733239732092103,
        "Positive electrode conductivity [S.m-1]": 111.30844664851887,
        "Maximum concentration in positive electrode [mol.m-3]": 48420.094939801034,
        "Positive electrode porosity": 0.3304409443400093,
        "Positive electrode active material volume fraction": 0.611887806001958,
        "Positive particle radius [m]": 2.1307827997400014e-06,
        "Positive electrode Bruggeman coefficient (electrolyte)": 4.891376734197919,
        "Positive electrode Bruggeman coefficient (electrode)": 5.350377822692734,
        "Positive electrode charge transfer coefficient": 0.5356939195476189,
        "Positive electrode double-layer capacity [F.m-2]": 0.183726728680417,
        "Positive electrode density [kg.m-3]": 3333.691838640252,
        "Positive electrode specific heat capacity [J.kg-1.K-1]": 741.1848724754759,
        "Positive electrode thermal conductivity [W.m-1.K-1]": 1.6555531377273773,
        "Separator porosity": 0.48312949630485247,
        "Separator Bruggeman coefficient (electrolyte)": 1.9324672716404065,
        "Separator density [kg.m-3]": 789.1293930627352,
        "Separator specific heat capacity [J.kg-1.K-1]": 2077.8405885273437,
        "Separator thermal conductivity [W.m-1.K-1]": 0.40661246917340543,
        "Initial concentration in electrolyte [mol.m-3]": 1239.1530189221924,
        "Cation transference number": 0.45778183885085905,
        "Thermodynamic factor": 1.0014559709772617,
        "Reference temperature [K]": 374.5571277433569,
        "Ambient temperature [K]": 269.2787730201841,
        "Negative current collector surface heat transfer coefficient [W.m-2.K-1]": 0.0,
        "Positive current collector surface heat transfer coefficient [W.m-2.K-1]": 0.0,
        "Negative tab heat transfer coefficient [W.m-2.K-1]": 8.638441176123134,
        "Positive tab heat transfer coefficient [W.m-2.K-1]": 9.237107136709856,
        "Edge heat transfer coefficient [W.m-2.K-1]": 0.2795514083619492,
        "Number of electrodes connected in parallel to make a cell": 0.9913187154163813,
        "Number of cells connected in series to make a battery": 0.8838695371392463,
        "Lower voltage cut-off [V]": 1.967013450465005,
        "Upper voltage cut-off [V]": 4.172980685428361,
        "Open-circuit voltage at 0% SOC [V]": 2.6942434764972707,
        "Open-circuit voltage at 100% SOC [V]": 3.500440107262439,
        "Initial concentration in negative electrode [mol.m-3]": 26560.555183482793,
        "Initial concentration in positive electrode [mol.m-3]": 23974.825807967598,
        "Initial temperature [K]": 251.3286796672824
    },