{
    "config": {
        "Ideal gas constant [J.K-1.mol-1]": 8.1667655541703,
        "Faraday constant [C.mol-1]": 80227.32721488056,
        "Boltzmann constant [J.K-1]": 1.2767043825905514e-23,
        "Electron charge [C]": 1.6294916694118005e-19,
        "Ratio of lithium moles to SEI moles": 1.8430042241432107,
        "Inner SEI reaction proportion": 0.4131016146283477,
        "Inner SEI partial molar volume [m3.mol-1]": 8.482589508524734e-05,
        "Outer SEI partial molar volume [m3.mol-1]": 6.858197183599331e-05,
        "SEI reaction exchange current density [A.m-2]": 1.569171408813852e-06,
        "SEI resistivity [Ohm.m]": 204079.70966786248,
        "Outer SEI solvent diffusivity [m2.s-1]": 2.2997671338970196e-22,
        "Bulk solvent concentration [mol.m-3]": 2541.7160456640063,
        "Inner SEI open-circuit potential [V]": 0.11912978562345841,
        "Outer SEI open-circuit potential [V]": 0.8403036683048168,
        "Inner SEI electron conductivity [S.m-1]": 9.680505714085839e-14,
        "Inner SEI lithium interstitial diffusivity [m2.s-1]": 1.0009905802543888e-20,
        "Lithium interstitial reference concentration [mol.m-3]": 17.651600397260474,
        "Initial inner SEI thickness [m]": 2.4011226625759405e-09,
        "Initial outer SEI thickness [m]": 2.6846528780894777e-09,
        "EC initial concentration in electrolyte [mol.m-3]": 4656.403997673826,
        "EC diffusivity [m2.s-1]": 2.008382367650261e-18,
        "SEI kinetic rate constant [m.s-1]": 1.0221265118504494e-12,
        "SEI open-circuit potential [V]": 0.0,
        "SEI growth activation energy [J.mol-1]": 0.0,
        "Negative current collector thickness [m]": 1.0614705218850476e-05,
        "Negative electrode thickness [m]": 8.399555931699681e-05,
        "Separator thickness [m]": 2.326127206311009e-05,
        "Positive electrode thickness [m]": 7.916526414235985e-05,
        "Positive current collector thickness [m]": 2.3239270723733188e-05,
        "Electrode height [m]": 0.0543577693737774,
        "Electrode width [m]": 1.1443542952100365,
        "Negative tab width [m]": 0.03516572908934818,
        "Negative tab centre y-coordinate [m]": 0.04174541586217863,
        "Negative tab centre z-coordinate [m]": 0.11922234082974598,
        "Positive tab width [m]": 0.04786957319517669,
        "Positive tab centre y-coordinate [m]": 0.16890726296091396,
        "Positive tab centre z-coordinate [m]": 0.11329735647059457,
        "Negative current collector conductivity [S.m-1]": 52617391.281443685,
        "Positive current collector conductivity [S.m-1]": 42469591.89743796,
        "Negative current collector density [kg.m-3]": 10635.725080010576,
        "Positive current collector density [kg.m-3]": 3161.434606069653,
        "Negative current collector specific heat capacity [J.kg-1.K-1]": 333.43908791655207,
        "Positive current collector specific heat capacity [J.kg-1.K-1]": 816.2602022123205,
        "Negative current collector thermal conductivity [W.m-1.K-1]": 382.32708797379655,
        "Positive current collector thermal conductivity [W.m-1.K-1]": 223.36931501973027,
        "Nominal cell capacity [A.h]": 0.9520680056623811,
        "Current function [A]": 0.8504545840161948,
        "Contact resistance [Ohm]": 0,
        "Negative electrode conductivity [S.m-1]": 134.86032373324858,
        "Maximum concentration in negative electrode [mol.m-3]": 34225.976403781,
        "Negative electrode porosity": 0.4908759978572432,
        "Negative electrode active material volume fraction": 0.5022898175127835,
        "Negative particle radius [m]": 1.6224521546038365e-06,
        "Negative electrode Bruggeman coefficient (electrolyte)": 3.6327863052491813,
        "Negative electrode Bruggeman coefficient (electrode)": 3.673714041380421,
        "Negative electrode charge transfer coefficient": 0.614987465977652,
        "Negative electrode double-layer capacity [F.m-2]": 0.2117358225340455,
        "Negative electrode density [kg.m-3]": 1618.316515739622,
        "Negative electrode specific heat capacity [J.kg-1.K-1]": 707.5699853326281,
        "Negative electrode thermal conductivity [W.m-1.K-1]": 1.2668255580506567,
        "Positive electrode conductivity [S.m-1]": 105.93180880376579,
        "Maximum concentration in positive electrode [mol.m-3]": 48625.63232866021,
        "Positive electrode porosity": 0.35699294060750475,
        "Positive electrode active material volume fraction": 0.6264590182234568,
        "Positive particle radius [m]": 1.771335462549403e-06,
        "Positive electrode Bruggeman coefficient (electrolyte)": 4.698503847761561,
        "Positive electrode Bruggeman coefficient (electrode)": 3.3667238153216523,
        "Positive electrode charge transfer coefficient": 0.6524877370165554,
        "Positive electrode double-layer capacity [F.m-2]": 0.2206431674718081,
        "Positive electrode density [kg.m-3]": 4022.8843119864764,
        "Positive electrode specific heat capacity [J.kg-1.K-1]": 1003.4080248803964,
        "Positive electrode thermal conductivity [W.m-1.K-1]": 1.9799332614098215,
        "Separator porosity": 0.6424944157994091,
        "Separator Bruggeman coefficient (electrolyte)": 2.509874886282938,
        "Separator density [kg.m-3]": 990.5394050209362,
        "Separator specific heat capacity [J.kg-1.K-1]": 2162.7487446137234,
        "Separator thermal conductivity [W.m-1.K-1]": 0.34874989948211804,
        "Initial concentration in electrolyte [mol.m-3]": 755.9379051478611,
        "Cation transference number": 0.3842831044368945,
        "Thermodynamic factor": 0.9256287287791639,
        "Reference temperature [K]": 270.56944553330754,
        "Ambient temperature [K]": 374.18691450534897,
        "Negative current collector surface heat transfer coefficient [W.m-2.K-1]": 0.0,
        "Positive current collector surface heat transfer coefficient [W.m-2.K-1]": 0.0,
        "Negative tab heat transfer coefficient [W.m-2.K-1]": 9.231965073762646,
        "Positive tab heat transfer coefficient [W.m-2.K-1]": 10.03718561832892,
        "Edge heat transfer coefficient [W.m-2.K-1]": 0.24063196995601643,
        "Number of electrodes connected in parallel to make a cell": 0.8665548014316612,
        "Number of cells connected in series to make a battery": 1.2667201109234023,
        "Lower voltage cut-off [V]": 2.644525703847185,
        "Upper voltage cut-off [V]": 4.576371765002703,
        "Open-circuit voltage at 0% SOC [V]": 2.678336967805453,
        "Open-circuit voltage at 100% SOC [V]": 3.6901035377681852,
        "Initial concentration in negative electrode [mol.m-3]": 23165.37346809421,
        "Initial concentration in positive electrode [mol.m-3]": 27035.5817366473,
        "Initial temperature [K]": 321.44227020674913
    },