{
    "config": {
        "Ideal gas constant [J.K-1.mol-1]": 11.934079340594161,
        "Faraday constant [C.mol-1]": 136925.4539933086,
        "Boltzmann constant [J.K-1]": 2.178671359519027e-23,
        "Electron charge [C]": 2.3764286768598387e-19,
        "Ratio of lithium moles to SEI moles": 1.8580952983980583,
        "Inner SEI reaction proportion": 0.4877441781468385,
        "Inner SEI partial molar volume [m3.mol-1]": 6.873446936091723e-05,
        "Outer SEI partial molar volume [m3.mol-1]": 0.00011548583774818629,
        "SEI reaction exchange current density [A.m-2]": 1.0260162787835054e-07,
        "SEI resistivity [Ohm.m]": 232526.63111387534,
        "Outer SEI solvent diffusivity [m2.s-1]": 3.520171054289822e-22,
        "Bulk solvent concentration [mol.m-3]": 4293.486223377299,
        "Inner SEI open-circuit potential [V]": 0.08759040588445711,
        "Outer SEI open-circuit potential [V]": 0.6393994712751577,
        "Inner SEI electron conductivity [S.m-1]": 1.1165408352234273e-13,
        "Inner SEI lithium interstitial diffusivity [m2.s-1]": 1.401004434593661e-20,
        "Lithium interstitial reference concentration [mol.m-3]": 13.115513300153648,
        "Initial inner SEI thickness [m]": 4.5554120387803305e-10,
        "Initial outer SEI thickness [m]": 2.073994669883799e-09,
        "EC initial concentration in electrolyte [mol.m-3]": 5470.41735060825,
        "EC diffusivity [m2.s-1]": 2.8719721043139475e-18,
        "SEI kinetic rate constant [m.s-1]": 1.0865150822129635e-12,
        "SEI open-circuit potential [V]": 0.49182252938335314,
        "SEI growth activation energy [J.mol-1]": 0.0,
        "Negative electrode reaction-driven LAM factor [m3.mol-1]": 0.0,
        "Positive electrode reaction-driven LAM factor [m3.mol-1]": 0.0,
        "Negative current collector thickness [m]": 9.244439644104286e-06,
        "Negative electrode thickness [m]": 5.3309907077482544e-05,
        "Separator thickness [m]": 2.352853737628577e-05,
        "Positive electrode thickness [m]": 5.398140430348862e-05,
        "Positive current collector thickness [m]": 1.2919617430980937e-05,
        "Electrode height [m]": 0.027694414435480232,
        "Electrode width [m]": 0.055096728209385985,
        "Cell cooling surface area [m2]": 0.007066180269084947,
        "Cell volume [m3]": 1.7724809155311807e-05,
        "Cell emissivity": 0.9442693361307258,
        "Cell thermal expansion coefficient [m.K-1]": 1.1358056877168423e-06,
        "Negative current collector conductivity [S.m-1]": 65441966.71847077,
        "Positive current collector conductivity [S.m-1]": 34273840.49419792,
        "Negative current collector density [kg.m-3]": 3540.3425692839373,
        "Positive current collector density [kg.m-3]": 1892.5253044251535,
        "Negative current collector specific heat capacity [J.kg-1.K-1]": 303.33413149168587,
        "Positive current collector specific heat capacity [J.kg-1.K-1]": 777.9727433846795,
        "Negative current collector thermal conductivity [W.m-1.K-1]": 397.04562149291996,
        "Positive current collector thermal conductivity [W.m-1.K-1]": 182.6955921080727,
        "Nominal cell capacity [A.h]": 1.9477760707506602,
        "Current function [A]": 2.727920512674297,
        "Contact resistance [Ohm]": 0,
        "Negative electrode conductivity [S.m-1]": 160.6432490806186,
        "Maximum concentration in negative electrode [mol.m-3]": 26762.871109686643,
        "Negative electrode porosity": 0.4122260018998153,
        "Negative electrode active material volume fraction": 0.5259903314174553,
        "Negative particle radius [m]": 4.076352965062315e-06,
        "Negative electrode Bruggeman coefficient (electrolyte)": 3.361788176790699,
        "Negative electrode Bruggeman coefficient (electrode)": 0.0,
        "Negative electrode charge transfer coefficient": 0.6831408494031914,
        "Negative electrode double-layer capacity [F.m-2]": 0.16970707716566957,
        "Negative electrode density [kg.m-3]": 2332.984341958364,
        "Negative electrode specific heat capacity [J.kg-1.K-1]": 772.5498219425805,
        "Negative electrode thermal conductivity [W.m-1.K-1]": 0.8532062212231019,
        "Negative electrode Poisson's ratio": 0.3549114094113747,
        "Negative electrode Young's modulus [Pa]": 21099496629.33809,
        "Negative electrode reference concentration for free of deformation [mol.m-3]": 0.0,
        "Negative electrode partial molar volume [m3.mol-1]": 2.687936946102573e-06,
        "Negative electrode initial crack length [m]": 2.454587836234137e-08,
        "Negative electrode initial crack width [m]": 1.879232051093667e-08,
        "Negative electrode number of cracks per unit area [m-2]": 2832927115244567.0,
        "Negative electrode Paris' law constant b": 1.355738203868356,
        "Negative electrode Paris' law constant m": 1.3366338647560543,
        "Negative electrode activation energy for cracking rate [J.mol-1]": 0.0,
        "Negative electrode LAM constant proportional term [s-1]": 0.0,
        "Negative electrode LAM constant exponential term": 1.1926673242839458,
        "Negative electrode critical stress [Pa]": 74909523.24276382,
        "Positive electrode conductivity [S.m-1]": 8.5869737067304,
        "Maximum concentration in positive electrode [mol.m-3]": 51775.72657214015,
        "Positive electrode porosity": 0.19991199604049686,
        "Positive electrode active material volume fraction": 0.39101571583637673,
        "Positive particle radius [m]": 3.2800548637017782e-06,
        "Positive electrode surface area to volume ratio [m-1]": 844399.1058936623,
        "Positive electrode Bruggeman coefficient (electrolyte)": 2.378296930083552,
        "Positive electrode Bruggeman coefficient (electrode)": 0.0,
        "Positive electrode charge transfer coefficient": 0.47426743752864076,
        "Positive electrode double-layer capacity [F.m-2]": 0.1938449406204248,
        "Positive electrode density [kg.m-3]": 2243.4432697931747,
        "Positive electrode specific heat capacity [J.kg-1.K-1]": 1632.5359887578848,
        "Positive electrode thermal conductivity [W.m-1.K-1]": 1.6887510237806822,
        "Positive electrode Poisson's ratio": 0.2834764781603123,
        "Positive electrode Young's modulus [Pa]": 261136659155.6012,
        "Positive electrode reference concentration for free of deformation [mol.m-3]": 0.0,
        "Positive electrode partial molar volume [m3.mol-1]": 3.570475167126801e-09,
        "Positive electrode initial crack length [m]": 1.963891197088936e-08,
        "Positive electrode initial crack width [m]": 1.656446949608667e-08,
        "Positive electrode number of cracks per unit area [m-2]": 2789855377274559.0,
        "Positive electrode Paris' law constant b": 0.9137818985702557,
        "Positive electrode Paris' law constant m": 2.519843701513007,
        "Positive electrode activation energy for cracking rate [J.mol-1]": 0.0,
        "Positive electrode LAM constant proportional term [s-1]": 3.3093071860703356e-13,
        "Positive electrode LAM constant exponential term": 3.0008847526384383,
        "Positive electrode critical stress [Pa]": 370586369.71145105,
        "Separator porosity": 0.43847023468406665,
        "Separator Bruggeman coefficient (electrolyte)": 1.7123360815838757,
        "Separator density [kg.m-3]": 2881.393898681245,
        "Separator specific heat capacity [J.kg-1.K-1]": 1210.9202512662162,
        "Separator thermal conductivity [W.m-1.K-1]": 0.383866961894887,
        "Initial concentration in electrolyte [mol.m-3]": 789.6038666372369,
        "Cation transference number": 0.5666882369800998,
        "Reference temperature [K]": 347.49839489898727,
        "Total heat transfer coefficient [W.m-2.K-1]": 17.304712457563543,
        "Ambient temperature [K]": 291.47489242638585,
        "Number of electrodes connected in parallel to make a cell": 34.4663639751261,