{
    "config": {
        "Ideal gas constant [J.K-1.mol-1]": 7.254353721753809,
        "Faraday constant [C.mol-1]": 117310.91949081338,
        "Boltzmann constant [J.K-1]": 1.3795653201615562e-23,
        "Electron charge [C]": 1.7700419800949895e-19,
        "Ratio of lithium moles to SEI moles": 1.6164120889953912,
        "Inner SEI reaction proportion": 0.5371588418256034,
        "Inner SEI partial molar volume [m3.mol-1]": 0.00010086055116302778,
        "Outer SEI partial molar volume [m3.mol-1]": 8.233303689606713e-05,
        "SEI reaction exchange current density [A.m-2]": 1.8162345497694182e-06,
        "SEI resistivity [Ohm.m]": 196998.89656820422,
        "Outer SEI solvent diffusivity [m2.s-1]": 3.161218743650589e-22,
        "Bulk solvent concentration [mol.m-3]": 2149.3527140127608,
        "Inner SEI open-circuit potential [V]": 0.10747669336331304,
        "Outer SEI open-circuit potential [V]": 0.7777872902624795,
        "Inner SEI electron conductivity [S.m-1]": 8.590265278553312e-14,
        "Inner SEI lithium interstitial diffusivity [m2.s-1]": 1.015719305502199e-20,
        "Lithium interstitial reference concentration [mol.m-3]": 13.869832611243098,
        "Initial inner SEI thickness [m]": 2.9041452998660066e-09,
        "Initial outer SEI thickness [m]": 2.1006576531787816e-09,
        "EC initial concentration in electrolyte [mol.m-3]": 5722.5627469805395,
        "EC diffusivity [m2.s-1]": 2.1613810003778173e-18,
        "SEI kinetic rate constant [m.s-1]": 9.902212506310717e-13,
        "SEI open-circuit potential [V]": 0.0,
        "SEI growth activation energy [J.mol-1]": 0.0,
        "Negative current collector thickness [m]": 2.0432414391666825e-05,
        "Negative electrode thickness [m]": 9.149156189760835e-05,
        "Separator thickness [m]": 2.2107863578439533e-05,
        "Positive electrode thickness [m]": 8.478045072618853e-05,
        "Positive current collector thickness [m]": 2.2445261083347375e-05,
        "Electrode height [m]": 0.06764114958522516,
        "Electrode width [m]": 1.0136025177388068,
        "Negative tab width [m]": 0.03855207719759239,
        "Negative tab centre y-coordinate [m]": 0.058035857858007724,
        "Negative tab centre z-coordinate [m]": 0.13836711382590178,
        "Positive tab width [m]": 0.05026265632215204,
        "Positive tab centre y-coordinate [m]": 0.1441685876984099,
        "Positive tab centre z-coordinate [m]": 0.1464678161182179,
        "Negative current collector conductivity [S.m-1]": 62170286.46800012,
        "Positive current collector conductivity [S.m-1]": 33179532.775947638,
        "Negative current collector density [kg.m-3]": 10527.537472136217,
        "Positive current collector density [kg.m-3]": 2506.402316490784,
        "Negative current collector specific heat capacity [J.kg-1.K-1]": 267.40071453937765,
        "Positive current collector specific heat capacity [J.kg-1.K-1]": 1048.6505946984935,
        "Negative current collector thermal conductivity [W.m-1.K-1]": 396.3049658497973,
        "Positive current collector thermal conductivity [W.m-1.K-1]": 232.02832639996055,
        "Nominal cell capacity [A.h]": 0.841369812545752,
        "Current function [A]": 0.9539838114158803,
        "Contact resistance [Ohm]": 0,
        "Negative electrode conductivity [S.m-1]": 113.44511060715537,
        "Maximum concentration in negative electrode [mol.m-3]": 39558.213393496066,
        "Negative electrode porosity": 0.3633207196608858,
        "Negative electrode active material volume fraction": 0.5200839250002466,
        "Negative particle radius [m]": 1.7232278133251612e-06,
        "Negative electrode Bruggeman coefficient (electrolyte)": 4.069416310278765,
        "Negative electrode Bruggeman coefficient (electrode)": 3.475795736071258,
        "Negative electrode charge transfer coefficient": 0.5226253523656785,
        "Negative electrode double-layer capacity [F.m-2]": 0.2001140471464755,
        "Negative electrode density [kg.m-3]": 1441.0280801314198,
        "Negative electrode specific heat capacity [J.kg-1.K-1]": 627.5163750524907,
        "Negative electrode thermal conductivity [W.m-1.K-1]": 2.1538531269978822,
        "Positive electrode conductivity [S.m-1]": 102.3906070257145,
        "Maximum concentration in positive electrode [mol.m-3]": 46326.82494837867,
        "Positive electrode porosity": 0.37231278551977026,
        "Positive electrode active material volume fraction": 0.577645542726272,
        "Positive particle radius [m]": 2.3769023474250507e-06,
        "Positive electrode Bruggeman coefficient (electrolyte)": 3.9420177438524147,
        "Positive electrode Bruggeman coefficient (electrode)": 4.526114863683204,
        "Positive electrode charge transfer coefficient": 0.4482952982607243,
        "Positive electrode double-layer capacity [F.m-2]": 0.23487551390349476,
        "Positive electrode density [kg.m-3]": 3427.391363658749,
        "Positive electrode specific heat capacity [J.kg-1.K-1]": 717.088764229484,
        "Positive electrode thermal conductivity [W.m-1.K-1]": 2.41244284224141,
        "Separator porosity": 0.5013115656830731,
        "Separator Bruggeman coefficient (electrolyte)": 2.1919307657291354,
        "Separator density [kg.m-3]": 954.8617752096492,
        "Separator specific heat capacity [J.kg-1.K-1]": 1630.6482572244847,
        "Separator thermal conductivity [W.m-1.K-1]": 0.4110828618998048,
        "Initial concentration in electrolyte [mol.m-3]": 1258.042674578327,
        "Cation transference number": 0.35668321290470856,
        "Thermodynamic factor": 0.8689879256952698,
        "Reference temperature [K]": 297.5956379072666,
        "Ambient temperature [K]": 334.257811333786,
        "Negative current collector surface heat transfer coefficient [W.m-2.K-1]": 0.0,
        "Positive current collector surface heat transfer coefficient [W.m-2.K-1]": 0.0,
        "Negative tab heat transfer coefficient [W.m-2.K-1]": 8.366912989000284,
        "Positive tab heat transfer coefficient [W.m-2.K-1]": 12.392355219794092,
        "Edge heat transfer coefficient [W.m-2.K-1]": 0.3272592192460863,
        "Number of electrodes connected in parallel to make a cell": 1.1488548794921751,
        "Number of cells connected in series to make a battery": 1.1121173700019598,
        "Lower voltage cut-off [V]": 1.8781364923916444,
        "Upper voltage cut-off [V]": 4.023372902343761,
        "Open-circuit voltage at 0% SOC [V]": 3.1575962711646195,
        "Open-circuit voltage at 100% SOC [V]": 4.2554293831620695,
        "Initial concentration in negative electrode [mol.m-3]": 22010.04442761588,
        "Initial concentration in positive electrode [mol.m-3]": 25740.16130612796,
        "Initial temperature [K]": 288.73737124192456
    },