{
    "config": {
        "Ideal gas constant [J.K-1.mol-1]": 7.707485583406971,
        "Faraday constant [C.mol-1]": 85440.16165549881,
        "Boltzmann constant [J.K-1]": 1.53246269387454e-23,
        "Electron charge [C]": 1.8341387653695249e-19,
        "Lithium metal partial molar volume [m3.mol-1]": 2.043271039985105e-05,
        "Lithium plating kinetic rate constant [m.s-1]": 1.2053650498966093e-09,
        "Initial plated lithium concentration [mol.m-3]": 0.0,
        "Typical plated lithium concentration [mol.m-3]": 1384.5785784061195,
        "Lithium plating transfer coefficient": 0.773771307109455,
        "Dead lithium decay constant [s-1]": 9.652390732201094e-07,
        "Ratio of lithium moles to SEI moles": 1.04550617932128,
        "Inner SEI reaction proportion": 0.0,
        "Inner SEI partial molar volume [m3.mol-1]": 0.0001169299614933604,
        "Outer SEI partial molar volume [m3.mol-1]": 8.210545665592325e-05,
        "SEI reaction exchange current density [A.m-2]": 1.1860807313561995e-07,
        "SEI resistivity [Ohm.m]": 182413.2129859222,
        "Outer SEI solvent diffusivity [m2.s-1]": 1.8759808563732207e-22,
        "Bulk solvent concentration [mol.m-3]": 2519.914681466618,
        "Inner SEI open-circuit potential [V]": 0.15728549461725233,
        "Outer SEI open-circuit potential [V]": 1.09080308156627,
        "Inner SEI electron conductivity [S.m-1]": 1.0869453463898484e-13,
        "Inner SEI lithium interstitial diffusivity [m2.s-1]": 9.364760377403278e-21,
        "Lithium interstitial reference concentration [mol.m-3]": 16.00293362038391,
        "Initial inner SEI thickness [m]": 0.0,
        "Initial outer SEI thickness [m]": 6.112339282951906e-09,
        "EC initial concentration in electrolyte [mol.m-3]": 4807.6660095024845,
        "EC diffusivity [m2.s-1]": 1.8517554232685642e-18,
        "SEI kinetic rate constant [m.s-1]": 7.666070040138366e-13,
        "SEI open-circuit potential [V]": 0.4954095543851894,
        "SEI growth activation energy [J.mol-1]": 45521.94548537809,
        "Negative electrode reaction-driven LAM factor [m3.mol-1]": 0.0,
        "Positive electrode reaction-driven LAM factor [m3.mol-1]": 0.0,
        "Negative current collector thickness [m]": 1.6725627163108945e-05,
        "Negative electrode thickness [m]": 6.178607786492854e-05,
        "Separator thickness [m]": 1.2224794579150523e-05,
        "Positive electrode thickness [m]": 8.540029135447763e-05,
        "Positive current collector thickness [m]": 1.8861323107781986e-05,
        "Electrode height [m]": 0.040784475867981736,
        "Electrode width [m]": 1.4905919817213524,
        "Cell cooling surface area [m2]": 0.006493166639973898,
        "Cell volume [m3]": 1.2735813403394831e-05,
        "Cell thermal expansion coefficient [m.K-1]": 9.053239642692162e-07,
        "Negative current collector conductivity [S.m-1]": 67653447.48169325,
        "Positive current collector conductivity [S.m-1]": 36212182.97271391,
        "Negative current collector density [kg.m-3]": 8537.092168929246,
        "Positive current collector density [kg.m-3]": 917.749513261816,
        "Negative current collector specific heat capacity [J.kg-1.K-1]": 406.9345581595982,
        "Positive current collector specific heat capacity [J.kg-1.K-1]": 1254.232241699252,
        "Negative current collector thermal conductivity [W.m-1.K-1]": 377.2146856737342,
        "Positive current collector thermal conductivity [W.m-1.K-1]": 293.27046151625393,
        "Nominal cell capacity [A.h]": 4.277774266803626,
        "Current function [A]": 4.619775111661252,
        "Contact resistance [Ohm]": 0,
        "Negative electrode conductivity [S.m-1]": 203.9291145063089,
        "Maximum concentration in negative electrode [mol.m-3]": 29430.37178548707,
        "Negative electrode porosity": 0.09435716492854593,
        "Negative electrode active material volume fraction": 1.0151002530237196,
        "Negative particle radius [m]": 3.6216233859033113e-06,
        "Negative electrode Bruggeman coefficient (electrolyte)": 1.718934389489968,
        "Negative electrode Bruggeman coefficient (electrode)": 1.607931275649454,
        "Negative electrode charge transfer coefficient": 0.4737448877466689,
        "Negative electrode double-layer capacity [F.m-2]": 0.24559017094248684,
        "Negative electrode density [kg.m-3]": 1214.0624749831652,
        "Negative electrode specific heat capacity [J.kg-1.K-1]": 682.360684296424,
        "Negative electrode thermal conductivity [W.m-1.K-1]": 1.9116833355557534,
        "Negative electrode OCP entropic change [V.K-1]": 0.0,
        "Negative electrode Poisson's ratio": 0.3037024383331193,
        "Negative electrode Young's modulus [Pa]": 17777957974.129257,
        "Negative electrode reference concentration for free of deformation [mol.m-3]": 0.0,
        "Negative electrode partial molar volume [m3.mol-1]": 1.7955571386505139e-06,
        "Negative electrode initial crack length [m]": 2.082487870473476e-08,
        "Negative electrode initial crack width [m]": 1.0882212707679832e-08,
        "Negative electrode number of cracks per unit area [m-2]": 3184980394984675.5,
        "Negative electrode Paris' law constant b": 1.3487248281755422,
        "Negative electrode Paris' law constant m": 3.1505983828463107,
        "Negative electrode LAM constant proportional term [s-1]": 3.000744487620341e-07,
        "Negative electrode LAM constant exponential term": 2.0101982558454483,
        "Negative electrode critical stress [Pa]": 47031955.15585907,
        "Positive electrode conductivity [S.m-1]": 0.20400948224991491,
        "Maximum concentration in positive electrode [mol.m-3]": 64017.05040703767,
        "Positive electrode porosity": 0.5710232937072346,
        "Positive electrode active material volume fraction": 0.7084533674137814,
        "Positive particle radius [m]": 6.211894527860271e-06,
        "Positive electrode Bruggeman coefficient (electrolyte)": 1.5579246790111962,
        "Positive electrode Bruggeman coefficient (electrode)": 1.7150850196034184,
        "Positive electrode charge transfer coefficient": 0.36755795386683177,
        "Positive electrode double-layer capacity [F.m-2]": 0.24225127188279483,
        "Positive electrode density [kg.m-3]": 3796.0413973765435,
        "Positive electrode specific heat capacity [J.kg-1.K-1]": 873.1311532116541,
        "Positive electrode thermal conductivity [W.m-1.K-1]": 1.3302140687026376,
        "Positive electrode OCP entropic change [V.K-1]": 0.0,
        "Positive electrode Poisson's ratio": 0.28093801697852655,
        "Positive electrode Young's modulus [Pa]": 382332054650.53375,
        "Positive electrode reference concentration for free of deformation [mol.m-3]": 0.0,
        "Positive electrode partial molar volume [m3.mol-1]": 1.308112952283611e-05,
        "Positive electrode initial crack length [m]": 1.6119151750030098e-08,
        "Positive electrode initial crack width [m]": 1.2025035007545642e-08,
        "Positive electrode number of cracks per unit area [m-2]": 2431683108972260.0,
        "Positive electrode Paris' law constant b": 1.4426273479743297,
        "Positive electrode Paris' law constant m": 2.6253792685753155,
        "Positive electrode LAM constant proportional term [s-1]": 2.9579538440299416e-07,
        "Positive electrode LAM constant exponential term": 1.6661522368501498,
        "Positive electrode critical stress [Pa]": 371984201.71143615,
        "Separator porosity": 0.4565187468016037,
        "Separator Bruggeman coefficient (electrolyte)": 1.4119682522700983,
        "Separator density [kg.m-3]": 313.3270775658784,
        "Separator specific heat capacity [J.kg-1.K-1]": 874.2307979184044,
        "Separator thermal conductivity [W.m-1.K-1]": 0.16033598471380178,
        "Initial concentration in electrolyte [mol.m-3]": 1432.3308385717387,