{
    "config": {
        "Ideal gas constant [J.K-1.mol-1]": 11.96714957242258,
        "Faraday constant [C.mol-1]": 116567.00842805256,
        "Boltzmann constant [J.K-1]": 1.3037920231645393e-23,
        "Electron charge [C]": 9.759568707715297e-20,
        "Ratio of lithium moles to SEI moles": 1.4521388323608255,
        "Inner SEI reaction proportion": 0.6048594501067686,
        "Inner SEI partial molar volume [m3.mol-1]": 0.00011987876735550247,
        "Outer SEI partial molar volume [m3.mol-1]": 0.00010394421725346974,
        "SEI reaction exchange current density [A.m-2]": 1.636379674060266e-07,
        "SEI resistivity [Ohm.m]": 177415.2147443308,
        "Outer SEI solvent diffusivity [m2.s-1]": 2.0537663190981803e-22,
        "Bulk solvent concentration [mol.m-3]": 2329.947231178744,
        "Inner SEI open-circuit potential [V]": 0.14657287446965708,
        "Outer SEI open-circuit potential [V]": 0.7567521230055863,
        "Inner SEI electron conductivity [S.m-1]": 9.920349162569336e-14,
        "Inner SEI lithium interstitial diffusivity [m2.s-1]": 1.0983513726692235e-20,
        "Lithium interstitial reference concentration [mol.m-3]": 19.646085035543123,
        "Initial inner SEI thickness [m]": 2.6603803943989177e-09,
        "Initial outer SEI thickness [m]": 2.398974897613052e-09,
        "EC initial concentration in electrolyte [mol.m-3]": 3369.8944532289725,
        "EC diffusivity [m2.s-1]": 2.5026857440639567e-18,
        "SEI kinetic rate constant [m.s-1]": 6.604193443092993e-13,
        "SEI open-circuit potential [V]": 0.296467599477405,
        "SEI growth activation energy [J.mol-1]": 0.0,
        "Negative electrode reaction-driven LAM factor [m3.mol-1]": 0.0,
        "Positive electrode reaction-driven LAM factor [m3.mol-1]": 0.0,
        "Negative current collector thickness [m]": 7.1066457170333845e-06,
        "Negative electrode thickness [m]": 7.498981727858566e-05,
        "Separator thickness [m]": 1.1718496363249414e-05,
        "Positive electrode thickness [m]": 4.142897029675959e-05,
        "Positive current collector thickness [m]": 2.266113775440107e-05,
        "Electrode height [m]": 0.06370696996778642,
        "Electrode width [m]": 1.751041482616222,
        "Cell cooling surface area [m2]": 0.004381800651967865,
        "Cell volume [m3]": 3.324127913291465e-05,
        "Cell thermal expansion coefficient [m.K-1]": 1.5438834757319348e-06,
        "Negative current collector conductivity [S.m-1]": 52086839.536949076,
        "Positive current collector conductivity [S.m-1]": 37673145.97139413,
        "Negative current collector density [kg.m-3]": 8627.700495391407,
        "Positive current collector density [kg.m-3]": 2237.552902775629,
        "Negative current collector specific heat capacity [J.kg-1.K-1]": 444.97157767275024,
        "Positive current collector specific heat capacity [J.kg-1.K-1]": 889.2320400050937,
        "Negative current collector thermal conductivity [W.m-1.K-1]": 471.6846431093365,
        "Positive current collector thermal conductivity [W.m-1.K-1]": 309.10737336070383,
        "Nominal cell capacity [A.h]": 3.4970646663253993,
        "Current function [A]": 4.660044158816361,
        "Contact resistance [Ohm]": 0,
        "Negative electrode conductivity [S.m-1]": 251.75308403864938,
        "Maximum concentration in negative electrode [mol.m-3]": 32597.208433701166,
        "Negative particle diffusivity [m2.s-1]": 4.116912691953684e-14,
        "Negative electrode porosity": 0.3906191168755431,
        "Negative electrode active material volume fraction": 0.46416977119502273,
        "Negative particle radius [m]": 7.919462745484222e-06,
        "Negative electrode Bruggeman coefficient (electrolyte)": 1.320930566833081,
        "Negative electrode Bruggeman coefficient (electrode)": 0,
        "Negative electrode charge transfer coefficient": 0.5779692113830648,
        "Negative electrode double-layer capacity [F.m-2]": 0.19161154550710946,
        "Negative electrode density [kg.m-3]": 1363.689543147796,
        "Negative electrode specific heat capacity [J.kg-1.K-1]": 822.8123084656379,
        "Negative electrode thermal conductivity [W.m-1.K-1]": 2.5584917539010283,
        "Negative electrode OCP entropic change [V.K-1]": 0.0,
        "Positive electrode conductivity [S.m-1]": 0.19754277788810407,
        "Maximum concentration in positive electrode [mol.m-3]": 51480.85377133057,
        "Positive particle diffusivity [m2.s-1]": 5.248667060759394e-15,
        "Positive electrode porosity": 0.3021605012246186,
        "Positive electrode active material volume fraction": 0.8931781322579709,
        "Positive particle radius [m]": 6.835239553801897e-06,
        "Positive electrode Bruggeman coefficient (electrolyte)": 1.2085198743366103,
        "Positive electrode Bruggeman coefficient (electrode)": 0,
        "Positive electrode charge transfer coefficient": 0.5114568518236228,
        "Positive electrode double-layer capacity [F.m-2]": 0.19536630777288502,
        "Positive electrode density [kg.m-3]": 3624.842872367287,
        "Positive electrode specific heat capacity [J.kg-1.K-1]": 383.29858766795076,
        "Positive electrode thermal conductivity [W.m-1.K-1]": 1.6535443073232392,
        "Positive electrode OCP entropic change [V.K-1]": 0.0,
        "Separator porosity": 0.5510849807388102,
        "Separator Bruggeman coefficient (electrolyte)": 1.971198011685987,
        "Separator density [kg.m-3]": 467.93078216507575,
        "Separator specific heat capacity [J.kg-1.K-1]": 602.6993288203843,
        "Separator thermal conductivity [W.m-1.K-1]": 0.17871096696720964,
        "Initial concentration in electrolyte [mol.m-3]": 1126.8563499259149,
        "Cation transference number": 0.16394296440098532,
        "Thermodynamic factor": 1.3502854132798703,
        "Reference temperature [K]": 312.62228023270126,
        "Total heat transfer coefficient [W.m-2.K-1]": 7.979170173091431,
        "Ambient temperature [K]": 410.9397288456027,
        "Number of electrodes connected in parallel to make a cell": 0.9970786640245854,
        "Number of cells connected in series to make a battery": 0.9172761965173163,
        "Lower voltage cut-off [V]": 1.9801883447965305,
        "Upper voltage cut-off [V]": 4.252333561202954,
        "Open-circuit voltage at 0% SOC [V]": 1.9175852758124792,
        "Open-circuit voltage at 100% SOC [V]": 3.871600866147127,
        "Initial concentration in negative electrode [mol.m-3]": 25888.131033788235,
        "Initial concentration in positive electrode [mol.m-3]": 15904.639399412696,
        "Initial temperature [K]": 158.00533893977746
    },