{
    "config": {
        "Ideal gas constant [J.K-1.mol-1]": 7.407685723119522,
        "Faraday constant [C.mol-1]": 109177.25374688965,
        "Boltzmann constant [J.K-1]": 1.2672716250619859e-23,
        "Electron charge [C]": 2.4497356074088154e-19,
        "Negative current collector thickness [m]": 1.5294185199819174e-05,
        "Negative electrode thickness [m]": 3.482638999131462e-05,
        "Separator thickness [m]": 8.716622528407397e-06,
        "Positive electrode thickness [m]": 9.104834957897486e-05,
        "Positive current collector thickness [m]": 1.8079597906644623e-05,
        "Electrode height [m]": 0.08368679118713407,
        "Electrode width [m]": 2.388727581466055,
        "Cell cooling surface area [m2]": 0.0041385316540303715,
        "Cell volume [m3]": 1.7753916420920328e-05,
        "Negative current collector conductivity [S.m-1]": 58016541.5925286,
        "Positive current collector conductivity [S.m-1]": 38371590.68361465,
        "Negative current collector density [kg.m-3]": 6082.8793330389235,
        "Positive current collector density [kg.m-3]": 2527.614885403825,
        "Positive current collector thermal conductivity [W.m-1.K-1]": 200.65962973646913,
        "Nominal cell capacity [A.h]": 4.396724432218245,
        "Current function [A]": 5.907509993941801,
        "Contact resistance [Ohm]": 0,
        "Negative electrode conductivity [S.m-1]": 189.78077827398522,
        "Maximum concentration in negative electrode [mol.m-3]": 28598.58871595862,
        "Negative electrode porosity": 0.2091298579161453,
        "Negative electrode active material volume fraction": 0.5662787589058891,
        "Negative particle radius [m]": 6.812392833445556e-06,
        "Negative electrode Bruggeman coefficient (electrolyte)": 1.5460630482492534,
        "Negative electrode Bruggeman coefficient (electrode)": 0.0,
        "Negative electrode charge transfer coefficient": 0.4153912938935419,
        "Negative electrode double-layer capacity [F.m-2]": 0.21910580274175054,
        "Negative electrode density [kg.m-3]": 2367.994299268881,
        "Maximum concentration in positive electrode [mol.m-3]": 33482.19928586595,
        "Positive electrode porosity": 0.40294572811235907,
        "Positive electrode active material volume fraction": 0.3947511535586994,
        "Positive particle radius [m]": 6.534228545016897e-06,
        "Positive electrode Bruggeman coefficient (electrolyte)": 1.6619342212890154,
        "Positive electrode Bruggeman coefficient (electrode)": 0.0,
        "Positive electrode charge transfer coefficient": 0.5189516282971057,
        "Positive electrode double-layer capacity [F.m-2]": 0.2628238237749607,
        "Positive electrode density [kg.m-3]": 4076.968485229645,
        "Separator porosity": 0.3386985760432192,
        "Separator Bruggeman coefficient (electrolyte)": 1.7117273126608472,
        "Separator Bruggeman coefficient (electrode)": 2.2072047622650777,
        "Separator density [kg.m-3]": 1640.3278601421014,
        "Separator thermal conductivity [W.m-1.K-1]": 0.39163055759760734,
        "Initial concentration in electrolyte [mol.m-3]": 857.9251579549701,
        "Reference temperature [K]": 327.3575349840156,
        "Total heat transfer coefficient [W.m-2.K-1]": 11.976255996550396,
        "Ambient temperature [K]": 461.5173198673245,
        "Number of electrodes connected in parallel to make a cell": 1.150654277403725,
        "Number of cells connected in series to make a battery": 0.6604919362438757,
        "Lower voltage cut-off [V]": 2.5625187458600225,
        "Upper voltage cut-off [V]": 5.5822314572753875,
        "Open-circuit voltage at 0% SOC [V]": 2.9800534419028173,
        "Open-circuit voltage at 100% SOC [V]": 4.218098458021085,
        "Initial concentration in negative electrode [mol.m-3]": 25743.73853432435,
        "Initial concentration in positive electrode [mol.m-3]": 17716.416969839862,
        "Initial temperature [K]": 208.94926076286953
    },
    "V": [
        3.8455558121903595,
        3.775117833278096,
        3.754947846017582,
        3.738320439249118,
        3.723221504571784,
        3.710454360102735,
        3.6978739639669542,
        3.6859243270210142,
        3.6743695481521126,
        3.6629479324190233,
        3.6517760113916706,
        3.6409063125757095,
        3.6304385635842684,
        3.6201283063703125,
        3.609992862643966,
        3.6003887781468578,
        3.590954738045565,
        3.5816994075330477,
        3.572637447434901,
        3.563660051374595,
        3.5547582602331023,
        3.5458792484116,
        3.53699323358778,
        3.528089452318368,
        3.5191729016315225,
        3.5102695370597434,
        3.501428321257002,
        3.492691516597324,
        3.484051226370147,
        3.475445957244728,
        3.466816156060743,
        3.4581151220087287,
        3.4493307593703912,
        3.440441085953304,
        3.4314075435020834,
        3.4221745121326714,
        3.4126748003044813,
        3.402832990741913,
        3.392569204945551,
        3.381808713098505,
        3.3704942975026704,
        3.358571243658369,
        3.345787431498551,
        3.331253471836679,
        3.3144684059946075,
        3.2971301926969288,
        3.280476800914748,
        3.2658444625576424,
        3.2482981687395505,
        3.2237980870390985,
        3.1830975713836978,
        3.1208679530836543,
        3.052617693176298,
        2.9872114909484973,
        2.9108508383074874,
        2.7818388632168,
        2.562528745860022
    ],
    "time": [
        0.0,
        36.36363636363637,
        72.72727272727273,
        109.0909090909091,
        145.45454545454547,
        181.81818181818184,
        218.1818181818182,
        254.54545454545456,
        290.90909090909093,
        327.2727272727273,
        363.6363636363637,
        400.00000000000006,
        436.3636363636364,
        472.72727272727275,
        509.0909090909091,
        545.4545454545455,
        581.8181818181819,
        618.1818181818182,
        654.5454545454546,
        690.909090909091,
        727.2727272727274,
        763.6363636363637,
        800.0000000000001,
        836.3636363636365,
        872.7272727272727,
        909.0909090909091,
        945.4545454545455,
        981.8181818181819,
        1018.1818181818182,
        1054.5454545454547,
        1090.909090909091,
        1127.2727272727275,
        1163.6363636363637,
        1200.0,
        1236.3636363636365,
        1272.7272727272727,
        1309.0909090909092,
        1345.4545454545455,
        1381.818181818182,
        1418.1818181818182,
        1454.5454545454547,
        1490.909090909091,
        1527.2727272727275,
        1563.6363636363637,
        1600.0000000000002,
        1636.3636363636365,
        1672.727272727273,
        1709.0909090909092,
        1745.4545454545455,
        1781.818181818182,
        1818.1818181818182,
        1854.5454545454547,
        1890.909090909091,
        1927.2727272727275,
        1963.6363636363637,
        2000.0000000000002,
        2030.5830826595522
    ]
}