{
    "config": {
        "Ideal gas constant [J.K-1.mol-1]": 8.95531460334756,
        "Faraday constant [C.mol-1]": 125368.65327293744,
        "Boltzmann constant [J.K-1]": 1.3590237993975595e-23,
        "Electron charge [C]": 1.4849164759975703e-19,
        "Lithium metal partial molar volume [m3.mol-1]": 1.0722922026673151e-05,
        "Lithium plating kinetic rate constant [m.s-1]": 7.261332424678326e-10,
        "Initial plated lithium concentration [mol.m-3]": 0.0,
        "Typical plated lithium concentration [mol.m-3]": 1000.3795562896834,
        "Lithium plating transfer coefficient": 0.7257821101244726,
        "Dead lithium decay constant [s-1]": 7.440142481355547e-07,
        "Ratio of lithium moles to SEI moles": 0.8883143605280079,
        "Inner SEI reaction proportion": 0.0,
        "Inner SEI partial molar volume [m3.mol-1]": 7.525277501773077e-05,
        "Outer SEI partial molar volume [m3.mol-1]": 0.00010975103677789583,
        "SEI reaction exchange current density [A.m-2]": 1.5432125812517625e-07,
        "SEI resistivity [Ohm.m]": 202417.79509237708,
        "Outer SEI solvent diffusivity [m2.s-1]": 2.8538978321849173e-22,
        "Bulk solvent concentration [mol.m-3]": 2418.837980900501,
        "Inner SEI open-circuit potential [V]": 0.12833861670866564,
        "Outer SEI open-circuit potential [V]": 0.6879835801697741,
        "Inner SEI electron conductivity [S.m-1]": 1.1151723457111199e-13,
        "Inner SEI lithium interstitial diffusivity [m2.s-1]": 7.887135321348916e-21,
        "Lithium interstitial reference concentration [mol.m-3]": 16.395388263249217,
        "Initial inner SEI thickness [m]": 0.0,
        "Initial outer SEI thickness [m]": 5.4671551723800176e-09,
        "EC initial concentration in electrolyte [mol.m-3]": 3531.159206310151,
        "EC diffusivity [m2.s-1]": 1.9338965550453276e-18,
        "SEI kinetic rate constant [m.s-1]": 8.547548673611683e-13,
        "SEI open-circuit potential [V]": 0.3661580281609834,
        "SEI growth activation energy [J.mol-1]": 28183.58406672413,
        "Negative electrode reaction-driven LAM factor [m3.mol-1]": 0.0,
        "Positive electrode reaction-driven LAM factor [m3.mol-1]": 0.0,
        "Negative current collector thickness [m]": 1.1511492210022829e-05,
        "Negative electrode thickness [m]": 7.899555213582733e-05,
        "Separator thickness [m]": 1.2642565667468733e-05,
        "Positive electrode thickness [m]": 7.662553156243405e-05,
        "Positive current collector thickness [m]": 1.4591889947964768e-05,
        "Electrode height [m]": 0.07498723281507066,
        "Electrode width [m]": 1.3731550334578724,
        "Cell cooling surface area [m2]": 0.006211590008812721,
        "Cell volume [m3]": 2.366251018009498e-05,
        "Cell thermal expansion coefficient [m.K-1]": 1.3833123226657852e-06,
        "Negative current collector conductivity [S.m-1]": 43519782.17701164,
        "Positive current collector conductivity [S.m-1]": 35333239.982908264,
        "Negative current collector density [kg.m-3]": 7060.953850052337,
        "Positive current collector density [kg.m-3]": 2662.588664869536,
        "Negative current collector specific heat capacity [J.kg-1.K-1]": 417.1620675192899,
        "Positive current collector specific heat capacity [J.kg-1.K-1]": 1148.9393955632731,
        "Negative current collector thermal conductivity [W.m-1.K-1]": 374.8789565963855,
        "Positive current collector thermal conductivity [W.m-1.K-1]": 259.64141847587643,
        "Nominal cell capacity [A.h]": 5.8260153084009945,
        "Current function [A]": 3.576532440402361,
        "Contact resistance [Ohm]": 0,
        "Negative electrode conductivity [S.m-1]": 225.9722402954266,
        "Maximum concentration in negative electrode [mol.m-3]": 36736.62589087804,
        "Negative electrode porosity": 0.23406245378422594,
        "Negative electrode active material volume fraction": 0.7370100228134124,
        "Negative particle radius [m]": 6.637500025882998e-06,
        "Negative electrode Bruggeman coefficient (electrolyte)": 1.582382572706278,
        "Negative electrode Bruggeman coefficient (electrode)": 1.5777121258352744,
        "Negative electrode charge transfer coefficient": 0.48574442399634593,
        "Negative electrode double-layer capacity [F.m-2]": 0.12950459448175283,
        "Negative electrode density [kg.m-3]": 1249.5130997701344,
        "Negative electrode specific heat capacity [J.kg-1.K-1]": 655.0766119143157,
        "Negative electrode thermal conductivity [W.m-1.K-1]": 1.5337553677573579,
        "Negative electrode OCP entropic change [V.K-1]": 0.0,
        "Negative electrode Poisson's ratio": 0.347497685730032,
        "Negative electrode Young's modulus [Pa]": 12943145837.739706,
        "Negative electrode reference concentration for free of deformation [mol.m-3]": 0.0,
        "Negative electrode partial molar volume [m3.mol-1]": 2.8609638747791926e-06,
        "Negative electrode initial crack length [m]": 1.877538604300021e-08,
        "Negative electrode initial crack width [m]": 1.4052465449440557e-08,
        "Negative electrode number of cracks per unit area [m-2]": 3022631944831013.0,
        "Negative electrode Paris' law constant b": 1.087087583429249,
        "Negative electrode Paris' law constant m": 2.6473115483195073,
        "Negative electrode LAM constant proportional term [s-1]": 3.2469561501253097e-07,
        "Negative electrode LAM constant exponential term": 2.241070066278362,
        "Negative electrode critical stress [Pa]": 53624625.712349564,
        "Positive electrode conductivity [S.m-1]": 0.17651041945059467,
        "Maximum concentration in positive electrode [mol.m-3]": 73058.55843150636,
        "Positive electrode porosity": 0.29478301595999545,
        "Positive electrode active material volume fraction": 0.7116384654740746,
        "Positive particle radius [m]": 4.362470901265808e-06,
        "Positive electrode Bruggeman coefficient (electrolyte)": 1.4556402485477873,
        "Positive electrode Bruggeman coefficient (electrode)": 1.583168217372818,
        "Positive electrode charge transfer coefficient": 0.6158533679357225,
        "Positive electrode double-layer capacity [F.m-2]": 0.19008149915313832,
        "Positive electrode density [kg.m-3]": 3473.1967609609273,
        "Positive electrode specific heat capacity [J.kg-1.K-1]": 446.93585785372596,
        "Positive electrode thermal conductivity [W.m-1.K-1]": 1.8207559450058348,
        "Positive electrode OCP entropic change [V.K-1]": 0.0,
        "Positive electrode Poisson's ratio": 0.15817413538250025,
        "Positive electrode Young's modulus [Pa]": 387360351734.88715,
        "Positive electrode reference concentration for free of deformation [mol.m-3]": 0.0,
        "Positive electrode partial molar volume [m3.mol-1]": 1.326948595327821e-05,
        "Positive electrode initial crack length [m]": 1.9688009843790525e-08,
        "Positive electrode initial crack width [m]": 1.8788141102926035e-08,
        "Positive electrode number of cracks per unit area [m-2]": 3237879496720031.0,
        "Positive electrode Paris' law constant b": 1.4292394054265205,
        "Positive electrode Paris' law constant m": 2.1703854507317564,
        "Positive electrode LAM constant proportional term [s-1]": 2.669332505344482e-07,
        "Positive electrode LAM constant exponential term": 1.8615433880338337,
        "Positive electrode critical stress [Pa]": 405881089.8800422,
        "Separator porosity": 0.5302195986738527,
        "Separator Bruggeman coefficient (electrolyte)": 1.2863884563857502,
        "Separator density [kg.m-3]": 394.72824875468166,
        "Separator specific heat capacity [J.kg-1.K-1]": 581.9252981508013,
        "Separator thermal conductivity [W.m-1.K-1]": 0.14029322263273192,
        "Initial concentration in electrolyte [mol.m-3]": 977.8972768656469,