{
    "config": {
        "Ideal gas constant [J.K-1.mol-1]": 6.891613829057704,
        "Faraday constant [C.mol-1]": 70734.90172990393,
        "Boltzmann constant [J.K-1]": 1.3652200546874525e-23,
        "Electron charge [C]": 7.64114188286202e-20,
        "Negative electrode thickness [m]": 4.03730192674784e-05,
        "Separator thickness [m]": 2.6515110226102113e-05,
        "Positive electrode thickness [m]": 3.332296523416319e-05,
        "Electrode height [m]": 0.6971671463232781,
        "Electrode width [m]": 0.22062692877343343,
        "Nominal cell capacity [A.h]": 3.464463225247526,
        "Current function [A]": 2.4161780457771074,
        "Contact resistance [Ohm]": 0,
        "Negative electrode conductivity [S.m-1]": 181.35498288339107,
        "Maximum concentration in negative electrode [mol.m-3]": 26081.976640782694,
        "Negative electrode diffusivity [m2.s-1]": 2.5036417060588433e-15,
        "Negative electrode porosity": 0.30474739795565625,
        "Negative electrode active material volume fraction": 0.6422049693651529,
        "Negative particle radius [m]": 6.839230170652885e-06,
        "Negative electrode Bruggeman coefficient (electrolyte)": 2.252060985536843,
        "Negative electrode Bruggeman coefficient (electrode)": 0.8884353627689522,
        "Negative electrode charge transfer coefficient": 0.27720863379115357,
        "Negative electrode double-layer capacity [F.m-2]": 0.22170860763335443,
        "Negative electrode OCP entropic change [V.K-1]": 0,
        "Positive electrode conductivity [S.m-1]": 0.3911394400782361,
        "Maximum concentration in positive electrode [mol.m-3]": 15728.447431126624,
        "Positive electrode diffusivity [m2.s-1]": 4.663219430669173e-18,
        "Positive electrode porosity": 0.45007397217391915,
        "Positive electrode active material volume fraction": 0.5660601302620772,
        "Positive particle radius [m]": 6.41606014977605e-08,
        "Positive electrode Bruggeman coefficient (electrode)": 1.66789864094018,
        "Positive electrode Bruggeman coefficient (electrolyte)": 1.6339374493247631,
        "Positive electrode charge transfer coefficient": 0.5854676063760078,
        "Positive electrode double-layer capacity [F.m-2]": 0.13999522450955323,
        "Positive electrode OCP entropic change [V.K-1]": 0,
        "Separator porosity": 0.3378722475195248,
        "Separator Bruggeman coefficient (electrolyte)": 2.2297612306447103,
        "Initial concentration in electrolyte [mol.m-3]": 986.9955130236559,
        "Cation transference number": 0.2633497749778835,
        "Thermodynamic factor": 0.6484065341090133,
        "Electrolyte diffusivity [m2.s-1]": 1.8129131897454343e-10,
        "Reference temperature [K]": 323.03201890086314,
        "Ambient temperature [K]": 359.86967636463163,
        "Number of electrodes connected in parallel to make a cell": 1.6098974757584306,
        "Number of cells connected in series to make a battery": 0.9805092586325306,
        "Lower voltage cut-off [V]": 2.5597534084603475,
        "Upper voltage cut-off [V]": 5.081352221006117,
        "Open-circuit voltage at 0% SOC [V]": 1.6439829148174878,
        "Open-circuit voltage at 100% SOC [V]": 4.776344292549451,
        "Initial concentration in negative electrode [mol.m-3]": 24398.894089032707,
        "Initial concentration in positive electrode [mol.m-3]": 90.96433714788492,
        "Initial temperature [K]": 283.5367984101282
    },
    "V": [
        3.5012515246530356,
        3.2893645790326733,
        3.2884345705329103,
        3.288602423531241,
        3.288748432742869,
        3.288795346852923,
        3.2887602954255337,
        3.288647082113076,
        3.2884433625348004,
        3.288106320271341,
        3.2876086057329346,
        3.2869572862951,
        3.286154127337605,
        3.285179352536895,
        3.28395077569996,
        3.282271994027794,
        3.279690328500237,
        3.275551547230588,
        3.269743153598956,
        3.2630878632365823,
        3.256851969703491,
        3.251948846648822,
        3.248551276963008,
        3.246348110345866,
        3.244922359619875,
        3.243949298112555,
        3.243225650351392,
        3.2426369154615493,
        3.2421205438014877,
        3.2416400082332846,
        3.2411727246739694,
        3.2407030296124293,
        3.2402205175028165,
        3.2397172613877485,
        3.239187243731026,
        3.238625470146701,
        3.2380265541349407,
        3.237383955241574,
        3.2366886711097616,
        3.23592742632085,
        3.2350808296135085,
        3.2341196150594387,
        3.233000001017835,
        3.23165442802067,
        3.2299798596982168,
        3.227815013518692,
        3.224913831857233,
        3.220894350349323,
        3.215160559935275,
        3.206766095034542,
        3.194185683234074,
        3.1749355192841753,
        3.1449260562467822,
        3.0974039986978985,
        3.021173638824927,
        2.8976329030264694,
        2.695825530010305,
        2.559763408460347
    ],
    "time": [
        0.0,
        36.36363636363637,
        72.72727272727273,
        109.0909090909091,
        145.45454545454547,
        181.81818181818184,
        218.1818181818182,
        254.54545454545456,
        290.90909090909093,
        327.2727272727273,
        363.6363636363637,
        400.00000000000006,
        436.3636363636364,
        472.72727272727275,
        509.0909090909091,
        545.4545454545455,
        581.8181818181819,
        618.1818181818182,
        654.5454545454546,
        690.909090909091,
        727.2727272727274,
        763.6363636363637,
        800.0000000000001,
        836.3636363636365,
        872.7272727272727,
        909.0909090909091,
        945.4545454545455,
        981.8181818181819,
        1018.1818181818182,
        1054.5454545454547,
        1090.909090909091,
        1127.2727272727275,
        1163.6363636363637,
        1200.0,
        1236.3636363636365,
        1272.7272727272727,
        1309.0909090909092,
        1345.4545454545455,
        1381.818181818182,
        1418.1818181818182,
        1454.5454545454547,
        1490.909090909091,
        1527.2727272727275,
        1563.6363636363637,
        1600.0000000000002,
        1636.3636363636365,
        1672.727272727273,
        1709.0909090909092,
        1745.4545454545455,
        1781.818181818182,
        1818.1818181818182,
        1854.5454545454547,
        1890.909090909091,
        1927.2727272727275,
        1963.6363636363637,
        2000.0000000000002,
        2036.3636363636365,
        2053.5165796186266
    ]
}