{
    "config": {
        "Ideal gas constant [J.K-1.mol-1]": 10.849352304310386,
        "Faraday constant [C.mol-1]": 137235.9437808582,
        "Boltzmann constant [J.K-1]": 1.2134975087884002e-23,
        "Electron charge [C]": 1.7807646070402304e-19,
        "Ratio of lithium moles to SEI moles": 1.0723742969419607,
        "Inner SEI reaction proportion": 0.5163623852018482,
        "Inner SEI partial molar volume [m3.mol-1]": 0.00011775740140762519,
        "Outer SEI partial molar volume [m3.mol-1]": 8.420211770362941e-05,
        "SEI reaction exchange current density [A.m-2]": 1.188036268208659e-07,
        "SEI resistivity [Ohm.m]": 227352.47986606593,
        "Outer SEI solvent diffusivity [m2.s-1]": 3.6836940450738485e-22,
        "Bulk solvent concentration [mol.m-3]": 2573.0145797967284,
        "Inner SEI open-circuit potential [V]": 0.12222262748679863,
        "Outer SEI open-circuit potential [V]": 0.3223163686819563,
        "Inner SEI electron conductivity [S.m-1]": 8.054040010571138e-14,
        "Inner SEI lithium interstitial diffusivity [m2.s-1]": 1.0265114281651494e-20,
        "Lithium interstitial reference concentration [mol.m-3]": 15.730977907302249,
        "Initial inner SEI thickness [m]": 2.896178080163804e-09,
        "Initial outer SEI thickness [m]": 2.000705785091674e-09,
        "EC initial concentration in electrolyte [mol.m-3]": 4772.868083768709,
        "EC diffusivity [m2.s-1]": 1.59766322200401e-18,
        "SEI kinetic rate constant [m.s-1]": 9.305199108492659e-13,
        "SEI open-circuit potential [V]": 0.30610345245745824,
        "SEI growth activation energy [J.mol-1]": 0.0,
        "Negative electrode reaction-driven LAM factor [m3.mol-1]": 0.0,
        "Positive electrode reaction-driven LAM factor [m3.mol-1]": 0.0,
        "Negative current collector thickness [m]": 1.2114006536576852e-05,
        "Negative electrode thickness [m]": 9.502661758844356e-05,
        "Separator thickness [m]": 2.632172912206363e-05,
        "Positive electrode thickness [m]": 6.309754959252496e-05,
        "Positive current collector thickness [m]": 9.261461120817384e-06,
        "Electrode height [m]": 0.283779955784942,
        "Electrode width [m]": 0.21918350333936598,
        "Negative tab width [m]": 0.04094965590818021,
        "Negative tab centre y-coordinate [m]": 0.016047208343565128,
        "Negative tab centre z-coordinate [m]": 0.11171655439893965,
        "Positive tab width [m]": 0.05331585232511515,
        "Positive tab centre y-coordinate [m]": 0.1105922089911936,
        "Positive tab centre z-coordinate [m]": 0.24717176178513123,
        "Cell cooling surface area [m2]": 0.02820690178024315,
        "Cell volume [m3]": 4.733011935569242e-06,
        "Negative current collector conductivity [S.m-1]": 50441902.389185235,
        "Positive current collector conductivity [S.m-1]": 35493772.24944292,
        "Negative current collector density [kg.m-3]": 8062.210393432421,
        "Positive current collector density [kg.m-3]": 4777.374230162512,
        "Negative current collector specific heat capacity [J.kg-1.K-1]": 361.9810208728509,
        "Positive current collector specific heat capacity [J.kg-1.K-1]": 657.0816137600839,
        "Negative current collector thermal conductivity [W.m-1.K-1]": 303.87322117745595,
        "Positive current collector thermal conductivity [W.m-1.K-1]": 183.29533674368378,
        "Nominal cell capacity [A.h]": 0.4357438931090921,
        "Current function [A]": 0.40036497997258463,
        "Contact resistance [Ohm]": 0,
        "Negative electrode conductivity [S.m-1]": 75.8795569668047,
        "Maximum concentration in negative electrode [mol.m-3]": 22577.865478503598,
        "Negative electrode porosity": 0.37824287095329295,
        "Negative electrode active material volume fraction": 0.37677016080092257,
        "Negative particle radius [m]": 6.69141626671285e-07,
        "Negative electrode Bruggeman coefficient (electrolyte)": 2.456021525636671,
        "Negative electrode Bruggeman coefficient (electrode)": 2.219131543626614,
        "Negative electrode charge transfer coefficient": 0.4172478595551929,
        "Negative electrode double-layer capacity [F.m-2]": 0.12536376959955675,
        "Negative electrode density [kg.m-3]": 2180.53502914756,
        "Negative electrode specific heat capacity [J.kg-1.K-1]": 805.0833689743866,
        "Negative electrode thermal conductivity [W.m-1.K-1]": 0.9383306850760562,
        "Negative electrode OCP entropic change [V.K-1]": 0.0,
        "Positive electrode conductivity [S.m-1]": 13.106174919217978,
        "Maximum concentration in positive electrode [mol.m-3]": 38705.47379778034,
        "Positive electrode porosity": 0.2875484937521997,
        "Positive electrode active material volume fraction": 0.5111557339637292,
        "Positive particle radius [m]": 2.2165099827488676e-06,
        "Positive electrode Bruggeman coefficient (electrolyte)": 2.226975031618889,
        "Positive electrode Bruggeman coefficient (electrode)": 1.1323162408341552,
        "Positive electrode charge transfer coefficient": 0.6596400639606588,
        "Positive electrode double-layer capacity [F.m-2]": 0.1688321365004,
        "Positive electrode density [kg.m-3]": 6186.860808099731,
        "Positive electrode specific heat capacity [J.kg-1.K-1]": 703.888456246004,
        "Positive electrode thermal conductivity [W.m-1.K-1]": 1.7028799116651914,
        "Positive electrode OCP entropic change [V.K-1]": 0.0,
        "Separator porosity": 0.5038162382154766,
        "Separator Bruggeman coefficient (electrolyte)": 1.2185595109495657,
        "Separator density [kg.m-3]": 492.1601272691933,
        "Separator specific heat capacity [J.kg-1.K-1]": 526.5611076573688,
        "Separator thermal conductivity [W.m-1.K-1]": 0.08648928299890488,
        "Initial concentration in electrolyte [mol.m-3]": 1143.7491434309984,
        "Cation transference number": 0.3434601193030314,
        "Thermodynamic factor": 1.095511781235957,
        "Reference temperature [K]": 309.2714650668558,
        "Negative current collector surface heat transfer coefficient [W.m-2.K-1]": 0.0,
        "Positive current collector surface heat transfer coefficient [W.m-2.K-1]": 0.0,
        "Negative tab heat transfer coefficient [W.m-2.K-1]": 15.428558132745978,
        "Positive tab heat transfer coefficient [W.m-2.K-1]": 32.04216614886411,
        "Edge heat transfer coefficient [W.m-2.K-1]": 0.41618090045506595,
        "Total heat transfer coefficient [W.m-2.K-1]": 35.03896784213233,
        "Ambient temperature [K]": 321.43798027501157,
        "Number of electrodes connected in parallel to make a cell": 0.9794601909033006,
        "Number of cells connected in series to make a battery": 1.2373244914497827,
        "Lower voltage cut-off [V]": 2.749026444792378,
        "Upper voltage cut-off [V]": 5.242875358051065,
        "Open-circuit voltage at 0% SOC [V]": 3.6389091638745095,
        "Open-circuit voltage at 100% SOC [V]": 4.58395305185283,
        "Initial concentration in negative electrode [mol.m-3]": 19364.149539727954,
        "Initial concentration in positive electrode [mol.m-3]": 18863.72650444061,
        "Initial temperature [K]": 298.7274832589892
    },