{
    "config": {
        "Ideal gas constant [J.K-1.mol-1]": 9.122988667299458,
        "Faraday constant [C.mol-1]": 137984.90430341155,
        "Boltzmann constant [J.K-1]": 1.286959795459459e-23,
        "Electron charge [C]": 1.3993065711127467e-19,
        "Lithium metal partial molar volume [m3.mol-1]": 1.4435366622159385e-05,
        "Lithium plating kinetic rate constant [m.s-1]": 1.007137886715084e-09,
        "Initial plated lithium concentration [mol.m-3]": 0.0,
        "Typical plated lithium concentration [mol.m-3]": 1174.9820368235858,
        "Lithium plating transfer coefficient": 0.6128327818242995,
        "Dead lithium decay constant [s-1]": 1.2116828214632483e-06,
        "Ratio of lithium moles to SEI moles": 1.249832225214936,
        "Inner SEI reaction proportion": 0.0,
        "Inner SEI partial molar volume [m3.mol-1]": 9.808121627292627e-05,
        "Outer SEI partial molar volume [m3.mol-1]": 6.230420919674907e-05,
        "SEI reaction exchange current density [A.m-2]": 1.1693862150646076e-07,
        "SEI resistivity [Ohm.m]": 172694.27700695168,
        "Outer SEI solvent diffusivity [m2.s-1]": 1.7784095347027935e-22,
        "Bulk solvent concentration [mol.m-3]": 2603.947630424117,
        "Inner SEI open-circuit potential [V]": 0.15458234060690412,
        "Outer SEI open-circuit potential [V]": 0.8199357086904121,
        "Inner SEI electron conductivity [S.m-1]": 9.333899002707323e-14,
        "Inner SEI lithium interstitial diffusivity [m2.s-1]": 7.997427901004712e-21,
        "Lithium interstitial reference concentration [mol.m-3]": 10.3993252737956,
        "Initial inner SEI thickness [m]": 0.0,
        "Initial outer SEI thickness [m]": 5.090563947674408e-09,
        "EC initial concentration in electrolyte [mol.m-3]": 5960.003843081115,
        "EC diffusivity [m2.s-1]": 2.0711135631398318e-18,
        "SEI kinetic rate constant [m.s-1]": 1.0785911090578632e-12,
        "SEI open-circuit potential [V]": 0.4996347023679011,
        "SEI growth activation energy [J.mol-1]": 37259.827665997596,
        "Negative electrode reaction-driven LAM factor [m3.mol-1]": 0.0,
        "Positive electrode reaction-driven LAM factor [m3.mol-1]": 0.0,
        "Negative current collector thickness [m]": 6.3348786754521605e-06,
        "Negative electrode thickness [m]": 8.163534364031316e-05,
        "Separator thickness [m]": 6.122872666458345e-06,
        "Positive electrode thickness [m]": 8.008054552316025e-05,
        "Positive current collector thickness [m]": 2.1667385927125538e-05,
        "Electrode height [m]": 0.04236976133560082,
        "Electrode width [m]": 1.8960335647515234,
        "Cell cooling surface area [m2]": 0.003261759398233288,
        "Cell volume [m3]": 2.8551381799130416e-05,
        "Cell thermal expansion coefficient [m.K-1]": 1.2202999851926988e-06,
        "Negative current collector conductivity [S.m-1]": 59144467.75089244,
        "Positive current collector conductivity [S.m-1]": 26732955.58114122,
        "Negative current collector density [kg.m-3]": 6837.378527990342,
        "Positive current collector density [kg.m-3]": 3596.8223860537873,
        "Negative current collector specific heat capacity [J.kg-1.K-1]": 306.3650362060085,
        "Positive current collector specific heat capacity [J.kg-1.K-1]": 979.5703232108619,
        "Negative current collector thermal conductivity [W.m-1.K-1]": 419.5197226336406,
        "Positive current collector thermal conductivity [W.m-1.K-1]": 200.22297834452297,
        "Nominal cell capacity [A.h]": 3.975017741223367,
        "Current function [A]": 4.360098632897434,
        "Contact resistance [Ohm]": 0,
        "Negative electrode conductivity [S.m-1]": 169.625378426422,
        "Maximum concentration in negative electrode [mol.m-3]": 27370.603463876032,
        "Negative electrode porosity": 0.26510756404102137,
        "Negative electrode active material volume fraction": 0.8874266235399801,
        "Negative particle radius [m]": 6.686549349244092e-06,
        "Negative electrode Bruggeman coefficient (electrolyte)": 2.1052576965391827,
        "Negative electrode Bruggeman coefficient (electrode)": 1.8273207270494525,
        "Negative electrode charge transfer coefficient": 0.45054326049823684,
        "Negative electrode double-layer capacity [F.m-2]": 0.20815845180573297,
        "Negative electrode density [kg.m-3]": 1458.8877474587593,
        "Negative electrode specific heat capacity [J.kg-1.K-1]": 776.628585696534,
        "Negative electrode thermal conductivity [W.m-1.K-1]": 1.2056120775931274,
        "Negative electrode OCP entropic change [V.K-1]": 0.0,
        "Negative electrode Poisson's ratio": 0.3618782900422841,
        "Negative electrode Young's modulus [Pa]": 16820579065.447292,
        "Negative electrode reference concentration for free of deformation [mol.m-3]": 0.0,
        "Negative electrode partial molar volume [m3.mol-1]": 2.8167908588979332e-06,
        "Negative electrode initial crack length [m]": 7.618251260548011e-09,
        "Negative electrode initial crack width [m]": 1.5201827934000633e-08,
        "Negative electrode number of cracks per unit area [m-2]": 3681846829610983.0,
        "Negative electrode Paris' law constant b": 1.1443447017042756,
        "Negative electrode Paris' law constant m": 1.5042024434601733,
        "Negative electrode LAM constant proportional term [s-1]": 2.9995621549463895e-07,
        "Negative electrode LAM constant exponential term": 1.759581694993839,
        "Negative electrode critical stress [Pa]": 65877886.89315054,
        "Positive electrode conductivity [S.m-1]": 0.1331761118762466,
        "Maximum concentration in positive electrode [mol.m-3]": 83753.171440971,
        "Positive electrode porosity": 0.29953948798344554,
        "Positive electrode active material volume fraction": 0.5068086534384664,
        "Positive particle radius [m]": 3.1750407663496937e-06,
        "Positive electrode Bruggeman coefficient (electrolyte)": 1.5290760913623225,
        "Positive electrode Bruggeman coefficient (electrode)": 1.6772788617634982,
        "Positive electrode charge transfer coefficient": 0.6446615194586476,
        "Positive electrode double-layer capacity [F.m-2]": 0.304141145833167,
        "Positive electrode density [kg.m-3]": 3692.7601021524497,
        "Positive electrode specific heat capacity [J.kg-1.K-1]": 528.2882941504852,
        "Positive electrode thermal conductivity [W.m-1.K-1]": 2.285241138688762,
        "Positive electrode OCP entropic change [V.K-1]": 0.0,
        "Positive electrode Poisson's ratio": 0.10487418714935043,
        "Positive electrode Young's modulus [Pa]": 218260646176.2413,
        "Positive electrode reference concentration for free of deformation [mol.m-3]": 0.0,
        "Positive electrode partial molar volume [m3.mol-1]": 1.2440062413133292e-05,
        "Positive electrode initial crack length [m]": 1.914959437606869e-08,
        "Positive electrode initial crack width [m]": 2.0084573905739157e-08,
        "Positive electrode number of cracks per unit area [m-2]": 1921250957619039.8,
        "Positive electrode Paris' law constant b": 1.4034477949201514,
        "Positive electrode Paris' law constant m": 3.4394404955699733,
        "Positive electrode LAM constant proportional term [s-1]": 2.371803315126562e-07,
        "Positive electrode LAM constant exponential term": 2.1365664652194165,
        "Positive electrode critical stress [Pa]": 269092216.2879141,
        "Separator porosity": 0.5855341267578449,
        "Separator Bruggeman coefficient (electrolyte)": 1.0393554241593743,
        "Separator density [kg.m-3]": 359.7755244958327,
        "Separator specific heat capacity [J.kg-1.K-1]": 806.6764003398567,
        "Separator thermal conductivity [W.m-1.K-1]": 0.15524473699650843,
        "Initial concentration in electrolyte [mol.m-3]": 1532.5644026500725,