{
    "config": {
        "Ideal gas constant [J.K-1.mol-1]": 6.036218117107041,
        "Faraday constant [C.mol-1]": 88434.77390603957,
        "Boltzmann constant [J.K-1]": 1.4618128837111706e-23,
        "Electron charge [C]": 1.5482986776503317e-19,
        "Lithium metal partial molar volume [m3.mol-1]": 1.5067100406981335e-05,
        "Lithium plating kinetic rate constant [m.s-1]": 1.2277530692567338e-09,
        "Initial plated lithium concentration [mol.m-3]": 0.0,
        "Typical plated lithium concentration [mol.m-3]": 1208.2955561103595,
        "Lithium plating transfer coefficient": 0.8259998029976957,
        "Dead lithium decay constant [s-1]": 6.395599985055533e-07,
        "Ratio of lithium moles to SEI moles": 0.5020165490393428,
        "Inner SEI reaction proportion": 0.0,
        "Inner SEI partial molar volume [m3.mol-1]": 7.057330856808631e-05,
        "Outer SEI partial molar volume [m3.mol-1]": 8.83068726525552e-05,
        "SEI reaction exchange current density [A.m-2]": 2.3735932327177185e-07,
        "SEI resistivity [Ohm.m]": 234152.8516582168,
        "Outer SEI solvent diffusivity [m2.s-1]": 2.70699841319426e-22,
        "Bulk solvent concentration [mol.m-3]": 2220.172693117647,
        "Inner SEI open-circuit potential [V]": 0.07969269732588775,
        "Outer SEI open-circuit potential [V]": 0.8892314017606371,
        "Inner SEI electron conductivity [S.m-1]": 8.74076210421968e-14,
        "Inner SEI lithium interstitial diffusivity [m2.s-1]": 1.289937706344154e-20,
        "Lithium interstitial reference concentration [mol.m-3]": 12.467643427475501,
        "Initial inner SEI thickness [m]": 0.0,
        "Initial outer SEI thickness [m]": 2.2035763446846226e-09,
        "EC initial concentration in electrolyte [mol.m-3]": 3496.2089583922616,
        "EC diffusivity [m2.s-1]": 1.6738017597033701e-18,
        "SEI kinetic rate constant [m.s-1]": 1.0018726380904036e-12,
        "SEI open-circuit potential [V]": 0.27519968969970726,
        "SEI growth activation energy [J.mol-1]": 34582.11041660955,
        "Negative electrode reaction-driven LAM factor [m3.mol-1]": 0.0,
        "Positive electrode reaction-driven LAM factor [m3.mol-1]": 0.0,
        "Negative current collector thickness [m]": 1.1356279466789021e-05,
        "Negative electrode thickness [m]": 0.00010183490814237975,
        "Separator thickness [m]": 1.1066380687986213e-05,
        "Positive electrode thickness [m]": 7.751046378624141e-05,
        "Positive current collector thickness [m]": 7.574125349718065e-06,
        "Electrode height [m]": 0.05930427905616285,
        "Electrode width [m]": 1.74807048165367,
        "Cell cooling surface area [m2]": 0.006814828391452466,
        "Cell volume [m3]": 3.093562851341039e-05,
        "Cell thermal expansion coefficient [m.K-1]": 1.271694128525351e-06,
        "Negative current collector conductivity [S.m-1]": 74070536.78864181,
        "Positive current collector conductivity [S.m-1]": 38701583.998363964,
        "Negative current collector density [kg.m-3]": 10322.908217860873,
        "Positive current collector density [kg.m-3]": 2203.659025591816,
        "Negative current collector specific heat capacity [J.kg-1.K-1]": 469.6835228479015,
        "Positive current collector specific heat capacity [J.kg-1.K-1]": 905.0824473127037,
        "Negative current collector thermal conductivity [W.m-1.K-1]": 494.4253878675608,
        "Positive current collector thermal conductivity [W.m-1.K-1]": 244.5549538395622,
        "Nominal cell capacity [A.h]": 3.850623858532007,
        "Current function [A]": 4.970277758285557,
        "Contact resistance [Ohm]": 0,
        "Negative electrode conductivity [S.m-1]": 262.84013728703206,
        "Maximum concentration in negative electrode [mol.m-3]": 37118.46832590087,
        "Negative electrode porosity": 0.17679069508170225,
        "Negative electrode active material volume fraction": 0.7703917561124372,
        "Negative particle radius [m]": 5.698556584507101e-06,
        "Negative electrode Bruggeman coefficient (electrolyte)": 1.4614605637732316,
        "Negative electrode Bruggeman coefficient (electrode)": 1.5812427068147952,
        "Negative electrode charge transfer coefficient": 0.4483860236486254,
        "Negative electrode double-layer capacity [F.m-2]": 0.08813820764018439,
        "Negative electrode density [kg.m-3]": 1702.7965740046884,
        "Negative electrode specific heat capacity [J.kg-1.K-1]": 693.6872071401451,
        "Negative electrode thermal conductivity [W.m-1.K-1]": 1.8635734381274967,
        "Negative electrode OCP entropic change [V.K-1]": 0.0,
        "Negative electrode Poisson's ratio": 0.4461393032903188,
        "Negative electrode Young's modulus [Pa]": 22725541041.39418,
        "Negative electrode reference concentration for free of deformation [mol.m-3]": 0.0,
        "Negative electrode partial molar volume [m3.mol-1]": 3.7248669617479377e-06,
        "Negative electrode initial crack length [m]": 1.7324374288456822e-08,
        "Negative electrode initial crack width [m]": 1.4692213310499169e-08,
        "Negative electrode number of cracks per unit area [m-2]": 3821299512576251.0,
        "Negative electrode Paris' law constant b": 1.0227567656857874,
        "Negative electrode Paris' law constant m": 1.972828404590395,
        "Negative electrode LAM constant proportional term [s-1]": 3.665076053930019e-07,
        "Negative electrode LAM constant exponential term": 2.6046351828903163,
        "Negative electrode critical stress [Pa]": 77257393.62807477,
        "Positive electrode conductivity [S.m-1]": 0.11600719276540082,
        "Maximum concentration in positive electrode [mol.m-3]": 76180.37878063081,
        "Positive electrode porosity": 0.3796977728753547,
        "Positive electrode active material volume fraction": 0.7900164315350764,
        "Positive particle radius [m]": 5.214676147826687e-06,
        "Positive electrode Bruggeman coefficient (electrolyte)": 1.275657494226106,
        "Positive electrode Bruggeman coefficient (electrode)": 1.714968422117812,
        "Positive electrode charge transfer coefficient": 0.6828002037842774,
        "Positive electrode double-layer capacity [F.m-2]": 0.17012578041698287,
        "Positive electrode density [kg.m-3]": 4569.18521055485,
        "Positive electrode specific heat capacity [J.kg-1.K-1]": 843.6318024898676,
        "Positive electrode thermal conductivity [W.m-1.K-1]": 1.881639785900278,
        "Positive electrode OCP entropic change [V.K-1]": 0.0,
        "Positive electrode Poisson's ratio": 0.27592319181603336,
        "Positive electrode Young's modulus [Pa]": 444929158979.05536,
        "Positive electrode reference concentration for free of deformation [mol.m-3]": 0.0,
        "Positive electrode partial molar volume [m3.mol-1]": 1.7938662493478326e-05,
        "Positive electrode initial crack length [m]": 1.978850816833145e-08,
        "Positive electrode initial crack width [m]": 1.771560589304121e-08,
        "Positive electrode number of cracks per unit area [m-2]": 2469574479297936.5,
        "Positive electrode Paris' law constant b": 1.2459192811257065,
        "Positive electrode Paris' law constant m": 2.367210005373628,
        "Positive electrode LAM constant proportional term [s-1]": 2.251340111499781e-07,
        "Positive electrode LAM constant exponential term": 1.7207515518217291,
        "Positive electrode critical stress [Pa]": 350881189.1428038,
        "Separator porosity": 0.3976039927422585,
        "Separator Bruggeman coefficient (electrolyte)": 1.0959262933415461,
        "Separator density [kg.m-3]": 465.53604689187125,
        "Separator specific heat capacity [J.kg-1.K-1]": 726.4582791983757,
        "Separator thermal conductivity [W.m-1.K-1]": 0.15140103374551458,
        "Initial concentration in electrolyte [mol.m-3]": 1030.9063625283495,
        "Cation transference number": 0.2741404309425844,