{
    "config": {
        "Ideal gas constant [J.K-1.mol-1]": 8.374799951957518,
        "Faraday constant [C.mol-1]": 98609.05522848803,
        "Boltzmann constant [J.K-1]": 2.227218859298978e-23,
        "Electron charge [C]": 1.4490818413882223e-19,
        "Ratio of lithium moles to SEI moles": 1.9073423391225075,
        "Inner SEI reaction proportion": 0.3094656331198943,
        "Inner SEI partial molar volume [m3.mol-1]": 9.825011241360795e-05,
        "Outer SEI partial molar volume [m3.mol-1]": 0.00011645766156924829,
        "SEI reaction exchange current density [A.m-2]": 1.0745926906177818e-06,
        "SEI resistivity [Ohm.m]": 185624.2423031006,
        "Outer SEI solvent diffusivity [m2.s-1]": 2.0611161669452294e-22,
        "Bulk solvent concentration [mol.m-3]": 2461.775589366672,
        "Inner SEI open-circuit potential [V]": 0.10696485535033622,
        "Outer SEI open-circuit potential [V]": 0.6677045257800172,
        "Inner SEI electron conductivity [S.m-1]": 9.762923778884948e-14,
        "Inner SEI lithium interstitial diffusivity [m2.s-1]": 1.4853634263375594e-20,
        "Lithium interstitial reference concentration [mol.m-3]": 18.52923640386384,
        "Initial inner SEI thickness [m]": 3.382102930462894e-09,
        "Initial outer SEI thickness [m]": 1.98881773317429e-09,
        "EC initial concentration in electrolyte [mol.m-3]": 4573.547615516728,
        "EC diffusivity [m2.s-1]": 2.7605129086391665e-18,
        "SEI kinetic rate constant [m.s-1]": 9.204092100211944e-13,
        "SEI open-circuit potential [V]": 0.0,
        "SEI growth activation energy [J.mol-1]": 0.0,
        "Negative current collector thickness [m]": 1.803863215258864e-05,
        "Negative electrode thickness [m]": 0.00011990527146278442,
        "Separator thickness [m]": 2.809955915690445e-05,
        "Positive electrode thickness [m]": 5.838806916780385e-05,
        "Positive current collector thickness [m]": 2.7427400364459335e-05,
        "Electrode height [m]": 0.0569315112187838,
        "Electrode width [m]": 1.3618761686824579,
        "Negative tab width [m]": 0.04412311739680256,
        "Negative tab centre y-coordinate [m]": 0.07254732351041472,
        "Negative tab centre z-coordinate [m]": 0.16895346586410673,
        "Positive tab width [m]": 0.02918043713135937,
        "Positive tab centre y-coordinate [m]": 0.11036260253202684,
        "Positive tab centre z-coordinate [m]": 0.13933537785547487,
        "Negative current collector conductivity [S.m-1]": 66026477.767979726,
        "Positive current collector conductivity [S.m-1]": 34102457.962459214,
        "Negative current collector density [kg.m-3]": 13105.713084590734,
        "Positive current collector density [kg.m-3]": 2455.271760705491,
        "Negative current collector specific heat capacity [J.kg-1.K-1]": 334.3766288448956,
        "Positive current collector specific heat capacity [J.kg-1.K-1]": 1225.5940783104738,
        "Negative current collector thermal conductivity [W.m-1.K-1]": 342.97481715751934,
        "Positive current collector thermal conductivity [W.m-1.K-1]": 236.97977945742187,
        "Nominal cell capacity [A.h]": 0.8509478606478473,
        "Current function [A]": 1.0930891375062293,
        "Contact resistance [Ohm]": 0,
        "Negative electrode conductivity [S.m-1]": 65.03276992362555,
        "Maximum concentration in negative electrode [mol.m-3]": 35348.61809420389,
        "Negative electrode porosity": 0.35682203113826083,
        "Negative electrode active material volume fraction": 0.4896572706841131,
        "Negative particle radius [m]": 2.1271966959783194e-06,
        "Negative electrode Bruggeman coefficient (electrolyte)": 3.8703209793008404,
        "Negative electrode Bruggeman coefficient (electrode)": 3.8161951778421037,
        "Negative electrode charge transfer coefficient": 0.2533902661658981,
        "Negative electrode double-layer capacity [F.m-2]": 0.18982053856738512,
        "Negative electrode density [kg.m-3]": 2250.769163810306,
        "Negative electrode specific heat capacity [J.kg-1.K-1]": 528.8660926265698,
        "Negative electrode thermal conductivity [W.m-1.K-1]": 1.5753404664857436,
        "Positive electrode conductivity [S.m-1]": 120.31077210747083,
        "Maximum concentration in positive electrode [mol.m-3]": 53371.42949060605,
        "Positive electrode porosity": 0.27320854356515006,
        "Positive electrode active material volume fraction": 0.5121705628684983,
        "Positive particle radius [m]": 1.7719801565770147e-06,
        "Positive electrode Bruggeman coefficient (electrolyte)": 3.0677110591157004,
        "Positive electrode Bruggeman coefficient (electrode)": 5.151452936229769,
        "Positive electrode charge transfer coefficient": 0.5424615169988116,
        "Positive electrode double-layer capacity [F.m-2]": 0.1756532845940476,
        "Positive electrode density [kg.m-3]": 4192.949550507303,
        "Positive electrode specific heat capacity [J.kg-1.K-1]": 692.7993926458108,
        "Positive electrode thermal conductivity [W.m-1.K-1]": 1.9088715071341131,
        "Separator porosity": 0.3065270927877219,
        "Separator Bruggeman coefficient (electrolyte)": 1.598027640491185,
        "Separator density [kg.m-3]": 1092.8923708364225,
        "Separator specific heat capacity [J.kg-1.K-1]": 1768.301702853554,
        "Separator thermal conductivity [W.m-1.K-1]": 0.26111848594784387,
        "Initial concentration in electrolyte [mol.m-3]": 1485.1602569016547,
        "Cation transference number": 0.261910366746408,
        "Thermodynamic factor": 0.6609477184654873,
        "Reference temperature [K]": 297.4719695623086,
        "Ambient temperature [K]": 336.25533570990456,
        "Negative current collector surface heat transfer coefficient [W.m-2.K-1]": 0.0,
        "Positive current collector surface heat transfer coefficient [W.m-2.K-1]": 0.0,
        "Negative tab heat transfer coefficient [W.m-2.K-1]": 6.287815280266453,
        "Positive tab heat transfer coefficient [W.m-2.K-1]": 4.784895054987757,
        "Edge heat transfer coefficient [W.m-2.K-1]": 0.10541230248707095,
        "Number of electrodes connected in parallel to make a cell": 1.0332531020158318,
        "Number of cells connected in series to make a battery": 1.0321293642167437,
        "Lower voltage cut-off [V]": 2.9331735988826986,
        "Upper voltage cut-off [V]": 5.341650844717238,
        "Open-circuit voltage at 0% SOC [V]": 2.2517840912417433,
        "Open-circuit voltage at 100% SOC [V]": 3.714658095295236,
        "Initial concentration in negative electrode [mol.m-3]": 29156.264764808206,
        "Initial concentration in positive electrode [mol.m-3]": 21174.438436620992,
        "Initial temperature [K]": 344.0160268558451
    },