{
    "config": {
        "Ideal gas constant [J.K-1.mol-1]": 7.415738284551259,
        "Faraday constant [C.mol-1]": 115012.88018383407,
        "Boltzmann constant [J.K-1]": 1.7399976616582748e-23,
        "Electron charge [C]": 1.7369176995134363e-19,
        "Ratio of lithium moles to SEI moles": 1.896274588408108,
        "Inner SEI reaction proportion": 0.41846415524977126,
        "Inner SEI partial molar volume [m3.mol-1]": 5.3913709409993196e-05,
        "Outer SEI partial molar volume [m3.mol-1]": 0.00011776799535263609,
        "SEI reaction exchange current density [A.m-2]": 9.300437061922372e-08,
        "SEI resistivity [Ohm.m]": 277858.01858841383,
        "Outer SEI solvent diffusivity [m2.s-1]": 1.4126376644801268e-22,
        "Bulk solvent concentration [mol.m-3]": 3900.722525165269,
        "Inner SEI open-circuit potential [V]": 0.10048162598848781,
        "Outer SEI open-circuit potential [V]": 0.8523736844311789,
        "Inner SEI electron conductivity [S.m-1]": 6.480849814413744e-14,
        "Inner SEI lithium interstitial diffusivity [m2.s-1]": 1.1399112671418636e-20,
        "Lithium interstitial reference concentration [mol.m-3]": 10.272914775697116,
        "Initial inner SEI thickness [m]": 2.309611571379665e-09,
        "Initial outer SEI thickness [m]": 2.6173582883908084e-09,
        "EC initial concentration in electrolyte [mol.m-3]": 4538.9698253183615,
        "EC diffusivity [m2.s-1]": 2.4233357543999167e-18,
        "SEI kinetic rate constant [m.s-1]": 1.1859035191764466e-12,
        "SEI open-circuit potential [V]": 0.30690905868079765,
        "SEI growth activation energy [J.mol-1]": 0.0,
        "Negative electrode reaction-driven LAM factor [m3.mol-1]": 0.0,
        "Positive electrode reaction-driven LAM factor [m3.mol-1]": 0.0,
        "Negative current collector thickness [m]": 1.286210372759363e-05,
        "Negative electrode thickness [m]": 9.48739305903707e-05,
        "Separator thickness [m]": 2.1216148315970885e-05,
        "Positive electrode thickness [m]": 8.047560839334146e-05,
        "Positive current collector thickness [m]": 1.8686953280678334e-05,
        "Electrode height [m]": 0.1219784993450842,
        "Electrode width [m]": 0.10238204453133228,
        "Negative tab width [m]": 0.006363983128411482,
        "Negative tab centre y-coordinate [m]": 0.0028107645655632216,
        "Negative tab centre z-coordinate [m]": 0.1103190950505267,
        "Positive tab width [m]": 0.008232027770946122,
        "Positive tab centre y-coordinate [m]": 0.03563901120927194,
        "Positive tab centre z-coordinate [m]": 0.08058440002096857,
        "Cell cooling surface area [m2]": 0.010597126518520978,
        "Cell volume [m3]": 1.6421540886061665e-06,
        "Negative current collector conductivity [S.m-1]": 64604419.29219404,
        "Positive current collector conductivity [S.m-1]": 38394835.9068704,
        "Negative current collector density [kg.m-3]": 8375.863853292101,
        "Positive current collector density [kg.m-3]": 1446.8087629459912,
        "Negative current collector specific heat capacity [J.kg-1.K-1]": 332.3198300653699,
        "Positive current collector specific heat capacity [J.kg-1.K-1]": 522.2935773830732,
        "Negative current collector thermal conductivity [W.m-1.K-1]": 347.4325733741224,
        "Positive current collector thermal conductivity [W.m-1.K-1]": 209.81450725650504,
        "Nominal cell capacity [A.h]": 0.12582745877337959,
        "Current function [A]": 0.15740671819309693,
        "Contact resistance [Ohm]": 0,
        "Negative electrode conductivity [S.m-1]": 18.162001904500546,
        "Maximum concentration in negative electrode [mol.m-3]": 37615.716626054185,
        "Negative electrode porosity": 0.4164401866825523,
        "Negative electrode active material volume fraction": 0.375232713757799,
        "Negative particle radius [m]": 8.600839415788188e-06,
        "Negative electrode Bruggeman coefficient (electrolyte)": 0.9377973371575687,
        "Negative electrode Bruggeman coefficient (electrode)": 0.0,
        "Negative electrode density [kg.m-3]": 1774.081099949602,
        "Negative electrode specific heat capacity [J.kg-1.K-1]": 1628.8224310717137,
        "Negative electrode thermal conductivity [W.m-1.K-1]": 1.403181630218605,
        "Negative electrode OCP entropic change [V.K-1]": 0.0,
        "Positive electrode conductivity [S.m-1]": 74.88002114443142,
        "Maximum concentration in positive electrode [mol.m-3]": 31359.817261289485,
        "Positive electrode porosity": 0.47170188640984584,
        "Positive electrode active material volume fraction": 0.457202449919246,
        "Positive particle radius [m]": 3.588640858035307e-06,
        "Positive electrode Bruggeman coefficient (electrolyte)": 1.3031044605077944,
        "Positive electrode Bruggeman coefficient (electrode)": 0.0,
        "Positive electrode density [kg.m-3]": 4579.355931625289,
        "Positive electrode specific heat capacity [J.kg-1.K-1]": 1541.0683046359359,
        "Positive electrode thermal conductivity [W.m-1.K-1]": 1.0053065093795237,
        "Positive electrode OCP entropic change [V.K-1]": 0.0,
        "Separator porosity": 0.5890208702098354,
        "Separator Bruggeman coefficient (electrolyte)": 2.5494666261214407,
        "Separator density [kg.m-3]": 1139.5941866254425,
        "Separator specific heat capacity [J.kg-1.K-1]": 1581.9553005714479,
        "Separator thermal conductivity [W.m-1.K-1]": 0.37894307271828825,
        "Initial concentration in electrolyte [mol.m-3]": 1047.7091754253136,
        "Cation transference number": 0.32939183310518816,
        "Thermodynamic factor": 1.3026863494493708,
        "Reference temperature [K]": 412.97564382344126,
        "Negative current collector surface heat transfer coefficient [W.m-2.K-1]": 10.979546618397142,
        "Positive current collector surface heat transfer coefficient [W.m-2.K-1]": 9.578793811501148,
        "Negative tab heat transfer coefficient [W.m-2.K-1]": 14.18323658000363,
        "Positive tab heat transfer coefficient [W.m-2.K-1]": 12.673166412015306,
        "Edge heat transfer coefficient [W.m-2.K-1]": 8.893220475551264,
        "Total heat transfer coefficient [W.m-2.K-1]": 12.103401962630064,
        "Ambient temperature [K]": 311.14664459355157,
        "Number of electrodes connected in parallel to make a cell": 1.2502161604356619,
        "Number of cells connected in series to make a battery": 1.3567661097534636,
        "Lower voltage cut-off [V]": 2.354289474483286,
        "Upper voltage cut-off [V]": 4.908535776536797,
        "Open-circuit voltage at 0% SOC [V]": 2.3612551348192095,
        "Open-circuit voltage at 100% SOC [V]": 1.0770855553757452,
        "Initial concentration in negative electrode [mol.m-3]": 30253.15584774867,
        "Initial concentration in positive electrode [mol.m-3]": 13695.537948273182,
        "Initial temperature [K]": 315.3337952803556
    },