{
    "config": {
        "Ideal gas constant [J.K-1.mol-1]": 8.865260776347503,
        "Faraday constant [C.mol-1]": 108580.86523499845,
        "Boltzmann constant [J.K-1]": 1.5299919857265808e-23,
        "Electron charge [C]": 2.379920292411451e-19,
        "Lithium metal partial molar volume [m3.mol-1]": 1.0129080178178601e-05,
        "Lithium plating kinetic rate constant [m.s-1]": 1.3413456135137307e-09,
        "Initial plated lithium concentration [mol.m-3]": 0.0,
        "Typical plated lithium concentration [mol.m-3]": 968.6541110518752,
        "Lithium plating transfer coefficient": 0.8389495938901772,
        "Dead lithium decay constant [s-1]": 7.987718651026167e-07,
        "Ratio of lithium moles to SEI moles": 1.2033559823230096,
        "Inner SEI reaction proportion": 0.0,
        "Inner SEI partial molar volume [m3.mol-1]": 0.00012151544452604796,
        "Outer SEI partial molar volume [m3.mol-1]": 8.852059474925642e-05,
        "SEI reaction exchange current density [A.m-2]": 1.6028452476463184e-07,
        "SEI resistivity [Ohm.m]": 133735.70307876612,
        "Outer SEI solvent diffusivity [m2.s-1]": 2.8765858291856147e-22,
        "Bulk solvent concentration [mol.m-3]": 3953.8641125828262,
        "Inner SEI open-circuit potential [V]": 0.11261588927225848,
        "Outer SEI open-circuit potential [V]": 0.7217783389212407,
        "Inner SEI electron conductivity [S.m-1]": 1.2346819990908755e-13,
        "Inner SEI lithium interstitial diffusivity [m2.s-1]": 1.365677688754382e-20,
        "Lithium interstitial reference concentration [mol.m-3]": 15.804615673147753,
        "Initial inner SEI thickness [m]": 0.0,
        "Initial outer SEI thickness [m]": 4.982256862317325e-09,
        "EC initial concentration in electrolyte [mol.m-3]": 4019.245047083956,
        "EC diffusivity [m2.s-1]": 1.905263259112337e-18,
        "SEI kinetic rate constant [m.s-1]": 5.630782555410984e-13,
        "SEI open-circuit potential [V]": 0.5631185027423186,
        "SEI growth activation energy [J.mol-1]": 40944.025524220975,
        "Negative electrode reaction-driven LAM factor [m3.mol-1]": 0.0,
        "Positive electrode reaction-driven LAM factor [m3.mol-1]": 0.0,
        "Negative current collector thickness [m]": 9.868507671635874e-06,
        "Negative electrode thickness [m]": 2.3380674399277684e-05,
        "Separator thickness [m]": 1.4444040487680431e-05,
        "Positive electrode thickness [m]": 9.944467310884812e-05,
        "Positive current collector thickness [m]": 1.999995833702861e-05,
        "Electrode height [m]": 0.09885453131760567,
        "Electrode width [m]": 1.6221387927647386,
        "Cell cooling surface area [m2]": 0.006463690710411486,
        "Cell volume [m3]": 2.7887133567188836e-05,
        "Cell thermal expansion coefficient [m.K-1]": 1.3249599152248904e-06,
        "Negative current collector conductivity [S.m-1]": 55315791.45703502,
        "Positive current collector conductivity [S.m-1]": 33253337.98244085,
        "Negative current collector density [kg.m-3]": 10985.332770310515,
        "Positive current collector density [kg.m-3]": 3652.2661306989694,
        "Negative current collector specific heat capacity [J.kg-1.K-1]": 525.207756270466,
        "Positive current collector specific heat capacity [J.kg-1.K-1]": 1140.9364551174888,
        "Negative current collector thermal conductivity [W.m-1.K-1]": 544.3636011362609,
        "Positive current collector thermal conductivity [W.m-1.K-1]": 206.5841200263874,
        "Nominal cell capacity [A.h]": 4.212779726248442,
        "Current function [A]": 4.419180052540796,
        "Contact resistance [Ohm]": 0,
        "Negative electrode conductivity [S.m-1]": 274.6970680203801,
        "Maximum concentration in negative electrode [mol.m-3]": 33182.00464889229,
        "Negative electrode porosity": 0.20276563894957336,
        "Negative electrode active material volume fraction": 1.0948829752818119,
        "Negative particle radius [m]": 5.534909975956476e-06,
        "Negative electrode Bruggeman coefficient (electrolyte)": 1.8455271917174352,
        "Negative electrode Bruggeman coefficient (electrode)": 1.0755423417186702,
        "Negative electrode charge transfer coefficient": 0.528215586847921,
        "Negative electrode double-layer capacity [F.m-2]": 0.15286272780547203,
        "Negative electrode density [kg.m-3]": 2073.946275743297,
        "Negative electrode specific heat capacity [J.kg-1.K-1]": 718.5551512802668,
        "Negative electrode thermal conductivity [W.m-1.K-1]": 1.7826468034597622,
        "Negative electrode OCP entropic change [V.K-1]": 0.0,
        "Negative electrode Poisson's ratio": 0.2812510764486939,
        "Negative electrode Young's modulus [Pa]": 13707435858.576445,
        "Negative electrode reference concentration for free of deformation [mol.m-3]": 0.0,
        "Negative electrode partial molar volume [m3.mol-1]": 3.038158563917005e-06,
        "Negative electrode initial crack length [m]": 2.4428297157047834e-08,
        "Negative electrode initial crack width [m]": 1.2804916119790388e-08,
        "Negative electrode number of cracks per unit area [m-2]": 2812116700422705.5,
        "Negative electrode Paris' law constant b": 1.1325613468167073,
        "Negative electrode Paris' law constant m": 1.5328144019509518,
        "Negative electrode LAM constant proportional term [s-1]": 2.7981131188354786e-07,
        "Negative electrode LAM constant exponential term": 2.272401737994731,
        "Negative electrode critical stress [Pa]": 78393315.69962022,
        "Positive electrode conductivity [S.m-1]": 0.21832941454145038,
        "Maximum concentration in positive electrode [mol.m-3]": 44237.7136251379,
        "Positive electrode porosity": 0.36658357532768193,
        "Positive electrode active material volume fraction": 0.3535784097527447,
        "Positive particle radius [m]": 5.097151648652682e-06,
        "Positive electrode Bruggeman coefficient (electrolyte)": 1.947453955817058,
        "Positive electrode Bruggeman coefficient (electrode)": 1.216571124852754,
        "Positive electrode charge transfer coefficient": 0.5243779303690007,
        "Positive electrode double-layer capacity [F.m-2]": 0.2939849591483447,
        "Positive electrode density [kg.m-3]": 3751.2856008928175,
        "Positive electrode specific heat capacity [J.kg-1.K-1]": 962.4027433331746,
        "Positive electrode thermal conductivity [W.m-1.K-1]": 1.8770076935496118,
        "Positive electrode OCP entropic change [V.K-1]": 0.0,
        "Positive electrode Poisson's ratio": 0.2605222859570687,
        "Positive electrode Young's modulus [Pa]": 306130958379.13306,
        "Positive electrode reference concentration for free of deformation [mol.m-3]": 0.0,
        "Positive electrode partial molar volume [m3.mol-1]": 1.4052989207833151e-05,
        "Positive electrode initial crack length [m]": 2.095917415524458e-08,
        "Positive electrode initial crack width [m]": 1.5268934461377246e-08,
        "Positive electrode number of cracks per unit area [m-2]": 4002467668924127.5,
        "Positive electrode Paris' law constant b": 1.1235043437045908,
        "Positive electrode Paris' law constant m": 1.8744209120399418,
        "Positive electrode LAM constant proportional term [s-1]": 2.0778438214916776e-07,
        "Positive electrode LAM constant exponential term": 2.292009625132511,
        "Positive electrode critical stress [Pa]": 353266894.5632871,
        "Separator porosity": 0.5821087178761666,
        "Separator Bruggeman coefficient (electrolyte)": 1.593632800427864,
        "Separator density [kg.m-3]": 454.04381030296673,
        "Separator specific heat capacity [J.kg-1.K-1]": 671.7517436592519,
        "Separator thermal conductivity [W.m-1.K-1]": 0.13733205309323607,
        "Initial concentration in electrolyte [mol.m-3]": 1094.186476344413,