{
    "config": {
        "Ideal gas constant [J.K-1.mol-1]": 11.808863077662329,
        "Faraday constant [C.mol-1]": 111464.04637358488,
        "Boltzmann constant [J.K-1]": 1.699969938385669e-23,
        "Electron charge [C]": 1.4155325147293883e-19,
        "Ratio of lithium moles to SEI moles": 1.769021426675086,
        "Inner SEI reaction proportion": 0.6142305243601612,
        "Inner SEI partial molar volume [m3.mol-1]": 8.219365798828912e-05,
        "Outer SEI partial molar volume [m3.mol-1]": 0.00010168346219921885,
        "SEI reaction exchange current density [A.m-2]": 1.9193819523813625e-07,
        "SEI resistivity [Ohm.m]": 291165.6853828923,
        "Outer SEI solvent diffusivity [m2.s-1]": 2.6091716489319114e-22,
        "Bulk solvent concentration [mol.m-3]": 1927.525881298139,
        "Inner SEI open-circuit potential [V]": 0.08018300893391987,
        "Outer SEI open-circuit potential [V]": 0.9249321005011816,
        "Inner SEI electron conductivity [S.m-1]": 1.0574513331202805e-13,
        "Inner SEI lithium interstitial diffusivity [m2.s-1]": 1.1892179677739733e-20,
        "Lithium interstitial reference concentration [mol.m-3]": 22.202831829842594,
        "Initial inner SEI thickness [m]": 3.264812412820911e-09,
        "Initial outer SEI thickness [m]": 1.8008632926769603e-09,
        "EC initial concentration in electrolyte [mol.m-3]": 4502.550546689878,
        "EC diffusivity [m2.s-1]": 1.8667350461517643e-18,
        "SEI kinetic rate constant [m.s-1]": 9.302810860120826e-13,
        "SEI open-circuit potential [V]": 0.27731367641190063,
        "SEI growth activation energy [J.mol-1]": 0.0,
        "Negative electrode reaction-driven LAM factor [m3.mol-1]": 0.0,
        "Positive electrode reaction-driven LAM factor [m3.mol-1]": 0.0,
        "Negative current collector thickness [m]": 1.423583614036302e-05,
        "Negative electrode thickness [m]": 7.570855171354493e-05,
        "Separator thickness [m]": 1.531976387400642e-05,
        "Positive electrode thickness [m]": 5.122696016792004e-05,
        "Positive current collector thickness [m]": 1.3996364390613406e-05,
        "Electrode height [m]": 0.11710046399780882,
        "Electrode width [m]": 0.07320750520166212,
        "Negative tab width [m]": 0.006766758495220473,
        "Negative tab centre y-coordinate [m]": 0.0036891901657378646,
        "Negative tab centre z-coordinate [m]": 0.08431529106115496,
        "Positive tab width [m]": 0.00789092075116036,
        "Positive tab centre y-coordinate [m]": 0.05367159128451842,
        "Positive tab centre z-coordinate [m]": 0.02161022439553327,
        "Cell cooling surface area [m2]": 0.02140652181880897,
        "Cell volume [m3]": 1.4362452507576622e-06,
        "Negative current collector conductivity [S.m-1]": 69943114.99694479,
        "Positive current collector conductivity [S.m-1]": 41637907.98012807,
        "Negative current collector density [kg.m-3]": 14034.251736389318,
        "Positive current collector density [kg.m-3]": 2719.613198539609,
        "Negative current collector specific heat capacity [J.kg-1.K-1]": 453.32806663683783,
        "Positive current collector specific heat capacity [J.kg-1.K-1]": 1541.6947635693684,
        "Negative current collector thermal conductivity [W.m-1.K-1]": 271.3137483723929,
        "Positive current collector thermal conductivity [W.m-1.K-1]": 221.08170521988842,
        "Nominal cell capacity [A.h]": 0.1575451407341624,
        "Current function [A]": 0.09271068304640395,
        "Contact resistance [Ohm]": 0,
        "Negative electrode conductivity [S.m-1]": 15.049828534533116,
        "Maximum concentration in negative electrode [mol.m-3]": 33986.33610815143,
        "Negative electrode porosity": 0.304912326838402,
        "Negative electrode active material volume fraction": 0.4033437919118971,
        "Negative particle radius [m]": 1.8637523153986702e-05,
        "Negative electrode Bruggeman coefficient (electrolyte)": 1.2833452347667467,
        "Negative electrode Bruggeman coefficient (electrode)": 0.0,
        "Negative electrode density [kg.m-3]": 1283.5098587263933,
        "Negative electrode specific heat capacity [J.kg-1.K-1]": 1633.9446583184028,
        "Negative electrode thermal conductivity [W.m-1.K-1]": 1.656867644944447,
        "Negative electrode OCP entropic change [V.K-1]": 0.0,
        "Positive electrode conductivity [S.m-1]": 55.21916096621501,
        "Maximum concentration in positive electrode [mol.m-3]": 37034.31517410558,
        "Positive electrode porosity": 0.33447012499749185,
        "Positive electrode active material volume fraction": 0.44106572609527495,
        "Positive particle radius [m]": 4.56867172612525e-06,
        "Positive electrode Bruggeman coefficient (electrolyte)": 2.047853335122242,
        "Positive electrode Bruggeman coefficient (electrode)": 0.0,
        "Positive electrode density [kg.m-3]": 2522.9790254536083,
        "Positive electrode specific heat capacity [J.kg-1.K-1]": 1400.1997324626593,
        "Positive electrode thermal conductivity [W.m-1.K-1]": 0.6181689253463036,
        "Positive electrode OCP entropic change [V.K-1]": 0.0,
        "Separator porosity": 0.5100606537781864,
        "Separator Bruggeman coefficient (electrolyte)": 1.4829534772260167,
        "Separator density [kg.m-3]": 1493.9157970584572,
        "Separator specific heat capacity [J.kg-1.K-1]": 3110.817962311484,
        "Separator thermal conductivity [W.m-1.K-1]": 0.33740300844922977,
        "Initial concentration in electrolyte [mol.m-3]": 659.9352332424277,
        "Cation transference number": 0.4423553952077566,
        "Thermodynamic factor": 0.7652334191969892,
        "Reference temperature [K]": 246.4600312356104,
        "Negative current collector surface heat transfer coefficient [W.m-2.K-1]": 4.474561186402616,
        "Positive current collector surface heat transfer coefficient [W.m-2.K-1]": 6.916617802145833,
        "Negative tab heat transfer coefficient [W.m-2.K-1]": 8.66017875280414,
        "Positive tab heat transfer coefficient [W.m-2.K-1]": 12.472295056464162,
        "Edge heat transfer coefficient [W.m-2.K-1]": 11.752442832621078,
        "Total heat transfer coefficient [W.m-2.K-1]": 8.495560785994897,
        "Ambient temperature [K]": 197.2394465766791,
        "Number of electrodes connected in parallel to make a cell": 1.4909071811608268,
        "Number of cells connected in series to make a battery": 1.02036660616243,
        "Lower voltage cut-off [V]": 1.7888447835514358,
        "Upper voltage cut-off [V]": 4.339087192648304,
        "Open-circuit voltage at 0% SOC [V]": 1.7891380747224759,
        "Open-circuit voltage at 100% SOC [V]": 4.659748719022142,
        "Initial concentration in negative electrode [mol.m-3]": 24908.052916608587,
        "Initial concentration in positive electrode [mol.m-3]": 18431.07816231932,
        "Initial temperature [K]": 207.03084816872854
    },
    "V": [
        3.0777303339136335,
        3.0548335481472426,
        3.0387068112690367,
        3.02483937288305,
        3.007480017423535,
        2.983462301965204,
        2.9551788425718586,
        2.9257042609334327,
        2.892015794126154,
        2.850552621140519,
        2.8043881355887548,
        2.759753185265565,
        2.7160041909994344,
        2.669749281026115,
        2.6183889996781433,
        2.5588777442992674,
        2.466587175057244,
        2.36519215577649,
        2.25241743298674,
        2.1888082056226166,
        2.1213316077041195,
        2.0316289439625423,
        1.9656587802572403,
        1.941175883256629,
        1.8947313196991675,
        1.788854783553999
    ],