{
    "config": {
        "Ideal gas constant [J.K-1.mol-1]": 7.783476105898101,
        "Faraday constant [C.mol-1]": 61367.92242751232,
        "Boltzmann constant [J.K-1]": 7.924721573486077e-24,
        "Electron charge [C]": 1.4432826141038954e-19,
        "Ratio of lithium moles to SEI moles": 2.9197878608644823,
        "Inner SEI reaction proportion": 0.6761742655022811,
        "Inner SEI partial molar volume [m3.mol-1]": 6.896710867527343e-05,
        "Outer SEI partial molar volume [m3.mol-1]": 3.49342863837443e-05,
        "SEI reaction exchange current density [A.m-2]": 1.1609905099925806e-07,
        "SEI resistivity [Ohm.m]": 251830.6768563502,
        "Outer SEI solvent diffusivity [m2.s-1]": 3.543483486082494e-22,
        "Bulk solvent concentration [mol.m-3]": 3238.1478282479934,
        "Inner SEI open-circuit potential [V]": 0.09003143741922577,
        "Outer SEI open-circuit potential [V]": 0.6273571928500659,
        "Inner SEI electron conductivity [S.m-1]": 1.1220035898671934e-13,
        "Inner SEI lithium interstitial diffusivity [m2.s-1]": 1.1033627705903161e-20,
        "Lithium interstitial reference concentration [mol.m-3]": 13.277256489401797,
        "Initial inner SEI thickness [m]": 2.591195762557937e-09,
        "Initial outer SEI thickness [m]": 2.3095260147386954e-09,
        "EC initial concentration in electrolyte [mol.m-3]": 5283.63879240254,
        "EC diffusivity [m2.s-1]": 1.5153553639393337e-18,
        "SEI kinetic rate constant [m.s-1]": 3.190031147469674e-13,
        "SEI open-circuit potential [V]": 0.41465052159230187,
        "SEI growth activation energy [J.mol-1]": 0.0,
        "Negative electrode reaction-driven LAM factor [m3.mol-1]": 0.0,
        "Positive electrode reaction-driven LAM factor [m3.mol-1]": 0.0,
        "Negative current collector thickness [m]": 1.3575906882014335e-05,
        "Negative electrode thickness [m]": 0.00010231581312443862,
        "Separator thickness [m]": 2.648363303910933e-05,
        "Positive electrode thickness [m]": 7.149941171108183e-05,
        "Positive current collector thickness [m]": 1.637416038234717e-05,
        "Electrode height [m]": 0.05746074172513314,
        "Electrode width [m]": 0.0323810682525605,
        "Cell cooling surface area [m2]": 0.0044616076507707405,
        "Cell volume [m3]": 1.6889790774954592e-05,
        "Cell emissivity": 1.1628552485873471,
        "Cell thermal expansion coefficient [m.K-1]": 1.0870863437131018e-06,
        "Negative current collector conductivity [S.m-1]": 38753881.06125496,
        "Positive current collector conductivity [S.m-1]": 26141307.686135758,
        "Negative current collector density [kg.m-3]": 9348.585572131065,
        "Positive current collector density [kg.m-3]": 2166.99658620182,
        "Negative current collector specific heat capacity [J.kg-1.K-1]": 590.0248243220675,
        "Positive current collector specific heat capacity [J.kg-1.K-1]": 1007.1230355134101,
        "Negative current collector thermal conductivity [W.m-1.K-1]": 434.56997516358,
        "Positive current collector thermal conductivity [W.m-1.K-1]": 193.65913813918124,
        "Nominal cell capacity [A.h]": 1.7188054894276832,
        "Current function [A]": 2.366035194449729,
        "Contact resistance [Ohm]": 0,
        "Negative electrode conductivity [S.m-1]": 65.43038157366323,
        "Maximum concentration in negative electrode [mol.m-3]": 34520.85813095985,
        "Negative electrode porosity": 0.36158234100309256,
        "Negative electrode active material volume fraction": 0.7021077439565683,
        "Negative particle radius [m]": 4.6719894125284025e-06,
        "Negative electrode Bruggeman coefficient (electrolyte)": 2.060786847415824,
        "Negative electrode Bruggeman coefficient (electrode)": 0.0,
        "Negative electrode charge transfer coefficient": 0.3636083207726032,
        "Negative electrode double-layer capacity [F.m-2]": 0.14708609184267168,
        "Negative electrode density [kg.m-3]": 2658.539380429859,
        "Negative electrode specific heat capacity [J.kg-1.K-1]": 900.9726147239073,
        "Negative electrode thermal conductivity [W.m-1.K-1]": 1.4132468539101,
        "Negative electrode Poisson's ratio": 0.2749119230746652,
        "Negative electrode Young's modulus [Pa]": 11926618209.753258,
        "Negative electrode reference concentration for free of deformation [mol.m-3]": 0.0,
        "Negative electrode partial molar volume [m3.mol-1]": 2.194813585306674e-06,
        "Negative electrode initial crack length [m]": 2.1282473549370396e-08,
        "Negative electrode initial crack width [m]": 1.0669907970551777e-08,
        "Negative electrode number of cracks per unit area [m-2]": 4105011189906311.0,
        "Negative electrode Paris' law constant b": 0.6422162988069771,
        "Negative electrode Paris' law constant m": 2.259934489202545,
        "Negative electrode activation energy for cracking rate [J.mol-1]": 0.0,
        "Negative electrode LAM constant proportional term [s-1]": 0.0,
        "Negative electrode LAM constant exponential term": 2.0010050841071547,
        "Negative electrode critical stress [Pa]": 68689714.04880744,
        "Positive electrode conductivity [S.m-1]": 15.90467312326327,
        "Maximum concentration in positive electrode [mol.m-3]": 36726.643918970294,
        "Positive electrode porosity": 0.2510093705755661,
        "Positive electrode active material volume fraction": 0.5489573192600584,
        "Positive particle radius [m]": 1.938787068973113e-06,
        "Positive electrode surface area to volume ratio [m-1]": 541579.8205956322,
        "Positive electrode Bruggeman coefficient (electrolyte)": 1.9255757907526652,
        "Positive electrode Bruggeman coefficient (electrode)": 0.0,
        "Positive electrode charge transfer coefficient": 0.4492379656711663,
        "Positive electrode double-layer capacity [F.m-2]": 0.1976829426842661,
        "Positive electrode density [kg.m-3]": 1547.2870376302385,
        "Positive electrode specific heat capacity [J.kg-1.K-1]": 1375.265915571,
        "Positive electrode thermal conductivity [W.m-1.K-1]": 2.1036545120907677,
        "Positive electrode Poisson's ratio": 0.15620490432700643,
        "Positive electrode Young's modulus [Pa]": 435544770343.44525,
        "Positive electrode reference concentration for free of deformation [mol.m-3]": 0.0,
        "Positive electrode partial molar volume [m3.mol-1]": 9.584078660485366e-08,
        "Positive electrode initial crack length [m]": 2.0985343648311887e-08,
        "Positive electrode initial crack width [m]": 6.909907238776676e-09,
        "Positive electrode number of cracks per unit area [m-2]": 2938486051963118.0,
        "Positive electrode Paris' law constant b": 1.619870984879118,
        "Positive electrode Paris' law constant m": 2.023608260623123,
        "Positive electrode activation energy for cracking rate [J.mol-1]": 0.0,
        "Positive electrode LAM constant proportional term [s-1]": 2.508443396706801e-13,
        "Positive electrode LAM constant exponential term": 2.083127196195783,
        "Positive electrode critical stress [Pa]": 372384662.6425669,
        "Separator porosity": 0.4757909493868307,
        "Separator Bruggeman coefficient (electrolyte)": 1.8791085199396291,
        "Separator density [kg.m-3]": 2309.271818666878,
        "Separator specific heat capacity [J.kg-1.K-1]": 1027.0449795723555,
        "Separator thermal conductivity [W.m-1.K-1]": 0.32280002567524774,
        "Initial concentration in electrolyte [mol.m-3]": 942.4661145821899,
        "Cation transference number": 0.43187709480410513,
        "Reference temperature [K]": 429.64913997785595,
        "Total heat transfer coefficient [W.m-2.K-1]": 27.320618446812688,
        "Ambient temperature [K]": 212.2370378570788,
        "Number of electrodes connected in parallel to make a cell": 31.74700551456504,