{
    "config": {
        "Ideal gas constant [J.K-1.mol-1]": 9.425212141731473,
        "Faraday constant [C.mol-1]": 93340.56654690123,
        "Boltzmann constant [J.K-1]": 1.230923040914549e-23,
        "Electron charge [C]": 1.714834362651954e-19,
        "Lithium metal partial molar volume [m3.mol-1]": 1.4570124507725467e-05,
        "Lithium plating kinetic rate constant [m.s-1]": 1.0271287105607513e-09,
        "Initial plated lithium concentration [mol.m-3]": 0.0,
        "Typical plated lithium concentration [mol.m-3]": 772.1616315788858,
        "Lithium plating transfer coefficient": 0.6458198945839417,
        "Dead lithium decay constant [s-1]": 1.1283457241219157e-06,
        "Ratio of lithium moles to SEI moles": 1.1249131336931504,
        "Inner SEI reaction proportion": 0.0,
        "Inner SEI partial molar volume [m3.mol-1]": 0.00012243106651103317,
        "Outer SEI partial molar volume [m3.mol-1]": 9.314470418142248e-05,
        "SEI reaction exchange current density [A.m-2]": 1.423409348410403e-07,
        "SEI resistivity [Ohm.m]": 163981.66190361616,
        "Outer SEI solvent diffusivity [m2.s-1]": 2.0724216875087073e-22,
        "Bulk solvent concentration [mol.m-3]": 2196.0512138559543,
        "Inner SEI open-circuit potential [V]": 0.0919440244341297,
        "Outer SEI open-circuit potential [V]": 0.9344102974963919,
        "Inner SEI electron conductivity [S.m-1]": 9.481873861830369e-14,
        "Inner SEI lithium interstitial diffusivity [m2.s-1]": 9.024907037466507e-21,
        "Lithium interstitial reference concentration [mol.m-3]": 14.524873390349232,
        "Initial inner SEI thickness [m]": 0.0,
        "Initial outer SEI thickness [m]": 5.725213025944199e-09,
        "EC initial concentration in electrolyte [mol.m-3]": 4859.564076149523,
        "EC diffusivity [m2.s-1]": 2.233046766807141e-18,
        "SEI kinetic rate constant [m.s-1]": 9.367362279992876e-13,
        "SEI open-circuit potential [V]": 0.4122637422781313,
        "SEI growth activation energy [J.mol-1]": 45415.7365401486,
        "Negative electrode reaction-driven LAM factor [m3.mol-1]": 0.0,
        "Positive electrode reaction-driven LAM factor [m3.mol-1]": 0.0,
        "Negative current collector thickness [m]": 1.1906570348818298e-05,
        "Negative electrode thickness [m]": 7.089038976826762e-05,
        "Separator thickness [m]": 9.77111047678232e-06,
        "Positive electrode thickness [m]": 9.026034747959076e-05,
        "Positive current collector thickness [m]": 1.529119599419674e-05,
        "Electrode height [m]": 0.06846114762733649,
        "Electrode width [m]": 1.7729299025268108,
        "Cell cooling surface area [m2]": 0.003989436765706981,
        "Cell volume [m3]": 2.319496871418592e-05,
        "Cell thermal expansion coefficient [m.K-1]": 8.448760657753069e-07,
        "Negative current collector conductivity [S.m-1]": 59599896.33186657,
        "Positive current collector conductivity [S.m-1]": 31863011.676284008,
        "Negative current collector density [kg.m-3]": 10987.555420165652,
        "Positive current collector density [kg.m-3]": 2515.122076625634,
        "Negative current collector specific heat capacity [J.kg-1.K-1]": 454.83248104997136,
        "Positive current collector specific heat capacity [J.kg-1.K-1]": 956.2522258631273,
        "Negative current collector thermal conductivity [W.m-1.K-1]": 356.05678974876935,
        "Positive current collector thermal conductivity [W.m-1.K-1]": 227.59255930307225,
        "Nominal cell capacity [A.h]": 4.53182916950901,
        "Current function [A]": 4.679992444290509,
        "Contact resistance [Ohm]": 0,
        "Negative electrode conductivity [S.m-1]": 237.3712740183145,
        "Maximum concentration in negative electrode [mol.m-3]": 34566.0452175004,
        "Negative electrode porosity": 0.28353321711991364,
        "Negative electrode active material volume fraction": 0.8691361289423489,
        "Negative particle radius [m]": 5.637561301091117e-06,
        "Negative electrode Bruggeman coefficient (electrolyte)": 1.3204897665022475,
        "Negative electrode Bruggeman coefficient (electrode)": 1.3802819075021326,
        "Negative electrode charge transfer coefficient": 0.6179346002413825,
        "Negative electrode double-layer capacity [F.m-2]": 0.23670926533558467,
        "Negative electrode density [kg.m-3]": 1339.5268874669325,
        "Negative electrode specific heat capacity [J.kg-1.K-1]": 700.262631157984,
        "Negative electrode thermal conductivity [W.m-1.K-1]": 1.520218802178946,
        "Negative electrode OCP entropic change [V.K-1]": 0.0,
        "Negative electrode Poisson's ratio": 0.34947381005829464,
        "Negative electrode Young's modulus [Pa]": 20420442532.292473,
        "Negative electrode reference concentration for free of deformation [mol.m-3]": 0.0,
        "Negative electrode partial molar volume [m3.mol-1]": 2.698684950714541e-06,
        "Negative electrode initial crack length [m]": 1.7393347100549697e-08,
        "Negative electrode initial crack width [m]": 1.3170795126955457e-08,
        "Negative electrode number of cracks per unit area [m-2]": 3817103890107688.0,
        "Negative electrode Paris' law constant b": 1.3022823902251293,
        "Negative electrode Paris' law constant m": 2.273059937569969,
        "Negative electrode LAM constant proportional term [s-1]": 3.53472428927638e-07,
        "Negative electrode LAM constant exponential term": 1.730853175420409,
        "Negative electrode critical stress [Pa]": 54990957.5381742,
        "Positive electrode conductivity [S.m-1]": 0.21487878346397848,
        "Maximum concentration in positive electrode [mol.m-3]": 51689.18854831367,
        "Positive electrode porosity": 0.38397721951636443,
        "Positive electrode active material volume fraction": 0.6392059038262903,
        "Positive particle radius [m]": 6.079798445047878e-06,
        "Positive electrode Bruggeman coefficient (electrolyte)": 1.5559969869173826,
        "Positive electrode Bruggeman coefficient (electrode)": 1.2489197601114723,
        "Positive electrode charge transfer coefficient": 0.524622255030518,
        "Positive electrode double-layer capacity [F.m-2]": 0.22868713127942447,
        "Positive electrode density [kg.m-3]": 3008.0892710911994,
        "Positive electrode specific heat capacity [J.kg-1.K-1]": 703.6563900341205,
        "Positive electrode thermal conductivity [W.m-1.K-1]": 1.7087118272914594,
        "Positive electrode OCP entropic change [V.K-1]": 0.0,
        "Positive electrode Poisson's ratio": 0.17975601003910496,
        "Positive electrode Young's modulus [Pa]": 434164587621.7281,
        "Positive electrode reference concentration for free of deformation [mol.m-3]": 0.0,
        "Positive electrode partial molar volume [m3.mol-1]": 9.746301193092464e-06,
        "Positive electrode initial crack length [m]": 1.7729012003157123e-08,
        "Positive electrode initial crack width [m]": 1.4048607282308515e-08,
        "Positive electrode number of cracks per unit area [m-2]": 2614914229065455.5,
        "Positive electrode Paris' law constant b": 1.0286214926869113,
        "Positive electrode Paris' law constant m": 1.8245282001574452,
        "Positive electrode LAM constant proportional term [s-1]": 2.550297209890343e-07,
        "Positive electrode LAM constant exponential term": 1.6670374764412723,
        "Positive electrode critical stress [Pa]": 387216606.23862356,
        "Separator porosity": 0.4401818025686562,
        "Separator Bruggeman coefficient (electrolyte)": 1.590337590315576,
        "Separator density [kg.m-3]": 375.807969405338,
        "Separator specific heat capacity [J.kg-1.K-1]": 896.1546671768541,
        "Separator thermal conductivity [W.m-1.K-1]": 0.14854878243508848,
        "Initial concentration in electrolyte [mol.m-3]": 1084.0677325609458,
        "Cation transference number": 0.2848445188119642,