{
    "config": {
        "Ideal gas constant [J.K-1.mol-1]": 12.529194847844664,
        "Faraday constant [C.mol-1]": 110375.74524338957,
        "Boltzmann constant [J.K-1]": 8.721192795696212e-24,
        "Electron charge [C]": 1.2754361766351067e-19,
        "Ratio of lithium moles to SEI moles": 2.279497030586593,
        "Inner SEI reaction proportion": 0.5656163142662495,
        "Inner SEI partial molar volume [m3.mol-1]": 0.00014356655532433377,
        "Outer SEI partial molar volume [m3.mol-1]": 0.00010298825593166213,
        "SEI reaction exchange current density [A.m-2]": 8.965045883477447e-08,
        "SEI resistivity [Ohm.m]": 182941.621918645,
        "Outer SEI solvent diffusivity [m2.s-1]": 2.0109069904421915e-22,
        "Bulk solvent concentration [mol.m-3]": 3684.112258856684,
        "Inner SEI open-circuit potential [V]": 0.14743929734841715,
        "Outer SEI open-circuit potential [V]": 1.0442723568161156,
        "Inner SEI electron conductivity [S.m-1]": 8.159199927822926e-14,
        "Inner SEI lithium interstitial diffusivity [m2.s-1]": 7.895184812522124e-21,
        "Lithium interstitial reference concentration [mol.m-3]": 18.459552551827986,
        "Initial inner SEI thickness [m]": 3.2427287605697296e-09,
        "Initial outer SEI thickness [m]": 2.416298475238035e-09,
        "EC initial concentration in electrolyte [mol.m-3]": 3845.3900316679596,
        "EC diffusivity [m2.s-1]": 1.6963545132560115e-18,
        "SEI kinetic rate constant [m.s-1]": 1.4285746500186549e-12,
        "SEI open-circuit potential [V]": 0.3714646274704594,
        "SEI growth activation energy [J.mol-1]": 0.0,
        "Negative electrode reaction-driven LAM factor [m3.mol-1]": 0.0,
        "Positive electrode reaction-driven LAM factor [m3.mol-1]": 0.0,
        "Negative current collector thickness [m]": 7.944326632101958e-06,
        "Negative electrode thickness [m]": 9.019148670666708e-05,
        "Separator thickness [m]": 8.269008364142468e-06,
        "Positive electrode thickness [m]": 6.613776154997825e-05,
        "Positive current collector thickness [m]": 1.0068882185937137e-05,
        "Electrode height [m]": 0.05324914392810815,
        "Electrode width [m]": 1.8325195770979879,
        "Cell cooling surface area [m2]": 0.005748699716567396,
        "Cell volume [m3]": 2.0654195444675237e-05,
        "Cell thermal expansion coefficient [m.K-1]": 1.3410535763699432e-06,
        "Negative current collector conductivity [S.m-1]": 31676636.180304762,
        "Positive current collector conductivity [S.m-1]": 45721889.052107036,
        "Negative current collector density [kg.m-3]": 10396.555025728587,
        "Positive current collector density [kg.m-3]": 3111.1534557347836,
        "Negative current collector specific heat capacity [J.kg-1.K-1]": 436.90516372093276,
        "Positive current collector specific heat capacity [J.kg-1.K-1]": 1029.9593643655953,
        "Negative current collector thermal conductivity [W.m-1.K-1]": 398.75459635045866,
        "Positive current collector thermal conductivity [W.m-1.K-1]": 252.64863694214418,
        "Nominal cell capacity [A.h]": 4.720082118061774,
        "Current function [A]": 5.927453294139049,
        "Contact resistance [Ohm]": 0,
        "Negative electrode conductivity [S.m-1]": 167.43042879299725,
        "Maximum concentration in negative electrode [mol.m-3]": 32434.32826496043,
        "Negative particle diffusivity [m2.s-1]": 3.169213944137572e-14,
        "Negative electrode porosity": 0.2221087852496087,
        "Negative electrode active material volume fraction": 0.93657565827576,
        "Negative particle radius [m]": 6.844758713153362e-06,
        "Negative electrode Bruggeman coefficient (electrolyte)": 1.8922834725446878,
        "Negative electrode Bruggeman coefficient (electrode)": 0,
        "Negative electrode charge transfer coefficient": 0.7123706956612608,
        "Negative electrode double-layer capacity [F.m-2]": 0.21727549590684955,
        "Negative electrode density [kg.m-3]": 2278.2806658040936,
        "Negative electrode specific heat capacity [J.kg-1.K-1]": 656.8482453668489,
        "Negative electrode thermal conductivity [W.m-1.K-1]": 1.4954525436459716,
        "Negative electrode OCP entropic change [V.K-1]": 0.0,
        "Positive electrode conductivity [S.m-1]": 0.15906284016930544,
        "Maximum concentration in positive electrode [mol.m-3]": 95283.27406927866,
        "Positive particle diffusivity [m2.s-1]": 4.932609053372476e-15,
        "Positive electrode porosity": 0.44678155092724053,
        "Positive electrode active material volume fraction": 0.6292931500923309,
        "Positive particle radius [m]": 6.139393884913519e-06,
        "Positive electrode Bruggeman coefficient (electrolyte)": 1.5330163065032745,
        "Positive electrode Bruggeman coefficient (electrode)": 0,
        "Positive electrode charge transfer coefficient": 0.37786703445747327,
        "Positive electrode double-layer capacity [F.m-2]": 0.28843823124208057,
        "Positive electrode density [kg.m-3]": 3831.8672001009672,
        "Positive electrode specific heat capacity [J.kg-1.K-1]": 760.7023915598616,
        "Positive electrode thermal conductivity [W.m-1.K-1]": 1.4214296425383757,
        "Positive electrode OCP entropic change [V.K-1]": 0.0,
        "Separator porosity": 0.49581813525177965,
        "Separator Bruggeman coefficient (electrolyte)": 1.3306979802254617,
        "Separator density [kg.m-3]": 317.5409833289393,
        "Separator specific heat capacity [J.kg-1.K-1]": 763.8385995614295,
        "Separator thermal conductivity [W.m-1.K-1]": 0.2109261423846504,
        "Initial concentration in electrolyte [mol.m-3]": 872.1462655494156,
        "Cation transference number": 0.15681123932264832,
        "Thermodynamic factor": 1.1868277984365059,
        "Reference temperature [K]": 234.84842581473276,
        "Total heat transfer coefficient [W.m-2.K-1]": 9.495979888833945,
        "Ambient temperature [K]": 312.44696768794745,
        "Number of electrodes connected in parallel to make a cell": 0.7577431394839664,
        "Number of cells connected in series to make a battery": 0.7699000723327143,
        "Lower voltage cut-off [V]": 2.5991613450086524,
        "Upper voltage cut-off [V]": 4.386331917612395,
        "Open-circuit voltage at 0% SOC [V]": 1.9474311026833386,
        "Open-circuit voltage at 100% SOC [V]": 4.236834705269059,
        "Initial concentration in negative electrode [mol.m-3]": 17924.21463217111,
        "Initial concentration in positive electrode [mol.m-3]": 14230.23003960923,
        "Initial temperature [K]": 147.92642144609957
    },
    "V": [
        4.234060617411257,
        4.126419901973957,
        4.062928505206511,
        4.011731138050953,
        3.9665075176276665,
        3.9245857386477097,
        3.8846545854338235,
        3.846518423408968,
        3.810949237397017,
        3.7792306855921245,
        3.7526355087034426,
        3.731456710754198,
        3.71329968312594,
        3.695662498310527,
        3.6778883280442005,
        3.6598166239434193,
        3.641304509497044,
        3.6220621150417527,
        3.6016182269546766,
        3.5794929170541625,
        3.5553841881978245,
        3.5291540132794976,
        3.5007606354322514,
        3.4702117958190732,
        3.437444779321077,
        3.4022412117658547,
        3.364150934402919,
        3.3224136474303485,
        3.276003359505774,
        3.2237216959456068,
        3.1647747815084584,
        3.1001893626491905,
        3.033377910104946,
        2.967717754882485,
        2.9035165328223123,
        2.8389705745837954,
        2.771371258807727,
        2.6972272989598647,
        2.6116299030579126,
        2.599171345008652
    ],