{
    "config": {
        "Ideal gas constant [J.K-1.mol-1]": 7.510065809305527,
        "Faraday constant [C.mol-1]": 61587.23020064795,
        "Boltzmann constant [J.K-1]": 1.7376617241901585e-23,
        "Electron charge [C]": 1.9187019282933662e-19,
        "Ratio of lithium moles to SEI moles": 1.8454288748514054,
        "Inner SEI reaction proportion": 0.2250029729347885,
        "Inner SEI partial molar volume [m3.mol-1]": 0.00011605314479536185,
        "Outer SEI partial molar volume [m3.mol-1]": 6.449376396140502e-05,
        "SEI reaction exchange current density [A.m-2]": 1.8905654841114508e-06,
        "SEI resistivity [Ohm.m]": 157223.0439985987,
        "Outer SEI solvent diffusivity [m2.s-1]": 2.5648876863185275e-22,
        "Bulk solvent concentration [mol.m-3]": 2951.028335583095,
        "Inner SEI open-circuit potential [V]": 0.09976088030215251,
        "Outer SEI open-circuit potential [V]": 1.1616773021830893,
        "Inner SEI electron conductivity [S.m-1]": 1.110096367073706e-13,
        "Inner SEI lithium interstitial diffusivity [m2.s-1]": 7.496476558434023e-21,
        "Lithium interstitial reference concentration [mol.m-3]": 15.290860900653973,
        "Initial inner SEI thickness [m]": 2.606670665704101e-09,
        "Initial outer SEI thickness [m]": 2.891564204083349e-09,
        "EC initial concentration in electrolyte [mol.m-3]": 6881.7408602941205,
        "EC diffusivity [m2.s-1]": 1.4292529801915367e-18,
        "SEI kinetic rate constant [m.s-1]": 1.1870073027789392e-12,
        "SEI open-circuit potential [V]": 0.0,
        "SEI growth activation energy [J.mol-1]": 0.0,
        "Negative current collector thickness [m]": 2.546705284742656e-05,
        "Negative electrode thickness [m]": 9.932342886885682e-05,
        "Separator thickness [m]": 1.5175049304102813e-05,
        "Positive electrode thickness [m]": 7.51594966878849e-05,
        "Positive current collector thickness [m]": 2.1611521324919344e-05,
        "Electrode height [m]": 0.051102332006781485,
        "Electrode width [m]": 0.9153509065080438,
        "Negative tab width [m]": 0.029753760680399727,
        "Negative tab centre y-coordinate [m]": 0.055225385078663716,
        "Negative tab centre z-coordinate [m]": 0.1450822279114266,
        "Positive tab width [m]": 0.054095938453191314,
        "Positive tab centre y-coordinate [m]": 0.15174329340776666,
        "Positive tab centre z-coordinate [m]": 0.12984594102697683,
        "Negative current collector conductivity [S.m-1]": 46466163.35937966,
        "Positive current collector conductivity [S.m-1]": 19671161.074701853,
        "Negative current collector density [kg.m-3]": 5870.7545511606395,
        "Positive current collector density [kg.m-3]": 1728.7444063996159,
        "Negative current collector specific heat capacity [J.kg-1.K-1]": 286.8924517147892,
        "Positive current collector specific heat capacity [J.kg-1.K-1]": 563.0536521124652,
        "Negative current collector thermal conductivity [W.m-1.K-1]": 519.5186390864931,
        "Positive current collector thermal conductivity [W.m-1.K-1]": 259.2385680307806,
        "Nominal cell capacity [A.h]": 0.6091805397894969,
        "Current function [A]": 1.0500103924115196,
        "Contact resistance [Ohm]": 0,
        "Negative electrode conductivity [S.m-1]": 114.0493195867274,
        "Maximum concentration in negative electrode [mol.m-3]": 32798.28311207418,
        "Negative electrode porosity": 0.42332719309631434,
        "Negative electrode active material volume fraction": 0.47541227153201204,
        "Negative particle radius [m]": 1.2405709300104662e-06,
        "Negative electrode Bruggeman coefficient (electrolyte)": 2.699557824403567,
        "Negative electrode Bruggeman coefficient (electrode)": 4.580737232574806,
        "Negative electrode charge transfer coefficient": 0.5029420910272931,
        "Negative electrode double-layer capacity [F.m-2]": 0.19296825230780798,
        "Negative electrode density [kg.m-3]": 1717.0456189409417,
        "Negative electrode specific heat capacity [J.kg-1.K-1]": 444.3406704877747,
        "Negative electrode thermal conductivity [W.m-1.K-1]": 2.2141808515359838,
        "Positive electrode conductivity [S.m-1]": 73.67018835813309,
        "Maximum concentration in positive electrode [mol.m-3]": 57500.95397141319,
        "Positive electrode porosity": 0.4789363727546713,
        "Positive electrode active material volume fraction": 0.9729174182236138,
        "Positive particle radius [m]": 1.9911962499947567e-06,
        "Positive electrode Bruggeman coefficient (electrolyte)": 3.38063848780002,
        "Positive electrode Bruggeman coefficient (electrode)": 3.396255147538207,
        "Positive electrode charge transfer coefficient": 0.5185713658937645,
        "Positive electrode double-layer capacity [F.m-2]": 0.2534151036635479,
        "Positive electrode density [kg.m-3]": 2876.8214336847436,
        "Positive electrode specific heat capacity [J.kg-1.K-1]": 439.92465062543954,
        "Positive electrode thermal conductivity [W.m-1.K-1]": 2.1562323036691615,
        "Separator porosity": 0.4862611588878804,
        "Separator Bruggeman coefficient (electrolyte)": 1.8126345147141782,
        "Separator density [kg.m-3]": 1374.1024947523247,
        "Separator specific heat capacity [J.kg-1.K-1]": 2092.7092875606327,
        "Separator thermal conductivity [W.m-1.K-1]": 0.34158313361114484,
        "Initial concentration in electrolyte [mol.m-3]": 779.2853784321655,
        "Cation transference number": 0.15632661786286237,
        "Thermodynamic factor": 1.4978084741511757,
        "Reference temperature [K]": 384.02126230676157,
        "Ambient temperature [K]": 280.7294093132875,
        "Negative current collector surface heat transfer coefficient [W.m-2.K-1]": 0.0,
        "Positive current collector surface heat transfer coefficient [W.m-2.K-1]": 0.0,
        "Negative tab heat transfer coefficient [W.m-2.K-1]": 8.723534148409446,
        "Positive tab heat transfer coefficient [W.m-2.K-1]": 10.241650452026137,
        "Edge heat transfer coefficient [W.m-2.K-1]": 0.31126773181501044,
        "Number of electrodes connected in parallel to make a cell": 0.8950276056345824,
        "Number of cells connected in series to make a battery": 1.192270548003794,
        "Lower voltage cut-off [V]": 2.511097689689948,
        "Upper voltage cut-off [V]": 4.083283679276724,
        "Open-circuit voltage at 0% SOC [V]": 0.8444807101723208,
        "Open-circuit voltage at 100% SOC [V]": 3.3911672574398297,
        "Initial concentration in negative electrode [mol.m-3]": 17411.43605710638,
        "Initial concentration in positive electrode [mol.m-3]": 26669.48780403936,
        "Initial temperature [K]": 434.01790581248815
    },