{
    "config": {
        "Ideal gas constant [J.K-1.mol-1]": 8.792044458243206,
        "Faraday constant [C.mol-1]": 59782.35584474992,
        "Boltzmann constant [J.K-1]": 1.3132410075227382e-23,
        "Electron charge [C]": 2.0917772330593607e-19,
        "Ratio of lithium moles to SEI moles": 0.5952203894529626,
        "Inner SEI reaction proportion": 0.7769227108746913,
        "Inner SEI partial molar volume [m3.mol-1]": 0.00011271189751408765,
        "Outer SEI partial molar volume [m3.mol-1]": 0.000147332058170855,
        "SEI growth transfer coefficient": 0.3430838473491146,
        "SEI reaction exchange current density [A.m-2]": 1.4625953037166033e-07,
        "SEI resistivity [Ohm.m]": 170189.0687800517,
        "Outer SEI solvent diffusivity [m2.s-1]": 2.7021686564518357e-22,
        "Bulk solvent concentration [mol.m-3]": 3318.1983274164777,
        "Inner SEI open-circuit potential [V]": 0.07829002841639948,
        "Outer SEI open-circuit potential [V]": 0.6628382327220189,
        "Inner SEI electron conductivity [S.m-1]": 5.6188595882932996e-14,
        "Inner SEI lithium interstitial diffusivity [m2.s-1]": 8.25936695593172e-21,
        "Lithium interstitial reference concentration [mol.m-3]": 14.894802790403363,
        "Initial inner SEI thickness [m]": 2.576422428090534e-09,
        "Initial outer SEI thickness [m]": 2.6778713852356144e-09,
        "EC initial concentration in electrolyte [mol.m-3]": 3746.200410558876,
        "EC diffusivity [m2.s-1]": 1.9966471698828842e-18,
        "SEI kinetic rate constant [m.s-1]": 9.388022554504192e-13,
        "SEI open-circuit potential [V]": 0.3145193575428984,
        "SEI growth activation energy [J.mol-1]": 0.0,
        "Negative electrode reaction-driven LAM factor [m3.mol-1]": 0.0,
        "Positive electrode reaction-driven LAM factor [m3.mol-1]": 0.0,
        "Negative current collector thickness [m]": 3.519751275349021e-05,
        "Negative electrode thickness [m]": 0.0001304816047768398,
        "Separator thickness [m]": 2.558770732918688e-05,
        "Positive electrode thickness [m]": 0.00013442832657484664,
        "Positive current collector thickness [m]": 2.922235578247599e-05,
        "Electrode height [m]": 0.12346383506436416,
        "Electrode width [m]": 0.21588395626930196,
        "Negative tab width [m]": 0.03265344761673148,
        "Negative tab centre y-coordinate [m]": 0.03863150272661511,
        "Negative tab centre z-coordinate [m]": 0.1212416356828778,
        "Positive tab width [m]": 0.03663318062298194,
        "Positive tab centre y-coordinate [m]": 0.15735779450356754,
        "Positive tab centre z-coordinate [m]": 0.1423409515713519,
        "Cell cooling surface area [m2]": 0.051631759200951866,
        "Cell volume [m3]": 9.70369849957572e-06,
        "Negative current collector conductivity [S.m-1]": 60140069.40391705,
        "Positive current collector conductivity [S.m-1]": 44427357.25042889,
        "Negative current collector density [kg.m-3]": 6750.968919443845,
        "Positive current collector density [kg.m-3]": 3343.953260413332,
        "Negative current collector specific heat capacity [J.kg-1.K-1]": 377.0121285674301,
        "Positive current collector specific heat capacity [J.kg-1.K-1]": 595.1964884815374,
        "Negative current collector thermal conductivity [W.m-1.K-1]": 350.89736970475843,
        "Positive current collector thermal conductivity [W.m-1.K-1]": 166.09728314708502,
        "Nominal cell capacity [A.h]": 0.6777210972763951,
        "Current function [A]": 0.6290008659446602,
        "Contact resistance [Ohm]": 0,
        "Negative electrode conductivity [S.m-1]": 128.79337789974903,
        "Maximum concentration in negative electrode [mol.m-3]": 36191.23117485887,
        "Negative electrode porosity": 0.38308079069200873,
        "Negative electrode active material volume fraction": 0.5820767061536325,
        "Negative particle radius [m]": 1.288112922324339e-05,
        "Negative electrode Bruggeman coefficient (electrolyte)": 1.8413694546626864,
        "Negative electrode Bruggeman coefficient (electrode)": 1.7032746997984345,
        "Negative electrode charge transfer coefficient": 0.36364816189758775,
        "Negative electrode double-layer capacity [F.m-2]": 0.26943348172340953,
        "Negative electrode density [kg.m-3]": 1462.7379853330654,
        "Negative electrode specific heat capacity [J.kg-1.K-1]": 693.3995611064911,
        "Negative electrode thermal conductivity [W.m-1.K-1]": 1.921073682237284,
        "Positive electrode conductivity [S.m-1]": 6.221005047640595,
        "Maximum concentration in positive electrode [mol.m-3]": 46278.76661005689,
        "Positive electrode porosity": 0.2507953059869182,
        "Positive electrode active material volume fraction": 0.5066661774284262,
        "Positive particle radius [m]": 8.227339568243838e-06,
        "Positive electrode Bruggeman coefficient (electrolyte)": 1.3011096249035279,
        "Positive electrode Bruggeman coefficient (electrode)": 0.8911131939448496,
        "Positive electrode charge transfer coefficient": 0.488811476760696,
        "Positive electrode double-layer capacity [F.m-2]": 0.2349532461320254,
        "Positive electrode density [kg.m-3]": 3250.0783284646113,
        "Positive electrode specific heat capacity [J.kg-1.K-1]": 467.75932104459275,
        "Positive electrode thermal conductivity [W.m-1.K-1]": 2.105642777277323,
        "Separator porosity": 0.7052312163873793,
        "Separator Bruggeman coefficient (electrolyte)": 1.353147226320998,
        "Separator density [kg.m-3]": 443.6037379792559,
        "Separator specific heat capacity [J.kg-1.K-1]": 345.59774766471355,
        "Separator thermal conductivity [W.m-1.K-1]": 0.1566605990998949,
        "Initial concentration in electrolyte [mol.m-3]": 554.778380893757,
        "Cation transference number": 0.41337704351461807,
        "Thermodynamic factor": 0.9491163906111784,
        "Reference temperature [K]": 356.19331584315006,
        "Ambient temperature [K]": 382.5069071986186,
        "Negative current collector surface heat transfer coefficient [W.m-2.K-1]": 0.0,
        "Positive current collector surface heat transfer coefficient [W.m-2.K-1]": 0.0,
        "Negative tab heat transfer coefficient [W.m-2.K-1]": 13.307990717213176,
        "Positive tab heat transfer coefficient [W.m-2.K-1]": 11.984999277091386,
        "Edge heat transfer coefficient [W.m-2.K-1]": 0.3524877735907095,
        "Total heat transfer coefficient [W.m-2.K-1]": 9.983772658884945,
        "Number of electrodes connected in parallel to make a cell": 1.0262991795440406,
        "Number of cells connected in series to make a battery": 1.0017150168806708,
        "Lower voltage cut-off [V]": 3.327974378841527,
        "Upper voltage cut-off [V]": 5.580034188305087,
        "Open-circuit voltage at 0% SOC [V]": 1.5848293949156878,
        "Open-circuit voltage at 100% SOC [V]": 3.5383324018809788,
        "Initial concentration in negative electrode [mol.m-3]": 17693.402456335087,
        "Initial concentration in positive electrode [mol.m-3]": 29334.641597049056,
        "Initial temperature [K]": 382.5450003563886
    },