{
    "config": {
        "Ideal gas constant [J.K-1.mol-1]": 7.5765790931542325,
        "Faraday constant [C.mol-1]": 107239.09416644626,
        "Boltzmann constant [J.K-1]": 1.240255479960131e-23,
        "Electron charge [C]": 1.7109350861620448e-19,
        "Ratio of lithium moles to SEI moles": 2.836897872857245,
        "Inner SEI reaction proportion": 0.5433128089538067,
        "Inner SEI partial molar volume [m3.mol-1]": 8.249440611666966e-05,
        "Outer SEI partial molar volume [m3.mol-1]": 0.00010425637943940046,
        "SEI reaction exchange current density [A.m-2]": 1.6213662411753757e-06,
        "SEI resistivity [Ohm.m]": 234226.11255233,
        "Outer SEI solvent diffusivity [m2.s-1]": 2.5035400686219403e-22,
        "Bulk solvent concentration [mol.m-3]": 2862.3483210829145,
        "Inner SEI open-circuit potential [V]": 0.10416051631346276,
        "Outer SEI open-circuit potential [V]": 0.9234891186267733,
        "Inner SEI electron conductivity [S.m-1]": 8.390974340667597e-14,
        "Inner SEI lithium interstitial diffusivity [m2.s-1]": 1.0638737557245997e-20,
        "Lithium interstitial reference concentration [mol.m-3]": 16.83911831102473,
        "Initial inner SEI thickness [m]": 2.8301999315014014e-09,
        "Initial outer SEI thickness [m]": 2.9447558091460037e-09,
        "EC initial concentration in electrolyte [mol.m-3]": 5001.289425317879,
        "EC diffusivity [m2.s-1]": 2.4072836937967232e-18,
        "SEI kinetic rate constant [m.s-1]": 8.625017926609581e-13,
        "SEI open-circuit potential [V]": 0.0,
        "SEI growth activation energy [J.mol-1]": 0.0,
        "Negative current collector thickness [m]": 1.8398611786233553e-05,
        "Negative electrode thickness [m]": 9.079493869709979e-05,
        "Separator thickness [m]": 2.531290376013911e-05,
        "Positive electrode thickness [m]": 9.292323708138209e-05,
        "Positive current collector thickness [m]": 1.9444665970191454e-05,
        "Electrode height [m]": 0.06459834703085807,
        "Electrode width [m]": 1.068552389364484,
        "Negative tab width [m]": 0.03632976522171063,
        "Negative tab centre y-coordinate [m]": 0.046425365741718204,
        "Negative tab centre z-coordinate [m]": 0.1754445687536067,
        "Positive tab width [m]": 0.03973417797536743,
        "Positive tab centre y-coordinate [m]": 0.1728981143561655,
        "Positive tab centre z-coordinate [m]": 0.12681084745606488,
        "Negative current collector conductivity [S.m-1]": 76523388.7111135,
        "Positive current collector conductivity [S.m-1]": 42666432.40694774,
        "Negative current collector density [kg.m-3]": 9978.859655567201,
        "Positive current collector density [kg.m-3]": 2731.071773848597,
        "Negative current collector specific heat capacity [J.kg-1.K-1]": 353.52760843503427,
        "Positive current collector specific heat capacity [J.kg-1.K-1]": 729.7173242804517,
        "Negative current collector thermal conductivity [W.m-1.K-1]": 441.7900408113105,
        "Positive current collector thermal conductivity [W.m-1.K-1]": 298.48104565338787,
        "Nominal cell capacity [A.h]": 0.8114813100457888,
        "Current function [A]": 1.2283258133553456,
        "Contact resistance [Ohm]": 0,
        "Negative electrode conductivity [S.m-1]": 105.82555612608135,
        "Maximum concentration in negative electrode [mol.m-3]": 29020.215082301944,
        "Negative electrode porosity": 0.5234230461302787,
        "Negative electrode active material volume fraction": 0.5726288183930336,
        "Negative particle radius [m]": 2.7032869172920213e-06,
        "Negative electrode Bruggeman coefficient (electrolyte)": 3.414455916892544,
        "Negative electrode Bruggeman coefficient (electrode)": 4.096522609154685,
        "Negative electrode charge transfer coefficient": 0.4754533435551689,
        "Negative electrode double-layer capacity [F.m-2]": 0.1916773506244684,
        "Negative electrode density [kg.m-3]": 2008.487940427097,
        "Negative electrode specific heat capacity [J.kg-1.K-1]": 744.464534168492,
        "Negative electrode thermal conductivity [W.m-1.K-1]": 1.5699916491993593,
        "Positive electrode conductivity [S.m-1]": 85.54154305316081,
        "Maximum concentration in positive electrode [mol.m-3]": 48595.42285492506,
        "Positive electrode porosity": 0.24450906165387565,
        "Positive electrode active material volume fraction": 0.46798284467159995,
        "Positive particle radius [m]": 1.831067521665334e-06,
        "Positive electrode Bruggeman coefficient (electrolyte)": 5.0206251091050635,
        "Positive electrode Bruggeman coefficient (electrode)": 4.502697562834172,
        "Positive electrode charge transfer coefficient": 0.4867736252696173,
        "Positive electrode double-layer capacity [F.m-2]": 0.2293795054135174,
        "Positive electrode density [kg.m-3]": 3806.0535990706,
        "Positive electrode specific heat capacity [J.kg-1.K-1]": 647.0587673094163,
        "Positive electrode thermal conductivity [W.m-1.K-1]": 2.3103689104566434,
        "Separator porosity": 0.3739749066429737,
        "Separator Bruggeman coefficient (electrolyte)": 1.2411242542418282,
        "Separator density [kg.m-3]": 937.0667204107739,
        "Separator specific heat capacity [J.kg-1.K-1]": 2139.902806372698,
        "Separator thermal conductivity [W.m-1.K-1]": 0.28227968046322677,
        "Initial concentration in electrolyte [mol.m-3]": 1006.2712973579237,
        "Cation transference number": 0.3728593134485494,
        "Thermodynamic factor": 0.9355032280134677,
        "Reference temperature [K]": 270.76787675502806,
        "Ambient temperature [K]": 296.5272003503776,
        "Negative current collector surface heat transfer coefficient [W.m-2.K-1]": 0.0,
        "Positive current collector surface heat transfer coefficient [W.m-2.K-1]": 0.0,
        "Negative tab heat transfer coefficient [W.m-2.K-1]": 7.760739338252982,
        "Positive tab heat transfer coefficient [W.m-2.K-1]": 11.114751327271287,
        "Edge heat transfer coefficient [W.m-2.K-1]": 0.281812758356668,
        "Number of electrodes connected in parallel to make a cell": 1.1538341763194806,
        "Number of cells connected in series to make a battery": 1.0663839751338264,
        "Lower voltage cut-off [V]": 2.271528302572948,
        "Upper voltage cut-off [V]": 4.049772698291669,
        "Open-circuit voltage at 0% SOC [V]": 2.406992766638317,
        "Open-circuit voltage at 100% SOC [V]": 3.58704163611471,
        "Initial concentration in negative electrode [mol.m-3]": 23465.684285968026,
        "Initial concentration in positive electrode [mol.m-3]": 26126.94795848742,
        "Initial temperature [K]": 188.80965969652897
    },