{
    "config": {
        "Ideal gas constant [J.K-1.mol-1]": 9.523186758696058,
        "Faraday constant [C.mol-1]": 94547.61692891052,
        "Boltzmann constant [J.K-1]": 1.5784403244068063e-23,
        "Electron charge [C]": 1.0900082198067008e-19,
        "Ratio of lithium moles to SEI moles": 1.5679816802884559,
        "Inner SEI reaction proportion": 0.5607208819395075,
        "Inner SEI partial molar volume [m3.mol-1]": 0.00010445300809278986,
        "Outer SEI partial molar volume [m3.mol-1]": 0.00010204155299870174,
        "SEI reaction exchange current density [A.m-2]": 1.4998775687658915e-07,
        "SEI resistivity [Ohm.m]": 305477.01047363516,
        "Outer SEI solvent diffusivity [m2.s-1]": 1.682814222217108e-22,
        "Bulk solvent concentration [mol.m-3]": 1403.429336253939,
        "Inner SEI open-circuit potential [V]": 0.11445447584078172,
        "Outer SEI open-circuit potential [V]": 0.6158740028456983,
        "Inner SEI electron conductivity [S.m-1]": 1.0925705335998956e-13,
        "Inner SEI lithium interstitial diffusivity [m2.s-1]": 5.9102777129992475e-21,
        "Lithium interstitial reference concentration [mol.m-3]": 16.036342286432554,
        "Initial inner SEI thickness [m]": 3.493634847205696e-09,
        "Initial outer SEI thickness [m]": 3.0814081045288575e-09,
        "EC initial concentration in electrolyte [mol.m-3]": 3394.269656524221,
        "EC diffusivity [m2.s-1]": 2.5022656130145175e-18,
        "SEI kinetic rate constant [m.s-1]": 7.945046653415869e-13,
        "SEI open-circuit potential [V]": 0.3919392905539453,
        "SEI growth activation energy [J.mol-1]": 0.0,
        "Negative electrode reaction-driven LAM factor [m3.mol-1]": 0.0,
        "Positive electrode reaction-driven LAM factor [m3.mol-1]": 0.0,
        "Negative current collector thickness [m]": 1.713902501469382e-05,
        "Negative electrode thickness [m]": 9.604822196855568e-05,
        "Separator thickness [m]": 3.643448981779627e-05,
        "Positive electrode thickness [m]": 4.0785262805592436e-05,
        "Positive current collector thickness [m]": 1.1512675193877057e-05,
        "Electrode height [m]": 0.27549805644741426,
        "Electrode width [m]": 0.17785454127502545,
        "Negative tab width [m]": 0.03391098928851548,
        "Negative tab centre y-coordinate [m]": 0.008199335977487794,
        "Negative tab centre z-coordinate [m]": 0.2373895602744028,
        "Positive tab width [m]": 0.04696659496190089,
        "Positive tab centre y-coordinate [m]": 0.1789486120909209,
        "Positive tab centre z-coordinate [m]": 0.2519512971998869,
        "Cell cooling surface area [m2]": 0.046757503595019276,
        "Cell volume [m3]": 4.253959626943736e-06,
        "Negative current collector conductivity [S.m-1]": 62597868.49771932,
        "Positive current collector conductivity [S.m-1]": 35244052.340335935,
        "Negative current collector density [kg.m-3]": 7290.963524010735,
        "Positive current collector density [kg.m-3]": 3333.409191512992,
        "Negative current collector specific heat capacity [J.kg-1.K-1]": 440.6409572475896,
        "Positive current collector specific heat capacity [J.kg-1.K-1]": 932.4153660125038,
        "Negative current collector thermal conductivity [W.m-1.K-1]": 307.69562447516364,
        "Positive current collector thermal conductivity [W.m-1.K-1]": 160.54306771523162,
        "Nominal cell capacity [A.h]": 0.5147556992480944,
        "Current function [A]": 0.2811132663724143,
        "Contact resistance [Ohm]": 0,
        "Negative electrode conductivity [S.m-1]": 105.66176304311499,
        "Maximum concentration in negative electrode [mol.m-3]": 24223.195732887056,
        "Negative electrode porosity": 0.36401850858012613,
        "Negative electrode active material volume fraction": 0.6193890649715763,
        "Negative particle radius [m]": 4.287868797959232e-07,
        "Negative electrode Bruggeman coefficient (electrolyte)": 2.1374652606911355,
        "Negative electrode Bruggeman coefficient (electrode)": 2.0011626504789755,
        "Negative electrode charge transfer coefficient": 0.47577770228366933,
        "Negative electrode double-layer capacity [F.m-2]": 0.20496365636900718,
        "Negative electrode density [kg.m-3]": 2057.1250617033493,
        "Negative electrode specific heat capacity [J.kg-1.K-1]": 704.1773450896717,
        "Negative electrode thermal conductivity [W.m-1.K-1]": 0.7982884504602186,
        "Negative electrode OCP entropic change [V.K-1]": 0.0,
        "Positive electrode conductivity [S.m-1]": 14.620811748838786,
        "Maximum concentration in positive electrode [mol.m-3]": 43120.65475012755,
        "Positive electrode porosity": 0.605707878710632,
        "Positive electrode active material volume fraction": 0.395962354906802,
        "Positive particle radius [m]": 1.3219719104757642e-06,
        "Positive electrode Bruggeman coefficient (electrolyte)": 2.1494692474069335,
        "Positive electrode Bruggeman coefficient (electrode)": 1.9524075203432423,
        "Positive electrode charge transfer coefficient": 0.6767944402551697,
        "Positive electrode double-layer capacity [F.m-2]": 0.2099033904307186,
        "Positive electrode density [kg.m-3]": 6237.697934655427,
        "Positive electrode specific heat capacity [J.kg-1.K-1]": 707.9155513869448,
        "Positive electrode thermal conductivity [W.m-1.K-1]": 1.1654375776161352,
        "Positive electrode OCP entropic change [V.K-1]": 0.0,
        "Separator porosity": 0.5226427157429605,
        "Separator Bruggeman coefficient (electrolyte)": 3.094213896723028,
        "Separator density [kg.m-3]": 547.4709573161377,
        "Separator specific heat capacity [J.kg-1.K-1]": 1051.364509968076,
        "Separator thermal conductivity [W.m-1.K-1]": 0.12013739497507939,
        "Initial concentration in electrolyte [mol.m-3]": 1038.1955904389104,
        "Cation transference number": 0.39732287942252803,
        "Thermodynamic factor": 0.8167778211961074,
        "Reference temperature [K]": 363.06421352071413,
        "Negative current collector surface heat transfer coefficient [W.m-2.K-1]": 0.0,
        "Positive current collector surface heat transfer coefficient [W.m-2.K-1]": 0.0,
        "Negative tab heat transfer coefficient [W.m-2.K-1]": 24.453215457224267,
        "Positive tab heat transfer coefficient [W.m-2.K-1]": 17.564697442111648,
        "Edge heat transfer coefficient [W.m-2.K-1]": 0.3231577292986584,
        "Total heat transfer coefficient [W.m-2.K-1]": 25.515871635990216,
        "Ambient temperature [K]": 390.8516759936524,
        "Number of electrodes connected in parallel to make a cell": 0.5388673672427063,
        "Number of cells connected in series to make a battery": 0.7590567705046031,
        "Lower voltage cut-off [V]": 1.101862540236439,
        "Upper voltage cut-off [V]": 5.015710774820386,
        "Open-circuit voltage at 0% SOC [V]": 2.5996275122668986,
        "Open-circuit voltage at 100% SOC [V]": 5.252662596857366,
        "Initial concentration in negative electrode [mol.m-3]": 17900.629880937482,
        "Initial concentration in positive electrode [mol.m-3]": 14495.193727254338,
        "Initial temperature [K]": 243.39670102365955
    },