{
    "config": {
        "Ideal gas constant [J.K-1.mol-1]": 6.846272476286059,
        "Faraday constant [C.mol-1]": 95283.94039997629,
        "Boltzmann constant [J.K-1]": 1.2242920329106793e-23,
        "Electron charge [C]": 2.2218855416328315e-19,
        "Negative electrode thickness [m]": 2.690833377846976e-05,
        "Separator thickness [m]": 1.598401055826837e-05,
        "Positive electrode thickness [m]": 5.491372402383476e-05,
        "Electrode height [m]": 0.5550164995620894,
        "Electrode width [m]": 0.20764566510367669,
        "Nominal cell capacity [A.h]": 2.2204909190032573,
        "Current function [A]": 2.869129091170642,
        "Contact resistance [Ohm]": 0,
        "Negative electrode conductivity [S.m-1]": 193.1788167772625,
        "Maximum concentration in negative electrode [mol.m-3]": 19733.552033708947,
        "Negative electrode diffusivity [m2.s-1]": 2.6965536176100703e-15,
        "Negative electrode porosity": 0.5006664053829782,
        "Negative electrode active material volume fraction": 0.5585105794124713,
        "Negative particle radius [m]": 5.294856065682719e-06,
        "Negative electrode Bruggeman coefficient (electrolyte)": 1.5246225116563465,
        "Negative electrode Bruggeman coefficient (electrode)": 1.4915646543874275,
        "Negative electrode charge transfer coefficient": 0.6041488050368725,
        "Negative electrode double-layer capacity [F.m-2]": 0.1293776423855486,
        "Negative electrode OCP entropic change [V.K-1]": 0,
        "Positive electrode conductivity [S.m-1]": 0.3658087030468255,
        "Maximum concentration in positive electrode [mol.m-3]": 16570.514424911125,
        "Positive electrode diffusivity [m2.s-1]": 6.822490299673667e-18,
        "Positive electrode porosity": 0.524068186181903,
        "Positive electrode active material volume fraction": 0.5539269157372033,
        "Positive particle radius [m]": 4.725802685693427e-08,
        "Positive electrode Bruggeman coefficient (electrode)": 1.7716382493274652,
        "Positive electrode Bruggeman coefficient (electrolyte)": 1.5915564376719886,
        "Positive electrode charge transfer coefficient": 0.4345158204410931,
        "Positive electrode double-layer capacity [F.m-2]": 0.20129203863798903,
        "Positive electrode OCP entropic change [V.K-1]": 0,
        "Separator porosity": 0.41657258486816795,
        "Separator Bruggeman coefficient (electrolyte)": 1.7941913193397052,
        "Initial concentration in electrolyte [mol.m-3]": 1655.9093118112141,
        "Cation transference number": 0.3096690002025281,
        "Thermodynamic factor": 1.1420156573209659,
        "Electrolyte diffusivity [m2.s-1]": 2.2260670294816363e-10,
        "Reference temperature [K]": 201.12567549562942,
        "Ambient temperature [K]": 294.067366468315,
        "Number of electrodes connected in parallel to make a cell": 0.8436154209637253,
        "Number of cells connected in series to make a battery": 1.2212713203268069,
        "Lower voltage cut-off [V]": 2.613994775162308,
        "Upper voltage cut-off [V]": 3.419433969307814,
        "Open-circuit voltage at 0% SOC [V]": 2.0558329618092364,
        "Open-circuit voltage at 100% SOC [V]": 2.9286270088351847,
        "Initial concentration in negative electrode [mol.m-3]": 12880.365974037777,
        "Initial concentration in positive electrode [mol.m-3]": 102.41090409259857,
        "Initial temperature [K]": 269.9899674133192
    },
    "V": [
        3.3709878390920665,
        3.1414735187504546,
        3.1108699149952983,
        3.05278310158868,
        2.9410325381027516,
        2.614004775162308
    ],
    "time": [
        0.0,
        36.36363636363637,
        72.72727272727273,
        109.0909090909091,
        145.45454545454547,
        180.9038614435083
    ]
}