{
    "config": {
        "Ideal gas constant [J.K-1.mol-1]": 13.499249020813961,
        "Faraday constant [C.mol-1]": 126137.03038364738,
        "Boltzmann constant [J.K-1]": 9.709273933379275e-24,
        "Electron charge [C]": 1.2904703307039127e-19,
        "Lithium metal partial molar volume [m3.mol-1]": 1.65267558571854e-05,
        "Lithium plating kinetic rate constant [m.s-1]": 1.0536039153074472e-09,
        "Initial plated lithium concentration [mol.m-3]": 0.0,
        "Typical plated lithium concentration [mol.m-3]": 1055.3215161450166,
        "Lithium plating transfer coefficient": 0.6130458887072946,
        "Dead lithium decay constant [s-1]": 1.0563544239708758e-06,
        "Ratio of lithium moles to SEI moles": 1.0467718951255116,
        "Inner SEI reaction proportion": 0.0,
        "Inner SEI partial molar volume [m3.mol-1]": 6.587363200585071e-05,
        "Outer SEI partial molar volume [m3.mol-1]": 0.00010506085949468959,
        "SEI reaction exchange current density [A.m-2]": 1.7249770637781116e-07,
        "SEI resistivity [Ohm.m]": 102759.94553647524,
        "Outer SEI solvent diffusivity [m2.s-1]": 2.9513368491267605e-22,
        "Bulk solvent concentration [mol.m-3]": 2820.0195870426787,
        "Inner SEI open-circuit potential [V]": 0.09530334035678442,
        "Outer SEI open-circuit potential [V]": 0.8397528129650931,
        "Inner SEI electron conductivity [S.m-1]": 8.864911255092954e-14,
        "Inner SEI lithium interstitial diffusivity [m2.s-1]": 4.601929244139453e-21,
        "Lithium interstitial reference concentration [mol.m-3]": 11.432035451850957,
        "Initial inner SEI thickness [m]": 0.0,
        "Initial outer SEI thickness [m]": 3.4592488192352402e-09,
        "EC initial concentration in electrolyte [mol.m-3]": 5289.957208154118,
        "EC diffusivity [m2.s-1]": 1.4176446931472362e-18,
        "SEI kinetic rate constant [m.s-1]": 9.411057511701746e-13,
        "SEI open-circuit potential [V]": 0.4580907681368982,
        "SEI growth activation energy [J.mol-1]": 21702.904679434185,
        "Negative electrode reaction-driven LAM factor [m3.mol-1]": 0.0,
        "Positive electrode reaction-driven LAM factor [m3.mol-1]": 0.0,
        "Negative current collector thickness [m]": 1.3371489828186124e-05,
        "Negative electrode thickness [m]": 9.06855002038878e-05,
        "Separator thickness [m]": 1.068941103241679e-05,
        "Positive electrode thickness [m]": 9.713505657393961e-05,
        "Positive current collector thickness [m]": 1.248329411218966e-05,
        "Electrode height [m]": 0.09145407305011577,
        "Electrode width [m]": 1.6384745272183558,
        "Cell cooling surface area [m2]": 0.006176506764870777,
        "Cell volume [m3]": 2.876444716474986e-05,
        "Cell thermal expansion coefficient [m.K-1]": 9.827703189058683e-07,
        "Negative current collector conductivity [S.m-1]": 26178502.676182337,
        "Positive current collector conductivity [S.m-1]": 41849901.42828615,
        "Negative current collector density [kg.m-3]": 3458.6563078537056,
        "Positive current collector density [kg.m-3]": 3265.1726764206314,
        "Negative current collector specific heat capacity [J.kg-1.K-1]": 402.4503565438775,
        "Positive current collector specific heat capacity [J.kg-1.K-1]": 822.8327991936569,
        "Negative current collector thermal conductivity [W.m-1.K-1]": 344.7762072377071,
        "Positive current collector thermal conductivity [W.m-1.K-1]": 162.9937448302937,
        "Nominal cell capacity [A.h]": 4.619138551753081,
        "Current function [A]": 4.21540859000853,
        "Contact resistance [Ohm]": 0,
        "Negative electrode conductivity [S.m-1]": 277.43749818559553,
        "Maximum concentration in negative electrode [mol.m-3]": 34247.61104300391,
        "Negative electrode porosity": 0.26089779430685,
        "Negative electrode active material volume fraction": 0.6782175968169623,
        "Negative particle radius [m]": 3.244121794664741e-06,
        "Negative electrode Bruggeman coefficient (electrolyte)": 1.1338488452356286,
        "Negative electrode Bruggeman coefficient (electrode)": 1.239325185866944,
        "Negative electrode charge transfer coefficient": 0.3906457839957984,
        "Negative electrode double-layer capacity [F.m-2]": 0.14856647014250035,
        "Negative electrode density [kg.m-3]": 1405.7595446353778,
        "Negative electrode specific heat capacity [J.kg-1.K-1]": 373.78395523409114,
        "Negative electrode thermal conductivity [W.m-1.K-1]": 2.2430900974979266,
        "Negative electrode OCP entropic change [V.K-1]": 0.0,
        "Negative electrode Poisson's ratio": 0.32583044524586696,
        "Negative electrode Young's modulus [Pa]": 17743988593.844154,
        "Negative electrode reference concentration for free of deformation [mol.m-3]": 0.0,
        "Negative electrode partial molar volume [m3.mol-1]": 3.5336653464051905e-06,
        "Negative electrode initial crack length [m]": 1.7991505024191877e-08,
        "Negative electrode initial crack width [m]": 1.660374710186847e-08,
        "Negative electrode number of cracks per unit area [m-2]": 3054446944911620.0,
        "Negative electrode Paris' law constant b": 1.2165683934896658,
        "Negative electrode Paris' law constant m": 2.6952537315667064,
        "Negative electrode LAM constant proportional term [s-1]": 2.4999730106483994e-07,
        "Negative electrode LAM constant exponential term": 2.2472667348980915,
        "Negative electrode critical stress [Pa]": 51580401.5844829,
        "Positive electrode conductivity [S.m-1]": 0.15335243525974024,
        "Maximum concentration in positive electrode [mol.m-3]": 91379.13747522343,
        "Positive electrode porosity": 0.28410842089079796,
        "Positive electrode active material volume fraction": 0.17524543599304027,
        "Positive particle radius [m]": 6.655945482824283e-06,
        "Positive electrode Bruggeman coefficient (electrolyte)": 2.1774585125867656,
        "Positive electrode Bruggeman coefficient (electrode)": 1.336878336124206,
        "Positive electrode charge transfer coefficient": 0.4608377141045434,
        "Positive electrode double-layer capacity [F.m-2]": 0.2186824122699222,
        "Positive electrode density [kg.m-3]": 1977.1157266286907,
        "Positive electrode specific heat capacity [J.kg-1.K-1]": 788.8776379750265,
        "Positive electrode thermal conductivity [W.m-1.K-1]": 2.096096999881205,
        "Positive electrode OCP entropic change [V.K-1]": 0.0,
        "Positive electrode Poisson's ratio": 0.19506693669155814,
        "Positive electrode Young's modulus [Pa]": 496139303304.74854,
        "Positive electrode reference concentration for free of deformation [mol.m-3]": 0.0,
        "Positive electrode partial molar volume [m3.mol-1]": 7.596882578547266e-06,
        "Positive electrode initial crack length [m]": 2.84916569738371e-08,
        "Positive electrode initial crack width [m]": 1.736126512670062e-08,
        "Positive electrode number of cracks per unit area [m-2]": 3440089307156078.5,
        "Positive electrode Paris' law constant b": 1.1033177602536184,
        "Positive electrode Paris' law constant m": 2.5076216593894403,
        "Positive electrode LAM constant proportional term [s-1]": 2.92273324549689e-07,
        "Positive electrode LAM constant exponential term": 2.2146378503468243,
        "Positive electrode critical stress [Pa]": 314883361.13280576,
        "Separator porosity": 0.5662048007848779,
        "Separator Bruggeman coefficient (electrolyte)": 1.884902554185531,
        "Separator density [kg.m-3]": 222.06909216554965,
        "Separator specific heat capacity [J.kg-1.K-1]": 991.5835962051937,
        "Separator thermal conductivity [W.m-1.K-1]": 0.15158682116575437,
        "Initial concentration in electrolyte [mol.m-3]": 1136.028247961438,