{
    "config": {
        "Ideal gas constant [J.K-1.mol-1]": 5.122361200527294,
        "Faraday constant [C.mol-1]": 106483.01098282453,
        "Boltzmann constant [J.K-1]": 1.055203312447168e-23,
        "Electron charge [C]": 1.4018200326010511e-19,
        "Ratio of lithium moles to SEI moles": 3.1955782746740438,
        "Inner SEI reaction proportion": 0.36076979826560374,
        "Inner SEI partial molar volume [m3.mol-1]": 0.00011596232940538586,
        "Outer SEI partial molar volume [m3.mol-1]": 9.853372884224235e-05,
        "SEI reaction exchange current density [A.m-2]": 1.5591757799762255e-07,
        "SEI resistivity [Ohm.m]": 200334.17280844608,
        "Outer SEI solvent diffusivity [m2.s-1]": 2.5090442361781265e-22,
        "Bulk solvent concentration [mol.m-3]": 2310.8743418187764,
        "Inner SEI open-circuit potential [V]": 0.07411166977612177,
        "Outer SEI open-circuit potential [V]": 0.7804129645024066,
        "Inner SEI electron conductivity [S.m-1]": 8.049819747611573e-14,
        "Inner SEI lithium interstitial diffusivity [m2.s-1]": 6.74955260742582e-21,
        "Lithium interstitial reference concentration [mol.m-3]": 15.192059671214563,
        "Initial inner SEI thickness [m]": 2.017718011695346e-09,
        "Initial outer SEI thickness [m]": 2.741883185531096e-09,
        "EC initial concentration in electrolyte [mol.m-3]": 3599.1414992938644,
        "EC diffusivity [m2.s-1]": 2.6323433062292437e-18,
        "SEI kinetic rate constant [m.s-1]": 7.451248496757152e-13,
        "SEI open-circuit potential [V]": 0.3041559262967111,
        "SEI growth activation energy [J.mol-1]": 0.0,
        "Negative electrode reaction-driven LAM factor [m3.mol-1]": 0.0,
        "Positive electrode reaction-driven LAM factor [m3.mol-1]": 0.0,
        "Negative current collector thickness [m]": 1.4847161430538615e-05,
        "Negative electrode thickness [m]": 7.226472768867916e-05,
        "Separator thickness [m]": 2.1017110604566923e-05,
        "Positive electrode thickness [m]": 4.64683251874835e-05,
        "Positive current collector thickness [m]": 1.6290039438268052e-05,
        "Electrode height [m]": 0.05865729599708129,
        "Electrode width [m]": 0.06586026982509476,
        "Negative tab width [m]": 0.00947817444378186,
        "Negative tab centre y-coordinate [m]": 0.00643436601485784,
        "Negative tab centre z-coordinate [m]": 0.10560233148040257,
        "Positive tab width [m]": 0.0062193626670005615,
        "Positive tab centre y-coordinate [m]": 0.03819536807075356,
        "Positive tab centre z-coordinate [m]": 0.06293732314496939,
        "Cell cooling surface area [m2]": 0.02482222226809628,
        "Cell volume [m3]": 1.137930483067197e-06,
        "Negative current collector conductivity [S.m-1]": 71581025.29937756,
        "Positive current collector conductivity [S.m-1]": 36960785.32862229,
        "Negative current collector density [kg.m-3]": 8465.379576814652,
        "Positive current collector density [kg.m-3]": 3263.3100019143967,
        "Negative current collector specific heat capacity [J.kg-1.K-1]": 335.29990647394413,
        "Positive current collector specific heat capacity [J.kg-1.K-1]": 598.5389527425694,
        "Negative current collector thermal conductivity [W.m-1.K-1]": 520.77690631891,
        "Positive current collector thermal conductivity [W.m-1.K-1]": 225.08476954438385,
        "Nominal cell capacity [A.h]": 0.17487776752138856,
        "Current function [A]": 0.13449737507442666,
        "Contact resistance [Ohm]": 0,
        "Negative electrode conductivity [S.m-1]": 13.353088036979399,
        "Maximum concentration in negative electrode [mol.m-3]": 40042.65144751041,
        "Negative electrode porosity": 0.18865454353408204,
        "Negative electrode active material volume fraction": 0.4518358577424037,
        "Negative particle radius [m]": 8.300628197932982e-06,
        "Negative electrode Bruggeman coefficient (electrolyte)": 2.0602933405845305,
        "Negative electrode Bruggeman coefficient (electrode)": 0.0,
        "Negative electrode density [kg.m-3]": 1929.0108866789076,
        "Negative electrode specific heat capacity [J.kg-1.K-1]": 1666.2538881447558,
        "Negative electrode thermal conductivity [W.m-1.K-1]": 1.0908929859040606,
        "Negative electrode OCP entropic change [V.K-1]": 0.0,
        "Positive electrode conductivity [S.m-1]": 37.86353213352653,
        "Maximum concentration in positive electrode [mol.m-3]": 56822.146406608364,
        "Positive electrode porosity": 0.40789203875390667,
        "Positive electrode active material volume fraction": 0.3575907239704216,
        "Positive particle radius [m]": 5.1204971610055935e-06,
        "Positive electrode Bruggeman coefficient (electrolyte)": 1.6815127138411234,
        "Positive electrode Bruggeman coefficient (electrode)": 0.0,
        "Positive electrode density [kg.m-3]": 3280.0068967540797,
        "Positive electrode specific heat capacity [J.kg-1.K-1]": 1163.566508352464,
        "Positive electrode thermal conductivity [W.m-1.K-1]": 0.9263164323601546,
        "Positive electrode OCP entropic change [V.K-1]": 0.0,
        "Separator porosity": 0.6600563191110045,
        "Separator Bruggeman coefficient (electrolyte)": 2.2385984846232603,
        "Separator density [kg.m-3]": 838.2878556932692,
        "Separator specific heat capacity [J.kg-1.K-1]": 1642.7552398276348,
        "Separator thermal conductivity [W.m-1.K-1]": 0.3188050875754912,
        "Initial concentration in electrolyte [mol.m-3]": 1647.1961772350355,
        "Cation transference number": 0.32429942977585074,
        "Thermodynamic factor": 0.8666603395093168,
        "Reference temperature [K]": 245.08215856019598,
        "Negative current collector surface heat transfer coefficient [W.m-2.K-1]": 10.391098193844597,
        "Positive current collector surface heat transfer coefficient [W.m-2.K-1]": 9.613627125976192,
        "Negative tab heat transfer coefficient [W.m-2.K-1]": 10.801972706428181,
        "Positive tab heat transfer coefficient [W.m-2.K-1]": 9.007617348321691,
        "Edge heat transfer coefficient [W.m-2.K-1]": 7.065423928945156,
        "Total heat transfer coefficient [W.m-2.K-1]": 8.79797000385986,
        "Ambient temperature [K]": 345.5387641070149,
        "Number of electrodes connected in parallel to make a cell": 0.9596563585697087,
        "Number of cells connected in series to make a battery": 0.7747118000365618,
        "Lower voltage cut-off [V]": 2.4633983443125915,
        "Upper voltage cut-off [V]": 4.251510971996256,
        "Open-circuit voltage at 0% SOC [V]": 2.6070373146846686,
        "Open-circuit voltage at 100% SOC [V]": 4.605202474516828,
        "Initial concentration in negative electrode [mol.m-3]": 22269.66139877766,
        "Initial concentration in positive electrode [mol.m-3]": 17001.606069376063,
        "Initial temperature [K]": 292.3020547219853
    },