{
    "config": {
        "Ideal gas constant [J.K-1.mol-1]": 8.697027483870777,
        "Faraday constant [C.mol-1]": 98336.99094801834,
        "Boltzmann constant [J.K-1]": 1.3005701370986701e-23,
        "Electron charge [C]": 1.5515595677258122e-19,
        "Negative current collector thickness [m]": 1.1490082287474117e-05,
        "Negative electrode thickness [m]": 8.168448110513853e-05,
        "Separator thickness [m]": 1.3548185718656197e-05,
        "Positive electrode thickness [m]": 8.546280197836424e-05,
        "Positive current collector thickness [m]": 1.342237512476867e-05,
        "Electrode height [m]": 0.05576268773737811,
        "Electrode width [m]": 1.136179021836477,
        "Cell cooling surface area [m2]": 0.0058679911544387954,
        "Cell volume [m3]": 2.5800176121787727e-05,
        "Negative current collector conductivity [S.m-1]": 64855604.58151951,
        "Positive current collector conductivity [S.m-1]": 40404256.87269191,
        "Negative current collector density [kg.m-3]": 9156.221217576873,
        "Positive current collector density [kg.m-3]": 2354.37721896747,
        "Positive current collector thermal conductivity [W.m-1.K-1]": 255.64377670497637,
        "Nominal cell capacity [A.h]": 4.949941272137263,
        "Current function [A]": 4.372172015998973,
        "Contact resistance [Ohm]": 0,
        "Negative electrode conductivity [S.m-1]": 180.87731401454948,
        "Maximum concentration in negative electrode [mol.m-3]": 24747.506370141604,
        "Negative electrode porosity": 0.23677403008745748,
        "Negative electrode active material volume fraction": 0.783040936725089,
        "Negative particle radius [m]": 7.028014401640222e-06,
        "Negative electrode Bruggeman coefficient (electrolyte)": 1.541313511714691,
        "Negative electrode Bruggeman coefficient (electrode)": 0.0,
        "Negative electrode charge transfer coefficient": 0.4775842829720318,
        "Negative electrode double-layer capacity [F.m-2]": 0.1561961375742283,
        "Negative electrode density [kg.m-3]": 1867.7306063484148,
        "Maximum concentration in positive electrode [mol.m-3]": 45002.83987628702,
        "Positive electrode porosity": 0.34911234927763685,
        "Positive electrode active material volume fraction": 0.6022694748465467,
        "Positive particle radius [m]": 4.322709591455471e-06,
        "Positive electrode Bruggeman coefficient (electrolyte)": 1.2416288884620101,
        "Positive electrode Bruggeman coefficient (electrode)": 0.0,
        "Positive electrode charge transfer coefficient": 0.6050224597270382,
        "Positive electrode double-layer capacity [F.m-2]": 0.18565205323824194,
        "Positive electrode density [kg.m-3]": 3392.356769505467,
        "Separator porosity": 0.4120186289443347,
        "Separator Bruggeman coefficient (electrolyte)": 1.377924622566729,
        "Separator Bruggeman coefficient (electrode)": 2.1146857780110957,
        "Separator density [kg.m-3]": 1708.1895515228189,
        "Separator thermal conductivity [W.m-1.K-1]": 0.30055757789879217,
        "Initial concentration in electrolyte [mol.m-3]": 1179.1370290726013,
        "Reference temperature [K]": 259.4968965829628,
        "Total heat transfer coefficient [W.m-2.K-1]": 9.251906907256682,
        "Ambient temperature [K]": 346.31866038125696,
        "Number of electrodes connected in parallel to make a cell": 1.068143969320741,
        "Number of cells connected in series to make a battery": 0.7770466055531522,
        "Lower voltage cut-off [V]": 2.4447368023667337,
        "Upper voltage cut-off [V]": 5.18468867137028,
        "Open-circuit voltage at 0% SOC [V]": 2.338821210398178,
        "Open-circuit voltage at 100% SOC [V]": 3.8075467760675688,
        "Initial concentration in negative electrode [mol.m-3]": 21799.13026276361,
        "Initial concentration in positive electrode [mol.m-3]": 14362.274942257562,
        "Initial temperature [K]": 275.31687839481094
    },
    "V": [
        4.0798033942712735,
        4.030526491643949,
        3.99576076039523,
        3.9686248026140865,
        3.94692372640942,
        3.9298507674532814,
        3.9145793950973076,
        3.8943909234523524,
        3.8738259873089342,
        3.8529779115482636,
        3.8298669455012253,
        3.803438841298224,
        3.765677554981843,
        3.7385300484406883,
        3.741547885711657,
        3.7326788529918016,
        3.724866127467473,
        3.7128145869132254,
        3.6999011153521755,
        3.685002218061831,
        3.6697541676799714,
        3.6567142560462345,
        3.6398291849728097,
        3.622073383504342,
        3.6049654747343003,
        3.5885361567928684,
        3.572678673254864,
        3.5575470094714032,
        3.542582428330705,
        3.528566903993149,
        3.5139338409981358,
        3.498375702688307,
        3.482814160641885,
        3.466667670412862,
        3.450044756589561,
        3.434020467206525,
        3.414191037090796,
        3.382584258865776,
        3.3520659008113753,
        3.2922572032205397,
        3.279667481262261,
        3.2668558456280445,
        3.2590476945103135,
        3.237081185029212,
        3.2193941040643805,
        3.199171736391876,
        3.1629098373901603,
        3.1229451378930575,
        3.0782170498134764,
        3.027007983762978,
        2.961272759290053,
        2.849599569416643,
        2.589062507367575,
        2.444746802366729
    ],
    "time": [
        0.0,
        36.36363636363637,
        72.72727272727273,
        109.0909090909091,
        145.45454545454547,
        181.81818181818184,
        218.1818181818182,
        254.54545454545456,
        290.90909090909093,
        327.2727272727273,
        363.6363636363637,
        400.00000000000006,
        436.3636363636364,
        472.72727272727275,
        509.0909090909091,
        545.4545454545455,
        581.8181818181819,
        618.1818181818182,
        654.5454545454546,
        690.909090909091,
        727.2727272727274,
        763.6363636363637,
        800.0000000000001,
        836.3636363636365,
        872.7272727272727,
        909.0909090909091,
        945.4545454545455,
        981.8181818181819,
        1018.1818181818182,
        1054.5454545454547,
        1090.909090909091,
        1127.2727272727275,
        1163.6363636363637,
        1200.0,
        1236.3636363636365,
        1272.7272727272727,
        1309.0909090909092,
        1345.4545454545455,
        1381.818181818182,
        1418.1818181818182,
        1454.5454545454547,
        1490.909090909091,
        1527.2727272727275,
        1563.6363636363637,
        1600.0000000000002,
        1636.3636363636365,
        1672.727272727273,
        1709.0909090909092,
        1745.4545454545455,
        1781.818181818182,
        1818.1818181818182,
        1854.5454545454547,
        1890.909090909091,
        1901.5206189144296
    ]
}