{
    "config": {
        "Ideal gas constant [J.K-1.mol-1]": 9.071616064644909,
        "Faraday constant [C.mol-1]": 99833.51069711213,
        "Boltzmann constant [J.K-1]": 1.4598912803628618e-23,
        "Electron charge [C]": 1.986342873104719e-19,
        "Negative current collector thickness [m]": 1.3197646625233096e-05,
        "Negative electrode thickness [m]": 5.5788416444455866e-05,
        "Separator thickness [m]": 9.742534370380145e-06,
        "Positive electrode thickness [m]": 8.558331414403287e-05,
        "Positive current collector thickness [m]": 2.0635894907186788e-05,
        "Electrode height [m]": 0.052340400366962234,
        "Electrode width [m]": 1.6793129263332232,
        "Cell cooling surface area [m2]": 0.00610116434662577,
        "Cell volume [m3]": 2.906620819278596e-05,
        "Negative current collector conductivity [S.m-1]": 64481757.1433356,
        "Positive current collector conductivity [S.m-1]": 38531585.41726799,
        "Negative current collector density [kg.m-3]": 7300.295338251715,
        "Positive current collector density [kg.m-3]": 2685.4915685697474,
        "Positive current collector thermal conductivity [W.m-1.K-1]": 234.41058460146505,
        "Nominal cell capacity [A.h]": 5.031608357255074,
        "Current function [A]": 5.946952734279797,
        "Contact resistance [Ohm]": 0,
        "Negative electrode conductivity [S.m-1]": 224.6431316231403,
        "Maximum concentration in negative electrode [mol.m-3]": 32753.750012355315,
        "Negative electrode porosity": 0.2350504767477875,
        "Negative electrode active material volume fraction": 0.6947381592587241,
        "Negative particle radius [m]": 5.0554416136412115e-06,
        "Negative electrode Bruggeman coefficient (electrolyte)": 1.3246373207425093,
        "Negative electrode Bruggeman coefficient (electrode)": 0.0,
        "Negative electrode charge transfer coefficient": 0.4153341321373937,
        "Negative electrode double-layer capacity [F.m-2]": 0.17718224536476326,
        "Negative electrode density [kg.m-3]": 2326.116895296426,
        "Maximum concentration in positive electrode [mol.m-3]": 45624.535527307875,
        "Positive electrode porosity": 0.39386564394081075,
        "Positive electrode active material volume fraction": 0.9157039740793257,
        "Positive particle radius [m]": 5.286570811333299e-06,
        "Positive electrode Bruggeman coefficient (electrolyte)": 1.5974319000450075,
        "Positive electrode Bruggeman coefficient (electrode)": 0.0,
        "Positive electrode charge transfer coefficient": 0.5326093994831452,
        "Positive electrode double-layer capacity [F.m-2]": 0.16707743431321473,
        "Positive electrode density [kg.m-3]": 4092.630110242275,
        "Separator porosity": 0.542765796831304,
        "Separator Bruggeman coefficient (electrolyte)": 1.5373758933866297,
        "Separator Bruggeman coefficient (electrode)": 1.103922621696462,
        "Separator density [kg.m-3]": 1519.8476661311208,
        "Separator thermal conductivity [W.m-1.K-1]": 0.2828394533124633,
        "Initial concentration in electrolyte [mol.m-3]": 1052.1435908526203,
        "Reference temperature [K]": 333.5559893560986,
        "Total heat transfer coefficient [W.m-2.K-1]": 14.64175955683715,
        "Ambient temperature [K]": 332.46176762125185,
        "Number of electrodes connected in parallel to make a cell": 1.0248546478652762,
        "Number of cells connected in series to make a battery": 1.0213681135215034,
        "Lower voltage cut-off [V]": 2.851394839691941,
        "Upper voltage cut-off [V]": 4.245142174861948,
        "Open-circuit voltage at 0% SOC [V]": 2.0732053662331613,
        "Open-circuit voltage at 100% SOC [V]": 4.536535527785436,
        "Initial concentration in negative electrode [mol.m-3]": 27758.725161479757,
        "Initial concentration in positive electrode [mol.m-3]": 16769.55479820397,
        "Initial temperature [K]": 339.98682111751543
    },
    "V": [
        4.033053410833724,
        3.9790688772877187,
        3.9324020424400308,
        3.916177005917392,
        3.901248641924349,
        3.8905352030603515,
        3.8764427174423246,
        3.862736727388887,
        3.845591852893583,
        3.829499032780727,
        3.810498643028802,
        3.775922422080237,
        3.748063810750697,
        3.7578070926369462,
        3.765210821199031,
        3.7593765653114004,
        3.7516566587788542,
        3.739909379056993,
        3.729353629893956,
        3.7181538619316354,
        3.7057809317096426,
        3.693275085240627,
        3.6801511967667144,
        3.6662605523021354,
        3.6522021735790595,
        3.637827672695194,
        3.6227622731946303,
        3.6079299523745947,
        3.5922977834667424,
        3.5740717536847777,
        3.553259419209571,
        3.521095221417199,
        3.4816174310152217,
        3.4780434468676917,
        3.46566235030157,
        3.4398422723456306,
        3.401233250786386,
        3.3478148980470537,
        3.2813997650536035,
        3.194344420966966,
        3.006539564859699,
        2.851404839691942
    ],
    "time": [
        0.0,
        36.36363636363637,
        72.72727272727273,
        109.0909090909091,
        145.45454545454547,
        181.81818181818184,
        218.1818181818182,
        254.54545454545456,
        290.90909090909093,
        327.2727272727273,
        363.6363636363637,
        400.00000000000006,
        436.3636363636364,
        472.72727272727275,
        509.0909090909091,
        545.4545454545455,
        581.8181818181819,
        618.1818181818182,
        654.5454545454546,
        690.909090909091,
        727.2727272727274,
        763.6363636363637,
        800.0000000000001,
        836.3636363636365,
        872.7272727272727,
        909.0909090909091,
        945.4545454545455,
        981.8181818181819,
        1018.1818181818182,
        1054.5454545454547,
        1090.909090909091,
        1127.2727272727275,
        1163.6363636363637,
        1200.0,
        1236.3636363636365,
        1272.7272727272727,
        1309.0909090909092,
        1345.4545454545455,
        1381.818181818182,
        1418.1818181818182,
        1454.5454545454547,
        1468.2211007373107
    ]
}