{
    "config": {
        "Ideal gas constant [J.K-1.mol-1]": 7.193937160503127,
        "Faraday constant [C.mol-1]": 99805.95207560397,
        "Boltzmann constant [J.K-1]": 1.8388041709723607e-23,
        "Electron charge [C]": 1.5923633816760056e-19,
        "Ratio of lithium moles to SEI moles": 2.5634131357671173,
        "Inner SEI reaction proportion": 0.4117372851082635,
        "Inner SEI partial molar volume [m3.mol-1]": 5.0304860501610036e-05,
        "Outer SEI partial molar volume [m3.mol-1]": 8.782507223915062e-05,
        "SEI reaction exchange current density [A.m-2]": 1.1769413721103375e-07,
        "SEI resistivity [Ohm.m]": 183321.03191327662,
        "Outer SEI solvent diffusivity [m2.s-1]": 2.6124953797328607e-22,
        "Bulk solvent concentration [mol.m-3]": 3212.183006359466,
        "Inner SEI open-circuit potential [V]": 0.13070838815878974,
        "Outer SEI open-circuit potential [V]": 0.8894380688856867,
        "Inner SEI electron conductivity [S.m-1]": 4.595244746643367e-14,
        "Inner SEI lithium interstitial diffusivity [m2.s-1]": 6.896799565489642e-21,
        "Lithium interstitial reference concentration [mol.m-3]": 13.658188118354182,
        "Initial inner SEI thickness [m]": 2.1778447706242446e-09,
        "Initial outer SEI thickness [m]": 1.6909581295670167e-09,
        "EC initial concentration in electrolyte [mol.m-3]": 3189.3188286842565,
        "EC diffusivity [m2.s-1]": 2.212076137136784e-18,
        "SEI kinetic rate constant [m.s-1]": 7.74342431141992e-13,
        "SEI open-circuit potential [V]": 0.3806664118039816,
        "SEI growth activation energy [J.mol-1]": 0.0,
        "Negative electrode reaction-driven LAM factor [m3.mol-1]": 0.0,
        "Positive electrode reaction-driven LAM factor [m3.mol-1]": 0.0,
        "Negative current collector thickness [m]": 1.247269946785131e-05,
        "Negative electrode thickness [m]": 8.910679437602874e-05,
        "Separator thickness [m]": 1.3606050459967844e-05,
        "Positive electrode thickness [m]": 4.081729761131517e-05,
        "Positive current collector thickness [m]": 1.3733164485812458e-05,
        "Electrode height [m]": 0.11444746551312594,
        "Electrode width [m]": 0.11518745416814781,
        "Negative tab width [m]": 0.007640142678008448,
        "Negative tab centre y-coordinate [m]": 0.0029806692390102257,
        "Negative tab centre z-coordinate [m]": 0.10999559799393453,
        "Positive tab width [m]": 0.006868084949847246,
        "Positive tab centre y-coordinate [m]": 0.03932198522432138,
        "Positive tab centre z-coordinate [m]": 0.12068135392341767,
        "Cell cooling surface area [m2]": 0.021433819008443968,
        "Cell volume [m3]": 2.145312961376625e-06,
        "Negative current collector conductivity [S.m-1]": 74219762.60658213,
        "Positive current collector conductivity [S.m-1]": 58514885.32148403,
        "Negative current collector density [kg.m-3]": 7672.844944249104,
        "Positive current collector density [kg.m-3]": 3775.517981247775,
        "Negative current collector specific heat capacity [J.kg-1.K-1]": 509.15363582521013,
        "Positive current collector specific heat capacity [J.kg-1.K-1]": 994.0376320715227,
        "Negative current collector thermal conductivity [W.m-1.K-1]": 482.8068301315212,
        "Positive current collector thermal conductivity [W.m-1.K-1]": 203.70073342620256,
        "Nominal cell capacity [A.h]": 0.21101647899374415,
        "Current function [A]": 0.174705148747631,
        "Contact resistance [Ohm]": 0,
        "Negative electrode conductivity [S.m-1]": 10.204890670882033,
        "Maximum concentration in negative electrode [mol.m-3]": 32644.493462842758,
        "Negative electrode porosity": 0.3472690818499809,
        "Negative electrode active material volume fraction": 0.5225277191000729,
        "Negative particle radius [m]": 1.5025347194795506e-05,
        "Negative electrode Bruggeman coefficient (electrolyte)": 1.7002937748069367,
        "Negative electrode Bruggeman coefficient (electrode)": 0.0,
        "Negative electrode density [kg.m-3]": 1755.8068574072622,
        "Negative electrode specific heat capacity [J.kg-1.K-1]": 1716.078430000654,
        "Negative electrode thermal conductivity [W.m-1.K-1]": 1.7529673478070595,
        "Negative electrode OCP entropic change [V.K-1]": 0.0,
        "Positive electrode conductivity [S.m-1]": 87.1010129957842,
        "Maximum concentration in positive electrode [mol.m-3]": 48791.85384705526,
        "Positive electrode porosity": 0.28245293717540104,
        "Positive electrode active material volume fraction": 0.3749342694481431,
        "Positive particle radius [m]": 4.7073306761891015e-06,
        "Positive electrode Bruggeman coefficient (electrolyte)": 1.6353319751780653,
        "Positive electrode Bruggeman coefficient (electrode)": 0.0,
        "Positive electrode density [kg.m-3]": 3740.522336316485,
        "Positive electrode specific heat capacity [J.kg-1.K-1]": 1435.4109624818807,
        "Positive electrode thermal conductivity [W.m-1.K-1]": 0.8716261748630627,
        "Positive electrode OCP entropic change [V.K-1]": 0.0,
        "Separator porosity": 0.382755528110714,
        "Separator Bruggeman coefficient (electrolyte)": 1.7169229213504826,
        "Separator density [kg.m-3]": 900.3199301580153,
        "Separator specific heat capacity [J.kg-1.K-1]": 2077.4482935602377,
        "Separator thermal conductivity [W.m-1.K-1]": 0.282503349289886,
        "Initial concentration in electrolyte [mol.m-3]": 1298.611984395372,
        "Cation transference number": 0.14417636961494623,
        "Thermodynamic factor": 1.0231245921464986,
        "Reference temperature [K]": 358.01447691451307,
        "Negative current collector surface heat transfer coefficient [W.m-2.K-1]": 7.993386002171546,
        "Positive current collector surface heat transfer coefficient [W.m-2.K-1]": 11.951600999411315,
        "Negative tab heat transfer coefficient [W.m-2.K-1]": 9.50776548512785,
        "Positive tab heat transfer coefficient [W.m-2.K-1]": 10.544643899091831,
        "Edge heat transfer coefficient [W.m-2.K-1]": 4.947834794626633,
        "Total heat transfer coefficient [W.m-2.K-1]": 8.702017928825851,
        "Ambient temperature [K]": 375.60156418619056,
        "Number of electrodes connected in parallel to make a cell": 1.0738963105066168,
        "Number of cells connected in series to make a battery": 0.651882702499009,
        "Lower voltage cut-off [V]": 1.9420429438708255,
        "Upper voltage cut-off [V]": 4.364051491180482,
        "Open-circuit voltage at 0% SOC [V]": 2.6516124174753184,
        "Open-circuit voltage at 100% SOC [V]": 3.862965915391344,
        "Initial concentration in negative electrode [mol.m-3]": 28669.005656611105,
        "Initial concentration in positive electrode [mol.m-3]": 13270.865617674575,
        "Initial temperature [K]": 178.55259378399052
    },