{
    "config": {
        "Ideal gas constant [J.K-1.mol-1]": 10.077873566358715,
        "Faraday constant [C.mol-1]": 102790.61084077702,
        "Boltzmann constant [J.K-1]": 1.624843889666957e-23,
        "Electron charge [C]": 1.3514255808602506e-19,
        "Negative current collector thickness [m]": 9.955956643557445e-06,
        "Negative electrode thickness [m]": 9.691281539586192e-05,
        "Separator thickness [m]": 1.127405940982755e-05,
        "Positive electrode thickness [m]": 7.246528445687067e-05,
        "Positive current collector thickness [m]": 1.4986250301470258e-05,
        "Electrode height [m]": 0.06537332902613373,
        "Electrode width [m]": 1.7825405967481012,
        "Cell cooling surface area [m2]": 0.005578335278498014,
        "Cell volume [m3]": 2.3635903469592972e-05,
        "Negative current collector conductivity [S.m-1]": 39194256.348743305,
        "Positive current collector conductivity [S.m-1]": 27466479.91720649,
        "Negative current collector density [kg.m-3]": 6292.58779108926,
        "Positive current collector density [kg.m-3]": 2014.4780330248905,
        "Positive current collector thermal conductivity [W.m-1.K-1]": 216.09365555632874,
        "Nominal cell capacity [A.h]": 4.77989698851777,
        "Current function [A]": 4.7118307901608825,
        "Contact resistance [Ohm]": 0,
        "Negative electrode conductivity [S.m-1]": 165.4824711417794,
        "Maximum concentration in negative electrode [mol.m-3]": 28991.50825159202,
        "Negative electrode porosity": 0.2729518900360431,
        "Negative electrode active material volume fraction": 0.5788627331620644,
        "Negative particle radius [m]": 7.130107035770317e-06,
        "Negative electrode Bruggeman coefficient (electrolyte)": 1.4411613700656167,
        "Negative electrode Bruggeman coefficient (electrode)": 0.0,
        "Negative electrode charge transfer coefficient": 0.583812406479193,
        "Negative electrode double-layer capacity [F.m-2]": 0.16011940067212266,
        "Negative electrode density [kg.m-3]": 1634.2229173670057,
        "Maximum concentration in positive electrode [mol.m-3]": 48896.43186157,
        "Positive electrode porosity": 0.4439119397936247,
        "Positive electrode active material volume fraction": 0.7615285798783178,
        "Positive particle radius [m]": 4.874173912532197e-06,
        "Positive electrode Bruggeman coefficient (electrolyte)": 1.8813083604854135,
        "Positive electrode Bruggeman coefficient (electrode)": 0.0,
        "Positive electrode charge transfer coefficient": 0.38875757648306036,
        "Positive electrode double-layer capacity [F.m-2]": 0.19243130981388393,
        "Positive electrode density [kg.m-3]": 3583.230103236886,
        "Separator porosity": 0.22059639946190696,
        "Separator Bruggeman coefficient (electrolyte)": 1.6105041178630943,
        "Separator Bruggeman coefficient (electrode)": 1.546492084530843,
        "Separator density [kg.m-3]": 1235.3346604280396,
        "Separator thermal conductivity [W.m-1.K-1]": 0.36886555797768467,
        "Initial concentration in electrolyte [mol.m-3]": 1155.9201909380474,
        "Reference temperature [K]": 310.5067819153545,
        "Total heat transfer coefficient [W.m-2.K-1]": 9.440399845311536,
        "Ambient temperature [K]": 270.5962622397176,
        "Number of electrodes connected in parallel to make a cell": 0.9578934723518397,
        "Number of cells connected in series to make a battery": 1.0915873813417507,
        "Lower voltage cut-off [V]": 3.0901831975911387,
        "Upper voltage cut-off [V]": 4.5916775696908605,
        "Open-circuit voltage at 0% SOC [V]": 2.5902258333327386,
        "Open-circuit voltage at 100% SOC [V]": 3.5303616273697025,
        "Initial concentration in negative electrode [mol.m-3]": 24217.575444760045,
        "Initial concentration in positive electrode [mol.m-3]": 11075.567583690476,
        "Initial temperature [K]": 316.41961058635746
    },
    "V": [
        4.143745193383083,
        4.01886041215689,
        3.931977187868112,
        3.86673528173224,
        3.797037029386945,
        3.730744840642015,
        3.6688229702566777,
        3.6166170912157707,
        3.5818839651569325,
        3.5886114456576594,
        3.547575219988385,
        3.4853905927000337,
        3.414272021779962,
        3.3288989919514274,
        3.2202704961147575,
        3.0901931975911383
    ],
    "time": [
        0.0,
        36.36363636363637,
        72.72727272727273,
        109.0909090909091,
        145.45454545454547,
        181.81818181818184,
        218.1818181818182,
        254.54545454545456,
        290.90909090909093,
        327.2727272727273,
        363.6363636363637,
        400.00000000000006,
        436.3636363636364,
        472.72727272727275,
        509.0909090909091,
        543.7705212606828
    ]
}