{
    "config": {
        "Ideal gas constant [J.K-1.mol-1]": 8.085497265004683,
        "Faraday constant [C.mol-1]": 72721.59054818407,
        "Boltzmann constant [J.K-1]": 1.914295325829688e-23,
        "Electron charge [C]": 1.265947044065901e-19,
        "Ratio of lithium moles to SEI moles": 2.58915218443458,
        "Inner SEI reaction proportion": 0.740000727718398,
        "Inner SEI partial molar volume [m3.mol-1]": 6.259964369743794e-05,
        "Outer SEI partial molar volume [m3.mol-1]": 0.00010424444430708857,
        "SEI reaction exchange current density [A.m-2]": 1.8807924297647036e-07,
        "SEI resistivity [Ohm.m]": 207590.4339485473,
        "Outer SEI solvent diffusivity [m2.s-1]": 1.8485085262969837e-22,
        "Bulk solvent concentration [mol.m-3]": 2973.8546455392184,
        "Inner SEI open-circuit potential [V]": 0.06500933788424679,
        "Outer SEI open-circuit potential [V]": 1.075809290986898,
        "Inner SEI electron conductivity [S.m-1]": 5.371356961098555e-14,
        "Inner SEI lithium interstitial diffusivity [m2.s-1]": 1.1530879216615143e-20,
        "Lithium interstitial reference concentration [mol.m-3]": 20.11307217748684,
        "Initial inner SEI thickness [m]": 2.746257802211086e-09,
        "Initial outer SEI thickness [m]": 3.320058847436368e-09,
        "EC initial concentration in electrolyte [mol.m-3]": 3897.3522866399203,
        "EC diffusivity [m2.s-1]": 2.3785505236377225e-18,
        "SEI kinetic rate constant [m.s-1]": 1.1909303003628651e-12,
        "SEI open-circuit potential [V]": 0.3740053135668709,
        "SEI growth activation energy [J.mol-1]": 0.0,
        "Negative electrode reaction-driven LAM factor [m3.mol-1]": 0.0,
        "Positive electrode reaction-driven LAM factor [m3.mol-1]": 0.0,
        "Negative current collector thickness [m]": 1.3388454142739824e-05,
        "Negative electrode thickness [m]": 0.00010718803593142688,
        "Separator thickness [m]": 1.2525877295024605e-05,
        "Positive electrode thickness [m]": 6.562703417131473e-05,
        "Positive current collector thickness [m]": 1.1044534499366131e-05,
        "Electrode height [m]": 0.0541076762585893,
        "Electrode width [m]": 1.2386473579389228,
        "Cell cooling surface area [m2]": 0.007223598644348327,
        "Cell volume [m3]": 2.4078807519836303e-05,
        "Cell thermal expansion coefficient [m.K-1]": 1.3209949879003059e-06,
        "Negative current collector conductivity [S.m-1]": 48684843.1306221,
        "Positive current collector conductivity [S.m-1]": 37915298.88664871,
        "Negative current collector density [kg.m-3]": 6753.00669638569,
        "Positive current collector density [kg.m-3]": 1770.8316631113764,
        "Negative current collector specific heat capacity [J.kg-1.K-1]": 428.4287183391423,
        "Positive current collector specific heat capacity [J.kg-1.K-1]": 1283.7060683786262,
        "Negative current collector thermal conductivity [W.m-1.K-1]": 195.16806125809006,
        "Positive current collector thermal conductivity [W.m-1.K-1]": 242.5513760350184,
        "Nominal cell capacity [A.h]": 3.21957019415499,
        "Current function [A]": 3.8446622801954033,
        "Contact resistance [Ohm]": 0,
        "Negative electrode conductivity [S.m-1]": 168.48231807608732,
        "Maximum concentration in negative electrode [mol.m-3]": 47443.271771548636,
        "Negative particle diffusivity [m2.s-1]": 5.195183118768536e-14,
        "Negative electrode porosity": 0.10278394272872335,
        "Negative electrode active material volume fraction": 0.9070734243989401,
        "Negative particle radius [m]": 4.076926119169713e-06,
        "Negative electrode Bruggeman coefficient (electrolyte)": 1.5148621294926181,
        "Negative electrode Bruggeman coefficient (electrode)": 0,
        "Negative electrode charge transfer coefficient": 0.515653314245897,
        "Negative electrode double-layer capacity [F.m-2]": 0.18374612970669202,
        "Negative electrode density [kg.m-3]": 1027.899845618948,
        "Negative electrode specific heat capacity [J.kg-1.K-1]": 538.340839434352,
        "Negative electrode thermal conductivity [W.m-1.K-1]": 1.667278739137872,
        "Negative electrode OCP entropic change [V.K-1]": 0.0,
        "Positive electrode conductivity [S.m-1]": 0.1697751574774667,
        "Maximum concentration in positive electrode [mol.m-3]": 87909.70051403496,
        "Positive particle diffusivity [m2.s-1]": 2.7062357076356572e-15,
        "Positive electrode porosity": 0.4103856226245909,
        "Positive electrode active material volume fraction": 0.6792816462481083,
        "Positive particle radius [m]": 8.279703930934257e-06,
        "Positive electrode Bruggeman coefficient (electrolyte)": 1.333793733177671,
        "Positive electrode Bruggeman coefficient (electrode)": 0,
        "Positive electrode charge transfer coefficient": 0.5505334251854783,
        "Positive electrode double-layer capacity [F.m-2]": 0.23041933388114505,
        "Positive electrode density [kg.m-3]": 3620.8841444500945,
        "Positive electrode specific heat capacity [J.kg-1.K-1]": 700.1774948373037,
        "Positive electrode thermal conductivity [W.m-1.K-1]": 2.2701535471866703,
        "Positive electrode OCP entropic change [V.K-1]": 0.0,
        "Separator porosity": 0.3502221111253587,
        "Separator Bruggeman coefficient (electrolyte)": 1.846356961971815,
        "Separator density [kg.m-3]": 253.8190214491046,
        "Separator specific heat capacity [J.kg-1.K-1]": 589.7219422598856,
        "Separator thermal conductivity [W.m-1.K-1]": 0.1038621645391172,
        "Initial concentration in electrolyte [mol.m-3]": 947.3545122613588,
        "Cation transference number": 0.21810778502554756,
        "Thermodynamic factor": 0.8154597583253396,
        "Reference temperature [K]": 310.3781868047299,
        "Total heat transfer coefficient [W.m-2.K-1]": 9.686905497864412,
        "Ambient temperature [K]": 339.5711431648552,
        "Number of electrodes connected in parallel to make a cell": 1.2997212247056185,
        "Number of cells connected in series to make a battery": 1.3312241357959245,
        "Lower voltage cut-off [V]": 3.127278942730965,
        "Upper voltage cut-off [V]": 4.6260553086584615,
        "Open-circuit voltage at 0% SOC [V]": 2.8645332987944805,
        "Open-circuit voltage at 100% SOC [V]": 2.9896420289701218,
        "Initial concentration in negative electrode [mol.m-3]": 19663.614455374867,
        "Initial concentration in positive electrode [mol.m-3]": 15336.874508554627,
        "Initial temperature [K]": 287.39363352058984
    },
    "V": [
        4.3180174395264395,
        4.1927581067711825,
        4.098066930008032,
        4.018242439888696,
        3.9588221125856644,
        3.921509000864253,
        3.8997577103353973,
        3.88259961811369,
        3.865314539221191,
        3.8456566831721095,
        3.8229654726138413,
        3.7982217557147324,
        3.7723654816520473,
        3.7458904105154334,
        3.719104052756955,
        3.6921617223500065,
        3.664983954582274,
        3.63733076180849,
        3.608777743295962,
        3.5786254302919183,
        3.5457881092699983,
        3.5085550124527947,
        3.46396339940771,
        3.4069275049612884,
        3.3308688853091715,
        3.234381557553064,
        3.1272889427309645
    ],