{
    "config": {
        "Ideal gas constant [J.K-1.mol-1]": 9.91625252267633,
        "Faraday constant [C.mol-1]": 94516.37908938178,
        "Boltzmann constant [J.K-1]": 1.222734460588311e-23,
        "Electron charge [C]": 2.0023943114222576e-19,
        "Ratio of lithium moles to SEI moles": 2.4648270325570776,
        "Inner SEI reaction proportion": 0.5358551330073564,
        "Inner SEI partial molar volume [m3.mol-1]": 0.00012684952999865518,
        "Outer SEI partial molar volume [m3.mol-1]": 8.351112256529802e-05,
        "SEI reaction exchange current density [A.m-2]": 1.7516674071256882e-06,
        "SEI resistivity [Ohm.m]": 191226.0704190223,
        "Outer SEI solvent diffusivity [m2.s-1]": 1.9684146459484257e-22,
        "Bulk solvent concentration [mol.m-3]": 2667.158486767525,
        "Inner SEI open-circuit potential [V]": 0.07995218220812188,
        "Outer SEI open-circuit potential [V]": 0.8862255513255417,
        "Inner SEI electron conductivity [S.m-1]": 7.681649681711256e-14,
        "Inner SEI lithium interstitial diffusivity [m2.s-1]": 1.1740052347454824e-20,
        "Lithium interstitial reference concentration [mol.m-3]": 20.532228502501905,
        "Initial inner SEI thickness [m]": 2.3732850075070394e-09,
        "Initial outer SEI thickness [m]": 2.1336224893983366e-09,
        "EC initial concentration in electrolyte [mol.m-3]": 4962.9655697692215,
        "EC diffusivity [m2.s-1]": 1.914327824619553e-18,
        "SEI kinetic rate constant [m.s-1]": 1.0106249023665823e-12,
        "SEI open-circuit potential [V]": 0.0,
        "SEI growth activation energy [J.mol-1]": 0.0,
        "Negative current collector thickness [m]": 2.130744031929416e-05,
        "Negative electrode thickness [m]": 7.866745547938771e-05,
        "Separator thickness [m]": 2.270139204928529e-05,
        "Positive electrode thickness [m]": 6.603952380856699e-05,
        "Positive current collector thickness [m]": 2.610324531997217e-05,
        "Electrode height [m]": 0.06703599758291129,
        "Electrode width [m]": 1.1928225455534331,
        "Negative tab width [m]": 0.04211870123835747,
        "Negative tab centre y-coordinate [m]": 0.06845638687737629,
        "Negative tab centre z-coordinate [m]": 0.12484296998706962,
        "Positive tab width [m]": 0.045836986107645215,
        "Positive tab centre y-coordinate [m]": 0.15840239241576126,
        "Positive tab centre z-coordinate [m]": 0.15075519083643155,
        "Negative current collector conductivity [S.m-1]": 67674165.50416443,
        "Positive current collector conductivity [S.m-1]": 32920997.6303249,
        "Negative current collector density [kg.m-3]": 11805.393377033452,
        "Positive current collector density [kg.m-3]": 2789.6187204859934,
        "Negative current collector specific heat capacity [J.kg-1.K-1]": 402.60553726034647,
        "Positive current collector specific heat capacity [J.kg-1.K-1]": 1014.8833945916015,
        "Negative current collector thermal conductivity [W.m-1.K-1]": 471.89624813893283,
        "Positive current collector thermal conductivity [W.m-1.K-1]": 193.55324206581923,
        "Nominal cell capacity [A.h]": 0.6834289936096765,
        "Current function [A]": 0.9386637935534219,
        "Contact resistance [Ohm]": 0,
        "Negative electrode conductivity [S.m-1]": 104.7784931573821,
        "Maximum concentration in negative electrode [mol.m-3]": 35174.20212308585,
        "Negative electrode porosity": 0.572139076044737,
        "Negative electrode active material volume fraction": 0.5402823166708858,
        "Negative particle radius [m]": 2.4169925780842606e-06,
        "Negative electrode Bruggeman coefficient (electrolyte)": 3.703755856093889,
        "Negative electrode Bruggeman coefficient (electrode)": 3.6494112894545685,
        "Negative electrode charge transfer coefficient": 0.5161981213191272,
        "Negative electrode double-layer capacity [F.m-2]": 0.2183220978590137,
        "Negative electrode density [kg.m-3]": 1262.6134405929918,
        "Negative electrode specific heat capacity [J.kg-1.K-1]": 894.4616160431962,
        "Negative electrode thermal conductivity [W.m-1.K-1]": 1.6616861816210176,
        "Positive electrode conductivity [S.m-1]": 103.07888147977833,
        "Maximum concentration in positive electrode [mol.m-3]": 59644.61893879274,
        "Positive electrode porosity": 0.46368778779999587,
        "Positive electrode active material volume fraction": 0.5640334183737492,
        "Positive particle radius [m]": 2.106162170486411e-06,
        "Positive electrode Bruggeman coefficient (electrolyte)": 3.869265764411357,
        "Positive electrode Bruggeman coefficient (electrode)": 3.513314246379011,
        "Positive electrode charge transfer coefficient": 0.5108884968662855,
        "Positive electrode double-layer capacity [F.m-2]": 0.21792315833754755,
        "Positive electrode density [kg.m-3]": 4242.04893158466,
        "Positive electrode specific heat capacity [J.kg-1.K-1]": 955.2542659006679,
        "Positive electrode thermal conductivity [W.m-1.K-1]": 2.121967993149471,
        "Separator porosity": 0.48672774776011324,
        "Separator Bruggeman coefficient (electrolyte)": 1.984827556039524,
        "Separator density [kg.m-3]": 1301.057001720282,
        "Separator specific heat capacity [J.kg-1.K-1]": 2147.293298466271,
        "Separator thermal conductivity [W.m-1.K-1]": 0.4241138928820283,
        "Initial concentration in electrolyte [mol.m-3]": 968.0265053346714,
        "Cation transference number": 0.32692947425431457,
        "Thermodynamic factor": 1.1554883280521424,
        "Reference temperature [K]": 308.9367963729444,
        "Ambient temperature [K]": 364.6705378360821,
        "Negative current collector surface heat transfer coefficient [W.m-2.K-1]": 0.0,
        "Positive current collector surface heat transfer coefficient [W.m-2.K-1]": 0.0,
        "Negative tab heat transfer coefficient [W.m-2.K-1]": 8.215550219151043,
        "Positive tab heat transfer coefficient [W.m-2.K-1]": 9.921523691408634,
        "Edge heat transfer coefficient [W.m-2.K-1]": 0.3024720432032426,
        "Number of electrodes connected in parallel to make a cell": 1.0141544631020893,
        "Number of cells connected in series to make a battery": 1.0129154141611114,
        "Lower voltage cut-off [V]": 2.9636981674184546,
        "Upper voltage cut-off [V]": 5.100133010666954,
        "Open-circuit voltage at 0% SOC [V]": 2.177645308985441,
        "Open-circuit voltage at 100% SOC [V]": 4.790437202424388,
        "Initial concentration in negative electrode [mol.m-3]": 23277.80445669001,
        "Initial concentration in positive electrode [mol.m-3]": 26623.17633981735,
        "Initial temperature [K]": 249.83751269857532
    },