{
    "config": {
        "Ideal gas constant [J.K-1.mol-1]": 11.38635970098781,
        "Faraday constant [C.mol-1]": 92810.33328307935,
        "Boltzmann constant [J.K-1]": 1.001783984149844e-23,
        "Electron charge [C]": 1.417275999546253e-19,
        "Ratio of lithium moles to SEI moles": 2.004946895323984,
        "Inner SEI reaction proportion": 0.41849082795607073,
        "Inner SEI partial molar volume [m3.mol-1]": 3.577983452508902e-05,
        "Outer SEI partial molar volume [m3.mol-1]": 9.963998164647995e-05,
        "SEI reaction exchange current density [A.m-2]": 1.8235237834228068e-06,
        "SEI resistivity [Ohm.m]": 199677.6624295569,
        "Outer SEI solvent diffusivity [m2.s-1]": 1.9189091938861927e-22,
        "Bulk solvent concentration [mol.m-3]": 2515.7424013519912,
        "Inner SEI open-circuit potential [V]": 0.11909665330608622,
        "Outer SEI open-circuit potential [V]": 1.0141901186087567,
        "Inner SEI electron conductivity [S.m-1]": 1.5200114431185386e-13,
        "Inner SEI lithium interstitial diffusivity [m2.s-1]": 1.2267821828570867e-20,
        "Lithium interstitial reference concentration [mol.m-3]": 14.36407177706342,
        "Initial inner SEI thickness [m]": 3.5538012294293907e-09,
        "Initial outer SEI thickness [m]": 2.7296795111138365e-09,
        "EC initial concentration in electrolyte [mol.m-3]": 4527.64247055731,
        "EC diffusivity [m2.s-1]": 2.551772459810213e-18,
        "SEI kinetic rate constant [m.s-1]": 5.954948176521234e-13,
        "SEI open-circuit potential [V]": 0.0,
        "SEI growth activation energy [J.mol-1]": 0.0,
        "Negative current collector thickness [m]": 2.191443392367235e-05,
        "Negative electrode thickness [m]": 0.00014635404659598338,
        "Separator thickness [m]": 3.316398334484695e-05,
        "Positive electrode thickness [m]": 4.426439931302883e-05,
        "Positive current collector thickness [m]": 1.5366739787170083e-05,
        "Electrode height [m]": 0.03471727215057592,
        "Electrode width [m]": 0.5048595887244695,
        "Negative tab width [m]": 0.026127481991783823,
        "Negative tab centre y-coordinate [m]": 0.0513252551117281,
        "Negative tab centre z-coordinate [m]": 0.19704846836392126,
        "Positive tab width [m]": 0.04979072016069247,
        "Positive tab centre y-coordinate [m]": 0.1572676523654061,
        "Positive tab centre z-coordinate [m]": 0.09645011322492486,
        "Negative current collector conductivity [S.m-1]": 50165804.43286027,
        "Positive current collector conductivity [S.m-1]": 34726038.12156548,
        "Negative current collector density [kg.m-3]": 6385.869479132038,
        "Positive current collector density [kg.m-3]": 3410.58537510832,
        "Negative current collector specific heat capacity [J.kg-1.K-1]": 322.26169698883115,
        "Positive current collector specific heat capacity [J.kg-1.K-1]": 586.9787508002328,
        "Negative current collector thermal conductivity [W.m-1.K-1]": 504.59640349065654,
        "Positive current collector thermal conductivity [W.m-1.K-1]": 230.9172108679003,
        "Nominal cell capacity [A.h]": 0.7610564077796165,
        "Current function [A]": 1.289320717063149,
        "Contact resistance [Ohm]": 0,
        "Negative electrode conductivity [S.m-1]": 60.95800693815973,
        "Maximum concentration in negative electrode [mol.m-3]": 17875.62184169117,
        "Negative electrode porosity": 0.4662390836810069,
        "Negative electrode active material volume fraction": 0.4637702719482829,
        "Negative particle radius [m]": 1.5138443099895974e-06,
        "Negative electrode Bruggeman coefficient (electrolyte)": 2.4952823048700914,
        "Negative electrode Bruggeman coefficient (electrode)": 1.7364467040109264,
        "Negative electrode charge transfer coefficient": 0.26127722898095945,
        "Negative electrode double-layer capacity [F.m-2]": 0.23131804534538358,
        "Negative electrode density [kg.m-3]": 1593.897444779,
        "Negative electrode specific heat capacity [J.kg-1.K-1]": 810.6785018955088,
        "Negative electrode thermal conductivity [W.m-1.K-1]": 1.1688784866865887,
        "Positive electrode conductivity [S.m-1]": 128.93752538975312,
        "Maximum concentration in positive electrode [mol.m-3]": 64021.70324826986,
        "Positive electrode porosity": 0.37583279438350337,
        "Positive electrode active material volume fraction": 0.5797038116203982,
        "Positive particle radius [m]": 2.066915855607925e-06,
        "Positive electrode Bruggeman coefficient (electrolyte)": 3.252940507708991,
        "Positive electrode Bruggeman coefficient (electrode)": 4.440331297473607,
        "Positive electrode charge transfer coefficient": 0.5327467262651874,
        "Positive electrode double-layer capacity [F.m-2]": 0.1757739064231284,
        "Positive electrode density [kg.m-3]": 3273.2003122038723,
        "Positive electrode specific heat capacity [J.kg-1.K-1]": 544.3287907392912,
        "Positive electrode thermal conductivity [W.m-1.K-1]": 2.7831593548149858,
        "Separator porosity": 0.5314449030545734,
        "Separator Bruggeman coefficient (electrolyte)": 2.0987377091380783,
        "Separator density [kg.m-3]": 1128.6578672209632,
        "Separator specific heat capacity [J.kg-1.K-1]": 1778.8988287960892,
        "Separator thermal conductivity [W.m-1.K-1]": 0.34639220724107683,
        "Initial concentration in electrolyte [mol.m-3]": 1129.8447046859317,
        "Cation transference number": 0.33620683548578917,
        "Thermodynamic factor": 1.1402880283376349,
        "Reference temperature [K]": 339.8533521104913,
        "Ambient temperature [K]": 378.85158062167085,
        "Negative current collector surface heat transfer coefficient [W.m-2.K-1]": 0.0,
        "Positive current collector surface heat transfer coefficient [W.m-2.K-1]": 0.0,
        "Negative tab heat transfer coefficient [W.m-2.K-1]": 12.837280205251915,
        "Positive tab heat transfer coefficient [W.m-2.K-1]": 8.819675771746475,
        "Edge heat transfer coefficient [W.m-2.K-1]": 0.319845000979837,
        "Number of electrodes connected in parallel to make a cell": 0.8764752820134112,
        "Number of cells connected in series to make a battery": 1.2904976828058028,
        "Lower voltage cut-off [V]": 2.1325238019868267,
        "Upper voltage cut-off [V]": 5.326554209414418,
        "Open-circuit voltage at 0% SOC [V]": 2.9693654199383563,
        "Open-circuit voltage at 100% SOC [V]": 3.9105807520692486,
        "Initial concentration in negative electrode [mol.m-3]": 17420.10814100893,
        "Initial concentration in positive electrode [mol.m-3]": 29268.930327773072,
        "Initial temperature [K]": 205.52789209976254
    },
    "V": [
        4.142108318218908,
        4.09276642826073,
        4.0565374774788925,
        4.023804036429003,
        3.989425658217698,
        3.9613023846197475,
        3.934141952197595,
        3.90875683215068,
        3.8852243554711943,
        3.863402018100926,
        3.8431492488271006,
        3.824325643766162,
        3.8067594919399435,
        3.7902172462738752,
        3.7743595566682013,
        3.758670749257819,
        3.742368477075477,
        3.7237952300404684,
        3.6985793429396385,
        3.6571471211196123,
        3.563405220388585,
        3.015960172055884,
        2.132533801986841
    ],