{
    "config": {
        "Ideal gas constant [J.K-1.mol-1]": 8.876752862180599,
        "Faraday constant [C.mol-1]": 148869.88355923866,
        "Boltzmann constant [J.K-1]": 1.3060465502978066e-23,
        "Electron charge [C]": 1.3745419877907568e-19,
        "Ratio of lithium moles to SEI moles": 2.840989238773861,
        "Inner SEI reaction proportion": 0.28470553916130703,
        "Inner SEI partial molar volume [m3.mol-1]": 0.0001264578960907216,
        "Outer SEI partial molar volume [m3.mol-1]": 9.778143315737095e-05,
        "SEI reaction exchange current density [A.m-2]": 1.245441977261685e-07,
        "SEI resistivity [Ohm.m]": 286938.4268548711,
        "Outer SEI solvent diffusivity [m2.s-1]": 1.8322341500158098e-22,
        "Bulk solvent concentration [mol.m-3]": 1667.621231885449,
        "Inner SEI open-circuit potential [V]": 0.04734778358791319,
        "Outer SEI open-circuit potential [V]": 0.7440413630715185,
        "Inner SEI electron conductivity [S.m-1]": 5.801616541854256e-14,
        "Inner SEI lithium interstitial diffusivity [m2.s-1]": 1.0392096068503096e-20,
        "Lithium interstitial reference concentration [mol.m-3]": 18.913575450880607,
        "Initial inner SEI thickness [m]": 2.3776684895852184e-09,
        "Initial outer SEI thickness [m]": 3.3812109536847174e-09,
        "EC initial concentration in electrolyte [mol.m-3]": 5984.506998853635,
        "EC diffusivity [m2.s-1]": 2.1294748865503017e-18,
        "SEI kinetic rate constant [m.s-1]": 1.1616503078957768e-12,
        "SEI open-circuit potential [V]": 0.37233708491336837,
        "SEI growth activation energy [J.mol-1]": 0.0,
        "Negative electrode reaction-driven LAM factor [m3.mol-1]": 0.0,
        "Positive electrode reaction-driven LAM factor [m3.mol-1]": 0.0,
        "Negative current collector thickness [m]": 1.717192785020955e-05,
        "Negative electrode thickness [m]": 6.3663634640702e-05,
        "Separator thickness [m]": 1.5149766841078315e-05,
        "Positive electrode thickness [m]": 6.14481435695961e-05,
        "Positive current collector thickness [m]": 2.125910720143459e-05,
        "Electrode height [m]": 0.12786490804707784,
        "Electrode width [m]": 0.09867952653543073,
        "Negative tab width [m]": 0.006165009659090361,
        "Negative tab centre y-coordinate [m]": 0.004518228723627249,
        "Negative tab centre z-coordinate [m]": 0.13904422349008058,
        "Positive tab width [m]": 0.00847019608102331,
        "Positive tab centre y-coordinate [m]": 0.023587779465121743,
        "Positive tab centre z-coordinate [m]": 0.11169208167228932,
        "Cell cooling surface area [m2]": 0.020740893369901786,
        "Cell volume [m3]": 1.343834696451274e-06,
        "Negative current collector conductivity [S.m-1]": 51857953.36290418,
        "Positive current collector conductivity [S.m-1]": 36498103.89609995,
        "Negative current collector density [kg.m-3]": 14240.086274538811,
        "Positive current collector density [kg.m-3]": 2591.3275728554195,
        "Negative current collector specific heat capacity [J.kg-1.K-1]": 537.2846288570458,
        "Positive current collector specific heat capacity [J.kg-1.K-1]": 583.7018391044562,
        "Negative current collector thermal conductivity [W.m-1.K-1]": 383.1109018807494,
        "Positive current collector thermal conductivity [W.m-1.K-1]": 192.05764476144904,
        "Nominal cell capacity [A.h]": 0.1758716545592174,
        "Current function [A]": 0.11432398862202595,
        "Contact resistance [Ohm]": 0,
        "Negative electrode conductivity [S.m-1]": 18.46671897798953,
        "Maximum concentration in negative electrode [mol.m-3]": 30573.64311710912,
        "Negative electrode porosity": 0.3020782018233297,
        "Negative electrode active material volume fraction": 0.342288651193501,
        "Negative particle radius [m]": 1.8421720252535556e-05,
        "Negative electrode Bruggeman coefficient (electrolyte)": 1.9491369997309747,
        "Negative electrode Bruggeman coefficient (electrode)": 0.0,
        "Negative electrode density [kg.m-3]": 1878.6776529140184,
        "Negative electrode specific heat capacity [J.kg-1.K-1]": 514.3964893782303,
        "Negative electrode thermal conductivity [W.m-1.K-1]": 2.080659027071175,
        "Negative electrode OCP entropic change [V.K-1]": 0.0,
        "Positive electrode conductivity [S.m-1]": 30.771900786410136,
        "Maximum concentration in positive electrode [mol.m-3]": 46906.136594802265,
        "Positive electrode porosity": 0.2978863945979393,
        "Positive electrode active material volume fraction": 0.4674770018433917,
        "Positive particle radius [m]": 7.383002185679849e-06,
        "Positive electrode Bruggeman coefficient (electrolyte)": 1.794056466796452,
        "Positive electrode Bruggeman coefficient (electrode)": 0.0,
        "Positive electrode density [kg.m-3]": 2870.4775919826734,
        "Positive electrode specific heat capacity [J.kg-1.K-1]": 461.20926762262536,
        "Positive electrode thermal conductivity [W.m-1.K-1]": 1.1185823269843178,
        "Positive electrode OCP entropic change [V.K-1]": 0.0,
        "Separator porosity": 0.4532433808634814,
        "Separator Bruggeman coefficient (electrolyte)": 2.2776574227355297,
        "Separator density [kg.m-3]": 1199.5360404387895,
        "Separator specific heat capacity [J.kg-1.K-1]": 2060.0915088846746,
        "Separator thermal conductivity [W.m-1.K-1]": 0.35988250776463454,
        "Initial concentration in electrolyte [mol.m-3]": 1193.6888714513425,
        "Cation transference number": 0.21386277621353594,
        "Thermodynamic factor": 1.0676444050088278,
        "Reference temperature [K]": 198.95249058142906,
        "Negative current collector surface heat transfer coefficient [W.m-2.K-1]": 10.274922635701314,
        "Positive current collector surface heat transfer coefficient [W.m-2.K-1]": 8.063464212539744,
        "Negative tab heat transfer coefficient [W.m-2.K-1]": 13.090662012187478,
        "Positive tab heat transfer coefficient [W.m-2.K-1]": 7.111187499600819,
        "Edge heat transfer coefficient [W.m-2.K-1]": 13.422680462615272,
        "Total heat transfer coefficient [W.m-2.K-1]": 15.472276136239763,
        "Ambient temperature [K]": 274.3797392779266,
        "Number of electrodes connected in parallel to make a cell": 0.9287290081621763,
        "Number of cells connected in series to make a battery": 1.384793716700302,
        "Lower voltage cut-off [V]": 2.5333560226391842,
        "Upper voltage cut-off [V]": 5.5334521648943165,
        "Open-circuit voltage at 0% SOC [V]": 0.987052949939393,
        "Open-circuit voltage at 100% SOC [V]": 5.042333103075747,
        "Initial concentration in negative electrode [mol.m-3]": 19467.758238732276,
        "Initial concentration in positive electrode [mol.m-3]": 7090.25189790833,
        "Initial temperature [K]": 385.02084417120994
    },