{
    "config": {
        "Ideal gas constant [J.K-1.mol-1]": 5.639824772535935,
        "Faraday constant [C.mol-1]": 55059.151102215386,
        "Boltzmann constant [J.K-1]": 1.5202722906716767e-23,
        "Electron charge [C]": 1.9576018763541879e-19,
        "Ratio of lithium moles to SEI moles": 1.9371876606367533,
        "Inner SEI reaction proportion": 0.38651420477042464,
        "Inner SEI partial molar volume [m3.mol-1]": 0.0001151721850661115,
        "Outer SEI partial molar volume [m3.mol-1]": 9.607232600760155e-05,
        "SEI reaction exchange current density [A.m-2]": 1.5402305756004084e-07,
        "SEI resistivity [Ohm.m]": 246181.5776053987,
        "Outer SEI solvent diffusivity [m2.s-1]": 1.8983473646552624e-22,
        "Bulk solvent concentration [mol.m-3]": 2149.4172749031814,
        "Inner SEI open-circuit potential [V]": 0.06113464376656344,
        "Outer SEI open-circuit potential [V]": 0.7038389374782201,
        "Inner SEI electron conductivity [S.m-1]": 6.284353389811728e-14,
        "Inner SEI lithium interstitial diffusivity [m2.s-1]": 1.147810797531301e-20,
        "Lithium interstitial reference concentration [mol.m-3]": 12.699655170702245,
        "Initial inner SEI thickness [m]": 3.27842791222807e-09,
        "Initial outer SEI thickness [m]": 2.6197394069174084e-09,
        "EC initial concentration in electrolyte [mol.m-3]": 5901.374033854083,
        "EC diffusivity [m2.s-1]": 1.781463620345038e-18,
        "SEI kinetic rate constant [m.s-1]": 6.602375141158389e-13,
        "SEI open-circuit potential [V]": 0.3799260835376118,
        "SEI growth activation energy [J.mol-1]": 0.0,
        "Negative electrode reaction-driven LAM factor [m3.mol-1]": 0.0,
        "Positive electrode reaction-driven LAM factor [m3.mol-1]": 0.0,
        "Negative current collector thickness [m]": 1.0239347766056657e-05,
        "Negative electrode thickness [m]": 6.053684212493981e-05,
        "Separator thickness [m]": 2.2576644234870002e-05,
        "Positive electrode thickness [m]": 4.6110378971831446e-05,
        "Positive current collector thickness [m]": 8.5073894399058e-06,
        "Electrode height [m]": 0.18037353508458606,
        "Electrode width [m]": 0.17171989449818423,
        "Negative tab width [m]": 0.04523093945504896,
        "Negative tab centre y-coordinate [m]": 0.013676644330763705,
        "Negative tab centre z-coordinate [m]": 0.2329317868839868,
        "Positive tab width [m]": 0.04003097013190413,
        "Positive tab centre y-coordinate [m]": 0.09625268116607724,
        "Positive tab centre z-coordinate [m]": 0.1866826182436479,
        "Cell cooling surface area [m2]": 0.059476672008717826,
        "Cell volume [m3]": 2.9136000043208975e-06,
        "Negative current collector conductivity [S.m-1]": 70060350.77216758,
        "Positive current collector conductivity [S.m-1]": 30672866.688193552,
        "Negative current collector density [kg.m-3]": 14644.439489610708,
        "Positive current collector density [kg.m-3]": 3922.7135946221956,
        "Negative current collector specific heat capacity [J.kg-1.K-1]": 356.1792639590551,
        "Positive current collector specific heat capacity [J.kg-1.K-1]": 1144.2655065981126,
        "Negative current collector thermal conductivity [W.m-1.K-1]": 199.41905355966713,
        "Positive current collector thermal conductivity [W.m-1.K-1]": 200.25603778061864,
        "Nominal cell capacity [A.h]": 0.5631280146198375,
        "Current function [A]": 0.31831776825286284,
        "Contact resistance [Ohm]": 0,
        "Negative electrode conductivity [S.m-1]": 64.39704242627823,
        "Maximum concentration in negative electrode [mol.m-3]": 30208.34102878065,
        "Negative electrode porosity": 0.3529437097247287,
        "Negative electrode active material volume fraction": 0.4505924840965317,
        "Negative particle radius [m]": 2.73155201697789e-07,
        "Negative electrode Bruggeman coefficient (electrolyte)": 2.5349072367012506,
        "Negative electrode Bruggeman coefficient (electrode)": 2.184517356571569,
        "Negative electrode charge transfer coefficient": 0.4249615816469682,
        "Negative electrode double-layer capacity [F.m-2]": 0.22170422501621248,
        "Negative electrode density [kg.m-3]": 2658.6573335514227,
        "Negative electrode specific heat capacity [J.kg-1.K-1]": 759.081752160473,
        "Negative electrode thermal conductivity [W.m-1.K-1]": 1.4785988727831252,
        "Negative electrode OCP entropic change [V.K-1]": 0.0,
        "Positive electrode conductivity [S.m-1]": 10.66247853708741,
        "Maximum concentration in positive electrode [mol.m-3]": 40129.76592591088,
        "Positive electrode porosity": 0.4121341519239728,
        "Positive electrode active material volume fraction": 0.5423652236701355,
        "Positive particle radius [m]": 1.5718472388619142e-06,
        "Positive electrode Bruggeman coefficient (electrolyte)": 2.2810055471876187,
        "Positive electrode Bruggeman coefficient (electrode)": 2.083178491086313,
        "Positive electrode charge transfer coefficient": 0.48018657779925683,
        "Positive electrode double-layer capacity [F.m-2]": 0.2350486990975242,
        "Positive electrode density [kg.m-3]": 3905.9232066138766,
        "Positive electrode specific heat capacity [J.kg-1.K-1]": 941.653260228445,
        "Positive electrode thermal conductivity [W.m-1.K-1]": 1.4580763261253333,
        "Positive electrode OCP entropic change [V.K-1]": 0.0,
        "Separator porosity": 0.37051556916782696,
        "Separator Bruggeman coefficient (electrolyte)": 1.601234654308712,
        "Separator density [kg.m-3]": 607.3830625878445,
        "Separator specific heat capacity [J.kg-1.K-1]": 622.1751590310106,
        "Separator thermal conductivity [W.m-1.K-1]": 0.11291650258752307,
        "Initial concentration in electrolyte [mol.m-3]": 1300.1224461883119,
        "Cation transference number": 0.49344700764620025,
        "Thermodynamic factor": 1.5516874427297322,
        "Reference temperature [K]": 313.7608834744783,
        "Negative current collector surface heat transfer coefficient [W.m-2.K-1]": 0.0,
        "Positive current collector surface heat transfer coefficient [W.m-2.K-1]": 0.0,
        "Negative tab heat transfer coefficient [W.m-2.K-1]": 12.709290961863195,
        "Positive tab heat transfer coefficient [W.m-2.K-1]": 25.380131454416247,
        "Edge heat transfer coefficient [W.m-2.K-1]": 0.2654837682945588,
        "Total heat transfer coefficient [W.m-2.K-1]": 18.8366739972755,
        "Ambient temperature [K]": 211.79759210477312,
        "Number of electrodes connected in parallel to make a cell": 1.2225529473813856,
        "Number of cells connected in series to make a battery": 1.214961969551472,
        "Lower voltage cut-off [V]": 1.1699868045302588,
        "Upper voltage cut-off [V]": 4.142106082732369,
        "Open-circuit voltage at 0% SOC [V]": 3.5883426260174054,
        "Open-circuit voltage at 100% SOC [V]": 3.315818524006058,
        "Initial concentration in negative electrode [mol.m-3]": 12962.57584479405,
        "Initial concentration in positive electrode [mol.m-3]": 15756.701921110911,
        "Initial temperature [K]": 107.53465879972066
    },
    "V": [
        3.9033508556760874,
        3.8424105101708053,
        3.798427311844958,
        3.760508954954415,
        3.7249534123129253,
        3.689408208089337,
        3.6546784615599597,
        3.6187158852089385,
        3.5748625523074953,
        3.5077685727698764,
        3.2879860164782313,
        3.1741220404856603,
        2.4973212785115644,
        2.4095176239267206,
        1.6822762592532898,
        1.1699968045301397
    ],