{
    "config": {
        "Ideal gas constant [J.K-1.mol-1]": 7.517566843718037,
        "Faraday constant [C.mol-1]": 95482.9962760116,
        "Boltzmann constant [J.K-1]": 1.5099863639902862e-23,
        "Electron charge [C]": 1.7035842394813207e-19,
        "Ratio of lithium moles to SEI moles": 1.5795155624118657,
        "Inner SEI reaction proportion": 0.47142434706302055,
        "Inner SEI partial molar volume [m3.mol-1]": 7.416466877026367e-05,
        "Outer SEI partial molar volume [m3.mol-1]": 9.193138994669476e-05,
        "SEI reaction exchange current density [A.m-2]": 1.544773527210535e-07,
        "SEI resistivity [Ohm.m]": 201398.37435427387,
        "Outer SEI solvent diffusivity [m2.s-1]": 3.021388697611209e-22,
        "Bulk solvent concentration [mol.m-3]": 2712.824421598966,
        "Inner SEI open-circuit potential [V]": 0.11869714999678588,
        "Outer SEI open-circuit potential [V]": 0.8946902945526757,
        "Inner SEI electron conductivity [S.m-1]": 8.327165393188306e-14,
        "Inner SEI lithium interstitial diffusivity [m2.s-1]": 8.32104204531446e-21,
        "Lithium interstitial reference concentration [mol.m-3]": 15.146861195451168,
        "Initial inner SEI thickness [m]": 2.7491058325048026e-09,
        "Initial outer SEI thickness [m]": 3.167729600627748e-09,
        "EC initial concentration in electrolyte [mol.m-3]": 4225.773621367471,
        "EC diffusivity [m2.s-1]": 1.6557231145170293e-18,
        "SEI kinetic rate constant [m.s-1]": 9.789500522023082e-13,
        "SEI open-circuit potential [V]": 0.37997347107032964,
        "SEI growth activation energy [J.mol-1]": 0.0,
        "Negative electrode reaction-driven LAM factor [m3.mol-1]": 0.0,
        "Positive electrode reaction-driven LAM factor [m3.mol-1]": 0.0,
        "Negative current collector thickness [m]": 1.2169490677944803e-05,
        "Negative electrode thickness [m]": 9.83137069169637e-05,
        "Separator thickness [m]": 2.1400341544885397e-05,
        "Positive electrode thickness [m]": 6.787407599360252e-05,
        "Positive current collector thickness [m]": 1.3333515112156849e-05,
        "Electrode height [m]": 0.09851692737960044,
        "Electrode width [m]": 0.08701054563503385,
        "Negative tab width [m]": 0.006535849622399976,
        "Negative tab centre y-coordinate [m]": 0.004722128500511952,
        "Negative tab centre z-coordinate [m]": 0.06592530060906884,
        "Positive tab width [m]": 0.008179945094410586,
        "Positive tab centre y-coordinate [m]": 0.03476923525982038,
        "Positive tab centre z-coordinate [m]": 0.09997337942055698,
        "Cell cooling surface area [m2]": 0.013621607132011682,
        "Cell volume [m3]": 1.084110525898907e-06,
        "Negative current collector conductivity [S.m-1]": 53885803.71938777,
        "Positive current collector conductivity [S.m-1]": 38468134.463485554,
        "Negative current collector density [kg.m-3]": 7964.524407129884,
        "Positive current collector density [kg.m-3]": 3673.040940150234,
        "Negative current collector specific heat capacity [J.kg-1.K-1]": 351.5166051427275,
        "Positive current collector specific heat capacity [J.kg-1.K-1]": 863.590894456453,
        "Negative current collector thermal conductivity [W.m-1.K-1]": 376.99088170619694,
        "Positive current collector thermal conductivity [W.m-1.K-1]": 188.91443463124546,
        "Nominal cell capacity [A.h]": 0.14847366220632852,
        "Current function [A]": 0.16746524976613103,
        "Contact resistance [Ohm]": 0,
        "Negative electrode conductivity [S.m-1]": 10.060349387139347,
        "Maximum concentration in negative electrode [mol.m-3]": 34669.17451914144,
        "Negative electrode porosity": 0.24335976813371157,
        "Negative electrode active material volume fraction": 0.40532547377954253,
        "Negative particle radius [m]": 1.7948896462695873e-05,
        "Negative electrode Bruggeman coefficient (electrolyte)": 1.404310044387557,
        "Negative electrode Bruggeman coefficient (electrode)": 0.0,
        "Negative electrode density [kg.m-3]": 1420.7981181166467,
        "Negative electrode specific heat capacity [J.kg-1.K-1]": 1821.0656975367524,
        "Negative electrode thermal conductivity [W.m-1.K-1]": 1.8645689326470147,
        "Negative electrode OCP entropic change [V.K-1]": 0.0,
        "Positive electrode conductivity [S.m-1]": 63.48469743967835,
        "Maximum concentration in positive electrode [mol.m-3]": 46170.47165908462,
        "Positive electrode porosity": 0.25201785836386764,
        "Positive electrode active material volume fraction": 0.322965000811465,
        "Positive particle radius [m]": 6.93006336826861e-06,
        "Positive electrode Bruggeman coefficient (electrolyte)": 1.4333698009070654,
        "Positive electrode Bruggeman coefficient (electrode)": 0.0,
        "Positive electrode density [kg.m-3]": 2931.1119613948135,
        "Positive electrode specific heat capacity [J.kg-1.K-1]": 1190.2202317213935,
        "Positive electrode thermal conductivity [W.m-1.K-1]": 0.9610623832968848,
        "Positive electrode OCP entropic change [V.K-1]": 0.0,
        "Separator porosity": 0.6477789672177875,
        "Separator Bruggeman coefficient (electrolyte)": 2.1815527373506725,
        "Separator density [kg.m-3]": 1025.4396183327015,
        "Separator specific heat capacity [J.kg-1.K-1]": 1278.808772113594,
        "Separator thermal conductivity [W.m-1.K-1]": 0.39079246752980185,
        "Initial concentration in electrolyte [mol.m-3]": 1004.8977346685939,
        "Cation transference number": 0.2670986816517232,
        "Thermodynamic factor": 1.0738936928592526,
        "Reference temperature [K]": 374.0803290555438,
        "Negative current collector surface heat transfer coefficient [W.m-2.K-1]": 9.945025116054405,
        "Positive current collector surface heat transfer coefficient [W.m-2.K-1]": 11.43071295890499,
        "Negative tab heat transfer coefficient [W.m-2.K-1]": 11.92947837916228,
        "Positive tab heat transfer coefficient [W.m-2.K-1]": 10.454432642935235,
        "Edge heat transfer coefficient [W.m-2.K-1]": 10.28131099403271,
        "Total heat transfer coefficient [W.m-2.K-1]": 9.192161395428249,
        "Ambient temperature [K]": 366.2413783897682,
        "Number of electrodes connected in parallel to make a cell": 0.9874374643767455,
        "Number of cells connected in series to make a battery": 0.9491576810870047,
        "Lower voltage cut-off [V]": 2.398106739630119,
        "Upper voltage cut-off [V]": 4.704849925227658,
        "Open-circuit voltage at 0% SOC [V]": 1.8933965337608036,
        "Open-circuit voltage at 100% SOC [V]": 4.324658403854852,
        "Initial concentration in negative electrode [mol.m-3]": 26311.894625931473,
        "Initial concentration in positive electrode [mol.m-3]": 12253.993188543875,
        "Initial temperature [K]": 283.16207782003863
    },