{
    "config": {
        "Ideal gas constant [J.K-1.mol-1]": 10.799074748747358,
        "Faraday constant [C.mol-1]": 76735.79289433658,
        "Boltzmann constant [J.K-1]": 1.7390225019883725e-23,
        "Electron charge [C]": 1.6806435394697892e-19,
        "Ratio of lithium moles to SEI moles": 2.5690806511757494,
        "Inner SEI reaction proportion": 0.5075744906469389,
        "Inner SEI partial molar volume [m3.mol-1]": 7.847159119629148e-05,
        "Outer SEI partial molar volume [m3.mol-1]": 8.241754507686984e-05,
        "SEI reaction exchange current density [A.m-2]": 1.5968946892878923e-07,
        "SEI resistivity [Ohm.m]": 138061.8580411564,
        "Outer SEI solvent diffusivity [m2.s-1]": 2.3190774142949485e-22,
        "Bulk solvent concentration [mol.m-3]": 2616.165326852988,
        "Inner SEI open-circuit potential [V]": 0.09617878956687133,
        "Outer SEI open-circuit potential [V]": 0.9243613060896227,
        "Inner SEI electron conductivity [S.m-1]": 8.480148538427629e-14,
        "Inner SEI lithium interstitial diffusivity [m2.s-1]": 1.029559573743989e-20,
        "Lithium interstitial reference concentration [mol.m-3]": 12.486737588733764,
        "Initial inner SEI thickness [m]": 2.4555645277058794e-09,
        "Initial outer SEI thickness [m]": 2.7862272316441485e-09,
        "EC initial concentration in electrolyte [mol.m-3]": 5453.155540418503,
        "EC diffusivity [m2.s-1]": 2.567100303463421e-18,
        "SEI kinetic rate constant [m.s-1]": 1.1036793611719355e-12,
        "SEI open-circuit potential [V]": 0.1905070903755624,
        "SEI growth activation energy [J.mol-1]": 0.0,
        "Negative electrode reaction-driven LAM factor [m3.mol-1]": 0.0,
        "Positive electrode reaction-driven LAM factor [m3.mol-1]": 0.0,
        "Negative current collector thickness [m]": 7.556288851263788e-06,
        "Negative electrode thickness [m]": 7.956838919581352e-05,
        "Separator thickness [m]": 2.0695140727335415e-05,
        "Positive electrode thickness [m]": 3.5994641256838585e-05,
        "Positive current collector thickness [m]": 1.233552017741789e-05,
        "Electrode height [m]": 0.1807554564868618,
        "Electrode width [m]": 0.13050855131893704,
        "Negative tab width [m]": 0.05577749896690083,
        "Negative tab centre y-coordinate [m]": 0.010253792183725777,
        "Negative tab centre z-coordinate [m]": 0.17964969510581388,
        "Positive tab width [m]": 0.059061601420408595,
        "Positive tab centre y-coordinate [m]": 0.14250584663326815,
        "Positive tab centre z-coordinate [m]": 0.20459910944276682,
        "Cell cooling surface area [m2]": 0.06965683546078152,
        "Cell volume [m3]": 5.265797523273511e-06,
        "Negative current collector conductivity [S.m-1]": 57573163.46672909,
        "Positive current collector conductivity [S.m-1]": 35039605.14065704,
        "Negative current collector density [kg.m-3]": 11764.333387812187,
        "Positive current collector density [kg.m-3]": 3090.7745813546503,
        "Negative current collector specific heat capacity [J.kg-1.K-1]": 228.4776258745154,
        "Positive current collector specific heat capacity [J.kg-1.K-1]": 870.2635946790176,
        "Negative current collector thermal conductivity [W.m-1.K-1]": 235.18944817300346,
        "Positive current collector thermal conductivity [W.m-1.K-1]": 202.605373784526,
        "Nominal cell capacity [A.h]": 0.32039336920495365,
        "Current function [A]": 0.27241234550714133,
        "Contact resistance [Ohm]": 0,
        "Negative electrode conductivity [S.m-1]": 69.1145656827471,
        "Maximum concentration in negative electrode [mol.m-3]": 19425.459193580908,
        "Negative electrode porosity": 0.6735416285841649,
        "Negative electrode active material volume fraction": 0.5571343884014913,
        "Negative particle radius [m]": 5.462163774426182e-07,
        "Negative electrode Bruggeman coefficient (electrolyte)": 2.6647019532054688,
        "Negative electrode Bruggeman coefficient (electrode)": 2.160023087372728,
        "Negative electrode charge transfer coefficient": 0.605723288176605,
        "Negative electrode double-layer capacity [F.m-2]": 0.19854173854548188,
        "Negative electrode density [kg.m-3]": 2456.602454729744,
        "Negative electrode specific heat capacity [J.kg-1.K-1]": 696.6392776323236,
        "Negative electrode thermal conductivity [W.m-1.K-1]": 1.0458439499438228,
        "Negative electrode OCP entropic change [V.K-1]": 0.0,
        "Positive electrode conductivity [S.m-1]": 9.228782724768466,
        "Maximum concentration in positive electrode [mol.m-3]": 37098.8010067469,
        "Positive electrode porosity": 0.383895394640849,
        "Positive electrode active material volume fraction": 0.31176790755881817,
        "Positive particle radius [m]": 1.5468488774254129e-06,
        "Positive electrode Bruggeman coefficient (electrolyte)": 1.6118582588095516,
        "Positive electrode Bruggeman coefficient (electrode)": 1.662844899661436,
        "Positive electrode charge transfer coefficient": 0.5832128877374421,
        "Positive electrode double-layer capacity [F.m-2]": 0.22333459275821566,
        "Positive electrode density [kg.m-3]": 3212.692100133651,
        "Positive electrode specific heat capacity [J.kg-1.K-1]": 466.84228651837907,
        "Positive electrode thermal conductivity [W.m-1.K-1]": 1.0759979485753055,
        "Positive electrode OCP entropic change [V.K-1]": 0.0,
        "Separator porosity": 0.5496426415898129,
        "Separator Bruggeman coefficient (electrolyte)": 2.049894654426365,
        "Separator density [kg.m-3]": 631.1564337133763,
        "Separator specific heat capacity [J.kg-1.K-1]": 715.3104877855363,
        "Separator thermal conductivity [W.m-1.K-1]": 0.12499516830239654,
        "Initial concentration in electrolyte [mol.m-3]": 1513.6189797058312,
        "Cation transference number": 0.42164683215022825,
        "Thermodynamic factor": 1.1401799292999957,
        "Reference temperature [K]": 360.2540529399812,
        "Negative current collector surface heat transfer coefficient [W.m-2.K-1]": 0.0,
        "Positive current collector surface heat transfer coefficient [W.m-2.K-1]": 0.0,
        "Negative tab heat transfer coefficient [W.m-2.K-1]": 26.943783310055096,
        "Positive tab heat transfer coefficient [W.m-2.K-1]": 6.849385623085695,
        "Edge heat transfer coefficient [W.m-2.K-1]": 0.4500863313989917,
        "Total heat transfer coefficient [W.m-2.K-1]": 29.031938108976398,
        "Ambient temperature [K]": 377.27300102735614,
        "Number of electrodes connected in parallel to make a cell": 1.2326929262651394,
        "Number of cells connected in series to make a battery": 1.1806632603257872,
        "Lower voltage cut-off [V]": 2.4868008018479615,
        "Upper voltage cut-off [V]": 4.991096683929201,
        "Open-circuit voltage at 0% SOC [V]": 2.3661812055229436,
        "Open-circuit voltage at 100% SOC [V]": 6.294401097111793,
        "Initial concentration in negative electrode [mol.m-3]": 9502.311430803658,
        "Initial concentration in positive electrode [mol.m-3]": 24449.331474773775,
        "Initial temperature [K]": 281.38953506643253
    },