{
    "config": {
        "Ideal gas constant [J.K-1.mol-1]": 5.948978816815206,
        "Faraday constant [C.mol-1]": 99005.9800510274,
        "Boltzmann constant [J.K-1]": 1.639753814614279e-23,
        "Electron charge [C]": 1.6540962910317562e-19,
        "Ratio of lithium moles to SEI moles": 2.3281961003531455,
        "Inner SEI reaction proportion": 0.5564496184832087,
        "Inner SEI partial molar volume [m3.mol-1]": 0.00011531755665724018,
        "Outer SEI partial molar volume [m3.mol-1]": 0.00010330139773273996,
        "SEI growth transfer coefficient": 0.455007326688594,
        "SEI reaction exchange current density [A.m-2]": 1.71466596485798e-07,
        "SEI resistivity [Ohm.m]": 133157.27517219583,
        "Outer SEI solvent diffusivity [m2.s-1]": 1.876485148851358e-22,
        "Bulk solvent concentration [mol.m-3]": 3256.85908860055,
        "Inner SEI open-circuit potential [V]": 0.09497185887649881,
        "Outer SEI open-circuit potential [V]": 0.8645229688462728,
        "Inner SEI electron conductivity [S.m-1]": 7.382687336337609e-14,
        "Inner SEI lithium interstitial diffusivity [m2.s-1]": 8.613948080985604e-21,
        "Lithium interstitial reference concentration [mol.m-3]": 22.9876986486967,
        "Initial inner SEI thickness [m]": 2.7525959401142426e-09,
        "Initial outer SEI thickness [m]": 2.3353966222661815e-09,
        "EC initial concentration in electrolyte [mol.m-3]": 4364.954711270855,
        "EC diffusivity [m2.s-1]": 2.4536069775456577e-18,
        "SEI kinetic rate constant [m.s-1]": 9.71209914289755e-13,
        "SEI open-circuit potential [V]": 0.48580078746870825,
        "SEI growth activation energy [J.mol-1]": 0.0,
        "Negative electrode reaction-driven LAM factor [m3.mol-1]": 0.0,
        "Positive electrode reaction-driven LAM factor [m3.mol-1]": 0.0,
        "Negative current collector thickness [m]": 2.0202072040390486e-05,
        "Negative electrode thickness [m]": 0.00011269108578458706,
        "Separator thickness [m]": 1.8649855112522377e-05,
        "Positive electrode thickness [m]": 8.258670298641964e-05,
        "Positive current collector thickness [m]": 3.0129368192908473e-05,
        "Electrode height [m]": 0.13411700817685204,
        "Electrode width [m]": 0.23851537104831447,
        "Negative tab width [m]": 0.023782686439730884,
        "Negative tab centre y-coordinate [m]": 0.09303773647562733,
        "Negative tab centre z-coordinate [m]": 0.16861871727353944,
        "Positive tab width [m]": 0.05784315757848937,
        "Positive tab centre y-coordinate [m]": 0.1332832670574126,
        "Positive tab centre z-coordinate [m]": 0.12291685018320925,
        "Cell cooling surface area [m2]": 0.052506626026523597,
        "Cell volume [m3]": 7.90535855978121e-06,
        "Negative current collector conductivity [S.m-1]": 62989967.372721076,
        "Positive current collector conductivity [S.m-1]": 25196535.702610657,
        "Negative current collector density [kg.m-3]": 8758.230939681183,
        "Positive current collector density [kg.m-3]": 1858.9914088907399,
        "Negative current collector specific heat capacity [J.kg-1.K-1]": 348.7947958936697,
        "Positive current collector specific heat capacity [J.kg-1.K-1]": 744.0327445642766,
        "Negative current collector thermal conductivity [W.m-1.K-1]": 356.4446344283779,
        "Positive current collector thermal conductivity [W.m-1.K-1]": 230.58227695910864,
        "Nominal cell capacity [A.h]": 0.7200496973495154,
        "Current function [A]": 0.7280321236557505,
        "Contact resistance [Ohm]": 0,
        "Negative electrode conductivity [S.m-1]": 107.11656974320135,
        "Maximum concentration in negative electrode [mol.m-3]": 23325.60202064637,
        "Negative electrode porosity": 0.23649219442639108,
        "Negative electrode active material volume fraction": 0.6046332879964615,
        "Negative particle radius [m]": 1.0365145479898554e-05,
        "Negative electrode Bruggeman coefficient (electrolyte)": 1.5307784684113301,
        "Negative electrode Bruggeman coefficient (electrode)": 0.6807663615289001,
        "Negative electrode charge transfer coefficient": 0.6227152320810994,
        "Negative electrode double-layer capacity [F.m-2]": 0.1646814349887694,
        "Negative electrode density [kg.m-3]": 1911.9230570013958,
        "Negative electrode specific heat capacity [J.kg-1.K-1]": 707.1467839914334,
        "Negative electrode thermal conductivity [W.m-1.K-1]": 1.8721665511465684,
        "Positive electrode conductivity [S.m-1]": 11.348957316298637,
        "Maximum concentration in positive electrode [mol.m-3]": 55393.23115649946,
        "Positive electrode porosity": 0.2831441040931754,
        "Positive electrode active material volume fraction": 0.5752154976516136,
        "Positive particle radius [m]": 1.1051780761103732e-05,
        "Positive electrode Bruggeman coefficient (electrolyte)": 1.7489743274421898,
        "Positive electrode Bruggeman coefficient (electrode)": 1.2549714884956653,
        "Positive electrode charge transfer coefficient": 0.5699285524009099,
        "Positive electrode double-layer capacity [F.m-2]": 0.18581040253807976,
        "Positive electrode density [kg.m-3]": 2869.182954950019,
        "Positive electrode specific heat capacity [J.kg-1.K-1]": 758.0926079479283,
        "Positive electrode thermal conductivity [W.m-1.K-1]": 2.8433652480543445,
        "Separator porosity": 1.183708163687444,
        "Separator Bruggeman coefficient (electrolyte)": 1.246184210274068,
        "Separator density [kg.m-3]": 355.48596880348083,
        "Separator specific heat capacity [J.kg-1.K-1]": 1063.1793123127259,
        "Separator thermal conductivity [W.m-1.K-1]": 0.20522946029961447,
        "Initial concentration in electrolyte [mol.m-3]": 799.6789148348911,
        "Cation transference number": 0.5279421487829961,
        "Thermodynamic factor": 0.5583584749354562,
        "Reference temperature [K]": 241.37010956507243,
        "Ambient temperature [K]": 243.5784694991822,
        "Negative current collector surface heat transfer coefficient [W.m-2.K-1]": 0.0,
        "Positive current collector surface heat transfer coefficient [W.m-2.K-1]": 0.0,
        "Negative tab heat transfer coefficient [W.m-2.K-1]": 7.678686556809129,
        "Positive tab heat transfer coefficient [W.m-2.K-1]": 10.152547689363876,
        "Edge heat transfer coefficient [W.m-2.K-1]": 0.43544744764986,
        "Total heat transfer coefficient [W.m-2.K-1]": 5.051142042093388,
        "Number of electrodes connected in parallel to make a cell": 1.406926163297163,
        "Number of cells connected in series to make a battery": 0.905420454796042,
        "Lower voltage cut-off [V]": 3.0393015860031847,
        "Upper voltage cut-off [V]": 3.586733691397762,
        "Open-circuit voltage at 0% SOC [V]": 3.3385865429115986,
        "Open-circuit voltage at 100% SOC [V]": 3.7951344597772496,
        "Initial concentration in negative electrode [mol.m-3]": 21054.37133940748,
        "Initial concentration in positive electrode [mol.m-3]": 35488.4694270555,
        "Initial temperature [K]": 391.429355461925
    },
    "V": [
        3.5720401910388953,
        3.5084918919893147,
        3.497720990752873,
        3.4822224051186152,
        3.4701421621545263,
        3.4601518601599817,
        3.450814625087045,
        3.442911571364424,
        3.4341936666099375,
        3.4249351035430986,
        3.4171130381770176,
        3.4089987495906935,
        3.4004741978151976,
        3.3925089984763632,
        3.3846554907198048,
        3.3761488764047076,
        3.367339814176283,
        3.3572726327256994,
        3.3443457181017706,
        3.330389912176355,
        3.3160600754933514,
        3.297969538296736,
        3.2697056654277876,
        3.229378429550729,
        3.138833539244168,
        3.0393115860031843
    ],