{
    "config": {
        "Ideal gas constant [J.K-1.mol-1]": 4.842715242643896,
        "Faraday constant [C.mol-1]": 64745.749349646954,
        "Boltzmann constant [J.K-1]": 1.9319813194554742e-23,
        "Electron charge [C]": 1.7007947086440267e-19,
        "Negative current collector thickness [m]": 9.431981857289783e-06,
        "Negative electrode thickness [m]": 9.68812235576359e-05,
        "Separator thickness [m]": 1.3313623139352919e-05,
        "Positive electrode thickness [m]": 8.203033332751559e-05,
        "Positive current collector thickness [m]": 1.0387044527816351e-05,
        "Electrode height [m]": 0.04386814390417791,
        "Electrode width [m]": 2.5551702911985426,
        "Cell cooling surface area [m2]": 0.008408242102567133,
        "Cell volume [m3]": 3.816078947646469e-05,
        "Negative current collector conductivity [S.m-1]": 55090192.47774433,
        "Positive current collector conductivity [S.m-1]": 21147291.644355737,
        "Negative current collector density [kg.m-3]": 5111.125525503039,
        "Positive current collector density [kg.m-3]": 2254.080515206948,
        "Positive current collector thermal conductivity [W.m-1.K-1]": 334.1772148836932,
        "Nominal cell capacity [A.h]": 4.857812024074411,
        "Current function [A]": 5.695332937198182,
        "Contact resistance [Ohm]": 0,
        "Negative electrode conductivity [S.m-1]": 260.44970049076636,
        "Maximum concentration in negative electrode [mol.m-3]": 26121.764093310932,
        "Negative electrode porosity": 0.268628639270459,
        "Negative electrode active material volume fraction": 1.0384634555970607,
        "Negative particle radius [m]": 6.5664439968856766e-06,
        "Negative electrode Bruggeman coefficient (electrolyte)": 1.6135473604524917,
        "Negative electrode Bruggeman coefficient (electrode)": 0.0,
        "Negative electrode charge transfer coefficient": 0.5912697848520201,
        "Negative electrode double-layer capacity [F.m-2]": 0.21658390924176738,
        "Negative electrode density [kg.m-3]": 2095.7644145140284,
        "Maximum concentration in positive electrode [mol.m-3]": 39971.420844866414,
        "Positive electrode porosity": 0.3687175838557403,
        "Positive electrode active material volume fraction": 0.662145044476133,
        "Positive particle radius [m]": 8.42236324419959e-06,
        "Positive electrode Bruggeman coefficient (electrolyte)": 1.078132375615565,
        "Positive electrode Bruggeman coefficient (electrode)": 0.0,
        "Positive electrode charge transfer coefficient": 0.4708313716341637,
        "Positive electrode double-layer capacity [F.m-2]": 0.20655406345442534,
        "Positive electrode density [kg.m-3]": 3838.937697983033,
        "Separator porosity": 0.22090670443706775,
        "Separator Bruggeman coefficient (electrolyte)": 1.9320466717647655,
        "Separator Bruggeman coefficient (electrode)": 1.537522301791298,
        "Separator density [kg.m-3]": 1208.8704534472854,
        "Separator thermal conductivity [W.m-1.K-1]": 0.39822481257360653,
        "Initial concentration in electrolyte [mol.m-3]": 1319.1578245142991,
        "Reference temperature [K]": 354.9887397321317,
        "Total heat transfer coefficient [W.m-2.K-1]": 10.541632094217693,
        "Ambient temperature [K]": 363.2569568012837,
        "Number of electrodes connected in parallel to make a cell": 0.6403367012123051,
        "Number of cells connected in series to make a battery": 0.3947564366667202,
        "Lower voltage cut-off [V]": 2.562659900197921,
        "Upper voltage cut-off [V]": 4.358461465510295,
        "Open-circuit voltage at 0% SOC [V]": 1.560202522908929,
        "Open-circuit voltage at 100% SOC [V]": 4.683668465898318,
        "Initial concentration in negative electrode [mol.m-3]": 26031.96983522608,
        "Initial concentration in positive electrode [mol.m-3]": 14563.64998061188,
        "Initial temperature [K]": 221.79770761306094
    },
    "V": [
        4.035046195861533,
        3.8689818114413352,
        3.7929139529701645,
        3.733005472724612,
        3.6836984564954087,
        3.6380349301757056,
        3.6006765287831493,
        3.56688173501226,
        3.5339521162792256,
        3.4991434988558074,
        3.461991222807365,
        3.425329751938968,
        3.3892632514426646,
        3.3556200756723795,
        3.324151013429649,
        3.3010267998159195,
        3.2724210082920777,
        3.2462168725806655,
        3.21779939465638,
        3.1097156702958593,
        3.0519363289016423,
        3.0195114301326624,
        2.9706704010831775,
        2.850067348091373,
        2.6730807578706286,
        2.5626699002009214
    ],
    "time": [
        0.0,
        36.36363636363637,
        72.72727272727273,
        109.0909090909091,
        145.45454545454547,
        181.81818181818184,
        218.1818181818182,
        254.54545454545456,
        290.90909090909093,
        327.2727272727273,
        363.6363636363637,
        400.00000000000006,
        436.3636363636364,
        472.72727272727275,
        509.0909090909091,
        545.4545454545455,
        581.8181818181819,
        618.1818181818182,
        654.5454545454546,
        690.909090909091,
        692.080965909091,
        692.227450284091,
        692.300692471591,
        692.337313565341,
        692.3464688387785,
        692.3484537210561
    ]
}