{
    "config": {
        "Ideal gas constant [J.K-1.mol-1]": 5.525294162824106,
        "Faraday constant [C.mol-1]": 135473.38973420626,
        "Boltzmann constant [J.K-1]": 1.7343246819993005e-23,
        "Electron charge [C]": 1.5507956067595725e-19,
        "Ratio of lithium moles to SEI moles": 2.3934300181031953,
        "Inner SEI reaction proportion": 0.3424978360983679,
        "Inner SEI partial molar volume [m3.mol-1]": 8.686750589349555e-05,
        "Outer SEI partial molar volume [m3.mol-1]": 9.057934504587662e-05,
        "SEI reaction exchange current density [A.m-2]": 1.645577849601898e-07,
        "SEI resistivity [Ohm.m]": 255919.99261491944,
        "Outer SEI solvent diffusivity [m2.s-1]": 3.340676359511696e-22,
        "Bulk solvent concentration [mol.m-3]": 2678.9191692356744,
        "Inner SEI open-circuit potential [V]": 0.07035494854626181,
        "Outer SEI open-circuit potential [V]": 0.5436056649872401,
        "Inner SEI electron conductivity [S.m-1]": 8.851200513266318e-14,
        "Inner SEI lithium interstitial diffusivity [m2.s-1]": 8.916758753729941e-21,
        "Lithium interstitial reference concentration [mol.m-3]": 11.457153791805649,
        "Initial inner SEI thickness [m]": 2.858707285377706e-09,
        "Initial outer SEI thickness [m]": 3.0279751543567336e-09,
        "EC initial concentration in electrolyte [mol.m-3]": 4864.284982202685,
        "EC diffusivity [m2.s-1]": 1.869863677505293e-18,
        "SEI kinetic rate constant [m.s-1]": 7.816335413608869e-13,
        "SEI open-circuit potential [V]": 0.559006532333246,
        "SEI growth activation energy [J.mol-1]": 0.0,
        "Negative electrode reaction-driven LAM factor [m3.mol-1]": 0.0,
        "Positive electrode reaction-driven LAM factor [m3.mol-1]": 0.0,
        "Negative current collector thickness [m]": 1.1914942227570602e-05,
        "Negative electrode thickness [m]": 5.085789755017831e-05,
        "Separator thickness [m]": 2.621885483165468e-05,
        "Positive electrode thickness [m]": 4.4680189457365024e-05,
        "Positive current collector thickness [m]": 1.5018451943390112e-05,
        "Electrode height [m]": 0.13762072845416837,
        "Electrode width [m]": 0.11571273199734061,
        "Negative tab width [m]": 0.02583005201401511,
        "Negative tab centre y-coordinate [m]": 0.009335592280456762,
        "Negative tab centre z-coordinate [m]": 0.1928181123078736,
        "Positive tab width [m]": 0.033744132611905675,
        "Positive tab centre y-coordinate [m]": 0.21830135580910942,
        "Positive tab centre z-coordinate [m]": 0.2469758334732236,
        "Cell cooling surface area [m2]": 0.05121263701193277,
        "Cell volume [m3]": 3.4265276038835756e-06,
        "Negative current collector conductivity [S.m-1]": 52871965.387430064,
        "Positive current collector conductivity [S.m-1]": 45924281.699751176,
        "Negative current collector density [kg.m-3]": 10284.405870890458,
        "Positive current collector density [kg.m-3]": 3550.049870936285,
        "Negative current collector specific heat capacity [J.kg-1.K-1]": 388.3872731121563,
        "Positive current collector specific heat capacity [J.kg-1.K-1]": 1058.6655067182858,
        "Negative current collector thermal conductivity [W.m-1.K-1]": 307.8834338985906,
        "Positive current collector thermal conductivity [W.m-1.K-1]": 183.81422876609773,
        "Nominal cell capacity [A.h]": 0.4686112481921926,
        "Current function [A]": 0.5819928431610748,
        "Contact resistance [Ohm]": 0,
        "Negative electrode conductivity [S.m-1]": 112.31892185604104,
        "Maximum concentration in negative electrode [mol.m-3]": 25449.350487453296,
        "Negative electrode porosity": 0.4208902667443734,
        "Negative electrode active material volume fraction": 0.6236256659673749,
        "Negative particle radius [m]": 3.6291222074219654e-07,
        "Negative electrode Bruggeman coefficient (electrolyte)": 2.2783668773098977,
        "Negative electrode Bruggeman coefficient (electrode)": 2.1913949715796868,
        "Negative electrode charge transfer coefficient": 0.6078198857724191,
        "Negative electrode double-layer capacity [F.m-2]": 0.17585704558180754,
        "Negative electrode density [kg.m-3]": 2849.0069542162028,
        "Negative electrode specific heat capacity [J.kg-1.K-1]": 1045.512557277549,
        "Negative electrode thermal conductivity [W.m-1.K-1]": 1.240950626961279,
        "Negative electrode OCP entropic change [V.K-1]": 0.0,
        "Positive electrode conductivity [S.m-1]": 17.088621852407915,
        "Maximum concentration in positive electrode [mol.m-3]": 51140.59811460088,
        "Positive electrode porosity": 0.23449512114144228,
        "Positive electrode active material volume fraction": 0.26701523138091643,
        "Positive particle radius [m]": 1.4489930314730044e-06,
        "Positive electrode Bruggeman coefficient (electrolyte)": 1.795663278222165,
        "Positive electrode Bruggeman coefficient (electrode)": 1.7368652507849123,
        "Positive electrode charge transfer coefficient": 0.43349342826481146,
        "Positive electrode double-layer capacity [F.m-2]": 0.06287335080380427,
        "Positive electrode density [kg.m-3]": 4001.882564790094,
        "Positive electrode specific heat capacity [J.kg-1.K-1]": 691.217882002587,
        "Positive electrode thermal conductivity [W.m-1.K-1]": 1.6389482957571548,
        "Positive electrode OCP entropic change [V.K-1]": 0.0,
        "Separator porosity": 0.33807245454756174,
        "Separator Bruggeman coefficient (electrolyte)": 1.4131904741638635,
        "Separator density [kg.m-3]": 506.56308429911365,
        "Separator specific heat capacity [J.kg-1.K-1]": 416.33758424813357,
        "Separator thermal conductivity [W.m-1.K-1]": 0.12232240154028766,
        "Initial concentration in electrolyte [mol.m-3]": 736.8261157394916,
        "Cation transference number": 0.46332244706508646,
        "Thermodynamic factor": 1.4266718022119325,
        "Reference temperature [K]": 233.02323859953563,
        "Negative current collector surface heat transfer coefficient [W.m-2.K-1]": 0.0,
        "Positive current collector surface heat transfer coefficient [W.m-2.K-1]": 0.0,
        "Negative tab heat transfer coefficient [W.m-2.K-1]": 29.298738885085385,
        "Positive tab heat transfer coefficient [W.m-2.K-1]": 23.85978228824018,
        "Edge heat transfer coefficient [W.m-2.K-1]": 0.272896396381773,
        "Total heat transfer coefficient [W.m-2.K-1]": 25.538030184771436,
        "Ambient temperature [K]": 388.8428307462666,
        "Number of electrodes connected in parallel to make a cell": 1.0247586667751465,
        "Number of cells connected in series to make a battery": 0.7093063662582637,
        "Lower voltage cut-off [V]": 3.1478914818269454,
        "Upper voltage cut-off [V]": 6.9085378454598425,
        "Open-circuit voltage at 0% SOC [V]": 2.4044404723771504,
        "Open-circuit voltage at 100% SOC [V]": 3.2918152951206645,
        "Initial concentration in negative electrode [mol.m-3]": 15911.93544102137,
        "Initial concentration in positive electrode [mol.m-3]": 23985.26039704334,
        "Initial temperature [K]": 236.13884390708188
    },