{
    "config": {
        "Ideal gas constant [J.K-1.mol-1]": 8.719867683102999,
        "Faraday constant [C.mol-1]": 75015.61680567663,
        "Boltzmann constant [J.K-1]": 1.5217323678073895e-23,
        "Electron charge [C]": 1.8310588156099528e-19,
        "Negative electrode thickness [m]": 3.700610043512861e-05,
        "Separator thickness [m]": 3.1293085442309186e-05,
        "Positive electrode thickness [m]": 7.413891374880718e-05,
        "Electrode height [m]": 0.8059031782147738,
        "Electrode width [m]": 0.4212188437972784,
        "Nominal cell capacity [A.h]": 1.6211588598759965,
        "Current function [A]": 1.447970563312698,
        "Contact resistance [Ohm]": 0,
        "Negative electrode conductivity [S.m-1]": 177.93368788904502,
        "Maximum concentration in negative electrode [mol.m-3]": 34850.88087254858,
        "Negative electrode diffusivity [m2.s-1]": 3.816450977330019e-15,
        "Negative electrode porosity": 0.5079013703899625,
        "Negative electrode active material volume fraction": 0.46937785597801485,
        "Negative particle radius [m]": 3.51239961053527e-06,
        "Negative electrode Bruggeman coefficient (electrolyte)": 1.541416658633681,
        "Negative electrode Bruggeman coefficient (electrode)": 1.3626741768853783,
        "Negative electrode charge transfer coefficient": 0.42088158647952767,
        "Negative electrode double-layer capacity [F.m-2]": 0.25315234440739165,
        "Negative electrode OCP entropic change [V.K-1]": 0,
        "Positive electrode conductivity [S.m-1]": 0.29883999043996573,
        "Maximum concentration in positive electrode [mol.m-3]": 19997.083962849632,
        "Positive electrode diffusivity [m2.s-1]": 8.32723989982704e-18,
        "Positive electrode porosity": 0.6437014870922413,
        "Positive electrode active material volume fraction": 0.3594315763675815,
        "Positive particle radius [m]": 4.676709312618267e-08,
        "Positive electrode Bruggeman coefficient (electrode)": 2.312168516776973,
        "Positive electrode Bruggeman coefficient (electrolyte)": 1.1739073661359258,
        "Positive electrode charge transfer coefficient": 0.3626708727159481,
        "Positive electrode double-layer capacity [F.m-2]": 0.14244274281758962,
        "Positive electrode OCP entropic change [V.K-1]": 0,
        "Separator porosity": 0.4367490456991963,
        "Separator Bruggeman coefficient (electrolyte)": 1.3883011564098535,
        "Initial concentration in electrolyte [mol.m-3]": 1526.9078990053154,
        "Cation transference number": 0.34828939596419967,
        "Thermodynamic factor": 1.5152071279455228,
        "Electrolyte diffusivity [m2.s-1]": 1.7419578258546108e-10,
        "Reference temperature [K]": 264.33668333454176,
        "Ambient temperature [K]": 502.79670941868653,
        "Number of electrodes connected in parallel to make a cell": 0.2649505923062825,
        "Number of cells connected in series to make a battery": 1.0391889899310802,
        "Lower voltage cut-off [V]": 2.12271998116384,
        "Upper voltage cut-off [V]": 3.969257449369181,
        "Open-circuit voltage at 0% SOC [V]": 2.367128753317075,
        "Open-circuit voltage at 100% SOC [V]": 4.263978888072276,
        "Initial concentration in negative electrode [mol.m-3]": 31798.511781316265,
        "Initial concentration in positive electrode [mol.m-3]": 110.63099239490548,
        "Initial temperature [K]": 321.90256955255757
    },
    "V": [
        3.529844852463703,
        3.301899380331786,
        3.2969699889581454,
        3.2948965316464616,
        3.293429962180709,
        3.2922212483414497,
        3.2911377567418896,
        3.290130863078822,
        3.289178219142586,
        3.2882653162726614,
        3.287379801149272,
        3.2865090044575322,
        3.2856346793652724,
        3.2847144496535003,
        3.283515736031684,
        3.281026430119649,
        3.276354586972549,
        3.2692451607156032,
        3.260853474779494,
        3.2534204516653302,
        3.2483061192060605,
        3.245362301118502,
        3.2438526660981797,
        3.2429313998512734,
        3.2420953857266115,
        3.2412613500707943,
        3.2404235259893994,
        3.2395792024416386,
        3.2387249638298954,
        3.237857562555811,
        3.236972116431362,
        3.2360584239013956,
        3.235095321075086,
        3.234036136760783,
        3.232789593351219,
        3.231223795578091,
        3.2291853966897017,
        3.2264996332725646,
        3.222968689677267,
        3.218387261343765,
        3.212584115905266,
        3.2054931763382193,
        3.197233812238575,
        3.1881554127144196,
        3.178798357366984,
        3.169759293102235,
        3.1615167661443246,
        3.1543028843474588,
        3.1480509077726566,
        3.1423875659146585,
        3.1366027111813937,
        3.129483409422812,
        3.1189194148609034,
        3.101630854914206,
        3.0739925610901535,
        3.035185961408269,
        2.990103818509448,
        2.944913678820356,
        2.898652908950932,
        2.8416721423819844,
        2.758288182732351,
        2.6261167099104807,
        2.410993281167113,
        2.1227299811638334
    ],
    "time": [
        0.0,
        36.36363636363637,
        72.72727272727273,
        109.0909090909091,
        145.45454545454547,
        181.81818181818184,
        218.1818181818182,
        254.54545454545456,
        290.90909090909093,
        327.2727272727273,
        363.6363636363637,
        400.00000000000006,
        436.3636363636364,
        472.72727272727275,
        509.0909090909091,
        545.4545454545455,
        581.8181818181819,
        618.1818181818182,
        654.5454545454546,
        690.909090909091,
        727.2727272727274,
        763.6363636363637,
        800.0000000000001,
        836.3636363636365,
        872.7272727272727,
        909.0909090909091,
        945.4545454545455,
        981.8181818181819,
        1018.1818181818182,
        1054.5454545454547,
        1090.909090909091,
        1127.2727272727275,
        1163.6363636363637,
        1200.0,
        1236.3636363636365,
        1272.7272727272727,
        1309.0909090909092,
        1345.4545454545455,
        1381.818181818182,
        1418.1818181818182,
        1454.5454545454547,
        1490.909090909091,
        1527.2727272727275,
        1563.6363636363637,
        1600.0000000000002,
        1636.3636363636365,
        1672.727272727273,
        1709.0909090909092,
        1745.4545454545455,
        1781.818181818182,
        1818.1818181818182,
        1854.5454545454547,
        1890.909090909091,
        1927.2727272727275,
        1963.6363636363637,
        2000.0000000000002,
        2036.3636363636365,
        2072.727272727273,
        2109.0909090909095,
        2145.4545454545455,
        2181.818181818182,
        2218.1818181818185,
        2254.545454545455,
        2285.456897347144
    ]
}