{
    "config": {
        "Ideal gas constant [J.K-1.mol-1]": 5.265581371945087,
        "Faraday constant [C.mol-1]": 85763.83304045694,
        "Boltzmann constant [J.K-1]": 1.397633576608407e-23,
        "Electron charge [C]": 1.599134075949713e-19,
        "Ratio of lithium moles to SEI moles": 2.318719475476225,
        "Inner SEI reaction proportion": 0.5070551127948987,
        "Inner SEI partial molar volume [m3.mol-1]": 0.0001244456918185193,
        "Outer SEI partial molar volume [m3.mol-1]": 6.248669157015634e-05,
        "SEI reaction exchange current density [A.m-2]": 9.833869180601828e-08,
        "SEI resistivity [Ohm.m]": 208188.48593987702,
        "Outer SEI solvent diffusivity [m2.s-1]": 2.2761322568920824e-22,
        "Bulk solvent concentration [mol.m-3]": 2941.5993287069455,
        "Inner SEI open-circuit potential [V]": 0.07295272762287547,
        "Outer SEI open-circuit potential [V]": 0.9009248600019248,
        "Inner SEI electron conductivity [S.m-1]": 1.0394281915307313e-13,
        "Inner SEI lithium interstitial diffusivity [m2.s-1]": 1.033501457123159e-20,
        "Lithium interstitial reference concentration [mol.m-3]": 17.616091657118044,
        "Initial inner SEI thickness [m]": 2.2036566358191977e-09,
        "Initial outer SEI thickness [m]": 2.856837994075241e-09,
        "EC initial concentration in electrolyte [mol.m-3]": 2580.7646184988416,
        "EC diffusivity [m2.s-1]": 2.2468363633662842e-18,
        "SEI kinetic rate constant [m.s-1]": 1.0967881780341388e-12,
        "SEI open-circuit potential [V]": 0.18411324452162098,
        "SEI growth activation energy [J.mol-1]": 0.0,
        "Negative electrode reaction-driven LAM factor [m3.mol-1]": 0.0,
        "Positive electrode reaction-driven LAM factor [m3.mol-1]": 0.0,
        "Negative current collector thickness [m]": 1.2883728993179299e-05,
        "Negative electrode thickness [m]": 7.490178655612376e-05,
        "Separator thickness [m]": 2.349066387255018e-05,
        "Positive electrode thickness [m]": 7.830893889429999e-05,
        "Positive current collector thickness [m]": 1.8657533023037662e-05,
        "Electrode height [m]": 0.03305743499516561,
        "Electrode width [m]": 0.06820055844821171,
        "Cell cooling surface area [m2]": 0.0074988345070423935,
        "Cell volume [m3]": 1.9965128909638616e-05,
        "Cell emissivity": 0.9625659503303005,
        "Cell thermal expansion coefficient [m.K-1]": 1.0517021389253508e-06,
        "Negative current collector conductivity [S.m-1]": 67057159.250377305,
        "Positive current collector conductivity [S.m-1]": 32352570.69084655,
        "Negative current collector density [kg.m-3]": 10172.200736859313,
        "Positive current collector density [kg.m-3]": 3281.4519782240695,
        "Negative current collector specific heat capacity [J.kg-1.K-1]": 212.56403849824525,
        "Positive current collector specific heat capacity [J.kg-1.K-1]": 968.7668589066208,
        "Negative current collector thermal conductivity [W.m-1.K-1]": 463.2767859327018,
        "Positive current collector thermal conductivity [W.m-1.K-1]": 163.7450499217946,
        "Nominal cell capacity [A.h]": 2.2413469628593434,
        "Current function [A]": 2.353475614446368,
        "Contact resistance [Ohm]": 0,
        "Negative electrode conductivity [S.m-1]": 129.34733864874013,
        "Maximum concentration in negative electrode [mol.m-3]": 31288.111312143512,
        "Negative electrode porosity": 0.26893318547888456,
        "Negative electrode active material volume fraction": 0.7330959043597243,
        "Negative particle radius [m]": 4.737232341670529e-06,
        "Negative electrode Bruggeman coefficient (electrolyte)": 2.9428621031560116,
        "Negative electrode Bruggeman coefficient (electrode)": 0.0,
        "Negative electrode charge transfer coefficient": 0.388928528438628,
        "Negative electrode double-layer capacity [F.m-2]": 0.2379127286181131,
        "Negative electrode density [kg.m-3]": 2409.8189381394636,
        "Negative electrode specific heat capacity [J.kg-1.K-1]": 1253.0107763330375,
        "Negative electrode thermal conductivity [W.m-1.K-1]": 0.9653531396318584,
        "Negative electrode Poisson's ratio": 0.31339004226279144,
        "Negative electrode Young's modulus [Pa]": 23664018349.343002,
        "Negative electrode reference concentration for free of deformation [mol.m-3]": 0.0,
        "Negative electrode partial molar volume [m3.mol-1]": 4.080609057525606e-06,
        "Negative electrode initial crack length [m]": 1.584740937862593e-08,
        "Negative electrode initial crack width [m]": 1.6674435035335942e-08,
        "Negative electrode number of cracks per unit area [m-2]": 3578763294950060.5,
        "Negative electrode Paris' law constant b": 1.25909173664104,
        "Negative electrode Paris' law constant m": 2.592564184476057,
        "Negative electrode activation energy for cracking rate [J.mol-1]": 0.0,
        "Negative electrode LAM constant proportional term [s-1]": 0.0,
        "Negative electrode LAM constant exponential term": 1.7490398164857122,
        "Negative electrode critical stress [Pa]": 83458381.25429203,
        "Positive electrode conductivity [S.m-1]": 5.540609697793703,
        "Maximum concentration in positive electrode [mol.m-3]": 56257.971991807215,
        "Positive electrode porosity": 0.33056548310937545,
        "Positive electrode active material volume fraction": 0.768700881029946,
        "Positive particle radius [m]": 3.3089696796825534e-06,
        "Positive electrode surface area to volume ratio [m-1]": 930867.015373941,
        "Positive electrode Bruggeman coefficient (electrolyte)": 1.9705171938771262,
        "Positive electrode Bruggeman coefficient (electrode)": 0.0,
        "Positive electrode charge transfer coefficient": 0.377112239128253,
        "Positive electrode double-layer capacity [F.m-2]": 0.15969722226713634,
        "Positive electrode density [kg.m-3]": 3261.315611846404,
        "Positive electrode specific heat capacity [J.kg-1.K-1]": 888.1297993205224,
        "Positive electrode thermal conductivity [W.m-1.K-1]": 1.866219651709991,
        "Positive electrode Poisson's ratio": 0.11721726652395732,
        "Positive electrode Young's modulus [Pa]": 336423141194.35986,
        "Positive electrode reference concentration for free of deformation [mol.m-3]": 0.0,
        "Positive electrode partial molar volume [m3.mol-1]": 2.011496353143367e-07,
        "Positive electrode initial crack length [m]": 1.6609115233497715e-08,
        "Positive electrode initial crack width [m]": 1.5379952167889167e-08,
        "Positive electrode number of cracks per unit area [m-2]": 4532194091606709.0,
        "Positive electrode Paris' law constant b": 1.1749613711053326,
        "Positive electrode Paris' law constant m": 2.089475975634575,
        "Positive electrode activation energy for cracking rate [J.mol-1]": 0.0,
        "Positive electrode LAM constant proportional term [s-1]": 2.313382428409799e-13,
        "Positive electrode LAM constant exponential term": 2.2907730834259747,
        "Positive electrode critical stress [Pa]": 632450191.8070071,
        "Separator porosity": 0.4568480102535186,
        "Separator Bruggeman coefficient (electrolyte)": 1.0603283114840885,
        "Separator density [kg.m-3]": 2446.341682205427,
        "Separator specific heat capacity [J.kg-1.K-1]": 1469.5969172384366,
        "Separator thermal conductivity [W.m-1.K-1]": 0.3660742993636222,
        "Initial concentration in electrolyte [mol.m-3]": 436.04710266817006,
        "Cation transference number": 0.3364702318693364,
        "Reference temperature [K]": 472.07030491446585,
        "Total heat transfer coefficient [W.m-2.K-1]": 17.671023631823225,
        "Ambient temperature [K]": 306.6384193329243,
        "Number of electrodes connected in parallel to make a cell": 32.307961593438826,