{
    "config": {
        "Ideal gas constant [J.K-1.mol-1]": 8.516681759944293,
        "Faraday constant [C.mol-1]": 115663.61599294032,
        "Boltzmann constant [J.K-1]": 9.441698233015517e-24,
        "Electron charge [C]": 1.3195546554319002e-19,
        "Ratio of lithium moles to SEI moles": 1.446020311638884,
        "Inner SEI reaction proportion": 0.6535907076075946,
        "Inner SEI partial molar volume [m3.mol-1]": 0.00011966421781977023,
        "Outer SEI partial molar volume [m3.mol-1]": 0.00013064637642655602,
        "SEI reaction exchange current density [A.m-2]": 1.5791831995503507e-07,
        "SEI resistivity [Ohm.m]": 145524.21210224685,
        "Outer SEI solvent diffusivity [m2.s-1]": 2.749384459236645e-22,
        "Bulk solvent concentration [mol.m-3]": 2344.2358800135244,
        "Inner SEI open-circuit potential [V]": 0.10531183874119525,
        "Outer SEI open-circuit potential [V]": 0.8695701617779662,
        "Inner SEI electron conductivity [S.m-1]": 7.56653134136388e-14,
        "Inner SEI lithium interstitial diffusivity [m2.s-1]": 6.838767691625892e-21,
        "Lithium interstitial reference concentration [mol.m-3]": 15.795472546463033,
        "Initial inner SEI thickness [m]": 3.1876556276781155e-09,
        "Initial outer SEI thickness [m]": 1.4661778322251883e-09,
        "EC initial concentration in electrolyte [mol.m-3]": 6362.984941415439,
        "EC diffusivity [m2.s-1]": 2.206347145982902e-18,
        "SEI kinetic rate constant [m.s-1]": 1.2260903516107711e-12,
        "SEI open-circuit potential [V]": 0.43653094875882187,
        "SEI growth activation energy [J.mol-1]": 0.0,
        "Negative electrode reaction-driven LAM factor [m3.mol-1]": 0.0,
        "Positive electrode reaction-driven LAM factor [m3.mol-1]": 0.0,
        "Negative current collector thickness [m]": 1.2135537824380388e-05,
        "Negative electrode thickness [m]": 8.363943860404257e-05,
        "Separator thickness [m]": 1.0765575341774646e-05,
        "Positive electrode thickness [m]": 7.748537031271098e-05,
        "Positive current collector thickness [m]": 1.8700473543164256e-05,
        "Electrode height [m]": 0.04947002524721495,
        "Electrode width [m]": 2.0860496609935915,
        "Cell cooling surface area [m2]": 0.004713862414798264,
        "Cell volume [m3]": 2.5243838699779127e-05,
        "Cell thermal expansion coefficient [m.K-1]": 1.707546325710358e-06,
        "Negative current collector conductivity [S.m-1]": 45973032.894354254,
        "Positive current collector conductivity [S.m-1]": 25479487.71047876,
        "Negative current collector density [kg.m-3]": 7989.917685050409,
        "Positive current collector density [kg.m-3]": 2805.904481464378,
        "Negative current collector specific heat capacity [J.kg-1.K-1]": 281.4331400504908,
        "Positive current collector specific heat capacity [J.kg-1.K-1]": 90.95038564385698,
        "Negative current collector thermal conductivity [W.m-1.K-1]": 417.00394143888553,
        "Positive current collector thermal conductivity [W.m-1.K-1]": 260.8276967013892,
        "Nominal cell capacity [A.h]": 4.137754607951377,
        "Current function [A]": 5.4697183387885495,
        "Contact resistance [Ohm]": 0,
        "Negative electrode conductivity [S.m-1]": 301.32652686190335,
        "Maximum concentration in negative electrode [mol.m-3]": 43546.118762919104,
        "Negative particle diffusivity [m2.s-1]": 3.777529195245632e-14,
        "Negative electrode porosity": 0.2820818568894454,
        "Negative electrode active material volume fraction": 0.4205107092718664,
        "Negative particle radius [m]": 6.724533526638547e-06,
        "Negative electrode Bruggeman coefficient (electrolyte)": 1.384949565906346,
        "Negative electrode Bruggeman coefficient (electrode)": 0,
        "Negative electrode charge transfer coefficient": 0.6499431137869995,
        "Negative electrode double-layer capacity [F.m-2]": 0.2420337184883251,
        "Negative electrode density [kg.m-3]": 2140.976543906837,
        "Negative electrode specific heat capacity [J.kg-1.K-1]": 681.5008727403261,
        "Negative electrode thermal conductivity [W.m-1.K-1]": 1.7606000239602744,
        "Negative electrode OCP entropic change [V.K-1]": 0.0,
        "Positive electrode conductivity [S.m-1]": 0.23569179030216977,
        "Maximum concentration in positive electrode [mol.m-3]": 69641.60375725952,
        "Positive particle diffusivity [m2.s-1]": 3.516470845951807e-15,
        "Positive electrode porosity": 0.31403204914188915,
        "Positive electrode active material volume fraction": 0.799222099147085,
        "Positive particle radius [m]": 5.017737293075763e-06,
        "Positive electrode Bruggeman coefficient (electrolyte)": 0.8314382539812197,
        "Positive electrode Bruggeman coefficient (electrode)": 0,
        "Positive electrode charge transfer coefficient": 0.43800563788252195,
        "Positive electrode double-layer capacity [F.m-2]": 0.1636654886494739,
        "Positive electrode density [kg.m-3]": 3780.7281073556856,
        "Positive electrode specific heat capacity [J.kg-1.K-1]": 742.457337230827,
        "Positive electrode thermal conductivity [W.m-1.K-1]": 2.5271397048438775,
        "Positive electrode OCP entropic change [V.K-1]": 0.0,
        "Separator porosity": 0.40149002081109014,
        "Separator Bruggeman coefficient (electrolyte)": 1.2266060977677058,
        "Separator density [kg.m-3]": 473.61188172900125,
        "Separator specific heat capacity [J.kg-1.K-1]": 884.377838064884,
        "Separator thermal conductivity [W.m-1.K-1]": 0.19235656136592602,
        "Initial concentration in electrolyte [mol.m-3]": 1026.9996133078005,
        "Cation transference number": 0.2598722429705921,
        "Thermodynamic factor": 0.8766342039265176,
        "Reference temperature [K]": 492.8297995435938,
        "Total heat transfer coefficient [W.m-2.K-1]": 7.589187685739962,
        "Ambient temperature [K]": 254.64585503621632,
        "Number of electrodes connected in parallel to make a cell": 0.8514876902255973,
        "Number of cells connected in series to make a battery": 0.8483248083313073,
        "Lower voltage cut-off [V]": 2.230725883427881,
        "Upper voltage cut-off [V]": 4.100416407120599,
        "Open-circuit voltage at 0% SOC [V]": 1.373074103986038,
        "Open-circuit voltage at 100% SOC [V]": 2.7081626949917332,
        "Initial concentration in negative electrode [mol.m-3]": 33454.15117950792,
        "Initial concentration in positive electrode [mol.m-3]": 20454.25428491517,
        "Initial temperature [K]": 264.02854625454404
    },