{
    "config": {
        "Ideal gas constant [J.K-1.mol-1]": 7.910193418090262,
        "Faraday constant [C.mol-1]": 102953.36838121212,
        "Boltzmann constant [J.K-1]": 1.4645562284641615e-23,
        "Electron charge [C]": 1.53710270882266e-19,
        "Ratio of lithium moles to SEI moles": 2.0102041645402124,
        "Inner SEI reaction proportion": 0.4092836222935201,
        "Inner SEI partial molar volume [m3.mol-1]": 0.00010301755018349393,
        "Outer SEI partial molar volume [m3.mol-1]": 5.87547244580653e-05,
        "SEI growth transfer coefficient": 0.23716469868788004,
        "SEI reaction exchange current density [A.m-2]": 1.7234467754583493e-07,
        "SEI resistivity [Ohm.m]": 121212.14718119358,
        "Outer SEI solvent diffusivity [m2.s-1]": 1.0520754437042102e-22,
        "Bulk solvent concentration [mol.m-3]": 1928.0189464713624,
        "Inner SEI open-circuit potential [V]": 0.14128053746672828,
        "Outer SEI open-circuit potential [V]": 0.9654101987242315,
        "Inner SEI electron conductivity [S.m-1]": 1.2779078599366718e-13,
        "Inner SEI lithium interstitial diffusivity [m2.s-1]": 1.3249124653005478e-20,
        "Lithium interstitial reference concentration [mol.m-3]": 14.681046782537349,
        "Initial inner SEI thickness [m]": 2.0178016174450306e-09,
        "Initial outer SEI thickness [m]": 3.087058245310441e-09,
        "EC initial concentration in electrolyte [mol.m-3]": 4761.635066404892,
        "EC diffusivity [m2.s-1]": 1.4791469161236163e-18,
        "SEI kinetic rate constant [m.s-1]": 6.380227257028373e-13,
        "SEI open-circuit potential [V]": 0.3379373629718851,
        "SEI growth activation energy [J.mol-1]": 0.0,
        "Negative electrode reaction-driven LAM factor [m3.mol-1]": 0.0,
        "Positive electrode reaction-driven LAM factor [m3.mol-1]": 0.0,
        "Negative current collector thickness [m]": 1.199846727358028e-05,
        "Negative electrode thickness [m]": 0.0001290233031849762,
        "Separator thickness [m]": 8.177880456807911e-06,
        "Positive electrode thickness [m]": 0.00010586023206073984,
        "Positive current collector thickness [m]": 1.9114249219149512e-05,
        "Electrode height [m]": 0.1407605841134255,
        "Electrode width [m]": 0.2427222823606282,
        "Negative tab width [m]": 0.03530916875831383,
        "Negative tab centre y-coordinate [m]": 0.055581456014477455,
        "Negative tab centre z-coordinate [m]": 0.08464549537447383,
        "Positive tab width [m]": 0.04906531302550622,
        "Positive tab centre y-coordinate [m]": 0.1656663582000552,
        "Positive tab centre z-coordinate [m]": 0.09120266496794086,
        "Cell cooling surface area [m2]": 0.08067265645588641,
        "Cell volume [m3]": 9.211922376645281e-06,
        "Negative current collector conductivity [S.m-1]": 39139828.867013216,
        "Positive current collector conductivity [S.m-1]": 47915041.56906556,
        "Negative current collector density [kg.m-3]": 8034.4196483131855,
        "Positive current collector density [kg.m-3]": 3305.7542623478375,
        "Negative current collector specific heat capacity [J.kg-1.K-1]": 417.88055175316725,
        "Positive current collector specific heat capacity [J.kg-1.K-1]": 1123.160158467538,
        "Negative current collector thermal conductivity [W.m-1.K-1]": 339.8923027695474,
        "Positive current collector thermal conductivity [W.m-1.K-1]": 308.95294800033344,
        "Nominal cell capacity [A.h]": 0.6494259273617443,
        "Current function [A]": 0.652216476469185,
        "Contact resistance [Ohm]": 0,
        "Negative electrode conductivity [S.m-1]": 111.98698812156576,
        "Maximum concentration in negative electrode [mol.m-3]": 26236.710016183562,
        "Negative electrode porosity": 0.17028179095249596,
        "Negative electrode active material volume fraction": 0.6992732535282024,
        "Negative particle radius [m]": 6.366075919070043e-06,
        "Negative electrode Bruggeman coefficient (electrolyte)": 1.1725587506687956,
        "Negative electrode Bruggeman coefficient (electrode)": 1.2284479077449857,
        "Negative electrode charge transfer coefficient": 0.5225014052565761,
        "Negative electrode double-layer capacity [F.m-2]": 0.23875622355190385,
        "Negative electrode density [kg.m-3]": 946.7520932943163,
        "Negative electrode specific heat capacity [J.kg-1.K-1]": 600.0141915557704,
        "Negative electrode thermal conductivity [W.m-1.K-1]": 1.084946475890758,
        "Positive electrode conductivity [S.m-1]": 5.431330463665228,
        "Maximum concentration in positive electrode [mol.m-3]": 58151.57343941774,
        "Positive electrode porosity": 0.24001032888563667,
        "Positive electrode active material volume fraction": 0.5853454328635449,
        "Positive particle radius [m]": 1.015440406041022e-05,
        "Positive electrode Bruggeman coefficient (electrolyte)": 1.2837819561696653,
        "Positive electrode Bruggeman coefficient (electrode)": 0.9855262842483795,
        "Positive electrode charge transfer coefficient": 0.5128981669483302,
        "Positive electrode double-layer capacity [F.m-2]": 0.19111204561603962,
        "Positive electrode density [kg.m-3]": 2146.587559363583,
        "Positive electrode specific heat capacity [J.kg-1.K-1]": 495.4968302008171,
        "Positive electrode thermal conductivity [W.m-1.K-1]": 1.2466909083059612,
        "Separator porosity": 0.6598891334364456,
        "Separator Bruggeman coefficient (electrolyte)": 1.612089849458611,
        "Separator density [kg.m-3]": 313.3218059084985,
        "Separator specific heat capacity [J.kg-1.K-1]": 511.7353842212891,
        "Separator thermal conductivity [W.m-1.K-1]": 0.2360378372871214,
        "Initial concentration in electrolyte [mol.m-3]": 422.1204303113975,
        "Cation transference number": 0.3717093532482704,
        "Thermodynamic factor": 1.256858734692883,
        "Reference temperature [K]": 269.0065998685644,
        "Ambient temperature [K]": 270.6075029031713,
        "Negative current collector surface heat transfer coefficient [W.m-2.K-1]": 0.0,
        "Positive current collector surface heat transfer coefficient [W.m-2.K-1]": 0.0,
        "Negative tab heat transfer coefficient [W.m-2.K-1]": 13.298890708075238,
        "Positive tab heat transfer coefficient [W.m-2.K-1]": 11.018550910537241,
        "Edge heat transfer coefficient [W.m-2.K-1]": 0.34411237297814407,
        "Total heat transfer coefficient [W.m-2.K-1]": 15.331473373495506,
        "Number of electrodes connected in parallel to make a cell": 1.3521308523518163,
        "Number of cells connected in series to make a battery": 1.083180969898295,
        "Lower voltage cut-off [V]": 1.0189946561690761,
        "Upper voltage cut-off [V]": 5.370739305850281,
        "Open-circuit voltage at 0% SOC [V]": 3.833830846415144,
        "Open-circuit voltage at 100% SOC [V]": 4.392422127993297,
        "Initial concentration in negative electrode [mol.m-3]": 15999.923061104288,
        "Initial concentration in positive electrode [mol.m-3]": 25664.280726419413,
        "Initial temperature [K]": 374.3384238003945
    },