{
    "config": {
        "Ideal gas constant [J.K-1.mol-1]": 7.222430674639342,
        "Faraday constant [C.mol-1]": 120950.47898616004,
        "Boltzmann constant [J.K-1]": 5.073218827720522e-24,
        "Electron charge [C]": 1.2135289916582946e-19,
        "Ratio of lithium moles to SEI moles": 2.0497463862135743,
        "Inner SEI reaction proportion": 0.5616774508701,
        "Inner SEI partial molar volume [m3.mol-1]": 9.353401637126023e-05,
        "Outer SEI partial molar volume [m3.mol-1]": 8.930750384054351e-05,
        "SEI reaction exchange current density [A.m-2]": 1.3290605841502675e-07,
        "SEI resistivity [Ohm.m]": 294769.1603363362,
        "Outer SEI solvent diffusivity [m2.s-1]": 2.237074971594489e-22,
        "Bulk solvent concentration [mol.m-3]": 3107.7149438537126,
        "Inner SEI open-circuit potential [V]": 0.08239223615869887,
        "Outer SEI open-circuit potential [V]": 0.8696134118311162,
        "Inner SEI electron conductivity [S.m-1]": 1.3698099851329013e-13,
        "Inner SEI lithium interstitial diffusivity [m2.s-1]": 9.516125958496703e-21,
        "Lithium interstitial reference concentration [mol.m-3]": 11.422180923052824,
        "Initial inner SEI thickness [m]": 1.1643863862635009e-09,
        "Initial outer SEI thickness [m]": 2.271536016927252e-09,
        "EC initial concentration in electrolyte [mol.m-3]": 3686.932061208344,
        "EC diffusivity [m2.s-1]": 1.3411677853215163e-18,
        "SEI kinetic rate constant [m.s-1]": 1.2781713336323367e-12,
        "SEI open-circuit potential [V]": 0.2635545163138039,
        "SEI growth activation energy [J.mol-1]": 0.0,
        "Negative electrode reaction-driven LAM factor [m3.mol-1]": 0.0,
        "Positive electrode reaction-driven LAM factor [m3.mol-1]": 0.0,
        "Negative current collector thickness [m]": 1.0298331428096194e-05,
        "Negative electrode thickness [m]": 9.116748256732668e-05,
        "Separator thickness [m]": 3.657233344220785e-05,
        "Positive electrode thickness [m]": 8.273178741321909e-05,
        "Positive current collector thickness [m]": 1.6140746701391207e-05,
        "Electrode height [m]": 0.05973926206049196,
        "Electrode width [m]": 0.020331445394540067,
        "Cell cooling surface area [m2]": 0.005850387730437631,
        "Cell volume [m3]": 9.947551886780712e-06,
        "Cell emissivity": 1.0042523951733926,
        "Cell thermal expansion coefficient [m.K-1]": 1.7298256155899133e-06,
        "Negative current collector conductivity [S.m-1]": 32058005.877734773,
        "Positive current collector conductivity [S.m-1]": 39711203.168175824,
        "Negative current collector density [kg.m-3]": 10259.846086985497,
        "Positive current collector density [kg.m-3]": 2900.7046928271475,
        "Negative current collector specific heat capacity [J.kg-1.K-1]": 559.0283366816918,
        "Positive current collector specific heat capacity [J.kg-1.K-1]": 1272.7941797726144,
        "Negative current collector thermal conductivity [W.m-1.K-1]": 366.22423433213106,
        "Positive current collector thermal conductivity [W.m-1.K-1]": 185.58112956327795,
        "Nominal cell capacity [A.h]": 3.051164986360219,
        "Current function [A]": 1.3747673825967648,
        "Contact resistance [Ohm]": 0,
        "Negative electrode conductivity [S.m-1]": 87.32802917812546,
        "Maximum concentration in negative electrode [mol.m-3]": 35551.08563992834,
        "Negative electrode porosity": 0.42234579584470966,
        "Negative electrode active material volume fraction": 0.6943820722978408,
        "Negative particle radius [m]": 4.40578397334643e-06,
        "Negative electrode Bruggeman coefficient (electrolyte)": 3.14582202823035,
        "Negative electrode Bruggeman coefficient (electrode)": 0.0,
        "Negative electrode charge transfer coefficient": 0.46880841066326406,
        "Negative electrode double-layer capacity [F.m-2]": 0.19246682909216678,
        "Negative electrode density [kg.m-3]": 1970.536119813898,
        "Negative electrode specific heat capacity [J.kg-1.K-1]": 806.0634123236459,
        "Negative electrode thermal conductivity [W.m-1.K-1]": 0.9266497751215035,
        "Negative electrode Poisson's ratio": 0.2558394653817935,
        "Negative electrode Young's modulus [Pa]": 15369986234.13702,
        "Negative electrode reference concentration for free of deformation [mol.m-3]": 0.0,
        "Negative electrode partial molar volume [m3.mol-1]": 2.858985622860081e-06,
        "Negative electrode initial crack length [m]": 2.5521347486150274e-08,
        "Negative electrode initial crack width [m]": 1.3748659088976761e-08,
        "Negative electrode number of cracks per unit area [m-2]": 3459202916910764.5,
        "Negative electrode Paris' law constant b": 1.29733893751149,
        "Negative electrode Paris' law constant m": 1.9762353983351808,
        "Negative electrode activation energy for cracking rate [J.mol-1]": 0.0,
        "Negative electrode LAM constant proportional term [s-1]": 0.0,
        "Negative electrode LAM constant exponential term": 1.7623357328692377,
        "Negative electrode critical stress [Pa]": 38417223.44215013,
        "Positive electrode conductivity [S.m-1]": 9.746037293819878,
        "Maximum concentration in positive electrode [mol.m-3]": 44270.95849656285,
        "Positive electrode porosity": 0.38401918154964915,
        "Positive electrode active material volume fraction": 0.628780463347998,
        "Positive particle radius [m]": 2.315572853985458e-06,
        "Positive electrode surface area to volume ratio [m-1]": 624191.8358546871,
        "Positive electrode Bruggeman coefficient (electrolyte)": 1.681669208018195,
        "Positive electrode Bruggeman coefficient (electrode)": 0.0,
        "Positive electrode charge transfer coefficient": 0.43348808571193986,
        "Positive electrode double-layer capacity [F.m-2]": 0.19667877102043274,
        "Positive electrode density [kg.m-3]": 2565.876452454395,
        "Positive electrode specific heat capacity [J.kg-1.K-1]": 1093.3832574504704,
        "Positive electrode thermal conductivity [W.m-1.K-1]": 2.168822216469646,
        "Positive electrode Poisson's ratio": 0.19691530578562608,
        "Positive electrode Young's modulus [Pa]": 417416937711.48737,
        "Positive electrode reference concentration for free of deformation [mol.m-3]": 0.0,
        "Positive electrode partial molar volume [m3.mol-1]": 2.135048799705517e-08,
        "Positive electrode initial crack length [m]": 2.711841236700645e-08,
        "Positive electrode initial crack width [m]": 1.4644283864658012e-08,
        "Positive electrode number of cracks per unit area [m-2]": 3854918038663096.0,
        "Positive electrode Paris' law constant b": 1.2829298026583327,
        "Positive electrode Paris' law constant m": 2.1463889776340057,
        "Positive electrode activation energy for cracking rate [J.mol-1]": 0.0,
        "Positive electrode LAM constant proportional term [s-1]": 2.7797739492438185e-13,
        "Positive electrode LAM constant exponential term": 2.175981304030616,
        "Positive electrode critical stress [Pa]": 534941973.8384104,
        "Separator porosity": 0.41603269355186207,
        "Separator Bruggeman coefficient (electrolyte)": 1.6631388257093445,
        "Separator density [kg.m-3]": 2917.533771980988,
        "Separator specific heat capacity [J.kg-1.K-1]": 1642.2730603615946,
        "Separator thermal conductivity [W.m-1.K-1]": 0.3542003154721392,
        "Initial concentration in electrolyte [mol.m-3]": 729.8142473631945,
        "Cation transference number": 0.46397818314640005,
        "Reference temperature [K]": 160.60901194534486,
        "Total heat transfer coefficient [W.m-2.K-1]": 27.948694165251872,
        "Ambient temperature [K]": 177.39757066800956,
        "Number of electrodes connected in parallel to make a cell": 32.6333031651725,