{
    "config": {
        "Ideal gas constant [J.K-1.mol-1]": 8.69175147134149,
        "Faraday constant [C.mol-1]": 85593.03815299596,
        "Boltzmann constant [J.K-1]": 1.685675806357532e-23,
        "Electron charge [C]": 1.4829089110405192e-19,
        "Lithium metal partial molar volume [m3.mol-1]": 1.1465003277710839e-05,
        "Lithium plating kinetic rate constant [m.s-1]": 9.699514601857265e-10,
        "Initial plated lithium concentration [mol.m-3]": 0.0,
        "Typical plated lithium concentration [mol.m-3]": 1102.3663960857816,
        "Lithium plating transfer coefficient": 0.7946264689313058,
        "Dead lithium decay constant [s-1]": 1.0780334747239415e-06,
        "Ratio of lithium moles to SEI moles": 0.8252388597040025,
        "Inner SEI reaction proportion": 0.0,
        "Inner SEI partial molar volume [m3.mol-1]": 9.621636760142467e-05,
        "Outer SEI partial molar volume [m3.mol-1]": 5.8418770480891045e-05,
        "SEI reaction exchange current density [A.m-2]": 1.2692962832601217e-07,
        "SEI resistivity [Ohm.m]": 201670.96240015898,
        "Outer SEI solvent diffusivity [m2.s-1]": 2.577373792219895e-22,
        "Bulk solvent concentration [mol.m-3]": 1853.3526514622881,
        "Inner SEI open-circuit potential [V]": 0.08671796327831499,
        "Outer SEI open-circuit potential [V]": 1.0561332186384689,
        "Inner SEI electron conductivity [S.m-1]": 9.931785238178551e-14,
        "Inner SEI lithium interstitial diffusivity [m2.s-1]": 1.1703349666426109e-20,
        "Lithium interstitial reference concentration [mol.m-3]": 19.006449746000577,
        "Initial inner SEI thickness [m]": 0.0,
        "Initial outer SEI thickness [m]": 5.181039105200255e-09,
        "EC initial concentration in electrolyte [mol.m-3]": 5157.112551733482,
        "EC diffusivity [m2.s-1]": 2.1645966437877813e-18,
        "SEI kinetic rate constant [m.s-1]": 8.451550063234253e-13,
        "SEI open-circuit potential [V]": 0.4479358297114904,
        "SEI growth activation energy [J.mol-1]": 30075.840373509367,
        "Negative electrode reaction-driven LAM factor [m3.mol-1]": 0.0,
        "Positive electrode reaction-driven LAM factor [m3.mol-1]": 0.0,
        "Negative current collector thickness [m]": 1.0286420470303235e-05,
        "Negative electrode thickness [m]": 9.580283068120114e-05,
        "Separator thickness [m]": 1.1295227197377493e-05,
        "Positive electrode thickness [m]": 3.240061781950119e-05,
        "Positive current collector thickness [m]": 2.4088163834340128e-05,
        "Electrode height [m]": 0.054756287121917505,
        "Electrode width [m]": 1.793405001389945,
        "Cell cooling surface area [m2]": 0.0016201801058923996,
        "Cell volume [m3]": 2.762881876361806e-05,
        "Cell thermal expansion coefficient [m.K-1]": 8.854687502111429e-07,
        "Negative current collector conductivity [S.m-1]": 56429193.48137252,
        "Positive current collector conductivity [S.m-1]": 35312311.34912748,
        "Negative current collector density [kg.m-3]": 8967.93886490479,
        "Positive current collector density [kg.m-3]": 2664.981700237197,
        "Negative current collector specific heat capacity [J.kg-1.K-1]": 489.35400176764267,
        "Positive current collector specific heat capacity [J.kg-1.K-1]": 754.6816343061581,
        "Negative current collector thermal conductivity [W.m-1.K-1]": 238.2239783822371,
        "Positive current collector thermal conductivity [W.m-1.K-1]": 195.33604056864823,
        "Nominal cell capacity [A.h]": 4.6673847790449825,
        "Current function [A]": 4.128993927316271,
        "Contact resistance [Ohm]": 0,
        "Negative electrode conductivity [S.m-1]": 247.84398811920914,
        "Maximum concentration in negative electrode [mol.m-3]": 43220.1817649692,
        "Negative electrode porosity": 0.14860390523429268,
        "Negative electrode active material volume fraction": 0.6961661034255673,
        "Negative particle radius [m]": 3.294449797171008e-06,
        "Negative electrode Bruggeman coefficient (electrolyte)": 1.3068505206957555,
        "Negative electrode Bruggeman coefficient (electrode)": 1.4634936971274721,
        "Negative electrode charge transfer coefficient": 0.43424454347003566,
        "Negative electrode double-layer capacity [F.m-2]": 0.18548318155082505,
        "Negative electrode density [kg.m-3]": 1812.8561003707064,
        "Negative electrode specific heat capacity [J.kg-1.K-1]": 712.571334181154,
        "Negative electrode thermal conductivity [W.m-1.K-1]": 1.960634916448053,
        "Negative electrode OCP entropic change [V.K-1]": 0.0,
        "Negative electrode Poisson's ratio": 0.40631391714914655,
        "Negative electrode Young's modulus [Pa]": 14063252338.036224,
        "Negative electrode reference concentration for free of deformation [mol.m-3]": 0.0,
        "Negative electrode partial molar volume [m3.mol-1]": 1.93148983608658e-06,
        "Negative electrode initial crack length [m]": 2.442751516289858e-08,
        "Negative electrode initial crack width [m]": 1.480936559164727e-08,
        "Negative electrode number of cracks per unit area [m-2]": 2976557630294766.5,
        "Negative electrode Paris' law constant b": 0.7145425524262103,
        "Negative electrode Paris' law constant m": 1.2323955951329577,
        "Negative electrode LAM constant proportional term [s-1]": 2.495536037089497e-07,
        "Negative electrode LAM constant exponential term": 1.8670948006415296,
        "Negative electrode critical stress [Pa]": 38802947.81196611,
        "Positive electrode conductivity [S.m-1]": 0.1010516796473386,
        "Maximum concentration in positive electrode [mol.m-3]": 61545.94028578349,
        "Positive electrode porosity": 0.36389929574593455,
        "Positive electrode active material volume fraction": 0.5034863237482189,
        "Positive particle radius [m]": 4.213254528628329e-06,
        "Positive electrode Bruggeman coefficient (electrolyte)": 1.2895660125338964,
        "Positive electrode Bruggeman coefficient (electrode)": 1.921568581528473,
        "Positive electrode charge transfer coefficient": 0.615083575863744,
        "Positive electrode double-layer capacity [F.m-2]": 0.25601382172850784,
        "Positive electrode density [kg.m-3]": 4990.13828289885,
        "Positive electrode specific heat capacity [J.kg-1.K-1]": 737.1632119906432,
        "Positive electrode thermal conductivity [W.m-1.K-1]": 0.7058406641417758,
        "Positive electrode OCP entropic change [V.K-1]": 0.0,
        "Positive electrode Poisson's ratio": 0.18640913232990516,
        "Positive electrode Young's modulus [Pa]": 259336440785.55365,
        "Positive electrode reference concentration for free of deformation [mol.m-3]": 0.0,
        "Positive electrode partial molar volume [m3.mol-1]": 1.7510341180676305e-05,
        "Positive electrode initial crack length [m]": 2.4694047315483027e-08,
        "Positive electrode initial crack width [m]": 1.1226167562582493e-08,
        "Positive electrode number of cracks per unit area [m-2]": 3349135176052600.0,
        "Positive electrode Paris' law constant b": 1.025730237526926,
        "Positive electrode Paris' law constant m": 2.171433062511067,
        "Positive electrode LAM constant proportional term [s-1]": 1.4842518367909502e-07,
        "Positive electrode LAM constant exponential term": 2.008461341486815,
        "Positive electrode critical stress [Pa]": 336710110.5822256,
        "Separator porosity": 0.47959534704656254,
        "Separator Bruggeman coefficient (electrolyte)": 2.1864232251827787,
        "Separator density [kg.m-3]": 428.2270160579435,
        "Separator specific heat capacity [J.kg-1.K-1]": 721.5604879913325,
        "Separator thermal conductivity [W.m-1.K-1]": 0.1373827415340289,
        "Initial concentration in electrolyte [mol.m-3]": 916.615650884682,
        "Cation transference number": 0.3722695718369136,