{
    "config": {
        "Ideal gas constant [J.K-1.mol-1]": 8.715935435604104,
        "Faraday constant [C.mol-1]": 87630.50832006088,
        "Boltzmann constant [J.K-1]": 1.0505675189117277e-23,
        "Electron charge [C]": 1.240556119251057e-19,
        "Negative current collector thickness [m]": 1.2216385009627647e-05,
        "Negative electrode thickness [m]": 7.32379236629154e-05,
        "Separator thickness [m]": 1.434005767071477e-05,
        "Positive electrode thickness [m]": 6.806165859778866e-05,
        "Positive current collector thickness [m]": 1.6844199586246652e-05,
        "Electrode height [m]": 0.08213484942859045,
        "Electrode width [m]": 1.3006597781542621,
        "Cell cooling surface area [m2]": 0.005319532751021885,
        "Cell volume [m3]": 2.3876780148253775e-05,
        "Negative current collector conductivity [S.m-1]": 47181818.826460205,
        "Positive current collector conductivity [S.m-1]": 44272939.65151215,
        "Negative current collector density [kg.m-3]": 7632.251364133316,
        "Positive current collector density [kg.m-3]": 3187.7035171704456,
        "Positive current collector thermal conductivity [W.m-1.K-1]": 221.85849796076337,
        "Nominal cell capacity [A.h]": 6.573239199343194,
        "Current function [A]": 5.129178226543677,
        "Contact resistance [Ohm]": 0,
        "Negative electrode conductivity [S.m-1]": 233.79810988503482,
        "Maximum concentration in negative electrode [mol.m-3]": 24765.59835403872,
        "Negative electrode porosity": 0.23421329172362812,
        "Negative electrode active material volume fraction": 0.74200409998131,
        "Negative particle radius [m]": 5.053466706574021e-06,
        "Negative electrode Bruggeman coefficient (electrolyte)": 0.9006383724132018,
        "Negative electrode Bruggeman coefficient (electrode)": 0.0,
        "Negative electrode charge transfer coefficient": 0.5161307825050787,
        "Negative electrode double-layer capacity [F.m-2]": 0.2182426048458088,
        "Negative electrode density [kg.m-3]": 1625.4087720045743,
        "Maximum concentration in positive electrode [mol.m-3]": 50428.157921447804,
        "Positive electrode porosity": 0.40584805668371154,
        "Positive electrode active material volume fraction": 0.6199441197681916,
        "Positive particle radius [m]": 4.302732785180284e-06,
        "Positive electrode Bruggeman coefficient (electrolyte)": 1.4043275560693314,
        "Positive electrode Bruggeman coefficient (electrode)": 0.0,
        "Positive electrode charge transfer coefficient": 0.420570254282092,
        "Positive electrode double-layer capacity [F.m-2]": 0.2701516387762064,
        "Positive electrode density [kg.m-3]": 3915.092250750825,
        "Separator porosity": 0.39584180347576037,
        "Separator Bruggeman coefficient (electrolyte)": 1.3138838830728103,
        "Separator Bruggeman coefficient (electrode)": 1.668807876362194,
        "Separator density [kg.m-3]": 1656.4455519039045,
        "Separator thermal conductivity [W.m-1.K-1]": 0.37836634528489926,
        "Initial concentration in electrolyte [mol.m-3]": 907.2054473947509,
        "Reference temperature [K]": 278.74347999496325,
        "Total heat transfer coefficient [W.m-2.K-1]": 11.501055403201688,
        "Ambient temperature [K]": 325.03880762863815,
        "Number of electrodes connected in parallel to make a cell": 0.9928746640396484,
        "Number of cells connected in series to make a battery": 0.8567887202436631,
        "Lower voltage cut-off [V]": 2.392645123289695,
        "Upper voltage cut-off [V]": 4.334429825843726,
        "Open-circuit voltage at 0% SOC [V]": 2.074360659608459,
        "Open-circuit voltage at 100% SOC [V]": 3.4856339121985735,
        "Initial concentration in negative electrode [mol.m-3]": 23553.234326792568,
        "Initial concentration in positive electrode [mol.m-3]": 13711.738975912614,
        "Initial temperature [K]": 309.5241691785373
    },
    "V": [
        4.152242709178392,
        4.077939391414921,
        4.059825032163809,
        4.046577837474919,
        4.028527146358098,
        3.9936934586997492,
        3.9799539029639046,
        3.9701219687186358,
        3.959020339417551,
        3.94920843736911,
        3.9380909653421456,
        3.927029442403847,
        3.913334786380325,
        3.8997806350199973,
        3.8840819189153524,
        3.867742230892846,
        3.8514917581504258,
        3.83447142041668,
        3.8173216336823197,
        3.7969761129918522,
        3.762797238548206,
        3.7369304186716383,
        3.7261595075610963,
        3.7382750593969276,
        3.735096669253358,
        3.7217145556944904,
        3.7081023513675717,
        3.6919010388594646,
        3.6751585038403904,
        3.658879649509964,
        3.6428483474099025,
        3.6263925965807395,
        3.6108803844155606,
        3.596634241535323,
        3.5821407478569087,
        3.568341579168121,
        3.555214614366035,
        3.541648201844472,
        3.5286274880426065,
        3.515237565213946,
        3.5020271555640665,
        3.4884541718605093,
        3.4750666860100132,
        3.4609949318383357,
        3.4466341950791803,
        3.4302978852829344,
        3.4078676523680254,
        3.378038533149941,
        3.332931924607351,
        3.3366721798625956,
        3.325563836981564,
        3.3043457968491596,
        3.277550370028496,
        3.2404976328827693,
        3.1925681008388658,
        3.1351635545343606,
        3.0709028547669166,
        2.9860770129946514,
        2.818726598996264,
        2.3926551232896998
    ],
    "time": [
        0.0,
        36.36363636363637,
        72.72727272727273,
        109.0909090909091,
        145.45454545454547,
        181.81818181818184,
        218.1818181818182,
        254.54545454545456,
        290.90909090909093,
        327.2727272727273,
        363.6363636363637,
        400.00000000000006,
        436.3636363636364,
        472.72727272727275,
        509.0909090909091,
        545.4545454545455,
        581.8181818181819,
        618.1818181818182,
        654.5454545454546,
        690.909090909091,
        727.2727272727274,
        763.6363636363637,
        800.0000000000001,
        836.3636363636365,
        872.7272727272727,
        909.0909090909091,
        945.4545454545455,
        981.8181818181819,
        1018.1818181818182,
        1054.5454545454547,
        1090.909090909091,
        1127.2727272727275,
        1163.6363636363637,
        1200.0,
        1236.3636363636365,
        1272.7272727272727,
        1309.0909090909092,
        1345.4545454545455,
        1381.818181818182,
        1418.1818181818182,
        1454.5454545454547,
        1490.909090909091,
        1527.2727272727275,
        1563.6363636363637,
        1600.0000000000002,
        1636.3636363636365,
        1672.727272727273,
        1709.0909090909092,
        1745.4545454545455,
        1781.818181818182,
        1818.1818181818182,
        1854.5454545454547,
        1890.909090909091,
        1927.2727272727275,
        1963.6363636363637,
        2000.0000000000002,
        2036.3636363636365,
        2072.727272727273,
        2109.0909090909095,
        2143.04768406029
    ]
}