{
    "config": {
        "Ideal gas constant [J.K-1.mol-1]": 8.69171263372685,
        "Faraday constant [C.mol-1]": 85232.60396680803,
        "Boltzmann constant [J.K-1]": 1.8044321438766152e-23,
        "Electron charge [C]": 1.9297407262998076e-19,
        "Ratio of lithium moles to SEI moles": 1.4578544704799405,
        "Inner SEI reaction proportion": 0.3882866152349904,
        "Inner SEI partial molar volume [m3.mol-1]": 0.00011714114516853889,
        "Outer SEI partial molar volume [m3.mol-1]": 0.00011809946465580126,
        "SEI reaction exchange current density [A.m-2]": 1.5454290800163808e-07,
        "SEI resistivity [Ohm.m]": 236065.05986775257,
        "Outer SEI solvent diffusivity [m2.s-1]": 1.328938534700323e-22,
        "Bulk solvent concentration [mol.m-3]": 2508.9741825508686,
        "Inner SEI open-circuit potential [V]": 0.14102777629454755,
        "Outer SEI open-circuit potential [V]": 0.9547372492409519,
        "Inner SEI electron conductivity [S.m-1]": 6.91038425140837e-14,
        "Inner SEI lithium interstitial diffusivity [m2.s-1]": 1.2064017996778993e-20,
        "Lithium interstitial reference concentration [mol.m-3]": 15.536486979855155,
        "Initial inner SEI thickness [m]": 1.886373143820298e-09,
        "Initial outer SEI thickness [m]": 2.3016541153323687e-09,
        "EC initial concentration in electrolyte [mol.m-3]": 2772.1837714796843,
        "EC diffusivity [m2.s-1]": 2.0843511845524602e-18,
        "SEI kinetic rate constant [m.s-1]": 8.845444653759664e-13,
        "SEI open-circuit potential [V]": 0.2066287121366292,
        "SEI growth activation energy [J.mol-1]": 0.0,
        "Negative electrode reaction-driven LAM factor [m3.mol-1]": 0.0,
        "Positive electrode reaction-driven LAM factor [m3.mol-1]": 0.0,
        "Negative current collector thickness [m]": 9.590632708922955e-06,
        "Negative electrode thickness [m]": 5.381892398965698e-05,
        "Separator thickness [m]": 4.603526895986321e-05,
        "Positive electrode thickness [m]": 8.47577469050833e-05,
        "Positive current collector thickness [m]": 1.310803103504349e-05,
        "Electrode height [m]": 0.05592373360129315,
        "Electrode width [m]": 0.027302712529839727,
        "Cell cooling surface area [m2]": 0.003180844096513671,
        "Cell volume [m3]": 2.079485998663824e-05,
        "Cell emissivity": 1.276661389542014,
        "Cell thermal expansion coefficient [m.K-1]": 9.301405159433564e-07,
        "Negative current collector conductivity [S.m-1]": 71346300.49730752,
        "Positive current collector conductivity [S.m-1]": 37680159.43650478,
        "Negative current collector density [kg.m-3]": 8677.67367003828,
        "Positive current collector density [kg.m-3]": 2824.027199249159,
        "Negative current collector specific heat capacity [J.kg-1.K-1]": 422.60488456251096,
        "Positive current collector specific heat capacity [J.kg-1.K-1]": 787.2346662195113,
        "Negative current collector thermal conductivity [W.m-1.K-1]": 418.31504014031924,
        "Positive current collector thermal conductivity [W.m-1.K-1]": 281.0552996239841,
        "Nominal cell capacity [A.h]": 2.3394160599276224,
        "Current function [A]": 2.3330748116665943,
        "Contact resistance [Ohm]": 0,
        "Negative electrode conductivity [S.m-1]": 120.88420697544606,
        "Maximum concentration in negative electrode [mol.m-3]": 26336.226766445754,
        "Negative electrode porosity": 0.187646191495811,
        "Negative electrode active material volume fraction": 0.5772427086693538,
        "Negative particle radius [m]": 4.325500248934481e-06,
        "Negative electrode Bruggeman coefficient (electrolyte)": 3.493503490544702,
        "Negative electrode Bruggeman coefficient (electrode)": 0.0,
        "Negative electrode charge transfer coefficient": 0.43821012067769,
        "Negative electrode double-layer capacity [F.m-2]": 0.20673434567797486,
        "Negative electrode density [kg.m-3]": 3178.0417390638086,
        "Negative electrode specific heat capacity [J.kg-1.K-1]": 1165.3517796400179,
        "Negative electrode thermal conductivity [W.m-1.K-1]": 1.4722129614530857,
        "Negative electrode Poisson's ratio": 0.20548077871783446,
        "Negative electrode Young's modulus [Pa]": 13668943685.510654,
        "Negative electrode reference concentration for free of deformation [mol.m-3]": 0.0,
        "Negative electrode partial molar volume [m3.mol-1]": 3.842046809825115e-06,
        "Negative electrode initial crack length [m]": 2.633655186658231e-08,
        "Negative electrode initial crack width [m]": 1.077687088835019e-08,
        "Negative electrode number of cracks per unit area [m-2]": 2852440479702401.0,
        "Negative electrode Paris' law constant b": 1.2060329691835339,
        "Negative electrode Paris' law constant m": 2.0537676021657605,
        "Negative electrode activation energy for cracking rate [J.mol-1]": 0.0,
        "Negative electrode LAM constant proportional term [s-1]": 0.0,
        "Negative electrode LAM constant exponential term": 1.4569859482838918,
        "Negative electrode critical stress [Pa]": 49281976.986123994,
        "Positive electrode conductivity [S.m-1]": 12.733643406862301,
        "Maximum concentration in positive electrode [mol.m-3]": 52880.05222227994,
        "Positive electrode porosity": 0.3299719620885253,
        "Positive electrode active material volume fraction": 0.5712096908676443,
        "Positive particle radius [m]": 2.09340086708111e-06,
        "Positive electrode surface area to volume ratio [m-1]": 511045.20530922356,
        "Positive electrode Bruggeman coefficient (electrolyte)": 1.6303731085597144,
        "Positive electrode Bruggeman coefficient (electrode)": 0.0,
        "Positive electrode charge transfer coefficient": 0.418708719393652,
        "Positive electrode double-layer capacity [F.m-2]": 0.2027481383997342,
        "Positive electrode density [kg.m-3]": 2688.066560970549,
        "Positive electrode specific heat capacity [J.kg-1.K-1]": 406.5032432108827,
        "Positive electrode thermal conductivity [W.m-1.K-1]": 1.3571923717358956,
        "Positive electrode Poisson's ratio": 0.15169586223479445,
        "Positive electrode Young's modulus [Pa]": 374830119553.24,
        "Positive electrode reference concentration for free of deformation [mol.m-3]": 0.0,
        "Positive electrode partial molar volume [m3.mol-1]": 1.916489493013756e-10,
        "Positive electrode initial crack length [m]": 2.2884878855334913e-08,
        "Positive electrode initial crack width [m]": 1.8543649242967574e-08,
        "Positive electrode number of cracks per unit area [m-2]": 3567373591027298.0,
        "Positive electrode Paris' law constant b": 1.1343620359933821,
        "Positive electrode Paris' law constant m": 1.4187277406271033,
        "Positive electrode activation energy for cracking rate [J.mol-1]": 0.0,
        "Positive electrode LAM constant proportional term [s-1]": 2.456906685286933e-13,
        "Positive electrode LAM constant exponential term": 2.7903744820427043,
        "Positive electrode critical stress [Pa]": 393144677.6713283,
        "Separator porosity": 0.3683814466471186,
        "Separator Bruggeman coefficient (electrolyte)": 1.0386113011753746,
        "Separator density [kg.m-3]": 2818.8508945472895,
        "Separator specific heat capacity [J.kg-1.K-1]": 1153.2491407687899,
        "Separator thermal conductivity [W.m-1.K-1]": 0.3502098910935297,
        "Initial concentration in electrolyte [mol.m-3]": 1347.839035041855,
        "Cation transference number": 0.3704225792295501,
        "Reference temperature [K]": 316.9986400445544,
        "Total heat transfer coefficient [W.m-2.K-1]": 47.438583682020116,
        "Ambient temperature [K]": 338.9241388541226,
        "Number of electrodes connected in parallel to make a cell": 41.695147125122496,