{
    "config": {
        "Ideal gas constant [J.K-1.mol-1]": 10.891441041438064,
        "Faraday constant [C.mol-1]": 75320.34707163108,
        "Boltzmann constant [J.K-1]": 1.718036622159906e-23,
        "Electron charge [C]": 1.4689202527793254e-19,
        "Ratio of lithium moles to SEI moles": 2.3120804643640165,
        "Inner SEI reaction proportion": 0.3830075533889059,
        "Inner SEI partial molar volume [m3.mol-1]": 5.82042284538795e-05,
        "Outer SEI partial molar volume [m3.mol-1]": 8.624844681172894e-05,
        "SEI reaction exchange current density [A.m-2]": 1.5617805012122773e-07,
        "SEI resistivity [Ohm.m]": 130663.75243102762,
        "Outer SEI solvent diffusivity [m2.s-1]": 1.64022539480432e-22,
        "Bulk solvent concentration [mol.m-3]": 3428.6393023821615,
        "Inner SEI open-circuit potential [V]": 0.0992775524962989,
        "Outer SEI open-circuit potential [V]": 0.9080087915903233,
        "Inner SEI electron conductivity [S.m-1]": 1.145737800946691e-13,
        "Inner SEI lithium interstitial diffusivity [m2.s-1]": 6.5418381760416966e-21,
        "Lithium interstitial reference concentration [mol.m-3]": 15.528750132961102,
        "Initial inner SEI thickness [m]": 3.1335285216464518e-09,
        "Initial outer SEI thickness [m]": 1.7957729432047518e-09,
        "EC initial concentration in electrolyte [mol.m-3]": 5339.017245348096,
        "EC diffusivity [m2.s-1]": 2.082473140207083e-18,
        "SEI kinetic rate constant [m.s-1]": 1.482395412254762e-12,
        "SEI open-circuit potential [V]": 0.4285639174380193,
        "SEI growth activation energy [J.mol-1]": 0.0,
        "Negative electrode reaction-driven LAM factor [m3.mol-1]": 0.0,
        "Positive electrode reaction-driven LAM factor [m3.mol-1]": 0.0,
        "Negative current collector thickness [m]": 8.054815148509911e-06,
        "Negative electrode thickness [m]": 7.316249250067946e-05,
        "Separator thickness [m]": 2.3938281613656826e-05,
        "Positive electrode thickness [m]": 5.13345836560631e-05,
        "Positive current collector thickness [m]": 1.128083241230982e-05,
        "Electrode height [m]": 0.2232575632487406,
        "Electrode width [m]": 0.09962223629166211,
        "Negative tab width [m]": 0.04501335008685365,
        "Negative tab centre y-coordinate [m]": 0.008181145365966053,
        "Negative tab centre z-coordinate [m]": 0.19357439471755766,
        "Positive tab width [m]": 0.03871539789985911,
        "Positive tab centre y-coordinate [m]": 0.1161467307219181,
        "Positive tab centre z-coordinate [m]": 0.2188613455211067,
        "Cell cooling surface area [m2]": 0.07858645863092352,
        "Cell volume [m3]": 5.377322755903434e-06,
        "Negative current collector conductivity [S.m-1]": 39307177.637656,
        "Positive current collector conductivity [S.m-1]": 51073834.04697206,
        "Negative current collector density [kg.m-3]": 13268.151832518735,
        "Positive current collector density [kg.m-3]": 4294.070703578962,
        "Negative current collector specific heat capacity [J.kg-1.K-1]": 354.51058568069254,
        "Positive current collector specific heat capacity [J.kg-1.K-1]": 1075.39646927952,
        "Negative current collector thermal conductivity [W.m-1.K-1]": 322.4763507617837,
        "Positive current collector thermal conductivity [W.m-1.K-1]": 176.8255573473724,
        "Nominal cell capacity [A.h]": 0.40827182824853187,
        "Current function [A]": 0.5489079032694376,
        "Contact resistance [Ohm]": 0,
        "Negative electrode conductivity [S.m-1]": 136.82759638003287,
        "Maximum concentration in negative electrode [mol.m-3]": 29374.92068835053,
        "Negative electrode porosity": 0.5619079523200007,
        "Negative electrode active material volume fraction": 0.603316083319383,
        "Negative particle radius [m]": 4.955585946911823e-07,
        "Negative electrode Bruggeman coefficient (electrolyte)": 1.2314155662637198,
        "Negative electrode Bruggeman coefficient (electrode)": 1.356124454081919,
        "Negative electrode charge transfer coefficient": 0.30031670508783714,
        "Negative electrode double-layer capacity [F.m-2]": 0.22418133963954337,
        "Negative electrode density [kg.m-3]": 2360.744538372927,
        "Negative electrode specific heat capacity [J.kg-1.K-1]": 651.7933578925921,
        "Negative electrode thermal conductivity [W.m-1.K-1]": 0.8761922222939393,
        "Negative electrode OCP entropic change [V.K-1]": 0.0,
        "Positive electrode conductivity [S.m-1]": 14.09932190319876,
        "Maximum concentration in positive electrode [mol.m-3]": 34329.5908218308,
        "Positive electrode porosity": 0.6360391631318575,
        "Positive electrode active material volume fraction": 0.41904854976623374,
        "Positive particle radius [m]": 1.646403283799399e-06,
        "Positive electrode Bruggeman coefficient (electrolyte)": 2.2686892209419587,
        "Positive electrode Bruggeman coefficient (electrode)": 2.9459835726339243,
        "Positive electrode charge transfer coefficient": 0.551255201711529,
        "Positive electrode double-layer capacity [F.m-2]": 0.2884045336278472,
        "Positive electrode density [kg.m-3]": 3938.460791558878,
        "Positive electrode specific heat capacity [J.kg-1.K-1]": 770.2250787120935,
        "Positive electrode thermal conductivity [W.m-1.K-1]": 1.6846541499696845,
        "Positive electrode OCP entropic change [V.K-1]": 0.0,
        "Separator porosity": 0.47665344544832533,
        "Separator Bruggeman coefficient (electrolyte)": 1.8391150984273774,
        "Separator density [kg.m-3]": 338.2397632028717,
        "Separator specific heat capacity [J.kg-1.K-1]": 772.8426365511929,
        "Separator thermal conductivity [W.m-1.K-1]": 0.14769761746731747,
        "Initial concentration in electrolyte [mol.m-3]": 899.1726653916517,
        "Cation transference number": 0.22192676004909356,
        "Thermodynamic factor": 0.912367543143469,
        "Reference temperature [K]": 398.714390580775,
        "Negative current collector surface heat transfer coefficient [W.m-2.K-1]": 0.0,
        "Positive current collector surface heat transfer coefficient [W.m-2.K-1]": 0.0,
        "Negative tab heat transfer coefficient [W.m-2.K-1]": 16.266628426830813,
        "Positive tab heat transfer coefficient [W.m-2.K-1]": 24.996332492268024,
        "Edge heat transfer coefficient [W.m-2.K-1]": 0.2830383117294688,
        "Total heat transfer coefficient [W.m-2.K-1]": 29.64702370679563,
        "Ambient temperature [K]": 329.46213459314794,
        "Number of electrodes connected in parallel to make a cell": 1.22763800117377,
        "Number of cells connected in series to make a battery": 0.694945674967844,
        "Lower voltage cut-off [V]": 2.2776879994432897,
        "Upper voltage cut-off [V]": 5.210773029502799,
        "Open-circuit voltage at 0% SOC [V]": 2.3945569316905226,
        "Open-circuit voltage at 100% SOC [V]": 2.5813609042704813,
        "Initial concentration in negative electrode [mol.m-3]": 20106.748378362652,
        "Initial concentration in positive electrode [mol.m-3]": 11844.62947196192,
        "Initial temperature [K]": 251.82904067373025
    },