{
    "config": {
        "Ideal gas constant [J.K-1.mol-1]": 6.703980838682218,
        "Faraday constant [C.mol-1]": 132082.3316104272,
        "Boltzmann constant [J.K-1]": 1.5270306745431393e-23,
        "Electron charge [C]": 9.831730357269534e-20,
        "Lithium metal partial molar volume [m3.mol-1]": 1.31260659782772e-05,
        "Lithium plating kinetic rate constant [m.s-1]": 1.1577422010294894e-09,
        "Initial plated lithium concentration [mol.m-3]": 0.0,
        "Typical plated lithium concentration [mol.m-3]": 1334.2579983994908,
        "Lithium plating transfer coefficient": 0.8875990627496766,
        "Dead lithium decay constant [s-1]": 9.929356032010119e-07,
        "Ratio of lithium moles to SEI moles": 1.156500813332595,
        "Inner SEI reaction proportion": 0.0,
        "Inner SEI partial molar volume [m3.mol-1]": 9.437882277749078e-05,
        "Outer SEI partial molar volume [m3.mol-1]": 8.772313434370975e-05,
        "SEI reaction exchange current density [A.m-2]": 1.8366898816147872e-07,
        "SEI resistivity [Ohm.m]": 167428.21394614325,
        "Outer SEI solvent diffusivity [m2.s-1]": 2.4893179295379824e-22,
        "Bulk solvent concentration [mol.m-3]": 2882.1901191260495,
        "Inner SEI open-circuit potential [V]": 0.0735652435948694,
        "Outer SEI open-circuit potential [V]": 0.8453452270038199,
        "Inner SEI electron conductivity [S.m-1]": 8.640803191712151e-14,
        "Inner SEI lithium interstitial diffusivity [m2.s-1]": 1.17001487854168e-20,
        "Lithium interstitial reference concentration [mol.m-3]": 13.75576597318147,
        "Initial inner SEI thickness [m]": 0.0,
        "Initial outer SEI thickness [m]": 3.6987653718587632e-09,
        "EC initial concentration in electrolyte [mol.m-3]": 3819.4009942509547,
        "EC diffusivity [m2.s-1]": 2.014223052479354e-18,
        "SEI kinetic rate constant [m.s-1]": 7.580996194621291e-13,
        "SEI open-circuit potential [V]": 0.2629532615267113,
        "SEI growth activation energy [J.mol-1]": 36563.85873935155,
        "Negative electrode reaction-driven LAM factor [m3.mol-1]": 0.0,
        "Positive electrode reaction-driven LAM factor [m3.mol-1]": 0.0,
        "Negative current collector thickness [m]": 1.3666838006091385e-05,
        "Negative electrode thickness [m]": 0.00011474452722682985,
        "Separator thickness [m]": 1.030063406338727e-05,
        "Positive electrode thickness [m]": 9.043804875919678e-05,
        "Positive current collector thickness [m]": 2.3698125088610262e-05,
        "Electrode height [m]": 0.08230443653646881,
        "Electrode width [m]": 1.0480604091057952,
        "Cell cooling surface area [m2]": 0.005431213312570243,
        "Cell volume [m3]": 2.2088453472750567e-05,
        "Cell thermal expansion coefficient [m.K-1]": 9.676295860073698e-07,
        "Negative current collector conductivity [S.m-1]": 67201140.25375442,
        "Positive current collector conductivity [S.m-1]": 40659897.383719005,
        "Negative current collector density [kg.m-3]": 13193.177498051424,
        "Positive current collector density [kg.m-3]": 2783.486997170297,
        "Negative current collector specific heat capacity [J.kg-1.K-1]": 462.9734693520504,
        "Positive current collector specific heat capacity [J.kg-1.K-1]": 1243.7632915558268,
        "Negative current collector thermal conductivity [W.m-1.K-1]": 412.219556334773,
        "Positive current collector thermal conductivity [W.m-1.K-1]": 273.90364336124605,
        "Nominal cell capacity [A.h]": 4.008077045279469,
        "Current function [A]": 2.653006334912453,
        "Contact resistance [Ohm]": 0,
        "Negative electrode conductivity [S.m-1]": 304.3152684229446,
        "Maximum concentration in negative electrode [mol.m-3]": 40102.59321632253,
        "Negative electrode porosity": 0.27983350566086684,
        "Negative electrode active material volume fraction": 0.6442313339763502,
        "Negative particle radius [m]": 7.133826603494204e-06,
        "Negative electrode Bruggeman coefficient (electrolyte)": 2.141926268276736,
        "Negative electrode Bruggeman coefficient (electrode)": 1.809382744038453,
        "Negative electrode charge transfer coefficient": 0.3880939527067537,
        "Negative electrode double-layer capacity [F.m-2]": 0.20924000038306226,
        "Negative electrode density [kg.m-3]": 1793.2648098648915,
        "Negative electrode specific heat capacity [J.kg-1.K-1]": 758.7999693856838,
        "Negative electrode thermal conductivity [W.m-1.K-1]": 2.4167461976024938,
        "Negative electrode OCP entropic change [V.K-1]": 0.0,
        "Negative electrode Poisson's ratio": 0.27660466099710795,
        "Negative electrode Young's modulus [Pa]": 12518108232.169998,
        "Negative electrode reference concentration for free of deformation [mol.m-3]": 0.0,
        "Negative electrode partial molar volume [m3.mol-1]": 3.6199604486479312e-06,
        "Negative electrode initial crack length [m]": 2.695777667934286e-08,
        "Negative electrode initial crack width [m]": 1.3272776401687719e-08,
        "Negative electrode number of cracks per unit area [m-2]": 2820441995219096.5,
        "Negative electrode Paris' law constant b": 1.0532183839226301,
        "Negative electrode Paris' law constant m": 2.7225608553641516,
        "Negative electrode LAM constant proportional term [s-1]": 2.2980979262806265e-07,
        "Negative electrode LAM constant exponential term": 0.9723059783018342,
        "Negative electrode critical stress [Pa]": 36468995.346339315,
        "Positive electrode conductivity [S.m-1]": 0.1354435408516096,
        "Maximum concentration in positive electrode [mol.m-3]": 37966.348135370994,
        "Positive electrode porosity": 0.3225520455315587,
        "Positive electrode active material volume fraction": 0.7109065953941878,
        "Positive particle radius [m]": 5.494602805116497e-06,
        "Positive electrode Bruggeman coefficient (electrolyte)": 1.6540011031383413,
        "Positive electrode Bruggeman coefficient (electrode)": 1.9816173216505373,
        "Positive electrode charge transfer coefficient": 0.6878951966951106,
        "Positive electrode double-layer capacity [F.m-2]": 0.19032348544970737,
        "Positive electrode density [kg.m-3]": 4041.6994069514612,
        "Positive electrode specific heat capacity [J.kg-1.K-1]": 1000.4093074930039,
        "Positive electrode thermal conductivity [W.m-1.K-1]": 2.1284515263355286,
        "Positive electrode OCP entropic change [V.K-1]": 0.0,
        "Positive electrode Poisson's ratio": 0.20027761363264932,
        "Positive electrode Young's modulus [Pa]": 435309849754.3925,
        "Positive electrode reference concentration for free of deformation [mol.m-3]": 0.0,
        "Positive electrode partial molar volume [m3.mol-1]": 1.1471748172409708e-05,
        "Positive electrode initial crack length [m]": 1.8466614158497644e-08,
        "Positive electrode initial crack width [m]": 1.681188789910241e-08,
        "Positive electrode number of cracks per unit area [m-2]": 3079852893983793.0,
        "Positive electrode Paris' law constant b": 1.1827926440068328,
        "Positive electrode Paris' law constant m": 1.9416743345056473,
        "Positive electrode LAM constant proportional term [s-1]": 2.2212286639658697e-07,
        "Positive electrode LAM constant exponential term": 2.7007943585177068,
        "Positive electrode critical stress [Pa]": 362814141.82280517,
        "Separator porosity": 0.46144279935112176,
        "Separator Bruggeman coefficient (electrolyte)": 1.073132961268731,
        "Separator density [kg.m-3]": 510.62722947044335,
        "Separator specific heat capacity [J.kg-1.K-1]": 728.352421520766,
        "Separator thermal conductivity [W.m-1.K-1]": 0.17946122285429825,
        "Initial concentration in electrolyte [mol.m-3]": 1292.8704068545649,