{
    "config": {
        "Ideal gas constant [J.K-1.mol-1]": 7.267347529350778,
        "Faraday constant [C.mol-1]": 80472.29550516423,
        "Boltzmann constant [J.K-1]": 1.7543072575618017e-23,
        "Electron charge [C]": 2.0038764174709135e-19,
        "Ratio of lithium moles to SEI moles": 1.7160796856561793,
        "Inner SEI reaction proportion": 0.44884856297915743,
        "Inner SEI partial molar volume [m3.mol-1]": 6.356785929405636e-05,
        "Outer SEI partial molar volume [m3.mol-1]": 9.268318941308353e-05,
        "SEI reaction exchange current density [A.m-2]": 1.4713913552570871e-07,
        "SEI resistivity [Ohm.m]": 206738.06522334323,
        "Outer SEI solvent diffusivity [m2.s-1]": 2.684109179043368e-22,
        "Bulk solvent concentration [mol.m-3]": 2158.2225403248285,
        "Inner SEI open-circuit potential [V]": 0.1167269182510603,
        "Outer SEI open-circuit potential [V]": 0.8021607707511325,
        "Inner SEI electron conductivity [S.m-1]": 1.0575264809970292e-13,
        "Inner SEI lithium interstitial diffusivity [m2.s-1]": 7.683869527670856e-21,
        "Lithium interstitial reference concentration [mol.m-3]": 13.902051391220622,
        "Initial inner SEI thickness [m]": 2.774735852696911e-09,
        "Initial outer SEI thickness [m]": 1.878713663579114e-09,
        "EC initial concentration in electrolyte [mol.m-3]": 3391.2768307547485,
        "EC diffusivity [m2.s-1]": 1.725731075701744e-18,
        "SEI kinetic rate constant [m.s-1]": 8.766660033341804e-13,
        "SEI open-circuit potential [V]": 0.38094744435647054,
        "SEI growth activation energy [J.mol-1]": 0.0,
        "Negative electrode reaction-driven LAM factor [m3.mol-1]": 0.0,
        "Positive electrode reaction-driven LAM factor [m3.mol-1]": 0.0,
        "Negative current collector thickness [m]": 8.267321217447376e-06,
        "Negative electrode thickness [m]": 7.219012621446825e-05,
        "Separator thickness [m]": 2.203995172444635e-05,
        "Positive electrode thickness [m]": 6.110015944249935e-05,
        "Positive current collector thickness [m]": 7.171879216397103e-06,
        "Electrode height [m]": 0.20697355170880524,
        "Electrode width [m]": 0.22205016366404473,
        "Negative tab width [m]": 0.05086032574612589,
        "Negative tab centre y-coordinate [m]": 0.01006463805281866,
        "Negative tab centre z-coordinate [m]": 0.20550128229384473,
        "Positive tab width [m]": 0.02854196999056818,
        "Positive tab centre y-coordinate [m]": 0.15426375216084903,
        "Positive tab centre z-coordinate [m]": 0.23482079836284703,
        "Cell cooling surface area [m2]": 0.05262736865213819,
        "Cell volume [m3]": 5.799449270192998e-06,
        "Negative current collector conductivity [S.m-1]": 66367440.70476851,
        "Positive current collector conductivity [S.m-1]": 35929948.67169233,
        "Negative current collector density [kg.m-3]": 14116.351371606266,
        "Positive current collector density [kg.m-3]": 4065.8601972839365,
        "Negative current collector specific heat capacity [J.kg-1.K-1]": 318.841950059775,
        "Positive current collector specific heat capacity [J.kg-1.K-1]": 953.4066250563976,
        "Negative current collector thermal conductivity [W.m-1.K-1]": 271.9303746978387,
        "Positive current collector thermal conductivity [W.m-1.K-1]": 100.69367019484724,
        "Nominal cell capacity [A.h]": 0.311551490464947,
        "Current function [A]": 0.40538724178170693,
        "Contact resistance [Ohm]": 0,
        "Negative electrode conductivity [S.m-1]": 98.01387950253779,
        "Maximum concentration in negative electrode [mol.m-3]": 30073.328112287418,
        "Negative electrode porosity": 0.4619664028984897,
        "Negative electrode active material volume fraction": 0.4965848354772127,
        "Negative particle radius [m]": 6.390747349780005e-07,
        "Negative electrode Bruggeman coefficient (electrolyte)": 1.922526474714758,
        "Negative electrode Bruggeman coefficient (electrode)": 2.5527548833482023,
        "Negative electrode charge transfer coefficient": 0.4107241801329456,
        "Negative electrode double-layer capacity [F.m-2]": 0.21467129420389458,
        "Negative electrode density [kg.m-3]": 2392.677521227025,
        "Negative electrode specific heat capacity [J.kg-1.K-1]": 815.0652252944136,
        "Negative electrode thermal conductivity [W.m-1.K-1]": 0.9937018471460694,
        "Negative electrode OCP entropic change [V.K-1]": 0.0,
        "Positive electrode conductivity [S.m-1]": 7.838672359612893,
        "Maximum concentration in positive electrode [mol.m-3]": 56125.37452549882,
        "Positive electrode porosity": 0.2391365001450828,
        "Positive electrode active material volume fraction": 0.3749480788298473,
        "Positive particle radius [m]": 1.6932539949304372e-06,
        "Positive electrode Bruggeman coefficient (electrolyte)": 1.335441868066959,
        "Positive electrode Bruggeman coefficient (electrode)": 0.5215294160120103,
        "Positive electrode charge transfer coefficient": 0.334263646386666,
        "Positive electrode double-layer capacity [F.m-2]": 0.2181397607162366,
        "Positive electrode density [kg.m-3]": 4360.433449060244,
        "Positive electrode specific heat capacity [J.kg-1.K-1]": 230.49648471832268,
        "Positive electrode thermal conductivity [W.m-1.K-1]": 1.2869449010983893,
        "Positive electrode OCP entropic change [V.K-1]": 0.0,
        "Separator porosity": 0.3246548500368936,
        "Separator Bruggeman coefficient (electrolyte)": 2.4397176185726037,
        "Separator density [kg.m-3]": 602.080308678393,
        "Separator specific heat capacity [J.kg-1.K-1]": 882.2107027307028,
        "Separator thermal conductivity [W.m-1.K-1]": 0.06986304000461216,
        "Initial concentration in electrolyte [mol.m-3]": 1407.6101793135167,
        "Cation transference number": 0.48107654586384146,
        "Thermodynamic factor": 0.9878230254722747,
        "Reference temperature [K]": 293.14627169514233,
        "Negative current collector surface heat transfer coefficient [W.m-2.K-1]": 0.0,
        "Positive current collector surface heat transfer coefficient [W.m-2.K-1]": 0.0,
        "Negative tab heat transfer coefficient [W.m-2.K-1]": 29.01145887373021,
        "Positive tab heat transfer coefficient [W.m-2.K-1]": 21.787809380894746,
        "Edge heat transfer coefficient [W.m-2.K-1]": 0.15096023585986948,
        "Total heat transfer coefficient [W.m-2.K-1]": 18.310076623271197,
        "Ambient temperature [K]": 275.89763696148884,
        "Number of electrodes connected in parallel to make a cell": 0.7432629879650283,
        "Number of cells connected in series to make a battery": 0.6844844908494316,
        "Lower voltage cut-off [V]": 3.4494480948930555,
        "Upper voltage cut-off [V]": 6.851959666360336,
        "Open-circuit voltage at 0% SOC [V]": 2.5760866334175523,
        "Open-circuit voltage at 100% SOC [V]": 3.9504705947639227,
        "Initial concentration in negative electrode [mol.m-3]": 20668.2721633655,
        "Initial concentration in positive electrode [mol.m-3]": 17740.68242407021,
        "Initial temperature [K]": 395.4763178358079
    },