{
    "config": {
        "Ideal gas constant [J.K-1.mol-1]": 6.941674230871191,
        "Faraday constant [C.mol-1]": 65756.3453140327,
        "Boltzmann constant [J.K-1]": 1.4616295810208784e-23,
        "Electron charge [C]": 1.215154084753033e-19,
        "Ratio of lithium moles to SEI moles": 1.8630845781820908,
        "Inner SEI reaction proportion": 0.3954270669098572,
        "Inner SEI partial molar volume [m3.mol-1]": 8.426747317308215e-05,
        "Outer SEI partial molar volume [m3.mol-1]": 9.937093972209492e-05,
        "SEI reaction exchange current density [A.m-2]": 1.6860119372959851e-06,
        "SEI resistivity [Ohm.m]": 234129.96420454697,
        "Outer SEI solvent diffusivity [m2.s-1]": 2.0681645403425619e-22,
        "Bulk solvent concentration [mol.m-3]": 1938.8826939472901,
        "Inner SEI open-circuit potential [V]": 0.15288556125648292,
        "Outer SEI open-circuit potential [V]": 0.82271012974263,
        "Inner SEI electron conductivity [S.m-1]": 1.1841525924235707e-13,
        "Inner SEI lithium interstitial diffusivity [m2.s-1]": 9.066978645770348e-21,
        "Lithium interstitial reference concentration [mol.m-3]": 14.63771966728008,
        "Initial inner SEI thickness [m]": 2.1872524936419373e-09,
        "Initial outer SEI thickness [m]": 3.2037484630623413e-09,
        "EC initial concentration in electrolyte [mol.m-3]": 5464.104726130115,
        "EC diffusivity [m2.s-1]": 2.299325593165679e-18,
        "SEI kinetic rate constant [m.s-1]": 1.0338816843688906e-12,
        "SEI open-circuit potential [V]": 0.0,
        "SEI growth activation energy [J.mol-1]": 0.0,
        "Negative current collector thickness [m]": 1.0914064301726288e-05,
        "Negative electrode thickness [m]": 0.00013310498204005563,
        "Separator thickness [m]": 3.0042274641605625e-05,
        "Positive electrode thickness [m]": 5.0294820779474616e-05,
        "Positive current collector thickness [m]": 3.220660016457115e-05,
        "Electrode height [m]": 0.061220545867932664,
        "Electrode width [m]": 0.9412891364626144,
        "Negative tab width [m]": 0.03638320065021089,
        "Negative tab centre y-coordinate [m]": 0.06335023163285097,
        "Negative tab centre z-coordinate [m]": 0.16326097455602118,
        "Positive tab width [m]": 0.04584315816973565,
        "Positive tab centre y-coordinate [m]": 0.13283504375808547,
        "Positive tab centre z-coordinate [m]": 0.21139458866675942,
        "Negative current collector conductivity [S.m-1]": 73205456.48030412,
        "Positive current collector conductivity [S.m-1]": 32354886.18994389,
        "Negative current collector density [kg.m-3]": 10001.574279196873,
        "Positive current collector density [kg.m-3]": 3617.3385970576737,
        "Negative current collector specific heat capacity [J.kg-1.K-1]": 431.1839702147376,
        "Positive current collector specific heat capacity [J.kg-1.K-1]": 692.5344836196466,
        "Negative current collector thermal conductivity [W.m-1.K-1]": 491.0226818942842,
        "Positive current collector thermal conductivity [W.m-1.K-1]": 252.6656301683672,
        "Nominal cell capacity [A.h]": 0.8386060348472375,
        "Current function [A]": 0.9314716333416218,
        "Contact resistance [Ohm]": 0,
        "Negative electrode conductivity [S.m-1]": 124.4019093999196,
        "Maximum concentration in negative electrode [mol.m-3]": 30776.056808528727,
        "Negative electrode porosity": 0.5021944804444998,
        "Negative electrode active material volume fraction": 0.43343034182904766,
        "Negative particle radius [m]": 1.2827515495190797e-06,
        "Negative electrode Bruggeman coefficient (electrolyte)": 3.7180363983388416,
        "Negative electrode Bruggeman coefficient (electrode)": 4.280958008373685,
        "Negative electrode charge transfer coefficient": 0.5747508471033034,
        "Negative electrode double-layer capacity [F.m-2]": 0.20650185119273623,
        "Negative electrode density [kg.m-3]": 1093.2968445455815,
        "Negative electrode specific heat capacity [J.kg-1.K-1]": 830.270797813118,
        "Negative electrode thermal conductivity [W.m-1.K-1]": 1.7388093991126146,
        "Positive electrode conductivity [S.m-1]": 82.30542947403009,
        "Maximum concentration in positive electrode [mol.m-3]": 52879.77066103638,
        "Positive electrode porosity": 0.4864246621450014,
        "Positive electrode active material volume fraction": 0.6664047986259282,
        "Positive particle radius [m]": 1.4533932998459575e-06,
        "Positive electrode Bruggeman coefficient (electrolyte)": 4.128967788438094,
        "Positive electrode Bruggeman coefficient (electrode)": 5.751349203908735,
        "Positive electrode charge transfer coefficient": 0.44030764765839914,
        "Positive electrode double-layer capacity [F.m-2]": 0.22306815063209023,
        "Positive electrode density [kg.m-3]": 2302.5217094755826,
        "Positive electrode specific heat capacity [J.kg-1.K-1]": 655.5840040206912,
        "Positive electrode thermal conductivity [W.m-1.K-1]": 2.580049919158126,
        "Separator porosity": 0.42483034918806367,
        "Separator Bruggeman coefficient (electrolyte)": 2.5685852803453035,
        "Separator density [kg.m-3]": 1248.869895447756,
        "Separator specific heat capacity [J.kg-1.K-1]": 1128.9871109408793,
        "Separator thermal conductivity [W.m-1.K-1]": 0.32803909074629967,
        "Initial concentration in electrolyte [mol.m-3]": 1388.1841884806781,
        "Cation transference number": 0.2561634398590108,
        "Thermodynamic factor": 1.0777927320366343,
        "Reference temperature [K]": 278.5096697976531,
        "Ambient temperature [K]": 227.93529618965817,
        "Negative current collector surface heat transfer coefficient [W.m-2.K-1]": 0.0,
        "Positive current collector surface heat transfer coefficient [W.m-2.K-1]": 0.0,
        "Negative tab heat transfer coefficient [W.m-2.K-1]": 11.090093319635708,
        "Positive tab heat transfer coefficient [W.m-2.K-1]": 13.523257044935786,
        "Edge heat transfer coefficient [W.m-2.K-1]": 0.2834647356732022,
        "Number of electrodes connected in parallel to make a cell": 1.0794352436991135,
        "Number of cells connected in series to make a battery": 1.2593658029305912,
        "Lower voltage cut-off [V]": 3.4254779497362096,
        "Upper voltage cut-off [V]": 4.884605880603316,
        "Open-circuit voltage at 0% SOC [V]": 2.695039755456066,
        "Open-circuit voltage at 100% SOC [V]": 4.564567539704308,
        "Initial concentration in negative electrode [mol.m-3]": 28095.85745257092,
        "Initial concentration in positive electrode [mol.m-3]": 22790.287583530993,
        "Initial temperature [K]": 237.5173070051724
    },
    "V": [
        3.592788210383486,
        3.484595444180179,
        3.4254879497362096
    ],
    "time": [
        0.0,
        36.36363636363637,
        70.43574191676403
    ]
}