{
    "config": {
        "Ideal gas constant [J.K-1.mol-1]": 9.729167774370888,
        "Faraday constant [C.mol-1]": 77826.94648134273,
        "Boltzmann constant [J.K-1]": 1.3267667616241124e-23,
        "Electron charge [C]": 2.407897378616263e-19,
        "Ratio of lithium moles to SEI moles": 2.607201335312305,
        "Inner SEI reaction proportion": 0.6042180824333023,
        "Inner SEI partial molar volume [m3.mol-1]": 9.714542927374382e-05,
        "Outer SEI partial molar volume [m3.mol-1]": 0.0001140013047107403,
        "SEI reaction exchange current density [A.m-2]": 1.7257448308246832e-07,
        "SEI resistivity [Ohm.m]": 261936.17607447354,
        "Outer SEI solvent diffusivity [m2.s-1]": 1.917031215927941e-22,
        "Bulk solvent concentration [mol.m-3]": 2612.825473615756,
        "Inner SEI open-circuit potential [V]": 0.09847086943687285,
        "Outer SEI open-circuit potential [V]": 0.9167498515271981,
        "Inner SEI electron conductivity [S.m-1]": 8.788216480109599e-14,
        "Inner SEI lithium interstitial diffusivity [m2.s-1]": 1.0891118625449238e-20,
        "Lithium interstitial reference concentration [mol.m-3]": 15.619854608124111,
        "Initial inner SEI thickness [m]": 2.3715737959726502e-09,
        "Initial outer SEI thickness [m]": 3.143960338703763e-09,
        "EC initial concentration in electrolyte [mol.m-3]": 4061.4051577518253,
        "EC diffusivity [m2.s-1]": 1.898251808954452e-18,
        "SEI kinetic rate constant [m.s-1]": 1.1318070796659485e-12,
        "SEI open-circuit potential [V]": 0.4677233964693985,
        "SEI growth activation energy [J.mol-1]": 0.0,
        "Negative electrode reaction-driven LAM factor [m3.mol-1]": 0.0,
        "Positive electrode reaction-driven LAM factor [m3.mol-1]": 0.0,
        "Negative current collector thickness [m]": 1.792184265560973e-05,
        "Negative electrode thickness [m]": 7.870121682419707e-05,
        "Separator thickness [m]": 1.9695271148877206e-05,
        "Positive electrode thickness [m]": 4.766416522703369e-05,
        "Positive current collector thickness [m]": 2.2446201979796845e-05,
        "Electrode height [m]": 0.11343919064914612,
        "Electrode width [m]": 0.09332644401001543,
        "Negative tab width [m]": 0.008861333501270607,
        "Negative tab centre y-coordinate [m]": 0.006402608461773684,
        "Negative tab centre z-coordinate [m]": 0.1347584885208199,
        "Positive tab width [m]": 0.005175865970119882,
        "Positive tab centre y-coordinate [m]": 0.026376511784694464,
        "Positive tab centre z-coordinate [m]": 0.11491693569804055,
        "Cell cooling surface area [m2]": 0.017184267885552308,
        "Cell volume [m3]": 1.4723738071574103e-06,
        "Negative current collector conductivity [S.m-1]": 80580854.62983447,
        "Positive current collector conductivity [S.m-1]": 43792105.81687652,
        "Negative current collector density [kg.m-3]": 12304.127122058548,
        "Positive current collector density [kg.m-3]": 1423.5958115216818,
        "Negative current collector specific heat capacity [J.kg-1.K-1]": 544.2411400850847,
        "Positive current collector specific heat capacity [J.kg-1.K-1]": 775.4205880173901,
        "Negative current collector thermal conductivity [W.m-1.K-1]": 644.5858533352007,
        "Positive current collector thermal conductivity [W.m-1.K-1]": 228.44578188315586,
        "Nominal cell capacity [A.h]": 0.15636250367078805,
        "Current function [A]": 0.20074010924383318,
        "Contact resistance [Ohm]": 0,
        "Negative electrode conductivity [S.m-1]": 6.376211838268079,
        "Maximum concentration in negative electrode [mol.m-3]": 33416.348992322426,
        "Negative electrode porosity": 0.4141300193435731,
        "Negative electrode active material volume fraction": 0.4961788363250554,
        "Negative particle radius [m]": 1.4477746637764551e-05,
        "Negative electrode Bruggeman coefficient (electrolyte)": 1.3962186195301014,
        "Negative electrode Bruggeman coefficient (electrode)": 0.0,
        "Negative electrode density [kg.m-3]": 1373.894843660069,
        "Negative electrode specific heat capacity [J.kg-1.K-1]": 1564.1393392445657,
        "Negative electrode thermal conductivity [W.m-1.K-1]": 1.3135141974889075,
        "Negative electrode OCP entropic change [V.K-1]": 0.0,
        "Positive electrode conductivity [S.m-1]": 51.098478845911934,
        "Maximum concentration in positive electrode [mol.m-3]": 34728.23464614578,
        "Positive electrode porosity": 0.16101824635026457,
        "Positive electrode active material volume fraction": 0.4195223928170693,
        "Positive particle radius [m]": 7.054758151624014e-06,
        "Positive electrode Bruggeman coefficient (electrolyte)": 1.3823057806044547,
        "Positive electrode Bruggeman coefficient (electrode)": 0.0,
        "Positive electrode density [kg.m-3]": 2627.2115202519567,
        "Positive electrode specific heat capacity [J.kg-1.K-1]": 1680.461552607952,
        "Positive electrode thermal conductivity [W.m-1.K-1]": 0.9344355426248989,
        "Positive electrode OCP entropic change [V.K-1]": 0.0,
        "Separator porosity": 0.5104679940228976,
        "Separator Bruggeman coefficient (electrolyte)": 1.2514470205052404,
        "Separator density [kg.m-3]": 982.4907516112114,
        "Separator specific heat capacity [J.kg-1.K-1]": 2200.4981085389395,
        "Separator thermal conductivity [W.m-1.K-1]": 0.33322985115243875,
        "Initial concentration in electrolyte [mol.m-3]": 1258.9773204191758,
        "Cation transference number": 0.24775962057306383,
        "Thermodynamic factor": 0.8227789964842397,
        "Reference temperature [K]": 218.12557730911738,
        "Negative current collector surface heat transfer coefficient [W.m-2.K-1]": 3.546187192975255,
        "Positive current collector surface heat transfer coefficient [W.m-2.K-1]": 8.440392051150507,
        "Negative tab heat transfer coefficient [W.m-2.K-1]": 11.23399332802756,
        "Positive tab heat transfer coefficient [W.m-2.K-1]": 10.010888416967997,
        "Edge heat transfer coefficient [W.m-2.K-1]": 15.209571816167504,
        "Total heat transfer coefficient [W.m-2.K-1]": 8.666062753165974,
        "Ambient temperature [K]": 310.7148533351719,
        "Number of electrodes connected in parallel to make a cell": 1.1528895162370727,
        "Number of cells connected in series to make a battery": 1.1448367935485964,
        "Lower voltage cut-off [V]": 1.713643355209768,
        "Upper voltage cut-off [V]": 4.267377533443901,
        "Open-circuit voltage at 0% SOC [V]": 2.25401462313448,
        "Open-circuit voltage at 100% SOC [V]": 4.668028623895252,
        "Initial concentration in negative electrode [mol.m-3]": 23299.08558318153,
        "Initial concentration in positive electrode [mol.m-3]": 8022.110701133458,
        "Initial temperature [K]": 320.81405770357486
    },