{
    "config": {
        "Ideal gas constant [J.K-1.mol-1]": 5.9483994353365315,
        "Faraday constant [C.mol-1]": 62924.95524879822,
        "Boltzmann constant [J.K-1]": 2.1041231814700743e-23,
        "Electron charge [C]": 1.7374512335477207e-19,
        "Ratio of lithium moles to SEI moles": 1.3108919774156491,
        "Inner SEI reaction proportion": 0.320708387020497,
        "Inner SEI partial molar volume [m3.mol-1]": 0.00013746640684181148,
        "Outer SEI partial molar volume [m3.mol-1]": 9.519934543911235e-05,
        "SEI growth transfer coefficient": 0.4816155648239779,
        "SEI reaction exchange current density [A.m-2]": 1.5239272923925007e-07,
        "SEI resistivity [Ohm.m]": 187350.75877904278,
        "Outer SEI solvent diffusivity [m2.s-1]": 3.2266911283863746e-22,
        "Bulk solvent concentration [mol.m-3]": 3548.502653884052,
        "Inner SEI open-circuit potential [V]": 0.08696033721814932,
        "Outer SEI open-circuit potential [V]": 0.43537855601188363,
        "Inner SEI electron conductivity [S.m-1]": 9.71881966438209e-14,
        "Inner SEI lithium interstitial diffusivity [m2.s-1]": 1.3376080797118031e-20,
        "Lithium interstitial reference concentration [mol.m-3]": 11.234963861362948,
        "Initial inner SEI thickness [m]": 3.7100626661910943e-09,
        "Initial outer SEI thickness [m]": 3.5229022364135206e-09,
        "EC initial concentration in electrolyte [mol.m-3]": 6115.416350681772,
        "EC diffusivity [m2.s-1]": 2.860237137629905e-18,
        "SEI kinetic rate constant [m.s-1]": 9.737245987613251e-13,
        "SEI open-circuit potential [V]": 0.4502819383024238,
        "SEI growth activation energy [J.mol-1]": 0.0,
        "Negative electrode reaction-driven LAM factor [m3.mol-1]": 0.0,
        "Positive electrode reaction-driven LAM factor [m3.mol-1]": 0.0,
        "Negative current collector thickness [m]": 2.751604344165422e-05,
        "Negative electrode thickness [m]": 0.0001310325448704603,
        "Separator thickness [m]": 2.8055385165989135e-05,
        "Positive electrode thickness [m]": 7.295995597858926e-05,
        "Positive current collector thickness [m]": 2.514948221564717e-05,
        "Electrode height [m]": 0.14766950861739955,
        "Electrode width [m]": 0.1971913690686724,
        "Negative tab width [m]": 0.03657872598162845,
        "Negative tab centre y-coordinate [m]": 0.05844190890782746,
        "Negative tab centre z-coordinate [m]": 0.14863738092290324,
        "Positive tab width [m]": 0.024591722641218186,
        "Positive tab centre y-coordinate [m]": 0.149981201175881,
        "Positive tab centre z-coordinate [m]": 0.13658648031480716,
        "Cell cooling surface area [m2]": 0.0641822002236552,
        "Cell volume [m3]": 7.891217885431817e-06,
        "Negative current collector conductivity [S.m-1]": 66786051.61850151,
        "Positive current collector conductivity [S.m-1]": 36864159.48832542,
        "Negative current collector density [kg.m-3]": 8860.333586023005,
        "Positive current collector density [kg.m-3]": 1768.0531336881727,
        "Negative current collector specific heat capacity [J.kg-1.K-1]": 378.5693960008159,
        "Positive current collector specific heat capacity [J.kg-1.K-1]": 568.0893836847536,
        "Negative current collector thermal conductivity [W.m-1.K-1]": 335.96460447175895,
        "Positive current collector thermal conductivity [W.m-1.K-1]": 96.35037518386585,
        "Nominal cell capacity [A.h]": 0.6415693727571216,
        "Current function [A]": 0.9554868170476367,
        "Contact resistance [Ohm]": 0,
        "Negative electrode conductivity [S.m-1]": 119.52890793667235,
        "Maximum concentration in negative electrode [mol.m-3]": 25362.734056610614,
        "Negative electrode porosity": 0.322732924941003,
        "Negative electrode active material volume fraction": 0.6606393204144858,
        "Negative particle radius [m]": 1.355271275456615e-05,
        "Negative electrode Bruggeman coefficient (electrolyte)": 1.9978711904752282,
        "Negative electrode Bruggeman coefficient (electrode)": 0.9164348813025713,
        "Negative electrode charge transfer coefficient": 0.603760618382875,
        "Negative electrode double-layer capacity [F.m-2]": 0.10633818959129682,
        "Negative electrode density [kg.m-3]": 1881.6480104418658,
        "Negative electrode specific heat capacity [J.kg-1.K-1]": 421.27727321235096,
        "Negative electrode thermal conductivity [W.m-1.K-1]": 2.1768492740593213,
        "Positive electrode conductivity [S.m-1]": 10.225694899326589,
        "Maximum concentration in positive electrode [mol.m-3]": 43830.905689002284,
        "Positive electrode porosity": 0.2739618329429291,
        "Positive electrode active material volume fraction": 0.5700822138746532,
        "Positive particle radius [m]": 1.2306372926453556e-05,
        "Positive electrode Bruggeman coefficient (electrolyte)": 1.446676805072679,
        "Positive electrode Bruggeman coefficient (electrode)": 1.6931849395911116,
        "Positive electrode charge transfer coefficient": 0.5924450739026002,
        "Positive electrode double-layer capacity [F.m-2]": 0.24054036577781374,
        "Positive electrode density [kg.m-3]": 3920.9955048805996,
        "Positive electrode specific heat capacity [J.kg-1.K-1]": 615.952276135481,
        "Positive electrode thermal conductivity [W.m-1.K-1]": 1.976699348220955,
        "Separator porosity": 1.2765105611634768,
        "Separator Bruggeman coefficient (electrolyte)": 1.7414031718255507,
        "Separator density [kg.m-3]": 474.2088076338576,
        "Separator specific heat capacity [J.kg-1.K-1]": 735.2121354372676,
        "Separator thermal conductivity [W.m-1.K-1]": 0.17290085710997918,
        "Initial concentration in electrolyte [mol.m-3]": 929.921686165788,
        "Cation transference number": 0.4139803477105398,
        "Thermodynamic factor": 0.9202419919715217,
        "Reference temperature [K]": 190.9631859115094,
        "Ambient temperature [K]": 340.8524813747756,
        "Negative current collector surface heat transfer coefficient [W.m-2.K-1]": 0.0,
        "Positive current collector surface heat transfer coefficient [W.m-2.K-1]": 0.0,
        "Negative tab heat transfer coefficient [W.m-2.K-1]": 8.483183726752273,
        "Positive tab heat transfer coefficient [W.m-2.K-1]": 16.22496309661406,
        "Edge heat transfer coefficient [W.m-2.K-1]": 0.3831398921632053,
        "Total heat transfer coefficient [W.m-2.K-1]": 13.333801669724823,
        "Number of electrodes connected in parallel to make a cell": 1.1840668755495143,
        "Number of cells connected in series to make a battery": 0.9347053010560034,
        "Lower voltage cut-off [V]": 3.1211154735408804,
        "Upper voltage cut-off [V]": 3.9015307710121263,
        "Open-circuit voltage at 0% SOC [V]": 1.827325903496878,
        "Open-circuit voltage at 100% SOC [V]": 5.019325410848654,
        "Initial concentration in negative electrode [mol.m-3]": 18607.84838665685,
        "Initial concentration in positive electrode [mol.m-3]": 31540.836950701385,
        "Initial temperature [K]": 371.46183372286214
    },