{
    "config": {
        "Ideal gas constant [J.K-1.mol-1]": 7.033318412856621,
        "Faraday constant [C.mol-1]": 135357.2111961863,
        "Boltzmann constant [J.K-1]": 1.4285365229117864e-23,
        "Electron charge [C]": 2.0218767372865e-19,
        "Ratio of lithium moles to SEI moles": 1.5749925243300775,
        "Inner SEI reaction proportion": 0.738077124509655,
        "Inner SEI partial molar volume [m3.mol-1]": 8.402122734965741e-05,
        "Outer SEI partial molar volume [m3.mol-1]": 8.734139909511061e-05,
        "SEI reaction exchange current density [A.m-2]": 1.2402979726200025e-07,
        "SEI resistivity [Ohm.m]": 146520.56774730852,
        "Outer SEI solvent diffusivity [m2.s-1]": 2.1672046903576217e-22,
        "Bulk solvent concentration [mol.m-3]": 3630.8879586245735,
        "Inner SEI open-circuit potential [V]": 0.10492796357519761,
        "Outer SEI open-circuit potential [V]": 0.6540890206729224,
        "Inner SEI electron conductivity [S.m-1]": 9.692167877032481e-14,
        "Inner SEI lithium interstitial diffusivity [m2.s-1]": 9.637177017011304e-21,
        "Lithium interstitial reference concentration [mol.m-3]": 11.761932616183334,
        "Initial inner SEI thickness [m]": 1.7557623845203758e-09,
        "Initial outer SEI thickness [m]": 1.549854124082054e-09,
        "EC initial concentration in electrolyte [mol.m-3]": 4742.315750226728,
        "EC diffusivity [m2.s-1]": 3.3217881485977957e-18,
        "SEI kinetic rate constant [m.s-1]": 8.815703103884156e-13,
        "SEI open-circuit potential [V]": 0.487382109007694,
        "SEI growth activation energy [J.mol-1]": 0.0,
        "Negative electrode reaction-driven LAM factor [m3.mol-1]": 0.0,
        "Positive electrode reaction-driven LAM factor [m3.mol-1]": 0.0,
        "Negative current collector thickness [m]": 1.6114169241896236e-05,
        "Negative electrode thickness [m]": 8.496990981285619e-05,
        "Separator thickness [m]": 8.336205487116375e-06,
        "Positive electrode thickness [m]": 4.6216398410561154e-05,
        "Positive current collector thickness [m]": 2.0836790554590502e-05,
        "Electrode height [m]": 0.05498014179421022,
        "Electrode width [m]": 1.179800613262923,
        "Cell cooling surface area [m2]": 0.004839410111789247,
        "Cell volume [m3]": 3.422625288761691e-05,
        "Cell thermal expansion coefficient [m.K-1]": 1.389545406263339e-06,
        "Negative current collector conductivity [S.m-1]": 72166021.18840511,
        "Positive current collector conductivity [S.m-1]": 37769055.94709769,
        "Negative current collector density [kg.m-3]": 12878.478272127464,
        "Positive current collector density [kg.m-3]": 2288.669900141386,
        "Negative current collector specific heat capacity [J.kg-1.K-1]": 401.6855746565852,
        "Positive current collector specific heat capacity [J.kg-1.K-1]": 876.5684124674351,
        "Negative current collector thermal conductivity [W.m-1.K-1]": 475.0838280502645,
        "Positive current collector thermal conductivity [W.m-1.K-1]": 74.32688446392379,
        "Nominal cell capacity [A.h]": 5.405478525790515,
        "Current function [A]": 4.0851658653249885,
        "Contact resistance [Ohm]": 0,
        "Negative electrode conductivity [S.m-1]": 273.008667170849,
        "Maximum concentration in negative electrode [mol.m-3]": 34557.435234925586,
        "Negative particle diffusivity [m2.s-1]": 4.712788443684228e-14,
        "Negative electrode porosity": 0.16727348306648843,
        "Negative electrode active material volume fraction": 0.4945720491143275,
        "Negative particle radius [m]": 7.519073025788636e-06,
        "Negative electrode Bruggeman coefficient (electrolyte)": 1.6249394569754023,
        "Negative electrode Bruggeman coefficient (electrode)": 0,
        "Negative electrode charge transfer coefficient": 0.44696993192886364,
        "Negative electrode double-layer capacity [F.m-2]": 0.24929423552379446,
        "Negative electrode density [kg.m-3]": 1755.4093321797034,
        "Negative electrode specific heat capacity [J.kg-1.K-1]": 900.05156094438,
        "Negative electrode thermal conductivity [W.m-1.K-1]": 2.0749549151610016,
        "Negative electrode OCP entropic change [V.K-1]": 0.0,
        "Positive electrode conductivity [S.m-1]": 0.16824444965824525,
        "Maximum concentration in positive electrode [mol.m-3]": 47091.664546561304,
        "Positive particle diffusivity [m2.s-1]": 2.825128329763048e-15,
        "Positive electrode porosity": 0.2849377386520091,
        "Positive electrode active material volume fraction": 0.7858775762377244,
        "Positive particle radius [m]": 4.105565278816197e-06,
        "Positive electrode Bruggeman coefficient (electrolyte)": 0.9934021559745825,
        "Positive electrode Bruggeman coefficient (electrode)": 0,
        "Positive electrode charge transfer coefficient": 0.7510172960559298,
        "Positive electrode double-layer capacity [F.m-2]": 0.14062087363208733,
        "Positive electrode density [kg.m-3]": 4068.498397535326,
        "Positive electrode specific heat capacity [J.kg-1.K-1]": 905.110792437517,
        "Positive electrode thermal conductivity [W.m-1.K-1]": 2.326998810022249,
        "Positive electrode OCP entropic change [V.K-1]": 0.0,
        "Separator porosity": 0.5683593392551782,
        "Separator Bruggeman coefficient (electrolyte)": 1.1134470605545157,
        "Separator density [kg.m-3]": 448.3654864231114,
        "Separator specific heat capacity [J.kg-1.K-1]": 574.2679763281052,
        "Separator thermal conductivity [W.m-1.K-1]": 0.19708771991829374,
        "Initial concentration in electrolyte [mol.m-3]": 1057.9463040265025,
        "Cation transference number": 0.22411371883023426,
        "Thermodynamic factor": 1.2793801261344575,
        "Reference temperature [K]": 275.3626132905685,
        "Total heat transfer coefficient [W.m-2.K-1]": 11.653928573547525,
        "Ambient temperature [K]": 222.0951740546367,
        "Number of electrodes connected in parallel to make a cell": 0.9047613552892846,
        "Number of cells connected in series to make a battery": 1.3695859850879808,
        "Lower voltage cut-off [V]": 2.7491682263030133,
        "Upper voltage cut-off [V]": 5.4197606569386885,
        "Open-circuit voltage at 0% SOC [V]": 2.392613120795381,
        "Open-circuit voltage at 100% SOC [V]": 4.645838653793553,
        "Initial concentration in negative electrode [mol.m-3]": 7176.320582530174,
        "Initial concentration in positive electrode [mol.m-3]": 17978.50983092637,
        "Initial temperature [K]": 290.958607467257
    },
    "V": [
        3.655364790240796,
        3.528898126246138,
        3.459602693079381,
        3.395636040509064,
        3.3286889493936784,
        3.258646140442222,
        3.1885159574236566,
        3.117052354865072,
        3.0388571349688593,
        2.9436498705667944,
        2.812348814744499,
        2.7491782263030133
    ],
    "time": [
        0.0,
        36.36363636363637,
        72.72727272727273,
        109.0909090909091,
        145.45454545454547,
        181.81818181818184,
        218.1818181818182,
        254.54545454545456,
        290.90909090909093,
        327.2727272727273,
        363.6363636363637,
        377.038799436711
    ]
}