{
    "config": {
        "Ideal gas constant [J.K-1.mol-1]": 9.888820981148095,
        "Faraday constant [C.mol-1]": 117728.1199726577,
        "Boltzmann constant [J.K-1]": 1.0861456108990512e-23,
        "Electron charge [C]": 2.2861936411907086e-19,
        "Ratio of lithium moles to SEI moles": 2.457155064491872,
        "Inner SEI reaction proportion": 0.4296687169509743,
        "Inner SEI partial molar volume [m3.mol-1]": 9.146756961096378e-05,
        "Outer SEI partial molar volume [m3.mol-1]": 2.8691482409206427e-05,
        "SEI reaction exchange current density [A.m-2]": 1.3049991880169178e-07,
        "SEI resistivity [Ohm.m]": 204058.6467153525,
        "Outer SEI solvent diffusivity [m2.s-1]": 1.3240768165483963e-22,
        "Bulk solvent concentration [mol.m-3]": 3053.517238845667,
        "Inner SEI open-circuit potential [V]": 0.08611860297783452,
        "Outer SEI open-circuit potential [V]": 1.0143741564087616,
        "Inner SEI electron conductivity [S.m-1]": 8.515590153526956e-14,
        "Inner SEI lithium interstitial diffusivity [m2.s-1]": 5.726143701186331e-21,
        "Lithium interstitial reference concentration [mol.m-3]": 21.08494398561686,
        "Initial inner SEI thickness [m]": 3.708477652120948e-09,
        "Initial outer SEI thickness [m]": 1.2579348611882151e-09,
        "EC initial concentration in electrolyte [mol.m-3]": 5011.336637051364,
        "EC diffusivity [m2.s-1]": 1.8073952813680013e-18,
        "SEI kinetic rate constant [m.s-1]": 9.844762826375528e-13,
        "SEI open-circuit potential [V]": 0.2993251353047697,
        "SEI growth activation energy [J.mol-1]": 0.0,
        "Negative electrode reaction-driven LAM factor [m3.mol-1]": 0.0,
        "Positive electrode reaction-driven LAM factor [m3.mol-1]": 0.0,
        "Negative current collector thickness [m]": 1.4284466531845085e-05,
        "Negative electrode thickness [m]": 4.7974103397281065e-05,
        "Separator thickness [m]": 1.8451363156561775e-05,
        "Positive electrode thickness [m]": 4.6125802788090056e-05,
        "Positive current collector thickness [m]": 1.533480433816131e-05,
        "Electrode height [m]": 0.06800819041239392,
        "Electrode width [m]": 0.052723602693636226,
        "Negative tab width [m]": 0.0073836123028317695,
        "Negative tab centre y-coordinate [m]": 0.003652440889320098,
        "Negative tab centre z-coordinate [m]": 0.09243875166507759,
        "Positive tab width [m]": 0.009027552611367187,
        "Positive tab centre y-coordinate [m]": 0.035295698845680984,
        "Positive tab centre z-coordinate [m]": 0.12223152252261298,
        "Cell cooling surface area [m2]": 0.021875492368604293,
        "Cell volume [m3]": 1.5865310482372863e-06,
        "Negative current collector conductivity [S.m-1]": 69489866.88595867,
        "Positive current collector conductivity [S.m-1]": 26993856.425483778,
        "Negative current collector density [kg.m-3]": 7633.493622489499,
        "Positive current collector density [kg.m-3]": 1477.5589812330852,
        "Negative current collector specific heat capacity [J.kg-1.K-1]": 469.9312268981914,
        "Positive current collector specific heat capacity [J.kg-1.K-1]": 982.5387608581339,
        "Negative current collector thermal conductivity [W.m-1.K-1]": 429.4864991456916,
        "Positive current collector thermal conductivity [W.m-1.K-1]": 193.97654495475902,
        "Nominal cell capacity [A.h]": 0.1504850401433332,
        "Current function [A]": 0.18273502488274937,
        "Contact resistance [Ohm]": 0,
        "Negative electrode conductivity [S.m-1]": 11.485406685054192,
        "Maximum concentration in negative electrode [mol.m-3]": 28770.13925650501,
        "Negative electrode porosity": 0.05769576787072456,
        "Negative electrode active material volume fraction": 0.5032118421465863,
        "Negative particle radius [m]": 1.4216371767188088e-05,
        "Negative electrode Bruggeman coefficient (electrolyte)": 1.3681869017532458,
        "Negative electrode Bruggeman coefficient (electrode)": 0.0,
        "Negative electrode density [kg.m-3]": 2280.257206451474,
        "Negative electrode specific heat capacity [J.kg-1.K-1]": 2295.241688941077,
        "Negative electrode thermal conductivity [W.m-1.K-1]": 1.7829312199102814,
        "Negative electrode OCP entropic change [V.K-1]": 0.0,
        "Positive electrode conductivity [S.m-1]": 63.08894391559602,
        "Maximum concentration in positive electrode [mol.m-3]": 33305.0071146463,
        "Positive electrode porosity": 0.27271347220443803,
        "Positive electrode active material volume fraction": 0.571469702337613,
        "Positive particle radius [m]": 9.433340086823055e-06,
        "Positive electrode Bruggeman coefficient (electrolyte)": 1.095740285976797,
        "Positive electrode Bruggeman coefficient (electrode)": 0.0,
        "Positive electrode density [kg.m-3]": 3584.7177838369885,
        "Positive electrode specific heat capacity [J.kg-1.K-1]": 1006.2626949211533,
        "Positive electrode thermal conductivity [W.m-1.K-1]": 0.992190701940497,
        "Positive electrode OCP entropic change [V.K-1]": 0.0,
        "Separator porosity": 0.5818597600546923,
        "Separator Bruggeman coefficient (electrolyte)": 1.92194372689184,
        "Separator density [kg.m-3]": 1266.322484821628,
        "Separator specific heat capacity [J.kg-1.K-1]": 1240.0831980296282,
        "Separator thermal conductivity [W.m-1.K-1]": 0.4026169476965651,
        "Initial concentration in electrolyte [mol.m-3]": 1000.311657118484,
        "Cation transference number": 0.24422882381912717,
        "Thermodynamic factor": 1.109767307180616,
        "Reference temperature [K]": 402.63809172980535,
        "Negative current collector surface heat transfer coefficient [W.m-2.K-1]": 10.960930575717546,
        "Positive current collector surface heat transfer coefficient [W.m-2.K-1]": 6.559778090695282,
        "Negative tab heat transfer coefficient [W.m-2.K-1]": 9.724076891560362,
        "Positive tab heat transfer coefficient [W.m-2.K-1]": 11.768558375562005,
        "Edge heat transfer coefficient [W.m-2.K-1]": 13.754619588273407,
        "Total heat transfer coefficient [W.m-2.K-1]": 7.175368333101846,
        "Ambient temperature [K]": 304.292529736574,
        "Number of electrodes connected in parallel to make a cell": 0.7847400302838956,
        "Number of cells connected in series to make a battery": 0.6102030085757295,
        "Lower voltage cut-off [V]": 1.538515362809942,
        "Upper voltage cut-off [V]": 3.8886628925924915,
        "Open-circuit voltage at 0% SOC [V]": 2.917817791958265,
        "Open-circuit voltage at 100% SOC [V]": 3.7138380251057552,
        "Initial concentration in negative electrode [mol.m-3]": 26035.58933140708,
        "Initial concentration in positive electrode [mol.m-3]": 14165.043787165821,
        "Initial temperature [K]": 401.54313391850394
    },
    "V": [
        3.7741323996471636,
        3.7042787033399622,
        3.663050351514382,
        3.62940600884678,
        3.6019383493650734,
        3.5852594304045255,
        3.5731752691470504,
        3.5635541741956382,
        3.5542230677138495,
        3.543266711383782,
        3.528606879942077,
        3.510314036686683,
        3.4879753141607166,
        3.460537457415648,
        3.4280399566656587,
        3.3923665068945335,
        3.3564045338537754,
        3.3215178308785993,
        3.286814495875064,
        3.250775962619437,
        3.212299380273915,
        3.1706139983680615,
        3.1247439907476426,
        3.0725851615667015,
        3.0081155077209782,
        2.961298857273161,
        2.921757861917805,
        2.8666938423928814,
        2.8405294476801357,
        2.8010786594254444,
        2.7637685433847583,
        2.6800690422006372,
        1.53852536283363
    ],