{
    "config": {
        "Ideal gas constant [J.K-1.mol-1]": 8.523821038158703,
        "Faraday constant [C.mol-1]": 110994.0624528147,
        "Boltzmann constant [J.K-1]": 1.0625115328279017e-23,
        "Electron charge [C]": 1.3658490466670706e-19,
        "Ratio of lithium moles to SEI moles": 2.3746182215489666,
        "Inner SEI reaction proportion": 0.42170929922245287,
        "Inner SEI partial molar volume [m3.mol-1]": 0.0001135985790300061,
        "Outer SEI partial molar volume [m3.mol-1]": 8.278282636950414e-05,
        "SEI reaction exchange current density [A.m-2]": 1.7863870690304079e-07,
        "SEI resistivity [Ohm.m]": 213039.7234948316,
        "Outer SEI solvent diffusivity [m2.s-1]": 2.4985558299454537e-22,
        "Bulk solvent concentration [mol.m-3]": 2484.966733848042,
        "Inner SEI open-circuit potential [V]": 0.0980160601017605,
        "Outer SEI open-circuit potential [V]": 0.6434754574562818,
        "Inner SEI electron conductivity [S.m-1]": 9.373103229230607e-14,
        "Inner SEI lithium interstitial diffusivity [m2.s-1]": 9.560204647282565e-21,
        "Lithium interstitial reference concentration [mol.m-3]": 14.71296458478157,
        "Initial inner SEI thickness [m]": 2.508804336596235e-09,
        "Initial outer SEI thickness [m]": 2.2387093813589053e-09,
        "EC initial concentration in electrolyte [mol.m-3]": 4033.1848066474004,
        "EC diffusivity [m2.s-1]": 2.1060819975936228e-18,
        "SEI kinetic rate constant [m.s-1]": 7.653612222130789e-13,
        "SEI open-circuit potential [V]": 0.3990703814268551,
        "SEI growth activation energy [J.mol-1]": 0.0,
        "Negative electrode reaction-driven LAM factor [m3.mol-1]": 0.0,
        "Positive electrode reaction-driven LAM factor [m3.mol-1]": 0.0,
        "Negative current collector thickness [m]": 8.317551387131729e-06,
        "Negative electrode thickness [m]": 8.075141950150611e-05,
        "Separator thickness [m]": 2.3215605705451497e-05,
        "Positive electrode thickness [m]": 6.546318082400058e-05,
        "Positive current collector thickness [m]": 1.0258948222505908e-05,
        "Electrode height [m]": 0.20658948003085698,
        "Electrode width [m]": 0.11756451547101214,
        "Negative tab width [m]": 0.03050707620843246,
        "Negative tab centre y-coordinate [m]": 0.012194480672274872,
        "Negative tab centre z-coordinate [m]": 0.16800290289251016,
        "Positive tab width [m]": 0.0346121231680436,
        "Positive tab centre y-coordinate [m]": 0.14884218994478335,
        "Positive tab centre z-coordinate [m]": 0.18668359667463283,
        "Cell cooling surface area [m2]": 0.06259268638148684,
        "Cell volume [m3]": 3.937444093416795e-06,
        "Negative current collector conductivity [S.m-1]": 66239970.42268698,
        "Positive current collector conductivity [S.m-1]": 34500267.71632406,
        "Negative current collector density [kg.m-3]": 9399.182599155125,
        "Positive current collector density [kg.m-3]": 3883.0672181475193,
        "Negative current collector specific heat capacity [J.kg-1.K-1]": 337.2617893142474,
        "Positive current collector specific heat capacity [J.kg-1.K-1]": 850.4968899946994,
        "Negative current collector thermal conductivity [W.m-1.K-1]": 285.92143617779396,
        "Positive current collector thermal conductivity [W.m-1.K-1]": 128.7467930449214,
        "Nominal cell capacity [A.h]": 0.3836265701280208,
        "Current function [A]": 0.3216063442179903,
        "Contact resistance [Ohm]": 0,
        "Negative electrode conductivity [S.m-1]": 107.71041848031602,
        "Maximum concentration in negative electrode [mol.m-3]": 33855.39987493933,
        "Negative electrode porosity": 0.321137015435218,
        "Negative electrode active material volume fraction": 0.5831257323302803,
        "Negative particle radius [m]": 4.050351425520067e-07,
        "Negative electrode Bruggeman coefficient (electrolyte)": 2.122071567873803,
        "Negative electrode Bruggeman coefficient (electrode)": 1.9441392852243637,
        "Negative electrode charge transfer coefficient": 0.41837730444014204,
        "Negative electrode double-layer capacity [F.m-2]": 0.13855717296238193,
        "Negative electrode density [kg.m-3]": 2280.2622511932786,
        "Negative electrode specific heat capacity [J.kg-1.K-1]": 706.2738988650799,
        "Negative electrode thermal conductivity [W.m-1.K-1]": 1.0022287535448302,
        "Negative electrode OCP entropic change [V.K-1]": 0.0,
        "Positive electrode conductivity [S.m-1]": 9.314964815735712,
        "Maximum concentration in positive electrode [mol.m-3]": 45681.69689144558,
        "Positive electrode porosity": 0.36709987211915707,
        "Positive electrode active material volume fraction": 0.4471075422030851,
        "Positive particle radius [m]": 1.573434972996859e-06,
        "Positive electrode Bruggeman coefficient (electrolyte)": 2.0291184436985996,
        "Positive electrode Bruggeman coefficient (electrode)": 1.6073503333185228,
        "Positive electrode charge transfer coefficient": 0.41553109133373844,
        "Positive electrode double-layer capacity [F.m-2]": 0.2310706049961398,
        "Positive electrode density [kg.m-3]": 4637.755952458293,
        "Positive electrode specific heat capacity [J.kg-1.K-1]": 767.7278240932014,
        "Positive electrode thermal conductivity [W.m-1.K-1]": 1.5667963538249483,
        "Positive electrode OCP entropic change [V.K-1]": 0.0,
        "Separator porosity": 0.37737842350812556,
        "Separator Bruggeman coefficient (electrolyte)": 1.6733426089524963,
        "Separator density [kg.m-3]": 529.6220319114879,
        "Separator specific heat capacity [J.kg-1.K-1]": 620.9459065544206,
        "Separator thermal conductivity [W.m-1.K-1]": 0.11079746348591511,
        "Initial concentration in electrolyte [mol.m-3]": 1236.080180964431,
        "Cation transference number": 0.3972372887189761,
        "Thermodynamic factor": 1.1923260399965394,
        "Reference temperature [K]": 243.12141362334233,
        "Negative current collector surface heat transfer coefficient [W.m-2.K-1]": 0.0,
        "Positive current collector surface heat transfer coefficient [W.m-2.K-1]": 0.0,
        "Negative tab heat transfer coefficient [W.m-2.K-1]": 28.585038303557923,
        "Positive tab heat transfer coefficient [W.m-2.K-1]": 24.58047985543119,
        "Edge heat transfer coefficient [W.m-2.K-1]": 0.24023048200745112,
        "Total heat transfer coefficient [W.m-2.K-1]": 15.643341319729814,
        "Ambient temperature [K]": 299.22515904652613,
        "Number of electrodes connected in parallel to make a cell": 1.1492738169297527,
        "Number of cells connected in series to make a battery": 1.1178859024329786,
        "Lower voltage cut-off [V]": 2.5865307929979804,
        "Upper voltage cut-off [V]": 5.061112726723843,
        "Open-circuit voltage at 0% SOC [V]": 2.6285459590426714,
        "Open-circuit voltage at 100% SOC [V]": 4.26351793253674,
        "Initial concentration in negative electrode [mol.m-3]": 15690.895761008753,
        "Initial concentration in positive electrode [mol.m-3]": 21781.181537736324,
        "Initial temperature [K]": 275.42703859245233
    },