{
    "config": {
        "Ideal gas constant [J.K-1.mol-1]": 8.791161457833379,
        "Faraday constant [C.mol-1]": 123491.44552633341,
        "Boltzmann constant [J.K-1]": 1.3627446034521156e-23,
        "Electron charge [C]": 1.3463260741921562e-19,
        "Ratio of lithium moles to SEI moles": 2.5536835275016116,
        "Inner SEI reaction proportion": 0.6014011186900066,
        "Inner SEI partial molar volume [m3.mol-1]": 7.288985493834779e-05,
        "Outer SEI partial molar volume [m3.mol-1]": 7.400769110683704e-05,
        "SEI reaction exchange current density [A.m-2]": 1.3886037983206448e-07,
        "SEI resistivity [Ohm.m]": 122771.03652133206,
        "Outer SEI solvent diffusivity [m2.s-1]": 2.6291024112718913e-22,
        "Bulk solvent concentration [mol.m-3]": 1121.9969916815492,
        "Inner SEI open-circuit potential [V]": 0.06628292443253068,
        "Outer SEI open-circuit potential [V]": 0.763621144056791,
        "Inner SEI electron conductivity [S.m-1]": 5.082683718018547e-14,
        "Inner SEI lithium interstitial diffusivity [m2.s-1]": 5.6878528183487025e-21,
        "Lithium interstitial reference concentration [mol.m-3]": 15.694068217685444,
        "Initial inner SEI thickness [m]": 1.4155179338147617e-09,
        "Initial outer SEI thickness [m]": 2.2112467451877113e-09,
        "EC initial concentration in electrolyte [mol.m-3]": 3273.6372284288395,
        "EC diffusivity [m2.s-1]": 1.739670491041164e-18,
        "SEI kinetic rate constant [m.s-1]": 1.1545398202430922e-12,
        "SEI open-circuit potential [V]": 0.37832883432370734,
        "SEI growth activation energy [J.mol-1]": 0.0,
        "Negative electrode reaction-driven LAM factor [m3.mol-1]": 0.0,
        "Positive electrode reaction-driven LAM factor [m3.mol-1]": 0.0,
        "Negative current collector thickness [m]": 1.6676775193653444e-05,
        "Negative electrode thickness [m]": 7.412231385026036e-05,
        "Separator thickness [m]": 2.5158979810824793e-05,
        "Positive electrode thickness [m]": 2.778681547810446e-05,
        "Positive current collector thickness [m]": 1.9722344154379544e-05,
        "Electrode height [m]": 0.09722134364984863,
        "Electrode width [m]": 0.07734097242098793,
        "Negative tab width [m]": 0.006043756323282824,
        "Negative tab centre y-coordinate [m]": 0.0042667700978037265,
        "Negative tab centre z-coordinate [m]": 0.13465366409228435,
        "Positive tab width [m]": 0.004527732890839476,
        "Positive tab centre y-coordinate [m]": 0.029378606303752268,
        "Positive tab centre z-coordinate [m]": 0.11846236095568646,
        "Cell cooling surface area [m2]": 0.021266023284031176,
        "Cell volume [m3]": 8.627973978290274e-07,
        "Negative current collector conductivity [S.m-1]": 57182188.75836009,
        "Positive current collector conductivity [S.m-1]": 39940902.407075875,
        "Negative current collector density [kg.m-3]": 12722.756217496986,
        "Positive current collector density [kg.m-3]": 3045.8145666685864,
        "Negative current collector specific heat capacity [J.kg-1.K-1]": 369.6531850538821,
        "Positive current collector specific heat capacity [J.kg-1.K-1]": 808.2040055767741,
        "Negative current collector thermal conductivity [W.m-1.K-1]": 353.8007962894287,
        "Positive current collector thermal conductivity [W.m-1.K-1]": 157.67594706521683,
        "Nominal cell capacity [A.h]": 0.21469272155136523,
        "Current function [A]": 0.14919440253091948,
        "Contact resistance [Ohm]": 0,
        "Negative electrode conductivity [S.m-1]": 14.530618966433279,
        "Maximum concentration in negative electrode [mol.m-3]": 34841.42815280852,
        "Negative electrode porosity": 0.28757987276930436,
        "Negative electrode active material volume fraction": 0.5078060053419732,
        "Negative particle radius [m]": 1.5474089437279703e-05,
        "Negative electrode Bruggeman coefficient (electrolyte)": 1.1880389972135232,
        "Negative electrode Bruggeman coefficient (electrode)": 0.0,
        "Negative electrode density [kg.m-3]": 1687.9042079405751,
        "Negative electrode specific heat capacity [J.kg-1.K-1]": 1775.6230470552437,
        "Negative electrode thermal conductivity [W.m-1.K-1]": 2.404149540314282,
        "Negative electrode OCP entropic change [V.K-1]": 0.0,
        "Positive electrode conductivity [S.m-1]": 104.01886902167662,
        "Maximum concentration in positive electrode [mol.m-3]": 74401.63391585357,
        "Positive electrode porosity": 0.3839832321395789,
        "Positive electrode active material volume fraction": 0.5217635541626625,
        "Positive particle radius [m]": 6.526462659903213e-06,
        "Positive electrode Bruggeman coefficient (electrolyte)": 1.888963485218692,
        "Positive electrode Bruggeman coefficient (electrode)": 0.0,
        "Positive electrode density [kg.m-3]": 2302.967680490405,
        "Positive electrode specific heat capacity [J.kg-1.K-1]": 1143.1426741514022,
        "Positive electrode thermal conductivity [W.m-1.K-1]": 0.6988198224821706,
        "Positive electrode OCP entropic change [V.K-1]": 0.0,
        "Separator porosity": 0.5451793905332719,
        "Separator Bruggeman coefficient (electrolyte)": 2.5994724909185694,
        "Separator density [kg.m-3]": 1160.5312969512006,
        "Separator specific heat capacity [J.kg-1.K-1]": 1844.5770707113247,
        "Separator thermal conductivity [W.m-1.K-1]": 0.38779346442374946,
        "Initial concentration in electrolyte [mol.m-3]": 988.146055447424,
        "Cation transference number": 0.16739679603841082,
        "Thermodynamic factor": 1.2210752983095556,
        "Reference temperature [K]": 364.85131840897316,
        "Negative current collector surface heat transfer coefficient [W.m-2.K-1]": 4.816940304685918,
        "Positive current collector surface heat transfer coefficient [W.m-2.K-1]": 9.256169585489035,
        "Negative tab heat transfer coefficient [W.m-2.K-1]": 9.353270917486771,
        "Positive tab heat transfer coefficient [W.m-2.K-1]": 8.292976272077206,
        "Edge heat transfer coefficient [W.m-2.K-1]": 7.5467137742914865,
        "Total heat transfer coefficient [W.m-2.K-1]": 9.01624532131581,
        "Ambient temperature [K]": 341.9481978195384,
        "Number of electrodes connected in parallel to make a cell": 0.5222499161925453,
        "Number of cells connected in series to make a battery": 0.7592394983534252,
        "Lower voltage cut-off [V]": 2.368580214699615,
        "Upper voltage cut-off [V]": 4.526732881008144,
        "Open-circuit voltage at 0% SOC [V]": 2.6857655740090767,
        "Open-circuit voltage at 100% SOC [V]": 5.377299655548507,
        "Initial concentration in negative electrode [mol.m-3]": 23347.42866759851,
        "Initial concentration in positive electrode [mol.m-3]": 12695.085830234486,
        "Initial temperature [K]": 307.9416992337655
    },