{
    "config": {
        "Ideal gas constant [J.K-1.mol-1]": 7.086736200135095,
        "Faraday constant [C.mol-1]": 95478.86974769655,
        "Boltzmann constant [J.K-1]": 7.470632239115974e-24,
        "Electron charge [C]": 1.2485392585948876e-19,
        "Ratio of lithium moles to SEI moles": 2.3564123049440786,
        "Inner SEI reaction proportion": 0.5511420747665874,
        "Inner SEI partial molar volume [m3.mol-1]": 7.529747846670695e-05,
        "Outer SEI partial molar volume [m3.mol-1]": 7.460660587374113e-05,
        "SEI reaction exchange current density [A.m-2]": 1.6578087209553664e-07,
        "SEI resistivity [Ohm.m]": 204183.75973069223,
        "Outer SEI solvent diffusivity [m2.s-1]": 1.8331950402647896e-22,
        "Bulk solvent concentration [mol.m-3]": 2091.2858929004265,
        "Inner SEI open-circuit potential [V]": 0.09778006575196278,
        "Outer SEI open-circuit potential [V]": 0.7314970501881116,
        "Inner SEI electron conductivity [S.m-1]": 6.923710382663047e-14,
        "Inner SEI lithium interstitial diffusivity [m2.s-1]": 9.851348210161493e-21,
        "Lithium interstitial reference concentration [mol.m-3]": 15.028251219267595,
        "Initial inner SEI thickness [m]": 1.7793484414980486e-09,
        "Initial outer SEI thickness [m]": 2.3046817043001564e-09,
        "EC initial concentration in electrolyte [mol.m-3]": 4050.1586309155405,
        "EC diffusivity [m2.s-1]": 1.7633464911102257e-18,
        "SEI kinetic rate constant [m.s-1]": 1.0524009589620336e-12,
        "SEI open-circuit potential [V]": 0.46352023678454773,
        "SEI growth activation energy [J.mol-1]": 0.0,
        "Negative electrode reaction-driven LAM factor [m3.mol-1]": 0.0,
        "Positive electrode reaction-driven LAM factor [m3.mol-1]": 0.0,
        "Negative current collector thickness [m]": 9.805282293153988e-06,
        "Negative electrode thickness [m]": 8.60815930150204e-05,
        "Separator thickness [m]": 1.249965460908548e-05,
        "Positive electrode thickness [m]": 7.547807384975162e-05,
        "Positive current collector thickness [m]": 1.5316867920453582e-05,
        "Electrode height [m]": 0.06789061909876977,
        "Electrode width [m]": 1.6794325021545387,
        "Cell cooling surface area [m2]": 0.00590822448447909,
        "Cell volume [m3]": 2.8609596475946357e-05,
        "Cell thermal expansion coefficient [m.K-1]": 1.0721935972806055e-06,
        "Negative current collector conductivity [S.m-1]": 71487412.07835677,
        "Positive current collector conductivity [S.m-1]": 31454302.654359415,
        "Negative current collector density [kg.m-3]": 7844.851928367829,
        "Positive current collector density [kg.m-3]": 2585.41919815945,
        "Negative current collector specific heat capacity [J.kg-1.K-1]": 322.71064177573544,
        "Positive current collector specific heat capacity [J.kg-1.K-1]": 815.9093599565994,
        "Negative current collector thermal conductivity [W.m-1.K-1]": 407.3408327344273,
        "Positive current collector thermal conductivity [W.m-1.K-1]": 249.83723500763102,
        "Nominal cell capacity [A.h]": 5.964279671368615,
        "Current function [A]": 4.674168137601711,
        "Contact resistance [Ohm]": 0,
        "Negative electrode conductivity [S.m-1]": 286.1362764707867,
        "Maximum concentration in negative electrode [mol.m-3]": 37726.55681841007,
        "Negative particle diffusivity [m2.s-1]": 3.318285757789137e-14,
        "Negative electrode porosity": 0.23893653755302996,
        "Negative electrode active material volume fraction": 0.6499977724202984,
        "Negative particle radius [m]": 3.6964886743179583e-06,
        "Negative electrode Bruggeman coefficient (electrolyte)": 1.865875224040093,
        "Negative electrode Bruggeman coefficient (electrode)": 0,
        "Negative electrode charge transfer coefficient": 0.4684730051664873,
        "Negative electrode double-layer capacity [F.m-2]": 0.21728100805277573,
        "Negative electrode density [kg.m-3]": 1833.8836127339562,
        "Negative electrode specific heat capacity [J.kg-1.K-1]": 769.6195468786417,
        "Negative electrode thermal conductivity [W.m-1.K-1]": 1.5773148307225457,
        "Negative electrode OCP entropic change [V.K-1]": 0.0,
        "Positive electrode conductivity [S.m-1]": 0.1751911645362007,
        "Maximum concentration in positive electrode [mol.m-3]": 71800.30282512693,
        "Positive particle diffusivity [m2.s-1]": 5.5372600455884086e-15,
        "Positive electrode porosity": 0.3463114277938844,
        "Positive electrode active material volume fraction": 0.7243341351194714,
        "Positive particle radius [m]": 4.794271316138818e-06,
        "Positive electrode Bruggeman coefficient (electrolyte)": 1.7401497972740532,
        "Positive electrode Bruggeman coefficient (electrode)": 0,
        "Positive electrode charge transfer coefficient": 0.6121115173425843,
        "Positive electrode double-layer capacity [F.m-2]": 0.19582150958210787,
        "Positive electrode density [kg.m-3]": 3447.823549024138,
        "Positive electrode specific heat capacity [J.kg-1.K-1]": 803.223341646424,
        "Positive electrode thermal conductivity [W.m-1.K-1]": 1.678109531081473,
        "Positive electrode OCP entropic change [V.K-1]": 0.0,
        "Separator porosity": 0.41723874696315244,
        "Separator Bruggeman coefficient (electrolyte)": 1.381318820977085,
        "Separator density [kg.m-3]": 298.7965888105464,
        "Separator specific heat capacity [J.kg-1.K-1]": 768.3392364608844,
        "Separator thermal conductivity [W.m-1.K-1]": 0.11732845716466692,
        "Initial concentration in electrolyte [mol.m-3]": 1094.9268953306523,
        "Cation transference number": 0.2672626951420046,
        "Thermodynamic factor": 1.1276965788261455,
        "Reference temperature [K]": 325.0615052236875,
        "Total heat transfer coefficient [W.m-2.K-1]": 10.834934432558343,
        "Ambient temperature [K]": 208.89796068580426,
        "Number of electrodes connected in parallel to make a cell": 1.1382389682969136,
        "Number of cells connected in series to make a battery": 0.8969695184202241,
        "Lower voltage cut-off [V]": 2.2667709552984663,
        "Upper voltage cut-off [V]": 5.20706389684738,
        "Open-circuit voltage at 0% SOC [V]": 2.7503874167118116,
        "Open-circuit voltage at 100% SOC [V]": 4.883610276490529,
        "Initial concentration in negative electrode [mol.m-3]": 24020.763356208194,
        "Initial concentration in positive electrode [mol.m-3]": 18016.687603370923,
        "Initial temperature [K]": 285.32251222799306
    },